t,xcm,xcm_unwrapped,A,Iuv_global,Iuv_local
7.500000000000000590e-03,5.053385436638547645e+01,5.053385436638547645e+01,8.451445879597981881e-01,5.025776274360304469e-02,5.028780440820505848e-02
1.500000000000000118e-02,5.094936819623584512e+01,5.094936819623584512e+01,8.295670422930386811e-01,4.931699577706991772e-02,4.934602598964097503e-02
2.250000000000000264e-02,5.137776880266025614e+01,5.137776880266025614e+01,8.115022542014762585e-01,4.808685202151960492e-02,4.811434787707976474e-02
3.000000000000000236e-02,5.181906135464318908e+01,5.181906135464318908e+01,7.944160301709312089e-01,4.667108276471256673e-02,4.669691217951273121e-02
3.750000000000000555e-02,5.227223749121009888e+01,5.227223749121009888e+01,7.784060283642529887e-01,4.518492573097740439e-02,4.520879212395183255e-02
4.500000000000000527e-02,5.273593728604465269e+01,5.273593728604465269e+01,7.660352418357422311e-01,4.373626892659108339e-02,4.375825818911324716e-02
5.250000000000000500e-02,5.320826829552584059e+01,5.320826829552584059e+01,7.573580737009190100e-01,4.242503618134844251e-02,4.244508971011213411e-02
6.000000000000000472e-02,5.368711848191081515e+01,5.368711848191081515e+01,7.537356360997965465e-01,4.133104819706267391e-02,4.134931154489249194e-02
6.750000000000000444e-02,5.417109402877829893e+01,5.417109402877829893e+01,7.537329435034856306e-01,4.048550118630350747e-02,4.050216103888355096e-02
7.500000000000001110e-02,5.465929760780387880e+01,5.465929760780387880e+01,7.568475459742041167e-01,3.989267130724798160e-02,3.990792587727634566e-02
8.250000000000000389e-02,5.515096588571159231e+01,5.515096588571159231e+01,7.619287682871590528e-01,3.954332658825177732e-02,3.955736642038490403e-02
9.000000000000001055e-02,5.564554964261009928e+01,5.564554964261009928e+01,7.678676894288057886e-01,3.941573023504953144e-02,3.942880830830108874e-02
9.750000000000000333e-02,5.614341272125441407e+01,5.614341272125441407e+01,7.738086159026797972e-01,3.947416645222395770e-02,3.948634830351285818e-02
1.050000000000000100e-01,5.664469212204491555e+01,5.664469212204491555e+01,7.797396157772842340e-01,3.968759394897012488e-02,3.969900603371710052e-02
1.125000000000000028e-01,5.714931022228897461e+01,5.714931022228897461e+01,7.847933804563687055e-01,4.002973157268150534e-02,4.004047984229524432e-02
1.200000000000000094e-01,5.765808160438169949e+01,5.765808160438169949e+01,7.893029891482621352e-01,4.046750589528282094e-02,4.047760763844988202e-02
1.275000000000000022e-01,5.817097996080639177e+01,5.817097996080639177e+01,7.928801194939110175e-01,4.098059113048811014e-02,4.099018836082000267e-02
1.350000000000000089e-01,5.868869093092898481e+01,5.868869093092898481e+01,7.958078664796940371e-01,4.154463683540797481e-02,4.155378580903471009e-02
1.425000000000000155e-01,5.921119990109650644e+01,5.921119990109650644e+01,7.981953578536200578e-01,4.214497957726444366e-02,4.215372832609932952e-02
1.500000000000000222e-01,5.973909695597861713e+01,5.973909695597861713e+01,8.000143524207834478e-01,4.276370840652278515e-02,4.277209434244198111e-02
1.575000000000000011e-01,4.725464314350255046e-01,6.027254643143503188e+01,8.013887158981796155e-01,4.338972834159585124e-02,4.339772172175594689e-02
1.650000000000000078e-01,1.011694672951708673e+00,1.206116946729517139e+02,8.024177323730502520e-01,4.401296064421555965e-02,4.402064934588573869e-02
1.725000000000000144e-01,1.556691961158901627e+00,1.809566919611588958e+02,8.031796188090913891e-01,4.462366900637190770e-02,4.463101370259984352e-02
1.800000000000000211e-01,2.107604833734477712e+00,2.413076048337345014e+02,8.037351137983338445e-01,4.521491508912783147e-02,4.522199365348010536e-02
1.875000000000000278e-01,2.664566803890868751e+00,3.016645668038908639e+02,8.041308302224804416e-01,4.577988666818948171e-02,4.578665351390445726e-02
1.950000000000000067e-01,3.227378751149106773e+00,3.620273787511491150e+02,8.044022035371730661e-01,4.631493117222652833e-02,4.632145740640127018e-02
2.025000000000000133e-01,3.795980296748458382e+00,4.223959802967484620e+02,8.045759740695986872e-01,4.681619470470087252e-02,4.682243043625768791e-02
2.100000000000000200e-01,4.370094712525117941e+00,4.827700947125251787e+02,8.047513710872586934e-01,4.728287783097850222e-02,4.728882996948904904e-02
2.175000000000000266e-01,4.949414453117614521e+00,5.431494144531176289e+02,8.049053018518164127e-01,4.771211742577249892e-02,4.771785214444105444e-02
2.250000000000000056e-01,5.533650475770561350e+00,6.035336504757705143e+02,8.050105322898023497e-01,4.810272899692170229e-02,4.810819028874686182e-02
2.325000000000000122e-01,6.122398806234682134e+00,6.639223988062345825e+02,8.050741776978130870e-01,4.845507971229519317e-02,4.846027171964965158e-02
2.400000000000000189e-01,6.715260690238459063e+00,7.243152606902383468e+02,8.051015679942611358e-01,4.876945290346916539e-02,4.877437732000489828e-02
2.475000000000000255e-01,7.311819178182526358e+00,7.847118191781823953e+02,8.050967118518391752e-01,4.904702071262220103e-02,4.905167937096401726e-02
2.550000000000000044e-01,7.911497442529536350e+00,8.451114974425292985e+02,8.050626426237763589e-01,4.929148149642786914e-02,4.929587544817466693e-02
2.625000000000000111e-01,8.514032644118049831e+00,9.055140326441178331e+02,8.051296338972269151e-01,4.950325332630720054e-02,4.950738267614304688e-02
2.700000000000000178e-01,9.118997602372656885e+00,9.659189976023724284e+02,8.051779773808870333e-01,4.968465725196502536e-02,4.968852298883026652e-02
2.775000000000000244e-01,9.726010930886106465e+00,1.026326010930885786e+03,8.052010200884490709e-01,4.983846518735686459e-02,4.984206668169781362e-02
2.850000000000000311e-01,1.033472244851327204e+01,1.086734722448512912e+03,8.051997639834738152e-01,4.996772714441792551e-02,4.997106468952910996e-02
2.925000000000000377e-01,1.094485742946955753e+01,1.147144857429469084e+03,8.051750331437291797e-01,5.007511830295564154e-02,5.007819181047449414e-02
3.000000000000000444e-01,1.155617489806045484e+01,1.207556174898059908e+03,8.051275199484917433e-01,5.016413051746854146e-02,5.016687966066460391e-02
3.075000000000000511e-01,1.216846672515388583e+01,1.267968466725153348e+03,8.051501353187269228e-01,5.023713492258214536e-02,5.023962022755394663e-02
3.150000000000000022e-01,1.278155409886152860e+01,1.328381554098860988e+03,8.051951372664982731e-01,5.029601547020037117e-02,5.029823654406814781e-02
3.225000000000000089e-01,1.339528627704826746e+01,1.388795286277047580e+03,8.052169541299650790e-01,5.034300446592276240e-02,5.034496110997558477e-02
3.300000000000000155e-01,1.400953623536417503e+01,1.449209536235363430e+03,8.052160131719778846e-01,5.038011162770841822e-02,5.038180502370818298e-02
3.375000000000000222e-01,1.462417932025187817e+01,1.509624179320251187e+03,8.051927155182716511e-01,5.040916514092277229e-02,5.041059584299827090e-02
3.450000000000000289e-01,1.523909372090506054e+01,1.570039093720904248e+03,8.051474421673212589e-01,5.043237762759706505e-02,5.043354772131582869e-02
3.525000000000000355e-01,1.585425941125117788e+01,1.630454259411250405e+03,8.051419731219101594e-01,5.045111020220092307e-02,5.045196914008833605e-02
3.600000000000000422e-01,1.646964534295579696e+01,1.690869645342954982e+03,8.051908552642523809e-01,5.046539923234420744e-02,5.046601820449621995e-02
3.675000000000000488e-01,1.708521363207541910e+01,1.751285213632074601e+03,8.052167783419109659e-01,5.047603699892268952e-02,5.047643865338184016e-02
3.750000000000000555e-01,1.770092147417781803e+01,1.811700921474176994e+03,8.052200921954473234e-01,5.048379800909775367e-02,5.048401849194788377e-02
3.825000000000000067e-01,1.831672418072518838e+01,1.872116724180724304e+03,8.052011408680687099e-01,5.048943315718294050e-02,5.048952077474925387e-02
3.900000000000000133e-01,1.893255567795747751e+01,1.932532555677956452e+03,8.051602633086332172e-01,5.049385463304420507e-02,5.049386791606728930e-02
3.975000000000000200e-01,1.954839110652746115e+01,1.992948391106526515e+03,8.051288738607815798e-01,5.049836005553707402e-02,5.049836005553708096e-02
4.050000000000000266e-01,2.016427935790355619e+01,2.053364279357902433e+03,8.051826455836121887e-01,5.050170573851620048e-02,5.050170573851620048e-02
4.125000000000000333e-01,2.078022942479593738e+01,2.113780229424794925e+03,8.052134261365234691e-01,5.050394031378924176e-02,5.050394031378924176e-02
4.200000000000000400e-01,2.139623182462706552e+01,2.174196231824626466e+03,8.052215550685533074e-01,5.050523061043523526e-02,5.050523061043524220e-02
4.275000000000000466e-01,2.201226264749250205e+01,2.234612262647492116e+03,8.052073689612780916e-01,5.050589141501093948e-02,5.050589141501093948e-02
4.350000000000000533e-01,2.262829061621103932e+01,2.295028290616210597e+03,8.051712014061473965e-01,5.050622664433274123e-02,5.050622664433273429e-02
4.425000000000000600e-01,2.324425322865080901e+01,2.355444253228650723e+03,8.051141222678143139e-01,5.050788091591021378e-02,5.050788091591021378e-02
4.500000000000000111e-01,2.386022943403303387e+01,2.415860229434033045e+03,8.051729390791069196e-01,5.050921376328897788e-02,5.050921376328897094e-02
4.575000000000000178e-01,2.447624278034118106e+01,2.476276242780341363e+03,8.052086965137592589e-01,5.050999147660054089e-02,5.050999147660053396e-02
4.650000000000000244e-01,2.509229405255275935e+01,2.536692294052553279e+03,8.052217331253824772e-01,5.051020505842440667e-02,5.051020505842440667e-02
4.725000000000000311e-01,2.570836649155384279e+01,2.597108366491554534e+03,8.052123849233701058e-01,5.051003379945732258e-02,5.051003379945732258e-02
4.800000000000000377e-01,2.632444022525019278e+01,2.657524440225251055e+03,8.051809852445421800e-01,5.050968670222664991e-02,5.050968670222664297e-02
4.875000000000000444e-01,2.694043819243809068e+01,2.717940438192439160e+03,8.051278646201923683e-01,5.051056957539842157e-02,5.051056957539841463e-02
4.950000000000000511e-01,2.755643098451452389e+01,2.778356430984515555e+03,8.051620746918420890e-01,5.051163769773075324e-02,5.051163769773077405e-02
5.025000000000000577e-01,2.817245419020119002e+01,2.838772454190202552e+03,8.052028390453820350e-01,5.051227975631029238e-02,5.051227975631029238e-02
5.100000000000000089e-01,2.878851278584148687e+01,2.899188512785843159e+03,8.052208075762895545e-01,5.051243384471085923e-02,5.051243384471084535e-02
5.175000000000000711e-01,2.940459273761830872e+01,2.959604592737619896e+03,8.052163125830867907e-01,5.051223864281418480e-02,5.051223864281419174e-02
5.250000000000000222e-01,3.002067010689502524e+01,3.020020670106896887e+03,8.051896762935597529e-01,5.051195652387777124e-02,5.051195652387777124e-02
5.325000000000000844e-01,3.063667533668371945e+01,3.080436675336685767e+03,8.051411994684377627e-01,5.051269660524497496e-02,5.051269660524498190e-02
5.400000000000000355e-01,3.125263050596874592e+01,3.140852630505970865e+03,8.051496766439618646e-01,5.051435272418453026e-02,5.051435272418453026e-02
5.475000000000000977e-01,3.186856867134380167e+01,3.201268568671346202e+03,8.051948165808821001e-01,5.051614785575540140e-02,5.051614785575539446e-02
5.550000000000000488e-01,3.248447290453081138e+01,3.261684472904533322e+03,8.052162453860519653e-01,5.051830166529636817e-02,5.051830166529638205e-02
5.625000000000000000e-01,3.310029753268553065e+01,3.322100297532688273e+03,8.052134229090766038e-01,5.052134029899617296e-02,5.052134029899616602e-02
5.700000000000000622e-01,3.371597136323961053e+01,3.382515971363242443e+03,8.051851421753178917e-01,5.052609473275551655e-02,5.052609473275550961e-02
5.775000000000000133e-01,3.433138379396280726e+01,3.442931383793965779e+03,8.051292585989807682e-01,5.053408676960756407e-02,5.053408676960756407e-02
5.850000000000000755e-01,3.494645410940097463e+01,3.503346454109404476e+03,8.050780176111631548e-01,5.054662737262987510e-02,5.054662737262986816e-02
5.925000000000000266e-01,3.556115555305821374e+01,3.563761155553061599e+03,8.050838759804415101e-01,5.056346161490977986e-02,5.056346161490976598e-02
6.000000000000000888e-01,3.617540161367746521e+01,3.624175401613681061e+03,8.050418547706550410e-01,5.058559711510667023e-02,5.058559711510666329e-02
6.075000000000000400e-01,3.678907308945615284e+01,3.684589073089459816e+03,8.049437527431850814e-01,5.061430145945022135e-02,5.061430145945022829e-02
6.150000000000001021e-01,3.740202664362765006e+01,3.745002026643631780e+03,8.047803597445755130e-01,5.065105461157738687e-02,5.065105461157738687e-02
6.225000000000000533e-01,3.801409987903373633e+01,3.805414099879038076e+03,8.045417181839682463e-01,5.069828422075820656e-02,5.069828422075820656e-02
6.300000000000000044e-01,3.862512097922517995e+01,3.865825120979229723e+03,8.042174467644999103e-01,5.075696430592028380e-02,5.075696430592029768e-02
6.375000000000000666e-01,3.923503794978429227e+01,3.926235037949788875e+03,8.037971234851151170e-01,5.082705530476163552e-02,5.082705530476164246e-02
6.450000000000000178e-01,3.984375098580819952e+01,3.986643750985812858e+03,8.032706761292158770e-01,5.090920046408498739e-02,5.090920046408498045e-02
6.525000000000000799e-01,4.045114655015414229e+01,4.047051146550159046e+03,8.026286993653217738e-01,5.100397565923227294e-02,5.100397565923227988e-02
6.600000000000000311e-01,4.105710188650617454e+01,4.107457101886510827e+03,8.018626270905896414e-01,5.111240237462982144e-02,5.111240237462981451e-02
6.675000000000000933e-01,4.166149965925405496e+01,4.167861499659259607e+03,8.009647242734467820e-01,5.123524422329504835e-02,5.123524422329506223e-02
6.750000000000000444e-01,4.226417579637538324e+01,4.228264175796381096e+03,7.999279009255308992e-01,5.137186151632939374e-02,5.137186151632940762e-02
6.825000000000001066e-01,4.286515040965630163e+01,4.288665150409661692e+03,7.987453761914681261e-01,5.152126086621486301e-02,5.152126086621486301e-02
6.900000000000000577e-01,4.346438182662010519e+01,4.349064381826626231e+03,7.974102295274467789e-01,5.168274663370032995e-02,5.168274663370032301e-02
6.975000000000000089e-01,4.406182292397996036e+01,4.409461822923985892e+03,7.959148729654134113e-01,5.185548603987779476e-02,5.185548603987778782e-02
7.050000000000000711e-01,4.465741586785890149e+01,4.469857415867864802e+03,7.942504697490200272e-01,5.203903935140162529e-02,5.203903935140163223e-02
7.125000000000000222e-01,4.525109875973950579e+01,4.530251098759746128e+03,7.924063149795053107e-01,5.223267138029331208e-02,5.223267138029331208e-02
7.200000000000000844e-01,4.584277974849419479e+01,4.590642779748501198e+03,7.903691861377069028e-01,5.243495978103798055e-02,5.243495978103796668e-02
7.275000000000000355e-01,4.643246816429464729e+01,4.651032468164301463e+03,7.882089479011925581e-01,5.264441116689975303e-02,5.264441116689976691e-02
7.350000000000000977e-01,4.702019459304070637e+01,4.711420194593047199e+03,7.859964067029524548e-01,5.285937100067036182e-02,5.285937100067036182e-02
7.425000000000000488e-01,4.760593713339475386e+01,4.771805937133402040e+03,7.835727658458289113e-01,5.307853539077713595e-02,5.307853539077714983e-02
7.500000000000001110e-01,4.818967947111739392e+01,4.832189679471124691e+03,7.809120335389523326e-01,5.330055700814220754e-02,5.330055700814219366e-02
7.575000000000000622e-01,4.877137392047480802e+01,4.892571373920482074e+03,7.783205239522669183e-01,5.352446399944509742e-02,5.352446399944509742e-02
7.650000000000000133e-01,4.935099580780754991e+01,4.952950995807815161e+03,7.754980476748934981e-01,5.374906110039051610e-02,5.374906110039050916e-02
7.725000000000000755e-01,4.992845826809755039e+01,5.013328458268105351e+03,7.725205926793566880e-01,5.397355241639596735e-02,5.397355241639596735e-02
7.800000000000000266e-01,5.050379917103828831e+01,5.073703799171046740e+03,7.695407086794565643e-01,5.419650026943310245e-02,5.419650026943310939e-02
7.875000000000000888e-01,5.107702205280937591e+01,5.134077022052817483e+03,7.662871443911265512e-01,5.441672531229406473e-02,5.441672531229407861e-02
7.950000000000000400e-01,5.164810030835221966e+01,5.194448100308360154e+03,7.631331884524947817e-01,5.463354994837472250e-02,5.463354994837471557e-02
8.025000000000001021e-01,5.221700171112765076e+01,5.254817001711136072e+03,7.596927171563683245e-01,5.484607230969481412e-02,5.484607230969482800e-02
8.100000000000000533e-01,5.278370074369039600e+01,5.315183700743698864e+03,7.563241619972153051e-01,5.505353709291159470e-02,5.505353709291159470e-02
8.175000000000001155e-01,5.334815678330224387e+01,5.375548156783311242e+03,7.527664152697542965e-01,5.525554760394907339e-02,5.525554760394908727e-02
8.250000000000000666e-01,5.391033463244998103e+01,5.435910334632459126e+03,7.491157182289653882e-01,5.545180772720251922e-02,5.545180772720251922e-02
8.325000000000000178e-01,5.447020596462417075e+01,5.496270205964633533e+03,7.454913280438499878e-01,5.564145388130851272e-02,5.564145388130851272e-02
8.400000000000000799e-01,5.502774847573606820e+01,5.556627748475745648e+03,7.416578642376870922e-01,5.582384163619322909e-02,5.582384163619321521e-02
8.475000000000000311e-01,5.558293712414198495e+01,5.616982937124151249e+03,7.378011770036261296e-01,5.599877409972794234e-02,5.599877409972792847e-02
8.550000000000000933e-01,5.613574609034713347e+01,5.677335746090357134e+03,7.339633975074543182e-01,5.616615988587504021e-02,5.616615988587499858e-02
8.625000000000000444e-01,5.668615657970001820e+01,5.737686156579709859e+03,7.299737747323545856e-01,5.632591943734819445e-02,5.632591943734820139e-02
8.700000000000001066e-01,5.723415641297970780e+01,5.798034156412990342e+03,7.258557322293268665e-01,5.647799074164885219e-02,5.647799074164883137e-02
8.775000000000000577e-01,5.777974182801653313e+01,5.858379741828026454e+03,7.217659588847168406e-01,5.662231073318760299e-02,5.662231073318762381e-02
8.850000000000001199e-01,5.832291232820570315e+01,5.918722912328215898e+03,7.176794048092469680e-01,5.675888059411863390e-02,5.675888059411864778e-02
8.925000000000000711e-01,5.886366826307448719e+01,5.979063668263084764e+03,7.134954136936618729e-01,5.688773593651898913e-02,5.688773593651899607e-02
9.000000000000000222e-01,5.940198850247112006e+01,6.039401988502481800e+03,7.092286468207958938e-01,5.700903477825716714e-02,5.700903477825716714e-02
9.075000000000000844e-01,1.377898294526736511e-01,6.039937789829463327e+03,7.048916718457270969e-01,5.712333507707346297e-02,5.712333507707346297e-02
9.150000000000000355e-01,6.711696579235133520e-01,6.100271169657934479e+03,7.004951238048600093e-01,5.723014736153171633e-02,5.723014736153170245e-02
9.225000000000000977e-01,1.202222674845663253e+00,6.160602222674857330e+03,6.960478420923538190e-01,5.732901814816496883e-02,5.732901814816495495e-02
9.300000000000000488e-01,1.730909661822773726e+00,6.220930909661834448e+03,6.915569856093969348e-01,5.742046625432647988e-02,5.742046625432647988e-02
9.375000000000001110e-01,2.257026250647452326e+00,6.281257026250659692e+03,6.870547119917878032e-01,5.750598962972192779e-02,5.750598962972194167e-02
9.450000000000000622e-01,2.780931200957360350e+00,6.341580931200969644e+03,6.825298086633700967e-01,5.758323861503390761e-02,5.758323861503389374e-02
9.525000000000001243e-01,3.302513268725276063e+00,6.401902513268737493e+03,6.779505921591579831e-01,5.765333696792302592e-02,5.765333696792301205e-02
9.600000000000000755e-01,3.821633492744351823e+00,6.462221633492757064e+03,6.733181587897110187e-01,5.771759343768898681e-02,5.771759343768899375e-02
9.675000000000000266e-01,4.338681810141682860e+00,6.522538681810154230e+03,6.686321832176292945e-01,5.777327588826799282e-02,5.777327588826799976e-02
9.750000000000000888e-01,4.853231270548921117e+00,6.582853231270561992e+03,6.639067068710937658e-01,5.782388418621521586e-02,5.782388418621521586e-02
9.825000000000000400e-01,5.365797938119947652e+00,6.643165797938132528e+03,6.591863828380631896e-01,5.786591723923413533e-02,5.786591723923412145e-02
9.900000000000001021e-01,5.875935843723905982e+00,6.703475935843736806e+03,6.544277649612263437e-01,5.790284927549092103e-02,5.790284927549093491e-02
9.975000000000000533e-01,6.384090589494733514e+00,6.763784090589508196e+03,6.496256836929064082e-01,5.793182300081068520e-02,5.793182300081068520e-02
1.005000000000000115e+00,6.890011710975171511e+00,6.824090011710988620e+03,6.447738057753790164e-01,5.795504180979742237e-02,5.795504180979742931e-02
1.012500000000000178e+00,7.393832618929026879e+00,6.884393832618942724e+03,6.398646928044169346e-01,5.797161540116057415e-02,5.797161540116057415e-02
1.020000000000000018e+00,7.895708142482114944e+00,6.944695708142496187e+03,6.348898757261578485e-01,5.798110656661643880e-02,5.798110656661645268e-02
1.027500000000000080e+00,8.395435796542598084e+00,7.004995435796556194e+03,6.298399486843544448e-01,5.798483840358179681e-02,5.798483840358179681e-02
1.035000000000000142e+00,8.893163692230105610e+00,7.065293163692243979e+03,6.247046854010339656e-01,5.798244025511714583e-02,5.798244025511715277e-02
1.042499999999999982e+00,9.388991194533993223e+00,7.125588991194548726e+03,6.194731811314945213e-01,5.797345310592538076e-02,5.797345310592538770e-02
1.050000000000000044e+00,9.882950973821410301e+00,7.185882950973836159e+03,6.142230197677243098e-01,5.795791315186909348e-02,5.795791315186908654e-02
1.057500000000000107e+00,1.037491156390061420e+01,7.246174911563914975e+03,6.090528914323142251e-01,5.793710133979492610e-02,5.793710133979491222e-02
1.065000000000000169e+00,1.086502289398581844e+01,7.306465022894000867e+03,6.037766298519285924e-01,5.791028300082323027e-02,5.791028300082323027e-02
1.072500000000000009e+00,1.135332165908437752e+01,7.366753321659099129e+03,5.983819082589302285e-01,5.787751044800260036e-02,5.787751044800260036e-02
1.080000000000000071e+00,1.183985771343785842e+01,7.427039857713452875e+03,5.928564488100003249e-01,5.783872133137342442e-02,5.783872133137343136e-02
1.087500000000000133e+00,1.232463398548212474e+01,7.487324633985497712e+03,5.871882846701840242e-01,5.779444280282194923e-02,5.779444280282195617e-02
1.095000000000000195e+00,1.280768769944348939e+01,7.547607687699459348e+03,5.814031000295812879e-01,5.774464115064242842e-02,5.774464115064243536e-02
1.102500000000000036e+00,1.328906709943253261e+01,7.607889067099448766e+03,5.758167948204712117e-01,5.768919011525492496e-02,5.768919011525495966e-02
1.110000000000000098e+00,1.376878372844943144e+01,7.668168783728465314e+03,5.700807274541530578e-01,5.762844168723058047e-02,5.762844168723058047e-02
1.117500000000000160e+00,1.424687636945593461e+01,7.728446876369472193e+03,5.641844214610634012e-01,5.756239811833106790e-02,5.756239811833108871e-02
1.125000000000000000e+00,1.472338462072299237e+01,7.788723384620739125e+03,5.581187582084801146e-01,5.749107312366490141e-02,5.749107312366490141e-02
1.132500000000000062e+00,1.519832425773099160e+01,7.848998324257747299e+03,5.518765105933630677e-01,5.741478772203464920e-02,5.741478772203464226e-02
1.140000000000000124e+00,1.567175302463884279e+01,7.909271753024655482e+03,5.457478558485482356e-01,5.733335041531613385e-02,5.733335041531613385e-02
1.147500000000000187e+00,1.614368985432329140e+01,7.969543689854340300e+03,5.396602155483707364e-01,5.724704545054352944e-02,5.724704545054351557e-02
1.155000000000000027e+00,1.661416124220381718e+01,8.029814161242220507e+03,5.333991231085110085e-01,5.715592904715816047e-02,5.715592904715816741e-02
1.162500000000000089e+00,1.708322782655224259e+01,8.090083227826569782e+03,5.269623203289099944e-01,5.705991859200956751e-02,5.705991859200956057e-02
1.170000000000000151e+00,1.755083485728181714e+01,8.150350834857299560e+03,5.203516782078581038e-01,5.695965009063908013e-02,5.695965009063909401e-02
1.177499999999999991e+00,1.801700913835732720e+01,8.210617009138373760e+03,5.139245726725617525e-01,5.685510012147026310e-02,5.685510012147027004e-02
1.185000000000000053e+00,1.848186520407872635e+01,8.270881865204095448e+03,5.075789442194674761e-01,5.674600962831942430e-02,5.674600962831941042e-02
1.192500000000000115e+00,1.894546256004214868e+01,8.331145462560058149e+03,5.010731076100604087e-01,5.663208141539326917e-02,5.663208141539326224e-02
1.200000000000000178e+00,1.940781415045393388e+01,8.391407814150468766e+03,4.944194226091442879e-01,5.651371152240353135e-02,5.651371152240353135e-02
1.207500000000000018e+00,1.986873425868890308e+01,8.451668734258702898e+03,4.876367089602015592e-01,5.639202103651117653e-02,5.639202103651117653e-02
1.215000000000000080e+00,2.032845992846522520e+01,8.511928459928478333e+03,4.813447453487958994e-01,5.626603220273538458e-02,5.626603220273536377e-02
1.222500000000000142e+00,2.078706559177852853e+01,8.572187065591790088e+03,4.749482252427207341e-01,5.613540922021107576e-02,5.613540922021107576e-02
1.230000000000000204e+00,2.124443062622787792e+01,8.632444430626239409e+03,4.684545696737866249e-01,5.600127131040518597e-02,5.600127131040517903e-02
1.237500000000000044e+00,2.170056452706971939e+01,8.692700564527080132e+03,4.618968404237216441e-01,5.586353049769177126e-02,5.586353049769177820e-02
1.245000000000000107e+00,2.215568296004792614e+01,8.752955682960058766e+03,4.555984692164601335e-01,5.572128068190965178e-02,5.572128068190965178e-02
1.252500000000000169e+00,2.260963721256937120e+01,8.813209637212577945e+03,4.495388818538763043e-01,5.557544779126862011e-02,5.557544779126862705e-02
1.260000000000000009e+00,2.306247248180677545e+01,8.873462472481814984e+03,4.434597088264045084e-01,5.542620032402557212e-02,5.542620032402556518e-02
1.267500000000000071e+00,2.351441006760344976e+01,8.933714410067612334e+03,4.374040492249823830e-01,5.527239444883601943e-02,5.527239444883601249e-02
1.275000000000000133e+00,2.396506414297227749e+01,8.993965064142979827e+03,4.314160598422874249e-01,5.511616289842094507e-02,5.511616289842093119e-02
1.282500000000000195e+00,2.441489391374941320e+01,9.054214893913755077e+03,4.259055719649695315e-01,5.495535622864618913e-02,5.495535622864618219e-02
1.290000000000000036e+00,2.486366650780978915e+01,9.114463666507816015e+03,4.205161771128768100e-01,5.479131794105470549e-02,5.479131794105469855e-02
1.297500000000000098e+00,2.531150672769657461e+01,9.174711506727700908e+03,4.152366733871964977e-01,5.462358502850905156e-02,5.462358502850903769e-02
1.305000000000000160e+00,2.575844959667372081e+01,9.234958449596677383e+03,4.101025861777795045e-01,5.445197086055252045e-02,5.445197086055251351e-02
1.312500000000000000e+00,2.620443924963060667e+01,9.295204439249633651e+03,4.051420054453761521e-01,5.427710183523739434e-02,5.427710183523742210e-02
1.320000000000000062e+00,2.664961234725741690e+01,9.355449612347259972e+03,4.005732948908066748e-01,5.409830932786609259e-02,5.409830932786609259e-02
1.327500000000000124e+00,2.709387720710977732e+01,9.415693877207111655e+03,3.962455248700679777e-01,5.391603776951468113e-02,5.391603776951468807e-02
1.335000000000000187e+00,2.753739311560016034e+01,9.475937393115602390e+03,3.920856968738628545e-01,5.372979237335018948e-02,5.372979237335019642e-02
1.342500000000000027e+00,2.798005676593479052e+01,9.536180056765935660e+03,3.880953226487577901e-01,5.354017137903060303e-02,5.354017137903058221e-02
1.350000000000000089e+00,2.842199968442766433e+01,9.596421999684427647e+03,3.842646519540221517e-01,5.334641014001969411e-02,5.334641014001968717e-02
1.357500000000000151e+00,2.886325703650535957e+01,9.656663257036505456e+03,3.807440262699907652e-01,5.314864206192201207e-02,5.314864206192201207e-02
1.365000000000000213e+00,2.930371484336698984e+01,9.716903714843365378e+03,3.774530796281356237e-01,5.294737890690821847e-02,5.294737890690821153e-02
1.372500000000000053e+00,2.974372438489094250e+01,9.777143724384888628e+03,3.742458884619946913e-01,5.274100910979618445e-02,5.274100910979618445e-02
1.380000000000000115e+00,3.018284056652606040e+01,9.837382840566522646e+03,3.710855003751476477e-01,5.253170321963617634e-02,5.253170321963616246e-02
1.387500000000000178e+00,3.062155939070372312e+01,9.897621559390699986e+03,3.682991166486104251e-01,5.231729813152460190e-02,5.231729813152460190e-02
1.395000000000000018e+00,3.105968732753121841e+01,9.957859687327527354e+03,3.655277514997322119e-01,5.209843595744978462e-02,5.209843595744979849e-02
1.402500000000000080e+00,3.149731485744702653e+01,1.001809731485744123e+04,3.627483868577032755e-01,5.187500785867447256e-02,5.187500785867447256e-02
1.410000000000000142e+00,3.193465122828387237e+01,1.007833465122827874e+04,3.603164209248393424e-01,5.164594608159938510e-02,5.164594608159939204e-02
1.417500000000000204e+00,3.237138074156502654e+01,1.013857138074155773e+04,3.577185784351530340e-01,5.141271138222067855e-02,5.141271138222067855e-02
1.425000000000000044e+00,3.280792636384074967e+01,1.019880792636383376e+04,3.554344169178839108e-01,5.117327426992229061e-02,5.117327426992229061e-02
1.432500000000000107e+00,3.324431042716039286e+01,1.025904431042715260e+04,3.530056350462278947e-01,5.092781728202842167e-02,5.092781728202842167e-02
1.440000000000000169e+00,3.368030811681580161e+01,1.031928030811680765e+04,3.508429230614557026e-01,5.067702714775888795e-02,5.067702714775888795e-02
1.447500000000000009e+00,3.411637501300787534e+01,1.037951637501299774e+04,3.484774662742122220e-01,5.041902631705577620e-02,5.041902631705577620e-02
1.455000000000000071e+00,3.455250544919849176e+01,1.043975250544918890e+04,3.464767942606425954e-01,5.015367097665832802e-02,5.015367097665832802e-02
1.462500000000000133e+00,3.498858398934869740e+01,1.049998858398933771e+04,3.441839797579006599e-01,4.988173046911358044e-02,4.988173046911358044e-02
1.470000000000000195e+00,3.542507446702060747e+01,1.056022507446700911e+04,3.422453124882613440e-01,4.960072132542332063e-02,4.960072132542334145e-02
1.477500000000000036e+00,3.586199036624597625e+01,1.062046199036623329e+04,3.401722691412321642e-01,4.931087711906695370e-02,4.931087711906696758e-02
1.485000000000000098e+00,3.629936317153352121e+01,1.068069936317152133e+04,3.380479271820681642e-01,4.901183865669631740e-02,4.901183865669631740e-02
1.492500000000000160e+00,3.673761670252142864e+01,1.074093761670250751e+04,3.362192070792175413e-01,4.870194711856597886e-02,4.870194711856598579e-02
1.500000000000000222e+00,3.717694271790561089e+01,1.080117694271789151e+04,3.341384051877515637e-01,4.838033231286637675e-02,4.838033231286636981e-02
1.507500000000000062e+00,3.761747757200734554e+01,1.086141747757199118e+04,3.322223630002575367e-01,4.804623522450474776e-02,4.804623522450474776e-02
1.515000000000000124e+00,3.805979040226421972e+01,1.092165979040224738e+04,3.304237147350062576e-01,4.769764009990609677e-02,4.769764009990609677e-02
1.522500000000000187e+00,3.850416719275567345e+01,1.098190416719273890e+04,3.283940173693716824e-01,4.733330147488673534e-02,4.733330147488672146e-02
1.530000000000000027e+00,3.895107025514281673e+01,1.104215107025512589e+04,3.265823396386158262e-01,4.695168526088115690e-02,4.695168526088117078e-02
1.537500000000000089e+00,3.940151320946366553e+01,1.110240151320944460e+04,3.248622143799313466e-01,4.654877640739323030e-02,4.654877640739323724e-02
1.545000000000000151e+00,3.985562208683567320e+01,1.116265562208681695e+04,3.229344525573087932e-01,4.612457999669804243e-02,4.612457999669804243e-02
1.552500000000000213e+00,4.031512281069210246e+01,1.122291512281067298e+04,3.211174928259695749e-01,4.567317830137372636e-02,4.567317830137372636e-02
1.560000000000000053e+00,4.078043504612304559e+01,1.128318043504610250e+04,3.195168777516344538e-01,4.519400009110225575e-02,4.519400009110225575e-02
1.567500000000000115e+00,4.125370404047334461e+01,1.134345370404045207e+04,3.177330292727246763e-01,4.468049464194868980e-02,4.468049464194868980e-02
1.575000000000000178e+00,4.173631928804599056e+01,1.140373631928802388e+04,3.157955745273588466e-01,4.413001902434097318e-02,4.413001902434097318e-02
1.582500000000000240e+00,4.223026825344828694e+01,1.146403026825342567e+04,3.143473892723375185e-01,4.353881568034339428e-02,4.353881568034338734e-02
1.590000000000000080e+00,4.273818835678502381e+01,1.152433818835676175e+04,3.127402251172999859e-01,4.290262447091122006e-02,4.290262447091122699e-02
1.597500000000000142e+00,4.326146157015998739e+01,1.158466146157013645e+04,3.109743876566153920e-01,4.222423837005412350e-02,4.222423837005411656e-02
1.605000000000000204e+00,4.380039460734876400e+01,1.164500039460732478e+04,3.092900348517264586e-01,4.151252943685984631e-02,4.151252943685984631e-02
1.612500000000000044e+00,4.434778276904883398e+01,1.170534778276902398e+04,3.078829808239265664e-01,4.080451886258358585e-02,4.080451886258359279e-02
1.620000000000000107e+00,4.488649290589372498e+01,1.176568649290586836e+04,3.063416748292925318e-01,4.016484198420702117e-02,4.016484198420702811e-02
1.627500000000000169e+00,4.539546488875237173e+01,1.182599546488872511e+04,3.046678206273020217e-01,3.965693919310569332e-02,3.965693919310568638e-02
1.635000000000000231e+00,4.587352620331233766e+01,1.188627352620328384e+04,3.030647617879042577e-01,3.927099686511507926e-02,3.927099686511506538e-02
1.642500000000000071e+00,4.633214146827175028e+01,1.194653214146824394e+04,3.017602151760117035e-01,3.896134936013908451e-02,3.896134936013908451e-02
1.650000000000000133e+00,4.677891112190774692e+01,1.200677891112187899e+04,3.003464212513012321e-01,3.869937866031129131e-02,3.869937866031130519e-02
1.657500000000000195e+00,4.721832197030956735e+01,1.206701832197027943e+04,2.988262075619684266e-01,3.846855965151087242e-02,3.846855965151085854e-02
1.665000000000000036e+00,4.765263875963969298e+01,1.212725263875960991e+04,2.972026476116986227e-01,3.825972496238971149e-02,3.825972496238970455e-02
1.672500000000000098e+00,4.808332321490530603e+01,1.218748332321487396e+04,2.959475125933284101e-01,3.806696367446370244e-02,3.806696367446369550e-02
1.680000000000000160e+00,4.851124082023612516e+01,1.224771124082020469e+04,2.947088701962602975e-01,3.788637668962373944e-02,3.788637668962375332e-02
1.687500000000000222e+00,4.893676198981968639e+01,1.230793676198978756e+04,2.933885548674565191e-01,3.771640956962566543e-02,3.771640956962566543e-02
1.695000000000000062e+00,4.936059225032985154e+01,1.236816059225029676e+04,2.919904160722253672e-01,3.755387881952628598e-02,3.755387881952628598e-02
1.702500000000000124e+00,4.978283110998162186e+01,1.242838283110994780e+04,2.905185434800187649e-01,3.739810349069926793e-02,3.739810349069926793e-02
1.710000000000000187e+00,5.020382323816863135e+01,1.248860382323813428e+04,2.893096574585647951e-01,3.724750343997276086e-02,3.724750343997275392e-02
1.717500000000000249e+00,5.062378897368971309e+01,1.254882378897365379e+04,2.882187587612695667e-01,3.710085442722311361e-02,3.710085442722311361e-02
1.725000000000000089e+00,5.104280512576274020e+01,1.260904280512572586e+04,2.870727798516932161e-01,3.695789823054038831e-02,3.695789823054038137e-02
1.732500000000000151e+00,5.146090590187942837e+01,1.266926090590184322e+04,2.858762230254627834e-01,3.681809566541606460e-02,3.681809566541606460e-02
1.740000000000000213e+00,5.187840586851262259e+01,1.272947840586847451e+04,2.846337889712514113e-01,3.668001269779036511e-02,3.668001269779036511e-02
1.747500000000000053e+00,5.229527015693085445e+01,1.278969527015689164e+04,2.833503875999652810e-01,3.654397226471279431e-02,3.654397226471281512e-02
1.755000000000000115e+00,5.271137264207092699e+01,1.284991137264203098e+04,2.822204169904418691e-01,3.641036725291443149e-02,3.641036725291443149e-02
1.762500000000000178e+00,5.312683816801339276e+01,1.291012683816797289e+04,2.813053101771935127e-01,3.627874938409404726e-02,3.627874938409404726e-02
1.770000000000000240e+00,5.354182894310328322e+01,1.297034182894306286e+04,2.803638966556981638e-01,3.614837303295508758e-02,3.614837303295508758e-02
1.777500000000000080e+00,5.395627008172372285e+01,1.303055627008168267e+04,2.794011276320169657e-01,3.601966705824954929e-02,3.601966705824954235e-02
1.785000000000000142e+00,5.437007434442305964e+01,1.309077007434438019e+04,2.784220978424863935e-01,3.589287688605879989e-02,3.589287688605879989e-02
1.792500000000000204e+00,5.478337221452454742e+01,1.315098337221448128e+04,2.774320457763590486e-01,3.576774970246075769e-02,3.576774970246075075e-02
1.800000000000000044e+00,5.519615864544643813e+01,1.321119615864540356e+04,2.764363525136437905e-01,3.564454226028471867e-02,3.564454226028471173e-02
1.807500000000000107e+00,5.560839847598648333e+01,1.327140839847594179e+04,2.754405395797352996e-01,3.552330998218260899e-02,3.552330998218260205e-02
1.815000000000000169e+00,5.601996426210411073e+01,1.333161996426205951e+04,2.745126467508923751e-01,3.540452480498733345e-02,3.540452480498733345e-02
1.822500000000000231e+00,5.643106532368826578e+01,1.339183106532364218e+04,2.738568868804563405e-01,3.528757020571279129e-02,3.528757020571279129e-02
1.830000000000000071e+00,5.684175007539717228e+01,1.345204175007535014e+04,2.732103222408583387e-01,3.517243764484234009e-02,3.517243764484234009e-02
1.837500000000000133e+00,5.725194365807258379e+01,1.351225194365802599e+04,2.725781736248685805e-01,3.505957853483947229e-02,3.505957853483947229e-02
1.845000000000000195e+00,5.766147384852659741e+01,1.357246147384847791e+04,2.719657583801666778e-01,3.494959599477701767e-02,3.494959599477702461e-02
1.852500000000000258e+00,5.807043509874586817e+01,1.363267043509869654e+04,2.713784890623650581e-01,3.484235225717609297e-02,3.484235225717609991e-02
1.860000000000000098e+00,5.847891323528133256e+01,1.369287891323523218e+04,2.708218711038673510e-01,3.473773954278577825e-02,3.473773954278579212e-02
1.867500000000000160e+00,5.888693567091624459e+01,1.375308693567086630e+04,2.703014993315853154e-01,3.463585276388360390e-02,3.463585276388359002e-02
1.875000000000000222e+00,5.929447443652617267e+01,1.381329447443647587e+04,2.698230531307998503e-01,3.453699798437595558e-02,3.453699798437595558e-02
1.882500000000000062e+00,5.970145968577956808e+01,1.387350145968572724e+04,2.693922900169410384e-01,3.444154993538259962e-02,3.444154993538259962e-02
1.890000000000000124e+00,3.078174407828233594e-01,1.387390781744072956e+04,2.690150373426744013e-01,3.434988206368546487e-02,3.434988206368546487e-02
1.897500000000000187e+00,7.136691633612675112e-01,1.393411366916330735e+04,2.686971818358016573e-01,3.426187181300083262e-02,3.426187181300083262e-02
1.905000000000000249e+00,1.119013648770056601e+00,1.399431901364871555e+04,2.684446566360392250e-01,3.417774306236116139e-02,3.417774306236115445e-02
1.912500000000000089e+00,1.523838047024305808e+00,1.405452383804696910e+04,2.682634254777260807e-01,3.409777544799126592e-02,3.409777544799126592e-02
1.920000000000000151e+00,1.928150159467046043e+00,1.411472815015941160e+04,2.681594636530492681e-01,3.402221385353487726e-02,3.402221385353487032e-02
1.927500000000000213e+00,2.331948098802926861e+00,1.417493194809874694e+04,2.681387353883665225e-01,3.395134685730359647e-02,3.395134685730360341e-02
1.935000000000000053e+00,2.735222107751192677e+00,1.423513522210769406e+04,2.682071672762812997e-01,3.388549775401256126e-02,3.388549775401256819e-02
1.942500000000000115e+00,3.137963335711579926e+00,1.429533796333565442e+04,2.683747669648757217e-01,3.382500125460381757e-02,3.382500125460381757e-02
1.950000000000000178e+00,3.540164624124463089e+00,1.435554016462406616e+04,2.686949102009438262e-01,3.377020227012156317e-02,3.377020227012156317e-02
1.957500000000000240e+00,3.941820171490971969e+00,1.441574182017143175e+04,2.691040374694426696e-01,3.372145762258458440e-02,3.372145762258458440e-02
1.965000000000000080e+00,4.342924563234922708e+00,1.447594292456317453e+04,2.696072091248690183e-01,3.367913889826922719e-02,3.367913889826922719e-02
1.972500000000000142e+00,4.743472161711141943e+00,1.453614347216165152e+04,2.702093173084598732e-01,3.364363190374622392e-02,3.364363190374622392e-02
1.980000000000000204e+00,5.143461911136474995e+00,1.459634346191107579e+04,2.709150436246845484e-01,3.361527623147576860e-02,3.361527623147576860e-02
1.987500000000000266e+00,5.542885276086489732e+00,1.465654288527602512e+04,2.717288140964231324e-01,3.359453811100126391e-02,3.359453811100126391e-02
1.995000000000000107e+00,5.941741015254947023e+00,1.471674174101519202e+04,2.726547520116812673e-01,3.358183336016784537e-02,3.358183336016783843e-02
2.002499999999999947e+00,6.340031537404829720e+00,1.477694003153734229e+04,2.737466542893910448e-01,3.357758069042682952e-02,3.357758069042683646e-02
2.010000000000000231e+00,6.737762771087999703e+00,1.483713776277102443e+04,2.749961546687209046e-01,3.358220069565334004e-02,3.358220069565333310e-02
2.017500000000000071e+00,7.134941754917194068e+00,1.489733494175485248e+04,2.763852752318990413e-01,3.359611828488420077e-02,3.359611828488420077e-02
2.025000000000000355e+00,7.531555383523616420e+00,1.495753155538345891e+04,2.779157359613559919e-01,3.361979418753911070e-02,3.361979418753910376e-02
2.032500000000000195e+00,7.927570299696935940e+00,1.501772757029963032e+04,2.795884796920522497e-01,3.365372566823337380e-02,3.365372566823337380e-02
2.040000000000000036e+00,8.322958562170315489e+00,1.507792295856210330e+04,2.814036075398894665e-01,3.369839465014780322e-02,3.369839465014780322e-02
2.047500000000000320e+00,8.717665278975387011e+00,1.513811766527890723e+04,2.833603233791960885e-01,3.375427553253005503e-02,3.375427553253005503e-02
2.055000000000000160e+00,9.111836539920240341e+00,1.519831183653985136e+04,2.854568910093053247e-01,3.382166084359032598e-02,3.382166084359032598e-02
2.062500000000000000e+00,9.505429655376927300e+00,1.525850542965530803e+04,2.876906077079478541e-01,3.390111245986267979e-02,3.390111245986267979e-02
2.070000000000000284e+00,9.898367449157243314e+00,1.531869836744908753e+04,2.900577976868283225e-01,3.399329485199249767e-02,3.399329485199249767e-02
2.077500000000000124e+00,1.029038220227699973e+01,1.537889038220220573e+04,2.925538285095449775e-01,3.409907146488194013e-02,3.409907146488195401e-02
2.084999999999999964e+00,1.068138424863933622e+01,1.543908138424856770e+04,2.951731527353258500e-01,3.421934466990677465e-02,3.421934466990677465e-02
2.092500000000000249e+00,1.107122375085818078e+01,1.549927122375078579e+04,2.979093758443359663e-01,3.435508038955754906e-02,3.435508038955754212e-02
2.100000000000000089e+00,1.145931311450780754e+01,1.555945931311443564e+04,3.007553499888815374e-01,3.450719655143656694e-02,3.450719655143656694e-02
2.107500000000000373e+00,1.184510405543262301e+01,1.561964510405535839e+04,3.037032917064426130e-01,3.467675041662948709e-02,3.467675041662948709e-02
2.115000000000000213e+00,1.222810902711431780e+01,1.567982810902703932e+04,3.067449209676760269e-01,3.486449421998828041e-02,3.486449421998827347e-02
2.122500000000000053e+00,1.260745246516721352e+01,1.574000745246509177e+04,3.098716193627312765e-01,3.507077881289379084e-02,3.507077881289379778e-02
2.130000000000000338e+00,1.298235697855940352e+01,1.580018235697848286e+04,3.132689748020342502e-01,3.529569900474131827e-02,3.529569900474131133e-02
2.137500000000000178e+00,1.335184996041864203e+01,1.586035184996034150e+04,3.167658243362192483e-01,3.553928970040963475e-02,3.553928970040964169e-02
2.145000000000000018e+00,1.371455052626020432e+01,1.592051455052618257e+04,3.203058556310418026e-01,3.580084818001377789e-02,3.580084818001377789e-02
2.152500000000000302e+00,1.406987376868656980e+01,1.598066987376860925e+04,3.238817379657644713e-01,3.607983940544150919e-02,3.607983940544150919e-02
2.160000000000000142e+00,1.441662483515706761e+01,1.604081662483507898e+04,3.274889247546476923e-01,3.637553535536700022e-02,3.637553535536699328e-02
2.167499999999999982e+00,1.475430234444421629e+01,1.610095430234436571e+04,3.311262669997218078e-01,3.668795960249474769e-02,3.668795960249474075e-02
2.175000000000000266e+00,1.508313673420206058e+01,1.616108313673412158e+04,3.347961165679639306e-01,3.701829939672425518e-02,3.701829939672426212e-02
2.182500000000000107e+00,1.540376002323789351e+01,1.622120376002315788e+04,3.385037602461366535e-01,3.736846202825212793e-02,3.736846202825213487e-02
2.190000000000000391e+00,1.571745496673698916e+01,1.628131745496665462e+04,3.422564679390703302e-01,3.774135324559815818e-02,3.774135324559815124e-02
2.197500000000000231e+00,1.602595214886289909e+01,1.634142595214878020e+04,3.461042111391031129e-01,3.814085959300118206e-02,3.814085959300117512e-02
2.205000000000000071e+00,1.633123223705767302e+01,1.640153123223697548e+04,3.502761278700379788e-01,3.857049260946412289e-02,3.857049260946412289e-02
2.212500000000000355e+00,1.663523049737128190e+01,1.646163523049728610e+04,3.545068649447909448e-01,3.903289473571996265e-02,3.903289473571996265e-02
2.220000000000000195e+00,1.693971981733636767e+01,1.652173971981725117e+04,3.588054093659253652e-01,3.952897401094115221e-02,3.952897401094115915e-02
2.227500000000000036e+00,1.724609045209704306e+01,1.658184609045201069e+04,3.631815147340859418e-01,4.005826816593535677e-02,4.005826816593536371e-02
2.235000000000000320e+00,1.755566001609592774e+01,1.664195566001601037e+04,3.676452562366084864e-01,4.061913278481460443e-02,4.061913278481460443e-02
2.242500000000000160e+00,1.786956415828896994e+01,1.670206956415820241e+04,3.722864177212896752e-01,4.120832732907373647e-02,4.120832732907371565e-02
2.250000000000000000e+00,1.818862400875324425e+01,1.676218862400866419e+04,3.772017177183220049e-01,4.182174045731209405e-02,4.182174045731209405e-02
2.257500000000000284e+00,1.851354086826084355e+01,1.682231354086817373e+04,3.821860354455380304e-01,4.245423252525196145e-02,4.245423252525196839e-02
2.265000000000000124e+00,1.884504267055983462e+01,1.688244504267047159e+04,3.872364153552235178e-01,4.309996182472285858e-02,4.309996182472286552e-02
2.272499999999999964e+00,1.918377297994022257e+01,1.694258377297985135e+04,3.923440098609830562e-01,4.375307734030485507e-02,4.375307734030486201e-02
2.280000000000000249e+00,1.953066432512761352e+01,1.700273066432503765e+04,3.974925062621545435e-01,4.440791168932760324e-02,4.440791168932759631e-02
2.287500000000000089e+00,1.988666421049380517e+01,1.706288666421040398e+04,4.026565157932794348e-01,4.505852848455513954e-02,4.505852848455513954e-02
2.295000000000000373e+00,2.025288741466269471e+01,1.712305288741457116e+04,4.078000213249221018e-01,4.569927842231336079e-02,4.569927842231336079e-02
2.302500000000000213e+00,2.063062771835858200e+01,1.718323062771826517e+04,4.128750176999615995e-01,4.632406436971402142e-02,4.632406436971402142e-02
2.310000000000000053e+00,2.102136910269677017e+01,1.724342136910260524e+04,4.178655196824180296e-01,4.692747058396404963e-02,4.692747058396404963e-02
2.317500000000000338e+00,2.142742868459379579e+01,1.730362742868450005e+04,4.231317695717480842e-01,4.750553923395277323e-02,4.750553923395277323e-02
2.325000000000000178e+00,2.185076277663866051e+01,1.736385076277654298e+04,4.282622440353728854e-01,4.805297887716538513e-02,4.805297887716538513e-02
2.332500000000000018e+00,2.229423086868998638e+01,1.742409423086859533e+04,4.331703929536915298e-01,4.856604486608696175e-02,4.856604486608695481e-02
2.340000000000000302e+00,2.276021487266014631e+01,1.748436021487256585e+04,4.381252162757147128e-01,4.904059996224149898e-02,4.904059996224149898e-02
2.347500000000000142e+00,2.325033806828293947e+01,1.754465033806818610e+04,4.432448203166102219e-01,4.947129202990863117e-02,4.947129202990863117e-02
2.354999999999999982e+00,2.376329826762068009e+01,1.760496329826752481e+04,4.479983032083210692e-01,4.985009627181239550e-02,4.985009627181240244e-02
2.362500000000000266e+00,2.429158871061786229e+01,1.766529158871051914e+04,4.530735679426659557e-01,5.016372308851158035e-02,5.016372308851158729e-02
2.370000000000000107e+00,2.482220000550678662e+01,1.772562220000540765e+04,4.579830297047139398e-01,5.040407249279081625e-02,5.040407249279081625e-02
2.377500000000000391e+00,2.534556294721108571e+01,1.778594556294711219e+04,4.627977244971080983e-01,5.058096555786132514e-02,5.058096555786131127e-02
2.385000000000000231e+00,2.585977703499060709e+01,1.784625977703489116e+04,4.678224479709192640e-01,5.071366070288652744e-02,5.071366070288653438e-02
2.392500000000000071e+00,2.636575173749313095e+01,1.790656575173739111e+04,4.724566304828480834e-01,5.081790101257268460e-02,5.081790101257268460e-02
2.400000000000000355e+00,2.686518179827087849e+01,1.796686518179816994e+04,4.775360447271881914e-01,5.090423309300842747e-02,5.090423309300843441e-02
2.407500000000000195e+00,2.735911392163420075e+01,1.802715911392153066e+04,4.820245361422933472e-01,5.097993129000870371e-02,5.097993129000868290e-02
2.415000000000000036e+00,2.784841767685555425e+01,1.808744841767675098e+04,4.870847592101919532e-01,5.104995722472134567e-02,5.104995722472134567e-02
2.422500000000000320e+00,2.833377936506126460e+01,1.814773377936495672e+04,4.914378692840909446e-01,5.111738437726569273e-02,5.111738437726569273e-02
2.430000000000000160e+00,2.881600076377439024e+01,1.820801600076366958e+04,4.963962108353023872e-01,5.118446978666533337e-02,5.118446978666533337e-02
2.437500000000000000e+00,2.929575426619971878e+01,1.826829575426609517e+04,5.006144202515513397e-01,5.125190541487961021e-02,5.125190541487959633e-02
2.445000000000000284e+00,2.977347102641222065e+01,1.832857347102630592e+04,5.053826551154628755e-01,5.132064978529156385e-02,5.132064978529156385e-02
2.452500000000000124e+00,3.024954360156880995e+01,1.838884954360146367e+04,5.094661644175748627e-01,5.139102718294188965e-02,5.139102718294188965e-02
2.460000000000000409e+00,3.072436661339423125e+01,1.844912436661328684e+04,5.139530409631638541e-01,5.146304471739515662e-02,5.146304471739514969e-02
2.467500000000000249e+00,3.119821981196577454e+01,1.850939821981185742e+04,5.179072384531019368e-01,5.153653202047581844e-02,5.153653202047583232e-02
2.475000000000000089e+00,3.167133909488863708e+01,1.856967133909478071e+04,5.220204063139661788e-01,5.161155691711669102e-02,5.161155691711669102e-02
2.482500000000000373e+00,3.214395103559213851e+01,1.862994395103548231e+04,5.258582921514876052e-01,5.168758937387845503e-02,5.168758937387846197e-02
2.490000000000000213e+00,3.261624951469558908e+01,1.869021624951458580e+04,5.295056961125393924e-01,5.176429719344044500e-02,5.176429719344042418e-02
2.497500000000000053e+00,3.308834830658785364e+01,1.875048834830647684e+04,5.332482146788217747e-01,5.184139510618691188e-02,5.184139510618690494e-02
2.505000000000000338e+00,3.356038472673318296e+01,1.881076038472662185e+04,5.363389741743967987e-01,5.191860395846414900e-02,5.191860395846414900e-02
2.512500000000000178e+00,3.403235730383406121e+01,1.887103235730372035e+04,5.400140697510694698e-01,5.199547396182305908e-02,5.199547396182305908e-02
2.520000000000000018e+00,3.450433714189696843e+01,1.893130433714178434e+04,5.430406656617263739e-01,5.207214077201940960e-02,5.207214077201940960e-02
2.527500000000000302e+00,3.497651364427895970e+01,1.899157651364416597e+04,5.460999243612927323e-01,5.214754301267350567e-02,5.214754301267349873e-02
2.535000000000000142e+00,3.544890003147195756e+01,1.905184890003135661e+04,5.491187720726051769e-01,5.222173453761529832e-02,5.222173453761529832e-02
2.542500000000000426e+00,3.592151810414261348e+01,1.911212151810402793e+04,5.515872534326342613e-01,5.229410996305351722e-02,5.229410996305351722e-02
2.550000000000000266e+00,3.639427210039052341e+01,1.917239427210027497e+04,5.545036266096364796e-01,5.236524880307784346e-02,5.236524880307785734e-02
2.557500000000000107e+00,3.686737366262567406e+01,1.923266737366250891e+04,5.570251120190479188e-01,5.243406550605957811e-02,5.243406550605957117e-02
2.565000000000000391e+00,3.734081071306354715e+01,1.929294081071294568e+04,5.591488636136584534e-01,5.250046836026250191e-02,5.250046836026250191e-02
2.572500000000000231e+00,3.781457052169452027e+01,1.935321457052157712e+04,5.617606212942918287e-01,5.256441599006891202e-02,5.256441599006889814e-02
2.580000000000000071e+00,3.828852821936542483e+01,1.941348852821924447e+04,5.639261323348625510e-01,5.262614722173881293e-02,5.262614722173881293e-02
2.587500000000000355e+00,3.876286626875548791e+01,1.947376286626863657e+04,5.657470769187551429e-01,5.268519971128181323e-02,5.268519971128179241e-02
2.595000000000000195e+00,3.923757571353288398e+01,1.953403757571341339e+04,5.680561340821899119e-01,5.274117717388265153e-02,5.274117717388265847e-02
2.602500000000000036e+00,3.971263986815202429e+01,1.959431263986802878e+04,5.699847275319764872e-01,5.279418183445305085e-02,5.279418183445305085e-02
2.610000000000000320e+00,4.018787193357118781e+01,1.965458787193345051e+04,5.715764332470245623e-01,5.284516087556544173e-02,5.284516087556544173e-02
2.617500000000000160e+00,4.066348911659406440e+01,1.971486348911646928e+04,5.735387474197006785e-01,5.289292631851521403e-02,5.289292631851521403e-02
2.625000000000000000e+00,4.113944740398240896e+01,1.977513944740385705e+04,5.753271212397315093e-01,5.293786980259439917e-02,5.293786980259439917e-02
2.632500000000000284e+00,4.161577544187733224e+01,1.983541577544175379e+04,5.768232608090930746e-01,5.297984744729776485e-02,5.297984744729777179e-02
2.640000000000000124e+00,4.209223819030408009e+01,1.989569223819017861e+04,5.783182860028436290e-01,5.301967524752093652e-02,5.301967524752092958e-02
2.647500000000000409e+00,4.256901649544827393e+01,1.995596901649532083e+04,5.800431401521480845e-01,5.305696563754636053e-02,5.305696563754635359e-02
2.655000000000000249e+00,4.304612163340833320e+01,2.001624612163328129e+04,5.815103053743845285e-01,5.309169442195403599e-02,5.309169442195402905e-02
2.662500000000000089e+00,4.352355227830724260e+01,2.007652355227818043e+04,5.827463980546012667e-01,5.312360478266259234e-02,5.312360478266260622e-02
2.670000000000000373e+00,4.400119164145810657e+01,2.013680119164133066e+04,5.841897435392264804e-01,5.315353477244282726e-02,5.315353477244282032e-02
2.677500000000000213e+00,4.447901509761482686e+01,2.019707901509748626e+04,5.856797448670002515e-01,5.318180555129919940e-02,5.318180555129919246e-02
2.685000000000000053e+00,4.495715888019226014e+01,2.025735715888006234e+04,5.869611035738556692e-01,5.320764412004584665e-02,5.320764412004584665e-02
2.692500000000000338e+00,4.543557661092012268e+01,2.031763557661078812e+04,5.880538829834894843e-01,5.323139953294993287e-02,5.323139953294993287e-02
2.700000000000000178e+00,4.591428883424691065e+01,2.037791428883411572e+04,5.893483833140846784e-01,5.325323119031179220e-02,5.325323119031179220e-02
2.707500000000000018e+00,4.639308927795279658e+01,2.043819308927782185e+04,5.907095123043346607e-01,5.327402445912396423e-02,5.327402445912396423e-02
2.715000000000000302e+00,4.687216343033314558e+01,2.049847216343020045e+04,5.918964636759208586e-01,5.329293781598006680e-02,5.329293781598004598e-02
2.722500000000000142e+00,4.735151401237185809e+01,2.055875151401223775e+04,5.929248609403219294e-01,5.331029577051179386e-02,5.331029577051178692e-02
2.730000000000000426e+00,4.783110982970993774e+01,2.061903110982957514e+04,5.939790140325889034e-01,5.332633381607677914e-02,5.332633381607676526e-02
2.737500000000000266e+00,4.831095479463866127e+01,2.067931095479450232e+04,5.952828307270553454e-01,5.334085802241433222e-02,5.334085802241431834e-02
2.745000000000000107e+00,4.879092239133136388e+01,2.073959092239119491e+04,5.964372312757176831e-01,5.335454641972094819e-02,5.335454641972094819e-02
2.752500000000000391e+00,4.927114474117632881e+01,2.079987114474103873e+04,5.974548167646916985e-01,5.336717921366674472e-02,5.336717921366675166e-02
2.760000000000000231e+00,4.975162975053886782e+01,2.086015162975040221e+04,5.983469966960305308e-01,5.337872326679486690e-02,5.337872326679486690e-02
2.767500000000000071e+00,5.023237818008398392e+01,2.092043237817994668e+04,5.994739504024388932e-01,5.338899917040507148e-02,5.338899917040504373e-02
2.775000000000000355e+00,5.071333237874274147e+01,2.098071333237860381e+04,6.006378065095956398e-01,5.339842420854783861e-02,5.339842420854783861e-02
2.782500000000000195e+00,5.119442122207432533e+01,2.104099442122193432e+04,6.016810100005778317e-01,5.340757027397821655e-02,5.340757027397821655e-02
2.790000000000000036e+00,5.167577394639785382e+01,2.110127577394625769e+04,6.026131481217491537e-01,5.341589874784944542e-02,5.341589874784944542e-02
2.797500000000000320e+00,5.215740144967107028e+01,2.116155740144953234e+04,6.034429833662741105e-01,5.342316575951831792e-02,5.342316575951831792e-02
2.805000000000000160e+00,5.263928775361073775e+01,2.122183928775346794e+04,6.045061217434956058e-01,5.342954942469695795e-02,5.342954942469697877e-02
2.812500000000000444e+00,5.312136574871780681e+01,2.128212136574857504e+04,6.055995616144844718e-01,5.343564418000900512e-02,5.343564418000899124e-02
2.820000000000000284e+00,5.360358024441315195e+01,2.134240358024427042e+04,6.065929399636632580e-01,5.344177428759724902e-02,5.344177428759725595e-02
2.827500000000000124e+00,5.408607616410913721e+01,2.140268607616396548e+04,6.074938710665579444e-01,5.344701414536796175e-02,5.344701414536797562e-02
2.835000000000000409e+00,5.456885580343146103e+01,2.146296885580328671e+04,6.083093668816426103e-01,5.345134879892062679e-02,5.345134879892063373e-02
2.842500000000000249e+00,5.505187585170547493e+01,2.152325187585156164e+04,6.091769098039511166e-01,5.345526761522860493e-02,5.345526761522859799e-02
2.850000000000000089e+00,5.553512522947131202e+01,2.158353512522932579e+04,6.102453752221308481e-01,5.345894359378790955e-02,5.345894359378790262e-02
2.857500000000000373e+00,5.601849433951070978e+01,2.164381849433936441e+04,6.112291250961752187e-01,5.346281276826663625e-02,5.346281276826664319e-02
2.865000000000000213e+00,5.650213724804490312e+01,2.170410213724789719e+04,6.121344125217567100e-01,5.346599332141697969e-02,5.346599332141697969e-02
2.872500000000000053e+00,5.698606571093478834e+01,2.176438606571078708e+04,6.129670301306442415e-01,5.346849121264833637e-02,5.346849121264833637e-02
2.880000000000000338e+00,5.747023337399825493e+01,2.182467023337385035e+04,6.137323510698212692e-01,5.347069139311780989e-02,5.347069139311779601e-02
2.887500000000000178e+00,5.795465603981891434e+01,2.188495465603967023e+04,6.145827605376796843e-01,5.347264074856432348e-02,5.347264074856433042e-02
2.895000000000000018e+00,5.843923906036756932e+01,2.194523923906021810e+04,6.155831098731811002e-01,5.347464917818511160e-02,5.347464917818509772e-02
2.902500000000000302e+00,5.892403948087205379e+01,2.200552403948072242e+04,6.165157832086618495e-01,5.347636491266788417e-02,5.347636491266788417e-02
2.910000000000000142e+00,5.940911212182059131e+01,2.206580911212166757e+04,6.173856857924776564e-01,5.347760183201098055e-02,5.347760183201098055e-02
2.917500000000000426e+00,9.444688495199568545e-02,2.206629444688479998e+04,6.181973891882412975e-01,5.347852193553165323e-02,5.347852193553165323e-02
2.925000000000000266e+00,5.800098440404084510e-01,2.212658000984388855e+04,6.189551597993363519e-01,5.347939664578584690e-02,5.347939664578584690e-02
2.932500000000000107e+00,1.065842826972613011e+00,2.218686584282682088e+04,6.196629851185631033e-01,5.347985482204790225e-02,5.347985482204790919e-02
2.940000000000000391e+00,1.551829201371739408e+00,2.224715182920121879e+04,6.205793121151693681e-01,5.348038193478259206e-02,5.348038193478260593e-02
2.947500000000000231e+00,2.038052275909087996e+00,2.230743805227575285e+04,6.214984659514682930e-01,5.348064025878704331e-02,5.348064025878704331e-02
2.955000000000000071e+00,2.524534910478518412e+00,2.236772453491032138e+04,6.223665954726165239e-01,5.348062655516308550e-02,5.348062655516308550e-02
2.962500000000000355e+00,3.011273541684410748e+00,2.242801127354152777e+04,6.231874157001412451e-01,5.348042605642870650e-02,5.348042605642869957e-02
2.970000000000000195e+00,3.498243551938810203e+00,2.248829824355178062e+04,6.239644124330999686e-01,5.348011400796634507e-02,5.348011400796634507e-02
2.977500000000000036e+00,3.985478246406265690e+00,2.254858547824624839e+04,6.247008612750213352e-01,5.347940908970907903e-02,5.347940908970908597e-02
2.985000000000000320e+00,4.472919739767934999e+00,2.260887291973960964e+04,6.253998451112053880e-01,5.347858963926659104e-02,5.347858963926659798e-02
2.992500000000000160e+00,4.960543244738996549e+00,2.266916054324457946e+04,6.261400133028873771e-01,5.347786727573691085e-02,5.347786727573691085e-02
3.000000000000000444e+00,5.448419068768531659e+00,2.272944841906860893e+04,6.270267153310700170e-01,5.347691816071500209e-02,5.347691816071501597e-02
3.007500000000000284e+00,5.936548007287221651e+00,2.278973654800712757e+04,6.278744344356612661e-01,5.347580034715235242e-02,5.347580034715233854e-02
3.015000000000000124e+00,6.424930246743831397e+00,2.285002493024658179e+04,6.286860852311972891e-01,5.347440117888154626e-02,5.347440117888155320e-02
3.022500000000000409e+00,6.913551230582215545e+00,2.291031355123042158e+04,6.294644192008781447e-01,5.347276910490512264e-02,5.347276910490512264e-02
3.030000000000000249e+00,7.402433449173875246e+00,2.297060243344901028e+04,6.302120375999387125e-01,5.347077007209887628e-02,5.347077007209888322e-02
3.037500000000000089e+00,7.891519811196088696e+00,2.303089151981103350e+04,6.309314032742918688e-01,5.346876298457234333e-02,5.346876298457234333e-02
3.045000000000000373e+00,8.380786521625362084e+00,2.309118078652146141e+04,6.316248514623602484e-01,5.346688565782851260e-02,5.346688565782849872e-02
3.052500000000000213e+00,8.870296892522880228e+00,2.315147029689235933e+04,6.322945996478394060e-01,5.346487436542439464e-02,5.346487436542440158e-02
3.060000000000000053e+00,9.360055418212393619e+00,2.321176005541804625e+04,6.330008165101567164e-01,5.346266310688491813e-02,5.346266310688493201e-02
3.067500000000000338e+00,9.850071543421915266e+00,2.327205007154325358e+04,6.338260560818695932e-01,5.346011742332033162e-02,5.346011742332033162e-02
3.075000000000000178e+00,1.034032584325462345e+01,2.333234032584308807e+04,6.346257366278423850e-01,5.345733149105553333e-02,5.345733149105553333e-02
3.082500000000000462e+00,1.083082559649560039e+01,2.339263082559632676e+04,6.354019713834440086e-01,5.345426970242441594e-02,5.345426970242441594e-02
3.090000000000000302e+00,1.132157702167101299e+01,2.345292157702150143e+04,6.361567689807584580e-01,5.345095357415075021e-02,5.345095357415074327e-02
3.097500000000000142e+00,1.181252943097147323e+01,2.351321252943080253e+04,6.368920407232051550e-01,5.344763994411974584e-02,5.344763994411975278e-02
3.105000000000000426e+00,1.230366937572887132e+01,2.357350366937555737e+04,6.376096071875577698e-01,5.344444078781532270e-02,5.344444078781531576e-02
3.112500000000000266e+00,1.279505443843041945e+01,2.363379505443825838e+04,6.383112041997941466e-01,5.344103388972214208e-02,5.344103388972214902e-02
3.120000000000000107e+00,1.328668779263419353e+01,2.369408668779246364e+04,6.389984882289279078e-01,5.343734121043355878e-02,5.343734121043355184e-02
3.127500000000000391e+00,1.377857323167523518e+01,2.375437857323150456e+04,6.396730412404389998e-01,5.343332851761502245e-02,5.343332851761500857e-02
3.135000000000000231e+00,1.427070974422663774e+01,2.381467070974405215e+04,6.403363750483587191e-01,5.342899667374939598e-02,5.342899667374939598e-02
3.142500000000000071e+00,1.476307959492224597e+01,2.387496307959474871e+04,6.409899352024032160e-01,5.342447434012805030e-02,5.342447434012805030e-02
3.150000000000000355e+00,1.525569208028146839e+01,2.393525569208010711e+04,6.416824116335904105e-01,5.341972275971480083e-02,5.341972275971480083e-02
3.157500000000000195e+00,1.574855261177071775e+01,2.399554855261159537e+04,6.424473945688509158e-01,5.341471010087897597e-02,5.341471010087898985e-02
3.165000000000000480e+00,1.624165159639897738e+01,2.405584165159622353e+04,6.432002335567252871e-01,5.340953515736886897e-02,5.340953515736886897e-02
3.172500000000000320e+00,1.673491971339656814e+01,2.411613491971321855e+04,6.439422750345353830e-01,5.340454715369424149e-02,5.340454715369423455e-02
3.180000000000000160e+00,1.722843241045193707e+01,2.417642843241027367e+04,6.446748001633251235e-01,5.339928440140078586e-02,5.339928440140078586e-02
3.187500000000000444e+00,1.772219635727795151e+01,2.423672219635709916e+04,6.453990274920160530e-01,5.339370148716814091e-02,5.339370148716814091e-02
3.195000000000000284e+00,1.821620993725762716e+01,2.429701620993707911e+04,6.461161152784505868e-01,5.338781068272495378e-02,5.338781068272496072e-02
3.202500000000000124e+00,1.871047479149306625e+01,2.435731047479131303e+04,6.468271634914805057e-01,5.338160433357156537e-02,5.338160433357157231e-02
3.210000000000000409e+00,1.920499093958530068e+01,2.441760499093940598e+04,6.475332155167289327e-01,5.337511134068912561e-02,5.337511134068911867e-02
3.217500000000000249e+00,1.969975568069996186e+01,2.447789975568051887e+04,6.482352595871705425e-01,5.336835082637401972e-02,5.336835082637402666e-02
3.225000000000000089e+00,2.019476102676582485e+01,2.453819476102658518e+04,6.489342299583166218e-01,5.336136468664209181e-02,5.336136468664210569e-02
3.232500000000000373e+00,2.069001232550995439e+01,2.459849001232532828e+04,6.496310078464893056e-01,5.335414479710202246e-02,5.335414479710203634e-02
3.240000000000000213e+00,2.118551223799898864e+01,2.465878551223781687e+04,6.503264221474491791e-01,5.334670788251925228e-02,5.334670788251924534e-02
3.247500000000000053e+00,2.168126514433300756e+01,2.471908126514414835e+04,6.510212499514542728e-01,5.333899605192995996e-02,5.333899605192993915e-02
3.255000000000000338e+00,2.217727408939038014e+01,2.477937727408920546e+04,6.517162168696816194e-01,5.333097313114107396e-02,5.333097313114108090e-02
3.262500000000000178e+00,2.267349392145550269e+01,2.483967349392126926e+04,6.524119971856859879e-01,5.332288521582664864e-02,5.332288521582664864e-02
3.270000000000000462e+00,2.316995757415226365e+01,2.489996995757396508e+04,6.531092138442310402e-01,5.331455688736306403e-02,5.331455688736306403e-02
3.277500000000000302e+00,2.366668025025277800e+01,2.496026668025006438e+04,6.538084382882451973e-01,5.330591247342150035e-02,5.330591247342149341e-02
3.285000000000000142e+00,2.416366403103397786e+01,2.502056366403084758e+04,6.545101901526542143e-01,5.329695031951987849e-02,5.329695031951989237e-02
3.292500000000000426e+00,2.466090856949079679e+01,2.508086090856930241e+04,6.552149368214845726e-01,5.328769431467170886e-02,5.328769431467170192e-02
3.300000000000000266e+00,2.515841356099049264e+01,2.514115841356080273e+04,6.559230928515811243e-01,5.327816909383924215e-02,5.327816909383923522e-02
3.307500000000000107e+00,2.565618189037290620e+01,2.520145618189018205e+04,6.566350192628049864e-01,5.326835155420356349e-02,5.326835155420357043e-02
3.315000000000000391e+00,2.615421521804087845e+01,2.526175421521785029e+04,6.573510226905165954e-01,5.325824493393784692e-02,5.325824493393783998e-02
3.322500000000000231e+00,2.665251465980528778e+01,2.532205251465961555e+04,6.580713543920648778e-01,5.324786115456303648e-02,5.324786115456302260e-02
3.330000000000000071e+00,2.715108080884977682e+01,2.538235108080865757e+04,6.587962090951069438e-01,5.323722058907492949e-02,5.323722058907492255e-02
3.337500000000000355e+00,2.764991384630709348e+01,2.544264991384611494e+04,6.595257236728337968e-01,5.322634233432820688e-02,5.322634233432821382e-02
3.345000000000000195e+00,2.814901456009953407e+01,2.550294901455990475e+04,6.602599756301328338e-01,5.321522042721425066e-02,5.321522042721425066e-02
3.352500000000000480e+00,2.864838519942682638e+01,2.556324838519923287e+04,6.609989813864241004e-01,5.320384860034795688e-02,5.320384860034794994e-02
3.360000000000000320e+00,2.914802955953798502e+01,2.562354802955934429e+04,6.617426943460047450e-01,5.319221790264568039e-02,5.319221790264568039e-02
3.367500000000000160e+00,2.964795066432729698e+01,2.568384795066413062e+04,6.624910027556456527e-01,5.318032727460259707e-02,5.318032727460260400e-02
3.375000000000000444e+00,3.014815079489844862e+01,2.574414815079470281e+04,6.632437273619905538e-01,5.316818259192326174e-02,5.316818259192326174e-02
3.382500000000000284e+00,3.064863187667795330e+01,2.580444863187647934e+04,6.640006188973813783e-01,5.315579399875814542e-02,5.315579399875815236e-02
3.390000000000000124e+00,3.114939567500503514e+01,2.586474939567480760e+04,6.647613554410368719e-01,5.314317452227009658e-02,5.314317452227011046e-02
3.397500000000000409e+00,3.165044388099124717e+01,2.592505044388079114e+04,6.655255397214145940e-01,5.313033944199318376e-02,5.313033944199318376e-02
3.405000000000000249e+00,3.215177814494423814e+01,2.598535177814474446e+04,6.662926964432795973e-01,5.311730603876373136e-02,5.311730603876373136e-02
3.412500000000000089e+00,3.265340008269922123e+01,2.604565340008249768e+04,6.670622697375255816e-01,5.310409354974943846e-02,5.310409354974945234e-02
3.420000000000000373e+00,3.315531126150798258e+01,2.610595531126130663e+04,6.678336208414618058e-01,5.309072335377258700e-02,5.309072335377258006e-02
3.427500000000000213e+00,3.365751313188950888e+01,2.616625751313168803e+04,6.686060261208711664e-01,5.307722008100236588e-02,5.307722008100235894e-02
3.435000000000000497e+00,3.416000693719789183e+01,2.622656000693699389e+04,6.693786755420961798e-01,5.306361308990115155e-02,5.306361308990114461e-02
3.442500000000000338e+00,3.466279401350588785e+01,2.628686279401330466e+04,6.701506716928131713e-01,5.304993072349172695e-02,5.304993072349171307e-02
3.450000000000000178e+00,3.516587584121290178e+01,2.634716587584100853e+04,6.709210294348987302e-01,5.303619910410906774e-02,5.303619910410906080e-02
3.457500000000000462e+00,3.566925372937664918e+01,2.640746925372917394e+04,6.716886762531937283e-01,5.302244767606234532e-02,5.302244767606234532e-02
3.465000000000000302e+00,3.617292968005754261e+01,2.646777292967985341e+04,6.724524533418444472e-01,5.300869765052395460e-02,5.300869765052395460e-02
3.472500000000000142e+00,3.667690646642998331e+01,2.652807690646622359e+04,6.732111174470150061e-01,5.299496045914276615e-02,5.299496045914275921e-02
3.480000000000000426e+00,3.718118287186112525e+01,2.658838118287165344e+04,6.739633434629561659e-01,5.298130071759079435e-02,5.298130071759078741e-02
3.487500000000000266e+00,3.768575960172250205e+01,2.664868575960151429e+04,6.747077277590852740e-01,5.296775744068930175e-02,5.296775744068930175e-02
3.495000000000000107e+00,3.819063717730245600e+01,2.670899063717709578e+04,6.754427921999134332e-01,5.295437165162859838e-02,5.295437165162860532e-02
3.502500000000000391e+00,3.869581591749184923e+01,2.676929581591728129e+04,6.761669888079171464e-01,5.294118629896011480e-02,5.294118629896011480e-02
3.510000000000000231e+00,3.920129591965086036e+01,2.682960129591944133e+04,6.768908061970368983e-01,5.292824631526990564e-02,5.292824631526988483e-02
3.517500000000000071e+00,3.970707704148684059e+01,2.688990707704127635e+04,6.777101317408638081e-01,5.291559855793749600e-02,5.291559855793748907e-02
3.525000000000000355e+00,4.021315888250885706e+01,2.695021315888229947e+04,6.785174486733046573e-01,5.290329117756920746e-02,5.290329117756920052e-02
3.532500000000000195e+00,4.071954076436797720e+01,2.701051954076415495e+04,6.793108450972893397e-01,5.289137703646659694e-02,5.289137703646658306e-02
3.540000000000000480e+00,4.122622171019185799e+01,2.707082622170998002e+04,6.800883630356827636e-01,5.287990578894601057e-02,5.287990578894603139e-02
3.547500000000000320e+00,4.173320209015140847e+01,2.713113320208993900e+04,6.808480060940143019e-01,5.286890822277202223e-02,5.286890822277202223e-02
3.555000000000000160e+00,4.224048249275649880e+01,2.719144048249254411e+04,6.815877474308494888e-01,5.285840913827841159e-02,5.285840913827840465e-02
3.562500000000000444e+00,4.274805842630641450e+01,2.725174805842609203e+04,6.823055379898315120e-01,5.284849612891438092e-02,5.284849612891437398e-02
3.570000000000000284e+00,4.325592744944789558e+01,2.731205592744923342e+04,6.829993149489881343e-01,5.283922406935902955e-02,5.283922406935903648e-02
3.577500000000000124e+00,4.376408606262271661e+01,2.737236408606240730e+04,6.836670103431917722e-01,5.283065282378000826e-02,5.283065282378002908e-02
3.585000000000000409e+00,4.427252931252337476e+01,2.743267252931230541e+04,6.843065598148143636e-01,5.282284980239031896e-02,5.282284980239031202e-02
3.592500000000000249e+00,4.478125341872508614e+01,2.749298125341850755e+04,6.849160107510513518e-01,5.281587434558442790e-02,5.281587434558442096e-02
3.600000000000000089e+00,4.529025691278898336e+01,2.755329025691256902e+04,6.856592429612082817e-01,5.280977012993706005e-02,5.280977012993706005e-02
3.607500000000000373e+00,4.579953707918817685e+01,2.761359953707896784e+04,6.863704527852367843e-01,5.280457844263396205e-02,5.280457844263395512e-02
3.615000000000000213e+00,4.630909434422451199e+01,2.767390909434400601e+04,6.870474672370184832e-01,5.280028383381719231e-02,5.280028383381720619e-02
3.622500000000000497e+00,4.681891896084054139e+01,2.773421891896062152e+04,6.876881590746289907e-01,5.279699509187076034e-02,5.279699509187076034e-02
3.630000000000000338e+00,4.732900554485564015e+01,2.779452900554463486e+04,6.882904562707347074e-01,5.279476132015906847e-02,5.279476132015906154e-02
3.637500000000000178e+00,4.783934976556625429e+01,2.785483934976534510e+04,6.888523512594245668e-01,5.279362000056841281e-02,5.279362000056840587e-02
3.645000000000000462e+00,4.834994647252079858e+01,2.791514994647229832e+04,6.893719098889905528e-01,5.279361006453780342e-02,5.279361006453782423e-02
3.652500000000000302e+00,4.886078818734419826e+01,2.797546078818711976e+04,6.898472800111157266e-01,5.279478208208594758e-02,5.279478208208594758e-02
3.660000000000000142e+00,4.937186266719638894e+01,2.803577186266697390e+04,6.903361224771575877e-01,5.279721193788442651e-02,5.279721193788440570e-02
3.667500000000000426e+00,4.988312079946227584e+01,2.809608312079923780e+04,6.909078936219417155e-01,5.280114449275025851e-02,5.280114449275025851e-02
3.675000000000000266e+00,5.039458925248394650e+01,2.815639458925225699e+04,6.914309022353507528e-01,5.280643760100517392e-02,5.280643760100517392e-02
3.682500000000000107e+00,5.090627096117098915e+01,2.821670627096094540e+04,6.919034728557601488e-01,5.281306315118851347e-02,5.281306315118851347e-02
3.690000000000000391e+00,5.141815261021292827e+01,2.827701815260998410e+04,6.923240533250316631e-01,5.282111994818734779e-02,5.282111994818735473e-02
3.697500000000000231e+00,5.193021376230108643e+01,2.833733021376207398e+04,6.926912210132460945e-01,5.283072022561173531e-02,5.283072022561172837e-02
3.705000000000000515e+00,5.244245312594869546e+01,2.839764245312572166e+04,6.930036882596177783e-01,5.284179271138660788e-02,5.284179271138658707e-02
3.712500000000000355e+00,5.295486743086684811e+01,2.845795486743063884e+04,6.932603069988316769e-01,5.285429001554219769e-02,5.285429001554219075e-02
3.720000000000000195e+00,5.346744839864970800e+01,2.851826744839841922e+04,6.935687703068837973e-01,5.286818245731236821e-02,5.286818245731236821e-02
3.727500000000000480e+00,5.398018330678582544e+01,2.857858018330655614e+04,6.939097263353388723e-01,5.288353344314035420e-02,5.288353344314034726e-02
3.735000000000000320e+00,5.449306393353067790e+01,2.863889306393329753e+04,6.941909886216141023e-01,5.290035332202764479e-02,5.290035332202765173e-02
3.742500000000000160e+00,5.500605784330915782e+01,2.869920605784307554e+04,6.944117971365172393e-01,5.291872560207185744e-02,5.291872560207185744e-02
3.750000000000000444e+00,5.551909557358305136e+01,2.875951909557334875e+04,6.945715538639062325e-01,5.293899450611397328e-02,5.293899450611398022e-02
3.757500000000000284e+00,5.603224027146616493e+01,2.881983224027123288e+04,6.946698229557233262e-01,5.296070274961157953e-02,5.296070274961157953e-02
3.765000000000000124e+00,5.654547394066204191e+01,2.888014547394042893e+04,6.947063300033535782e-01,5.298388078907200621e-02,5.298388078907202703e-02
3.772500000000000409e+00,5.705877219805772427e+01,2.894045877219782415e+04,6.946877551987591382e-01,5.300858703894160973e-02,5.300858703894160279e-02
3.780000000000000249e+00,5.757212793870201750e+01,2.900077212793846775e+04,6.947974235316275449e-01,5.303482110410805139e-02,5.303482110410804445e-02
3.787500000000000089e+00,5.808553218594221335e+01,2.906108553218570523e+04,6.948428073267480798e-01,5.306248057492860687e-02,5.306248057492859299e-02
3.795000000000000373e+00,5.859898112069263476e+01,2.912139898112045557e+04,6.948240981396114346e-01,5.309143107686459945e-02,5.309143107686461333e-02
3.802500000000000213e+00,5.911245155416379049e+01,2.918171245155392535e+04,6.947416474101232309e-01,5.312172397931617246e-02,5.312172397931617246e-02
3.810000000000000497e+00,5.962583878300242191e+01,2.924202583878276346e+04,6.945959613066691185e-01,5.315383748157228444e-02,5.315383748157228444e-02
3.817500000000000338e+00,3.392152369010814628e-01,2.924253921523666213e+04,6.943876949566240020e-01,5.318718290485605765e-02,5.318718290485603684e-02
3.825000000000000178e+00,8.525642948979285096e-01,2.930285256429465881e+04,6.941176461365877737e-01,5.322172339375199485e-02,5.322172339375200179e-02
3.832500000000000462e+00,1.365865269798646864e+00,2.936316586526955871e+04,6.938316123983064854e-01,5.325746223113547728e-02,5.325746223113547728e-02
3.840000000000000302e+00,1.879105484086260880e+00,2.942347910548384607e+04,6.936212955523088919e-01,5.329441622335197304e-02,5.329441622335197998e-02
3.847500000000000142e+00,2.392278216659118328e+00,2.948379227821641689e+04,6.933484083823538979e-01,5.333242454718382236e-02,5.333242454718382930e-02
3.855000000000000426e+00,2.905378508308865015e+00,2.954410537850806577e+04,6.930141504454884194e-01,5.337128273820405944e-02,5.337128273820406638e-02
3.862500000000000266e+00,3.418302093882401582e+00,2.960441830209363980e+04,6.926198380629253748e-01,5.341150881859322436e-02,5.341150881859322436e-02
3.870000000000000107e+00,3.931081117329911834e+00,2.966473108111708643e+04,6.921668954487301129e-01,5.345270544969217552e-02,5.345270544969215470e-02
3.877500000000000391e+00,4.443726123556203333e+00,2.972504372612331281e+04,6.916568457078291488e-01,5.349464469187874965e-02,5.349464469187874965e-02
3.885000000000000231e+00,4.956218036967692697e+00,2.978535621803672257e+04,6.910913017653638191e-01,5.353726498625020064e-02,5.353726498625019370e-02
3.892500000000000515e+00,5.468544940752567030e+00,2.984566854494050494e+04,6.904719572839626007e-01,5.358055400155969927e-02,5.358055400155968540e-02
3.900000000000000355e+00,5.980695119714060759e+00,2.990598069511946596e+04,6.898527636207165692e-01,5.362443486275073057e-02,5.362443486275073057e-02
3.907500000000000195e+00,6.492664102857386155e+00,2.996629266410260971e+04,6.892773933704748890e-01,5.366863612786611226e-02,5.366863612786612614e-02
3.915000000000000480e+00,7.004325509651872395e+00,3.002660432550940459e+04,6.886485686123673400e-01,5.371379771977245754e-02,5.371379771977245060e-02
3.922500000000000320e+00,7.515760071722319857e+00,3.008691576007147160e+04,6.879681589444606171e-01,5.375922329291345919e-02,5.375922329291345919e-02
3.930000000000000160e+00,8.026946247041268023e+00,3.014722694624679207e+04,6.872380752092440703e-01,5.380488593981223866e-02,5.380488593981223866e-02
3.937500000000000444e+00,8.537878652808663205e+00,3.020753787865255799e+04,6.864602601760426692e-01,5.385064821769387083e-02,5.385064821769386390e-02
3.945000000000000284e+00,9.048539632828166646e+00,3.026784853963257774e+04,6.856366794597862357e-01,5.389654169289854330e-02,5.389654169289854330e-02
3.952500000000000124e+00,9.558926086014874812e+00,3.032815892608576178e+04,6.847693126955882725e-01,5.394238793599387405e-02,5.394238793599386017e-02
3.960000000000000409e+00,1.006901076257547878e+01,3.038846901076232098e+04,6.838601449836192447e-01,5.398809053507414718e-02,5.398809053507414718e-02
3.967500000000000249e+00,1.057868995258971978e+01,3.044877868995233439e+04,6.829111586141508594e-01,5.403415575075489613e-02,5.403415575075489613e-02
3.975000000000000533e+00,1.108806110183950544e+01,3.050908806110158548e+04,6.819243250785456123e-01,5.407979088846984195e-02,5.407979088846982807e-02
3.982500000000000373e+00,1.159708405602248504e+01,3.056939708405576675e+04,6.809015973682251976e-01,5.412511321942699294e-02,5.412511321942698600e-02
3.990000000000000213e+00,1.210576168714433543e+01,3.062970576168688785e+04,6.798449025603853224e-01,5.416996108309755226e-02,5.416996108309753144e-02
3.997500000000000497e+00,1.261407241725988726e+01,3.069001407241700144e+04,6.787740717567861681e-01,5.421442965353004406e-02,5.421442965353003712e-02
4.004999999999999893e+00,1.312202029475840703e+01,3.075032202029450127e+04,6.777272364282184158e-01,5.425825923660423933e-02,5.425825923660423239e-02
4.012500000000000178e+00,1.362958644249273199e+01,3.081062958644223545e+04,6.766454667256190936e-01,5.430138094513731889e-02,5.430138094513733277e-02
4.020000000000000462e+00,1.413665625186610342e+01,3.087093665625160793e+04,6.755304419289673845e-01,5.434438177922920610e-02,5.434438177922919916e-02
4.027500000000000746e+00,1.464333302031235817e+01,3.093124333302005107e+04,6.743837781602279868e-01,5.438648001831567630e-02,5.438648001831567630e-02
4.035000000000000142e+00,1.514958744851915817e+01,3.099154958744825854e+04,6.732070220621318990e-01,5.442774840064011632e-02,5.442774840064010938e-02
4.042500000000000426e+00,1.565541069549775877e+01,3.105185541069523606e+04,6.720016447739107779e-01,5.446813150015721028e-02,5.446813150015721722e-02
4.050000000000000711e+00,1.616079327151122769e+01,3.111216079327125044e+04,6.707690361958941194e-01,5.450766706294617875e-02,5.450766706294617875e-02
4.057500000000000107e+00,1.666572962866479557e+01,3.117246572962840219e+04,6.695104995354107524e-01,5.454624227199544872e-02,5.454624227199543485e-02
4.065000000000000391e+00,1.717022291367174702e+01,3.123277022291340836e+04,6.682272461273859321e-01,5.458366252213718572e-02,5.458366252213718572e-02
4.072500000000000675e+00,1.767425361959169905e+01,3.129307425361932837e+04,6.669203905244042163e-01,5.461999627998442852e-02,5.461999627998444934e-02
4.080000000000000071e+00,1.817774243000967260e+01,3.135337774242974410e+04,6.655909458527504707e-01,5.465559570403285411e-02,5.465559570403285411e-02
4.087500000000000355e+00,1.868074758414680048e+01,3.141368074758387957e+04,6.642398194331468053e-01,5.469003986831008635e-02,5.469003986831007941e-02
4.095000000000000639e+00,1.918327343378027550e+01,3.147398327343351411e+04,6.628678086674598680e-01,5.472323757909274000e-02,5.472323757909274694e-02
4.102500000000000036e+00,1.968530240851314517e+01,3.153428530240824693e+04,6.614755971956671754e-01,5.475523551207284179e-02,5.475523551207283485e-02
4.110000000000000320e+00,2.018682475791714026e+01,3.159458682475765090e+04,6.600637513307660020e-01,5.478608556092368770e-02,5.478608556092368076e-02
4.117500000000000604e+00,2.068784287574009539e+01,3.165488784287547242e+04,6.586327167830691165e-01,5.481571815006887338e-02,5.481571815006888726e-02
4.125000000000000000e+00,2.118835777663809949e+01,3.171518835777636923e+04,6.571828156895147544e-01,5.484399982714953381e-02,5.484399982714951993e-02
4.132500000000000284e+00,2.168836191792450663e+01,3.177548836191765440e+04,6.557142439680924140e-01,5.487094994256407759e-02,5.487094994256407066e-02
4.140000000000000568e+00,2.218785049719784652e+01,3.183578785049692669e+04,6.542270690222561358e-01,5.489658449610546748e-02,5.489658449610547442e-02
4.147499999999999964e+00,2.268682213667413095e+01,3.189608682213640350e+04,6.527212278252064737e-01,5.492085121959682653e-02,5.492085121959682653e-02
4.155000000000000249e+00,2.318527197543247453e+01,3.195638527197515941e+04,6.511965254190598129e-01,5.494375312293024727e-02,5.494375312293024033e-02
4.162500000000000533e+00,2.368319380759302817e+01,3.201668319380731918e+04,6.497071625593630051e-01,5.496531434888755896e-02,5.496531434888755896e-02
4.169999999999999929e+00,2.418057387330515695e+01,3.207698057387303197e+04,6.482399053868113104e-01,5.498560738721033209e-02,5.498560738721033903e-02
4.177500000000000213e+00,2.467739564331951030e+01,3.213727739564304648e+04,6.467615613059534141e-01,5.500472185336909708e-02,5.500472185336909708e-02
4.185000000000000497e+00,2.517368909009741529e+01,3.219757368908982244e+04,6.452715148712212523e-01,5.502247939911612123e-02,5.502247939911613511e-02
4.192500000000000782e+00,2.566945223953609556e+01,3.225786945223926159e+04,6.437690063347935032e-01,5.503889980094720663e-02,5.503889980094720663e-02
4.200000000000000178e+00,2.616468325801311678e+01,3.231816468325773531e+04,6.422531311996276804e-01,5.505401174842029094e-02,5.505401174842029788e-02
4.207500000000000462e+00,2.665938443345201136e+01,3.237845938443317573e+04,6.407228404426306145e-01,5.506779256436925007e-02,5.506779256436923620e-02
4.215000000000000746e+00,2.715355724708946994e+01,3.243875355724681140e+04,6.391769414895310808e-01,5.508023430450564167e-02,5.508023430450564861e-02
4.222500000000000142e+00,2.764719965752323105e+01,3.249904719965724507e+04,6.376141000257008473e-01,5.509138593562533381e-02,5.509138593562533381e-02
4.230000000000000426e+00,2.814031332384695716e+01,3.255934031332356608e+04,6.360328427284204222e-01,5.510125702306140766e-02,5.510125702306140766e-02
4.237500000000000711e+00,2.863290020891161092e+01,3.261963290020863133e+04,6.344315610058079979e-01,5.510986107823925839e-02,5.510986107823926533e-02
4.245000000000000107e+00,2.912496269463984433e+01,3.267992496269436015e+04,6.328085158256394616e-01,5.511721345426725399e-02,5.511721345426727481e-02
4.252500000000000391e+00,2.961650363751770954e+01,3.274021650363723529e+04,6.311618437134829396e-01,5.512333023691259187e-02,5.512333023691259187e-02
4.260000000000000675e+00,3.010752633940815670e+01,3.280050752633912634e+04,6.296326633749620427e-01,5.512822839542872583e-02,5.512822839542872583e-02
4.267500000000000071e+00,3.059804061745387216e+01,3.286079804061717732e+04,6.281452052945587505e-01,5.513184663709135014e-02,5.513184663709135014e-02
4.275000000000000355e+00,3.108804278340113214e+01,3.292108804278312164e+04,6.266381472710876865e-01,5.513430605774778670e-02,5.513430605774778670e-02
4.282500000000000639e+00,3.157753740647437724e+01,3.298137753740620246e+04,6.251090727698356275e-01,5.513562583114992033e-02,5.513562583114992033e-02
4.290000000000000036e+00,3.206653010282860805e+01,3.304166653010255686e+04,6.235554439671139315e-01,5.513581841982538589e-02,5.513581841982538589e-02
4.297500000000000320e+00,3.255498513922004378e+01,3.310195498513895291e+04,6.219746133513242015e-01,5.513513514515869240e-02,5.513513514515868547e-02
4.305000000000000604e+00,3.304293539283658276e+01,3.316224293539256905e+04,6.203638369630690708e-01,5.513343671631314169e-02,5.513343671631315557e-02
4.312500000000000000e+00,3.353039988392740867e+01,3.322253039988366800e+04,6.187202892857728287e-01,5.513061872132394431e-02,5.513061872132393043e-02
4.320000000000000284e+00,3.401737848260679442e+01,3.328281737848234479e+04,6.171403572783052960e-01,5.512679820665162406e-02,5.512679820665161712e-02
4.327500000000000568e+00,3.450387639461423817e+01,3.334310387639435794e+04,6.157129298582104671e-01,5.512200936711548344e-02,5.512200936711548344e-02
4.334999999999999964e+00,3.498989941049142516e+01,3.340338989941023465e+04,6.142538753148694131e-01,5.511627778918869874e-02,5.511627778918869180e-02
4.342500000000000249e+00,3.547545667091830524e+01,3.346367545667066588e+04,6.127597629147437663e-01,5.510961102387242766e-02,5.510961102387242766e-02
4.350000000000000533e+00,3.596056195083749429e+01,3.352396056195058918e+04,6.112271166018123925e-01,5.510196490548145004e-02,5.510196490548145698e-02
4.357499999999999929e+00,3.644520782902838363e+01,3.358424520782878244e+04,6.096524380411851851e-01,5.509348301773245304e-02,5.509348301773245304e-02
4.365000000000000213e+00,3.692939618006489155e+01,3.364452939617982338e+04,6.080322311549120062e-01,5.508424113405326755e-02,5.508424113405328143e-02
4.372500000000000497e+00,3.741314915073620995e+01,3.370481314915049734e+04,6.065590428211607987e-01,5.507415972923076358e-02,5.507415972923076358e-02
4.380000000000000782e+00,3.789647649314384381e+01,3.376509647649290855e+04,6.051999197320003798e-01,5.506323512057795938e-02,5.506323512057797326e-02
4.387500000000000178e+00,3.837928644464700767e+01,3.382537928644441126e+04,6.037932134714495414e-01,5.505198253234461214e-02,5.505198253234459826e-02
4.395000000000000462e+00,3.886167517155566742e+01,3.388566167517132271e+04,6.023348993218529124e-01,5.503998380221572506e-02,5.503998380221573894e-02
4.402500000000000746e+00,3.934365347705013249e+01,3.394594365347682469e+04,6.008210317202491435e-01,5.502726903618134630e-02,5.502726903618134630e-02
4.410000000000000142e+00,3.982523614650824584e+01,3.400622523614628153e+04,5.992477754791717404e-01,5.501381713535925810e-02,5.501381713535926504e-02
4.417500000000000426e+00,4.030642612550466453e+01,3.406650642612528463e+04,5.978730243059713345e-01,5.499968406016385314e-02,5.499968406016384620e-02
4.425000000000000711e+00,4.078722403116329076e+01,3.412678722403094434e+04,5.965957179600281934e-01,5.498488826055152739e-02,5.498488826055154127e-02
4.432500000000000107e+00,4.126765190134260308e+01,3.418706765190112492e+04,5.952538874227909504e-01,5.496947213159671802e-02,5.496947213159673190e-02
4.440000000000000391e+00,4.174760202157895606e+01,3.424734760202136385e+04,5.938433660905220179e-01,5.495413198909097213e-02,5.495413198909097213e-02
4.447500000000000675e+00,4.222715050675291337e+01,3.430762715050654515e+04,5.923602043589389909e-01,5.493845524475769043e-02,5.493845524475769043e-02
4.455000000000000071e+00,4.270636212128595588e+01,3.436790636212108075e+04,5.909300116290674421e-01,5.492204254733627777e-02,5.492204254733627083e-02
4.462500000000000355e+00,4.318523790011458630e+01,3.442818523789991013e+04,5.897717661457358984e-01,5.490505332356481610e-02,5.490505332356481610e-02
4.470000000000000639e+00,4.366375766433014860e+01,3.448846375766413257e+04,5.885330639852853762e-01,5.488765541991440927e-02,5.488765541991441621e-02
4.477500000000000036e+00,4.414196578398296822e+01,3.454874196578378178e+04,5.872098695560111770e-01,5.486970222285017518e-02,5.486970222285016824e-02
4.485000000000000320e+00,4.461971500924887124e+01,3.460901971500905347e+04,5.857984848426751601e-01,5.485195384395510909e-02,5.485195384395510215e-02
4.492500000000000604e+00,4.509712698461303404e+01,3.466929712698442017e+04,5.844743450635466742e-01,5.483401522413022117e-02,5.483401522413022117e-02
4.500000000000000000e+00,4.557424642670401482e+01,3.472957424642651313e+04,5.834100652015278277e-01,5.481567581439607956e-02,5.481567581439607956e-02
4.507500000000000284e+00,4.605105869505777605e+01,3.478985105869486870e+04,5.822472758479104726e-01,5.479697817263591564e-02,5.479697817263590870e-02
4.515000000000000568e+00,4.652760865203486418e+01,3.485012760865184828e+04,5.809825130269555826e-01,5.477765412748813317e-02,5.477765412748813317e-02
4.522499999999999964e+00,4.700373272306759276e+01,3.491040373272288707e+04,5.796127693218231514e-01,5.475876685276963307e-02,5.475876685276961919e-02
4.530000000000000249e+00,4.747955036250181848e+01,3.497067955036232161e+04,5.785533574036589854e-01,5.473975603655833327e-02,5.473975603655834021e-02
4.537500000000000533e+00,4.795512590538500319e+01,3.503095512590520957e+04,5.775444220318003419e-01,5.472037899302775732e-02,5.472037899302774344e-02
4.544999999999999929e+00,4.843042732706327058e+01,3.509123042732688918e+04,5.764181896187217102e-01,5.470084986419082584e-02,5.470084986419081891e-02
4.552500000000000213e+00,4.890546506451945419e+01,3.515150546506435057e+04,5.751722358547164404e-01,5.468112056257613124e-02,5.468112056257614512e-02
4.560000000000000497e+00,4.938010226595697105e+01,3.521178010226578772e+04,5.740247609685240615e-01,5.466190340656031099e-02,5.466190340656029018e-02
4.567500000000000782e+00,4.985453832940284968e+01,3.527205453832924104e+04,5.731560854585140419e-01,5.464221590017580982e-02,5.464221590017582370e-02
4.575000000000000178e+00,5.032874679959700615e+01,3.533232874679943779e+04,5.721538210065377772e-01,5.462241718850972816e-02,5.462241718850972122e-02
4.582500000000000462e+00,5.080273766444713601e+01,3.539260273766428872e+04,5.710163904822666003e-01,5.460257705282332841e-02,5.460257705282332147e-02
4.590000000000000746e+00,5.127633451399959341e+01,3.545287633451384318e+04,5.698666794216582510e-01,5.458342267084315830e-02,5.458342267084314442e-02
4.597500000000000142e+00,5.174974153712391001e+01,3.551314974153697403e+04,5.691182218402179860e-01,5.456386146933778214e-02,5.456386146933778214e-02
4.605000000000000426e+00,5.222296851462073164e+01,3.557342296851447463e+04,5.682196028303003743e-01,5.454411170634931860e-02,5.454411170634930472e-02
4.612500000000000711e+00,5.269600293260327817e+01,3.563369600293245458e+04,5.671703368054789030e-01,5.452442539809786159e-02,5.452442539809786159e-02
4.620000000000000107e+00,5.316867345170862791e+01,3.569396867345156352e+04,5.661012873551660718e-01,5.450553514637086067e-02,5.450553514637086761e-02
4.627500000000000391e+00,5.364116558603774365e+01,3.575424116558589594e+04,5.654477193998067586e-01,5.448644167001069627e-02,5.448644167001070321e-02
4.635000000000000675e+00,5.411351434434772045e+01,3.581451351434420940e+04,5.646278644315825268e-01,5.446707869871474789e-02,5.446707869871474789e-02
4.642500000000000071e+00,5.458571319655200682e+01,3.587478571319641924e+04,5.636425347870532843e-01,5.444766407540276715e-02,5.444766407540276715e-02
4.650000000000000355e+00,5.505752469596413334e+01,3.593505752469583240e+04,5.627313795494692794e-01,5.442947664330988894e-02,5.442947664330988200e-02
4.657500000000000639e+00,5.552922469801711003e+01,3.599532922469788900e+04,5.621436366468864909e-01,5.441096074471921118e-02,5.441096074471921812e-02
4.665000000000000036e+00,5.600080112532865684e+01,3.605560080112520518e+04,5.613746247020248159e-01,5.439219629390006777e-02,5.439219629390007471e-02
4.672500000000000320e+00,5.647220799780334488e+01,3.611587220799767965e+04,5.604266093252437964e-01,5.437357738105586674e-02,5.437357738105587368e-02
4.680000000000000604e+00,5.694329262108307432e+01,3.617614329262096726e+04,5.597426904097025924e-01,5.435613923100207634e-02,5.435613923100206246e-02
4.687500000000000000e+00,5.741430890131725562e+01,3.623641430890119955e+04,5.591897013758867496e-01,5.433829189540387988e-02,5.433829189540387294e-02
4.695000000000000284e+00,5.788523798315124225e+01,3.629668523798303795e+04,5.584422149488984521e-01,5.432009871770303311e-02,5.432009871770301229e-02
4.702500000000000568e+00,5.835589397469953354e+01,3.635695589397459116e+04,5.575040462914639949e-01,5.430283830731754552e-02,5.430283830731756634e-02
4.709999999999999964e+00,5.882637516256995269e+01,3.641722637516246323e+04,5.571072499122527999e-01,5.428613634960541973e-02,5.428613634960541973e-02
4.717500000000000249e+00,5.929680327262040862e+01,3.647749680327251554e+04,5.565576529370848125e-01,5.426901428386107090e-02,5.426901428386105702e-02
4.725000000000000533e+00,5.976713323222389107e+01,3.653776713323211879e+04,5.558025695620061324e-01,5.425180955789087045e-02,5.425180955789087045e-02
4.732500000000000817e+00,4.371533662226811945e-01,3.653823715336612076e+04,5.551433144229950267e-01,5.423593736286501377e-02,5.423593736286501377e-02
4.740000000000000213e+00,9.071362875064167275e-01,3.659850713628740777e+04,5.547872660098152053e-01,5.421995576347331258e-02,5.421995576347331258e-02
4.747500000000000497e+00,1.377088362795521714e+00,3.665877708836270176e+04,5.542109590898677274e-01,5.420350773632550551e-02,5.420350773632550551e-02
4.755000000000000782e+00,1.846775567585278610e+00,3.671904677556749812e+04,5.534207561974870959e-01,5.418810357752194828e-02,5.418810357752194828e-02
4.762500000000000178e+00,2.316361308538827934e+00,3.677931636130845436e+04,5.531421810621039992e-01,5.417311647719169621e-02,5.417311647719170314e-02
4.770000000000000462e+00,2.785923383919394869e+00,3.683958592338383460e+04,5.527390642847906932e-01,5.415785383990614349e-02,5.415785383990615043e-02
4.777500000000000746e+00,3.255360564559567571e+00,3.689985536056447745e+04,5.521084875044470763e-01,5.414285686240265932e-02,5.414285686240265932e-02
4.785000000000000142e+00,3.724596486463392697e+00,3.696012459648638469e+04,5.516304367276531062e-01,5.412877335983256460e-02,5.412877335983254379e-02
4.792500000000000426e+00,4.193830079556392754e+00,3.702039383007948345e+04,5.513938891648040297e-01,5.411458913254162811e-02,5.411458913254162811e-02
4.800000000000000711e+00,4.663032179061027627e+00,3.708066303217898530e+04,5.509167178878610072e-01,5.410026950721751049e-02,5.410026950721752437e-02
4.807500000000000107e+00,5.131970201643544449e+00,3.714093197020157095e+04,5.502571819827536403e-01,5.408709152188302671e-02,5.408709152188301977e-02
4.815000000000000391e+00,5.600923745311903623e+00,3.720120092374524393e+04,5.501798025671575942e-01,5.407384068868231752e-02,5.407384068868229671e-02
4.822500000000000675e+00,6.069885024564497300e+00,3.726146988502450404e+04,5.498491697525789146e-01,5.406045125864102074e-02,5.406045125864102074e-02
4.830000000000000071e+00,6.538597970514911317e+00,3.732173859797045588e+04,5.492751222730577476e-01,5.404807950753330592e-02,5.404807950753330592e-02
4.837500000000000355e+00,7.007310926896389347e+00,3.738200731092684146e+04,5.490987915056264601e-01,5.403572782266348462e-02,5.403572782266348462e-02
4.845000000000000639e+00,7.476027638963170574e+00,3.744227602763890900e+04,5.489074115747276661e-01,5.402343113715169648e-02,5.402343113715169648e-02
4.852500000000000036e+00,7.944587632736975102e+00,3.750254458763268485e+04,5.484615489310202818e-01,5.401175992590143832e-02,5.401175992590143138e-02
4.860000000000000320e+00,8.413089329260300175e+00,3.756281308932921092e+04,5.481507425321175964e-01,5.400036192246716188e-02,5.400036192246716882e-02
4.867500000000000604e+00,8.881612248700230694e+00,3.762308161224865034e+04,5.480911264624869217e-01,5.398899116332882275e-02,5.398899116332882969e-02
4.875000000000000000e+00,9.350042710590690476e+00,3.768335004271054640e+04,5.477666437283156275e-01,5.397808784214858796e-02,5.397808784214856714e-02
4.882500000000000284e+00,9.818363661064580583e+00,3.774361836366102216e+04,5.473337359960439574e-01,5.396766839034128349e-02,5.396766839034126961e-02
4.890000000000000568e+00,1.028673466631055788e+01,3.780388673466627370e+04,5.473983870577672217e-01,5.395713108955881715e-02,5.395713108955881021e-02
4.897499999999999964e+00,1.075506030359986376e+01,3.786415506030356482e+04,5.471885216184096956e-01,5.394700369089380082e-02,5.394700369089380082e-02
4.905000000000000249e+00,1.122323531943228581e+01,3.792442323531940201e+04,5.467169786724900282e-01,5.393754309356020571e-02,5.393754309356022653e-02
4.912500000000000533e+00,1.169148463318989428e+01,3.798469148463316378e+04,5.468259255206138203e-01,5.392783198728015592e-02,5.392783198728016286e-02
4.920000000000000817e+00,1.215973029173447095e+01,3.804495973029171000e+04,5.467241087220153783e-01,5.391845520795778002e-02,5.391845520795778696e-02
4.927500000000000213e+00,1.262779131246854014e+01,3.810522779131244170e+04,5.463524772836544363e-01,5.390993979849916656e-02,5.390993979849914575e-02
4.935000000000000497e+00,1.309594596179192827e+01,3.816549594596177485e+04,5.463693894395101891e-01,5.390105597252806829e-02,5.390105597252806829e-02
4.942500000000000782e+00,1.356413581699760762e+01,3.822576413581697852e+04,5.463693747416640267e-01,5.389237549982153069e-02,5.389237549982153763e-02
4.950000000000000178e+00,1.403211334015588463e+01,3.828603211334014486e+04,5.460921234358417919e-01,5.388477503807598268e-02,5.388477503807598962e-02
4.957500000000000462e+00,1.450019902008807726e+01,3.834630019902007916e+04,5.460235768553483027e-01,5.387669803696514687e-02,5.387669803696514687e-02
4.965000000000000746e+00,1.496835081582963412e+01,3.840656835081581812e+04,5.461195443173698649e-01,5.386869871584031022e-02,5.386869871584032410e-02
4.972500000000000142e+00,1.543627825339050474e+01,3.846683627825338772e+04,5.459315611633022147e-01,5.386193566823553602e-02,5.386193566823553602e-02
4.980000000000000426e+00,1.590431797038366390e+01,3.852710431797037745e+04,5.457826458743328946e-01,5.385465386692163403e-02,5.385465386692163403e-02
4.987500000000000711e+00,1.637242759426844074e+01,3.858737242759426590e+04,5.459692838956543559e-01,5.384742269669629683e-02,5.384742269669630377e-02
4.995000000000000107e+00,1.684035659120432271e+01,3.864764035659120418e+04,5.458659463802361111e-01,5.384131933081093280e-02,5.384131933081093280e-02
5.002500000000000391e+00,1.730837116295700184e+01,3.870790837116296461e+04,5.456402963850860433e-01,5.383481960303151959e-02,5.383481960303153346e-02
5.010000000000000675e+00,1.777646295562863799e+01,3.876817646295563463e+04,5.459128623992196561e-01,5.382830148117243030e-02,5.382830148117243030e-02
5.017500000000000071e+00,1.824441374171206576e+01,3.882844441374172311e+04,5.458900888446003297e-01,5.382281638383211442e-02,5.382281638383212136e-02
5.025000000000000355e+00,1.871242191294898305e+01,3.888871242191296187e+04,5.455899230885621343e-01,5.381708238169432418e-02,5.381708238169432418e-02
5.032500000000000639e+00,1.918051820144335196e+01,3.894898051820146065e+04,5.459442853927587436e-01,5.381122927358038960e-02,5.381122927358039654e-02
5.040000000000000036e+00,1.964851026391947286e+01,3.900924851026394026e+04,5.459985696575716529e-01,5.380631120710278881e-02,5.380631120710279575e-02
5.047500000000000320e+00,2.011652855875910006e+01,3.906951652855877910e+04,5.457692457843895673e-01,5.380132920986781947e-02,5.380132920986781253e-02
5.055000000000000604e+00,2.058465016278879034e+01,3.912978465016281552e+04,5.460574035200258525e-01,5.379609488425927261e-02,5.379609488425927261e-02
5.062500000000000000e+00,2.105270216827404184e+01,3.919005270216830104e+04,5.461858352674445749e-01,5.379168444817396949e-02,5.379168444817396949e-02
5.070000000000000284e+00,2.152074694009552402e+01,3.925032074694012408e+04,5.460268577752858121e-01,5.378742406305047491e-02,5.378742406305046797e-02
5.077500000000000568e+00,2.198891188743061065e+01,3.931058891188746202e+04,5.462459967537792727e-01,5.378277407356448631e-02,5.378277407356450712e-02
5.085000000000000853e+00,2.245704121185830715e+01,3.937085704121189337e+04,5.464462695561506100e-01,5.377881497230215663e-02,5.377881497230216357e-02
5.092500000000000249e+00,2.292512980261171052e+01,3.943112512980265456e+04,5.463558161632666721e-01,5.377521876445624793e-02,5.377521876445624099e-02
5.100000000000000533e+00,2.339335261564800916e+01,3.949139335261569067e+04,5.465038364905255852e-01,5.377113828425136854e-02,5.377113828425136854e-02
5.107500000000000817e+00,2.386157520784740882e+01,3.955166157520789420e+04,5.467742459615984041e-01,5.376758147422269069e-02,5.376758147422269069e-02
5.115000000000000213e+00,2.432972309595788118e+01,3.961192972309600736e+04,5.467510534101874820e-01,5.376460535984761008e-02,5.376460535984761008e-02
5.122500000000000497e+00,2.479801762532475706e+01,3.967219801762537827e+04,5.468247277834026310e-01,5.376106601099225890e-02,5.376106601099225196e-02
5.130000000000000782e+00,2.526634830488204742e+01,3.973246634830493713e+04,5.471641617715304884e-01,5.375786397715948128e-02,5.375786397715949516e-02
5.137500000000000178e+00,2.573457031290072550e+01,3.979273457031296130e+04,5.472075157424621805e-01,5.375546154650110570e-02,5.375546154650109182e-02
5.145000000000000462e+00,2.620294870126582865e+01,3.985300294870132348e+04,5.472025340885868783e-01,5.375244009849215049e-02,5.375244009849213661e-02
5.152500000000000746e+00,2.667140107454861919e+01,3.991327140107461310e+04,5.476104567578659044e-01,5.374954606063549190e-02,5.374954606063549883e-02
5.160000000000000142e+00,2.713971152047355773e+01,3.997353971152054146e+04,5.477201766028927388e-01,5.374766877900206269e-02,5.374766877900207657e-02
5.167500000000000426e+00,2.760818451224556114e+01,4.003380818451231607e+04,5.476311868500612912e-01,5.374514635359015080e-02,5.374514635359015080e-02
5.175000000000000711e+00,2.807676994317237984e+01,4.009407676994324720e+04,5.481076182448905154e-01,5.374252009492344606e-02,5.374252009492344606e-02
5.182500000000000107e+00,2.854518380607356320e+01,4.015434518380615191e+04,5.482840379377009743e-01,5.374111211414367428e-02,5.374111211414367428e-02
5.190000000000000391e+00,2.901376080748837083e+01,4.021461376080756600e+04,5.481780156151375705e-01,5.373907440152218135e-02,5.373907440152218135e-02
5.197500000000000675e+00,2.948247368388265599e+01,4.027488247368396696e+04,5.486501745556111587e-01,5.373675272738563657e-02,5.373675272738562270e-02
5.205000000000000071e+00,2.995102155354631179e+01,4.033515102155363275e+04,5.488941210455500208e-01,5.373568088496989692e-02,5.373568088496989692e-02
5.212500000000000355e+00,3.041971471399673987e+01,4.039541971471408760e+04,5.488541366521394460e-01,5.373406437582212841e-02,5.373406437582213535e-02
5.220000000000000639e+00,3.088853842124285620e+01,4.045568853842133103e+04,5.492326785873272721e-01,5.373217103591367005e-02,5.373217103591367005e-02
5.227500000000000036e+00,3.135725661501635031e+01,4.051595725661511096e+04,5.495454485294880564e-01,5.373126972833542486e-02,5.373126972833541792e-02
5.235000000000000320e+00,3.182607230335136350e+01,4.057622607230344875e+04,5.495730011634433199e-01,5.373006491448759081e-02,5.373006491448759081e-02
5.242500000000000604e+00,3.229501729640435315e+01,4.063649501729650365e+04,5.498496830532144664e-01,5.372857268151726845e-02,5.372857268151726845e-02
5.250000000000000000e+00,3.276391839257818361e+01,4.069676391839268035e+04,5.502330186932085088e-01,5.372777990264751558e-02,5.372777990264751558e-02
5.257500000000000284e+00,3.323285954434468437e+01,4.075703285954445164e+04,5.503300217864888211e-01,5.372699466080915059e-02,5.372699466080915059e-02
5.265000000000000568e+00,3.370193868419535477e+01,4.081730193868430069e+04,5.504957087090304180e-01,5.372586119671952237e-02,5.372586119671950849e-02
5.272500000000000853e+00,3.417103394643295644e+01,4.087757103394654405e+04,5.509517735244967573e-01,5.372512024205273323e-02,5.372512024205273323e-02
5.280000000000000249e+00,3.464010619194343121e+01,4.093784010619205947e+04,5.511205331140258679e-01,5.372474062672751016e-02,5.372474062672751016e-02
5.287500000000000533e+00,3.510932966496400809e+01,4.099810932966507971e+04,5.511652066755081680e-01,5.372393865035785671e-02,5.372393865035786364e-02
5.295000000000000817e+00,3.557862840979036179e+01,4.105837862840991147e+04,5.516965612214411729e-01,5.372320608870467112e-02,5.372320608870467112e-02
5.302500000000000213e+00,3.604784190560636148e+01,4.111864784190573118e+04,5.519397544771682540e-01,5.372319165037460487e-02,5.372319165037461181e-02
5.310000000000000497e+00,3.651722116566639187e+01,4.117891722116579331e+04,5.519118842995555108e-01,5.372264542971799672e-02,5.372264542971799672e-02
5.317500000000000782e+00,3.698672408965512659e+01,4.123918672408978455e+04,5.524620940478691677e-01,5.372196435195379649e-02,5.372196435195378955e-02
5.325000000000000178e+00,3.745609198118130223e+01,4.129945609198131569e+04,5.527827483129992281e-01,5.372225859097728290e-02,5.372225859097728290e-02
5.332500000000000462e+00,3.792563222801502576e+01,4.135972563222814642e+04,5.528314802838404374e-01,5.372196071001542755e-02,5.372196071001543449e-02
5.340000000000000746e+00,3.839530782397370245e+01,4.141999530782410875e+04,5.532429021575279160e-01,5.372148810122467921e-02,5.372148810122469309e-02
5.347500000000000142e+00,3.886487940385811157e+01,4.148026487940399966e+04,5.536443746602257576e-01,5.372186348583549848e-02,5.372186348583549154e-02
5.355000000000000426e+00,3.933458277270647585e+01,4.154053458277285245e+04,5.537731199819749817e-01,5.372182225278052115e-02,5.372182225278052115e-02
5.362500000000000711e+00,3.980440962920174286e+01,4.160080440962934517e+04,5.540332839037649393e-01,5.372167393635036980e-02,5.372167393635034899e-02
5.370000000000000107e+00,4.027422498429275777e+01,4.166107422498444066e+04,5.545192422214562100e-01,5.372193981515092920e-02,5.372193981515092920e-02
5.377500000000000391e+00,4.074408692652631458e+01,4.172134408692667785e+04,5.547317061736113386e-01,5.372219968171242088e-02,5.372219968171242782e-02
5.385000000000000675e+00,4.121408732290922927e+01,4.178161408732306154e+04,5.548272530533093772e-01,5.372223732998302609e-02,5.372223732998302609e-02
5.392500000000000071e+00,4.168414718269158215e+01,4.184188414718284912e+04,5.554016563482688795e-01,5.372243410720119183e-02,5.372243410720118489e-02
5.400000000000000355e+00,4.215417150194628704e+01,4.190215417150210851e+04,5.557018216687336087e-01,5.372300178604601933e-02,5.372300178604601933e-02
5.407500000000000639e+00,4.262435624418694857e+01,4.196242435624435166e+04,5.557439033339294232e-01,5.372318258151376896e-02,5.372318258151376896e-02
5.415000000000000036e+00,4.309466239806125287e+01,4.202269466239822941e+04,5.562855642444715087e-01,5.372330326908576759e-02,5.372330326908576065e-02
5.422500000000000320e+00,4.356486380086776222e+01,4.208296486380103306e+04,5.566776751393333056e-01,5.372411746625743723e-02,5.372411746625743723e-02
5.430000000000000604e+00,4.403523642409999894e+01,4.214323523642426881e+04,5.568108246485945489e-01,5.372443839000341781e-02,5.372443839000341781e-02
5.437500000000000888e+00,4.450573730353493573e+01,4.220350573730371252e+04,5.571644976423402174e-01,5.372470365255318375e-02,5.372470365255316294e-02
5.445000000000000284e+00,4.497618294569717534e+01,4.226377618294587592e+04,5.576530443648312074e-01,5.372548906779596456e-02,5.372548906779597844e-02
5.452500000000000568e+00,4.544673903674465265e+01,4.232404673903692310e+04,5.578817432767494422e-01,5.372599351446476906e-02,5.372599351446477600e-02
5.460000000000000853e+00,4.591742119395264154e+01,4.238431742119413684e+04,5.580315131844975074e-01,5.372643130668897787e-02,5.372643130668897093e-02
5.467500000000000249e+00,4.638814403141621767e+01,4.244458814403160068e+04,5.586212171042015395e-01,5.372708609769763499e-02,5.372708609769764887e-02
5.475000000000000533e+00,4.685887667398467471e+01,4.250485887667417410e+04,5.589501703850145997e-01,5.372783399687321160e-02,5.372783399687319772e-02
5.482500000000000817e+00,4.732976089144624865e+01,4.256512976089163567e+04,5.590335681678004764e-01,5.372835348479788192e-02,5.372835348479786804e-02
5.490000000000000213e+00,4.780076301342960932e+01,4.262540076301362569e+04,5.595749298072874023e-01,5.372884691146444930e-02,5.372884691146444236e-02
5.497500000000000497e+00,4.827168281696901175e+01,4.268567168281717022e+04,5.600090527124046424e-01,5.372985260866127571e-02,5.372985260866128265e-02
5.505000000000000782e+00,4.874277321169156352e+01,4.274594277321189293e+04,5.601965410676180701e-01,5.373044351246411554e-02,5.373044351246409472e-02
5.512500000000000178e+00,4.921399142789091741e+01,4.280621399142809241e+04,5.605063043894993324e-01,5.373100138300453826e-02,5.373100138300453132e-02
5.520000000000000462e+00,4.968517672942001440e+01,4.286648517672962771e+04,5.610507095873954464e-01,5.373198094862507296e-02,5.373198094862507296e-02
5.527500000000000746e+00,5.015646351713107265e+01,4.292675646351734031e+04,5.613473677532438977e-01,5.373270604701164965e-02,5.373270604701164271e-02
5.535000000000000142e+00,5.062788067689835003e+01,4.298702788067710935e+04,5.614106391929849504e-01,5.373339107084271898e-02,5.373339107084271898e-02
5.542500000000000426e+00,5.109937480202648885e+01,4.304729937480224180e+04,5.620667681829940587e-01,5.373414113699185451e-02,5.373414113699184758e-02
5.550000000000000711e+00,5.157084944637297497e+01,4.310757084944659437e+04,5.624778562795136327e-01,5.373511653285079070e-02,5.373511653285077683e-02
5.557500000000000107e+00,5.204248649064386711e+01,4.316784248649086658e+04,5.626542637515937750e-01,5.373582428340854811e-02,5.373582428340853423e-02
5.565000000000000391e+00,5.251426669257967461e+01,4.322811426669280627e+04,5.630480972824704056e-01,5.373640412306734948e-02,5.373640412306734948e-02
5.572500000000000675e+00,5.298596350275015965e+01,4.328838596350298030e+04,5.635790446791525410e-01,5.373759071214343624e-02,5.373759071214344318e-02
5.580000000000000071e+00,5.345781625595613917e+01,4.334865781625618547e+04,5.638739741571573427e-01,5.373835078315210290e-02,5.373835078315212371e-02
5.587500000000000355e+00,5.392979235955327511e+01,4.340892979235978419e+04,5.639847398622811481e-01,5.373912863658084765e-02,5.373912863658084071e-02
5.595000000000000639e+00,5.440182793755653989e+01,4.346920182793779531e+04,5.646411336204432141e-01,5.373996740188367871e-02,5.373996740188369259e-02
5.602500000000000036e+00,5.487387184439911181e+01,4.352947387184463878e+04,5.650601262395019697e-01,5.374099878867351354e-02,5.374099878867349273e-02
5.610000000000000320e+00,5.534607715572973063e+01,4.358974607715597085e+04,5.652551240983256786e-01,5.374178699386537861e-02,5.374178699386536473e-02
5.617500000000000604e+00,5.581843456745271936e+01,4.365001843456769711e+04,5.656534181926976546e-01,5.374235501099982465e-02,5.374235501099981771e-02
5.625000000000000888e+00,5.629069852857820422e+01,4.371029069852882822e+04,5.662021594469489605e-01,5.374359257767414438e-02,5.374359257767413744e-02
5.632500000000000284e+00,5.676312673513734808e+01,4.377056312673538923e+04,5.665253432503882802e-01,5.374445648042226742e-02,5.374445648042226742e-02
5.640000000000000568e+00,5.723568392066906796e+01,4.383083568392092275e+04,5.666357146722523774e-01,5.374527906671825589e-02,5.374527906671825589e-02
5.647500000000000853e+00,5.770831254326096627e+01,4.389110831254351797e+04,5.672885282795340212e-01,5.374607323312394214e-02,5.374607323312394908e-02
5.655000000000000249e+00,5.818093651544931788e+01,4.395138093651570671e+04,5.677456656409115565e-01,5.374723851056156104e-02,5.374723851056154716e-02
5.662500000000000533e+00,5.865373281249738113e+01,4.401165373281275970e+04,5.679882632698132205e-01,5.374806338108205350e-02,5.374806338108206044e-02
5.670000000000000817e+00,5.912667795986758534e+01,4.407192667796013120e+04,5.683066336186444190e-01,5.374865962235689937e-02,5.374865962235689937e-02
5.677500000000000213e+00,5.959956631562568674e+01,4.413219956631589594e+04,5.689036138085530325e-01,5.374978653734624467e-02,5.374978653734624467e-02
5.685000000000000497e+00,2.725783236158917378e-01,4.413267257832388714e+04,5.692842728788136686e-01,5.375082830039000503e-02,5.375082830039000503e-02
5.692500000000000782e+00,7.457373478574553793e-01,4.419294573734813457e+04,5.694606108739571626e-01,5.375166925085085590e-02,5.375166925085085590e-02
5.700000000000000178e+00,1.219010019145294610e+00,4.425321901001942024e+04,5.699855788135499424e-01,5.375229354879875604e-02,5.375229354879875604e-02
5.707500000000000462e+00,1.692236319252751642e+00,4.431349223631952918e+04,5.705102442921583528e-01,5.375352513303532226e-02,5.375352513303532226e-02
5.715000000000000746e+00,2.165633247264499239e+00,4.437376563324754534e+04,5.708286561282237548e-01,5.375449588870010592e-02,5.375449588870009898e-02
5.722500000000000142e+00,2.639176902297115213e+00,4.443403917690258095e+04,5.709767529734348646e-01,5.375517868579144515e-02,5.375517868579144515e-02
5.730000000000000426e+00,3.112744776768210819e+00,4.449431274477705301e+04,5.716514711989757469e-01,5.375603687614297077e-02,5.375603687614295689e-02
5.737500000000000711e+00,3.586354981963117527e+00,4.455458635498225340e+04,5.721179440725572274e-01,5.375724394962027447e-02,5.375724394962026753e-02
5.745000000000000107e+00,4.060129608796743561e+00,4.461486012960909284e+04,5.723874811434596088e-01,5.375818960003837105e-02,5.375818960003835023e-02
5.752500000000000391e+00,4.534076061107789712e+00,4.467513407606140390e+04,5.726919747918850501e-01,5.375861507245041637e-02,5.375861507245043025e-02
5.760000000000000675e+00,5.007943502967871829e+00,4.473540794350326905e+04,5.733125866769941403e-01,5.375980382694790088e-02,5.375980382694789395e-02
5.767500000000000071e+00,5.481947800771133750e+00,4.479568194780107297e+04,5.737341326962882571e-01,5.376095961519491290e-02,5.376095961519491984e-02
5.775000000000000355e+00,5.956105483104511933e+00,4.485595610548341210e+04,5.739673487354475245e-01,5.376182435247691543e-02,5.376182435247692931e-02
5.782500000000000639e+00,6.430399928543358179e+00,4.491623039992884878e+04,5.743953536612534938e-01,5.376229469103770836e-02,5.376229469103770836e-02
5.790000000000000036e+00,6.904634457266834779e+00,4.497650463445757487e+04,5.749750056197242554e-01,5.376357802674077563e-02,5.376357802674077563e-02
5.797500000000000320e+00,7.379033830804933913e+00,4.503677903383111698e+04,5.753640732922798984e-01,5.376469706044757768e-02,5.376469706044757768e-02
5.805000000000000604e+00,7.853584351035270750e+00,4.509705358435134985e+04,5.755727444647579238e-01,5.376542753426761384e-02,5.376542753426762078e-02
5.812500000000000888e+00,8.328219173279205023e+00,4.515732821917359979e+04,5.760915432707239825e-01,5.376605199703592131e-02,5.376605199703592824e-02
5.820000000000000284e+00,8.802843582996974447e+00,4.521760284358332137e+04,5.766425665491563546e-01,5.376734964793686983e-02,5.376734964793685595e-02
5.827500000000000568e+00,9.277635731348134129e+00,4.527787763573167467e+04,5.770108273389985554e-01,5.376844184858348141e-02,5.376844184858348835e-02
5.835000000000000853e+00,9.752586732621868038e+00,4.533815258673294738e+04,5.772059929677605394e-01,5.376904064564103081e-02,5.376904064564103775e-02
5.842500000000000249e+00,1.022757225530203584e+01,4.539842757225563400e+04,5.777828774893134511e-01,5.376984371098939702e-02,5.376984371098938315e-02
5.850000000000000533e+00,1.070259154655683531e+01,4.545870259154689120e+04,5.783168275371058931e-01,5.377115800665786816e-02,5.377115800665786122e-02
5.857500000000000817e+00,1.117777940585818897e+01,4.551897777940619562e+04,5.786752156428679461e-01,5.377219462695095181e-02,5.377219462695095181e-02
5.865000000000000213e+00,1.165313141305314915e+01,4.557925313141339575e+04,5.788672174025617512e-01,5.377270724864871565e-02,5.377270724864871565e-02
5.872500000000000497e+00,1.212848124644110115e+01,4.563952848124678712e+04,5.794693400380863668e-01,5.377367165445772618e-02,5.377367165445771924e-02
5.880000000000000782e+00,1.260389842563192531e+01,4.569980389842597651e+04,5.799970356577839325e-01,5.377500353442653952e-02,5.377500353442652564e-02
5.887500000000000178e+00,1.307948473516335675e+01,4.576007948473551369e+04,5.803557864973183378e-01,5.377598346335253632e-02,5.377598346335253632e-02
5.895000000000000462e+00,1.355523506245946841e+01,4.582035523506280879e+04,5.805543055202443403e-01,5.377647529599603043e-02,5.377647529599603043e-02
5.902500000000000746e+00,1.403096516407996930e+01,4.588063096516443329e+04,5.811485442037506166e-01,5.377754879586921222e-02,5.377754879586921222e-02
5.910000000000000142e+00,1.450678152175848901e+01,4.594090678152211331e+04,5.816801058216335418e-01,5.377889915155441292e-02,5.377889915155441292e-02
5.917500000000000426e+00,1.498276789540992127e+01,4.600118276789577067e+04,5.820487928675353029e-01,5.377984396946718787e-02,5.377984396946719481e-02
5.925000000000000711e+00,1.545891593404281039e+01,4.606145891593440319e+04,5.822628846430054628e-01,5.378034404565287113e-02,5.378034404565287113e-02
5.932500000000000107e+00,1.593503983992228257e+01,4.612173503984029230e+04,5.828157241367386554e-01,5.378149648145509609e-02,5.378149648145509609e-02
5.940000000000000391e+00,1.641125501438515144e+01,4.618201125501475326e+04,5.833606110270894707e-01,5.378287536306169958e-02,5.378287536306170652e-02
5.947500000000000675e+00,1.688764239123170086e+01,4.624228764239160228e+04,5.837481810577381802e-01,5.378381078734120052e-02,5.378381078734119358e-02
5.955000000000000071e+00,1.736418580545575097e+01,4.630256418580582977e+04,5.839863083653838993e-01,5.378435601673897670e-02,5.378435601673898364e-02
5.962500000000000355e+00,1.784071757367603794e+01,4.636284071757405763e+04,5.844637397944096868e-01,5.378554427024449108e-02,5.378554427024447027e-02
5.970000000000000639e+00,1.831733049141451630e+01,4.642311733049179747e+04,5.850307864891994836e-01,5.378696335808651890e-02,5.378696335808651890e-02
5.977500000000000924e+00,1.879411890103034466e+01,4.648339411890141491e+04,5.854455936623038648e-01,5.378791607657276014e-02,5.378791607657272544e-02
5.985000000000000320e+00,1.927105507626050240e+01,4.654367105507665110e+04,5.857156580775952914e-01,5.378853616724799114e-02,5.378853616724798420e-02
5.992500000000000604e+00,1.974800903321130008e+01,4.660394800903360010e+04,5.860830978029835103e-01,5.378969858832194362e-02,5.378969858832194362e-02
6.000000000000000888e+00,2.022501678461131291e+01,4.666422501678500703e+04,5.866805502361175373e-01,5.379119107610919048e-02,5.379119107610919048e-02
6.007500000000000284e+00,2.070220445978252855e+01,4.672450220446017920e+04,5.871303896681121515e-01,5.379219159939575834e-02,5.379219159939575834e-02
6.015000000000000568e+00,2.117953132257489202e+01,4.678477953132297262e+04,5.874397624229716897e-01,5.379290565335423380e-02,5.379290565335424074e-02
6.022500000000000853e+00,2.165692405191299841e+01,4.684505692405231821e+04,5.876619904187815324e-01,5.379392909625663188e-02,5.379392909625663188e-02
6.030000000000000249e+00,2.213431945062495387e+01,4.690533431945103075e+04,5.882975425986728402e-01,5.379558375601347503e-02,5.379558375601346809e-02
6.037500000000000533e+00,2.261189980621571394e+01,4.696561189980662311e+04,5.887896843491882137e-01,5.379668038355597121e-02,5.379668038355597121e-02
6.045000000000000817e+00,2.308961838362422014e+01,4.702588961838403338e+04,5.891452375249517370e-01,5.379748717511295686e-02,5.379748717511294992e-02
6.052500000000000213e+00,2.356745907012667729e+01,4.708616745907053701e+04,5.893706633977520148e-01,5.379831866090051262e-02,5.379831866090051262e-02
6.060000000000000497e+00,2.404524487211661921e+01,4.714644524487253511e+04,5.898671865504437895e-01,5.380010095252394514e-02,5.380010095252393820e-02
6.067500000000000782e+00,2.452320056012367999e+01,4.720672320056054014e+04,5.904084110664973295e-01,5.380142891807124239e-02,5.380142891807124239e-02
6.075000000000000178e+00,2.500131591120637964e+01,4.726700131591162790e+04,5.908165502384408185e-01,5.380230573756168699e-02,5.380230573756168005e-02
6.082500000000000462e+00,2.547956794661654456e+01,4.732727956794704369e+04,5.910977801663026554e-01,5.380311028495846082e-02,5.380311028495844694e-02
6.090000000000000746e+00,2.595779058159131125e+01,4.738755779058201733e+04,5.913727700925426323e-01,5.380474781645604165e-02,5.380474781645603471e-02
6.097500000000000142e+00,2.643611225255648023e+01,4.744783611225298955e+04,5.919694062579647920e-01,5.380639102260687673e-02,5.380639102260686979e-02
6.105000000000000426e+00,2.691461762715655581e+01,4.750811461762758699e+04,5.924361057942880704e-01,5.380739772964715506e-02,5.380739772964715506e-02
6.112500000000000711e+00,2.739324541700131022e+01,4.756839324541743554e+04,5.927787828731795328e-01,5.380832552121327800e-02,5.380832552121328494e-02
6.120000000000000107e+00,2.787194454401715049e+01,4.762867194454445416e+04,5.930030329033021408e-01,5.380958798823806677e-02,5.380958798823807371e-02
6.127500000000000391e+00,2.835063918374068237e+01,4.768895063918418600e+04,5.934535177987254606e-01,5.381144965608750802e-02,5.381144965608752190e-02
6.135000000000000675e+00,2.882950243545637292e+01,4.774922950243590458e+04,5.939843600340084517e-01,5.381283251051115213e-02,5.381283251051115907e-02
6.142500000000000071e+00,2.930851406293776051e+01,4.780950851406338916e+04,5.943937519529675084e-01,5.381383319508810381e-02,5.381383319508811075e-02
6.150000000000000355e+00,2.978765417593238141e+01,4.786978765417638351e+04,5.946870614162589330e-01,5.381484675821472663e-02,5.381484675821473357e-02
6.157500000000000639e+00,3.026676089639342493e+01,4.793006676089685061e+04,5.948693642606875942e-01,5.381669518586960216e-02,5.381669518586960216e-02
6.165000000000000924e+00,3.074597439149125577e+01,4.799034597439194476e+04,5.954399550232390981e-01,5.381842033114570684e-02,5.381842033114571378e-02
6.172500000000000320e+00,3.122535614908593971e+01,4.805062535614954686e+04,5.959209957378209799e-01,5.381966393092570133e-02,5.381966393092573603e-02
6.180000000000000604e+00,3.170485656311607414e+01,4.811090485656358214e+04,5.962880185440759817e-01,5.382081194334416285e-02,5.382081194334415591e-02
6.187500000000000888e+00,3.218445409528937518e+01,4.817118445409575361e+04,5.965459027616643040e-01,5.382216203013080041e-02,5.382216203013080041e-02
6.195000000000000284e+00,3.266402271447258698e+01,4.823146402271494298e+04,5.967798752693750375e-01,5.382416758281784175e-02,5.382416758281783481e-02
6.202500000000000568e+00,3.314374293788348780e+01,4.829174374293835717e+04,5.973372129224598925e-01,5.382577902166243988e-02,5.382577902166245376e-02
6.210000000000000853e+00,3.362360867846401646e+01,4.835202360867893731e+04,5.977823278527809592e-01,5.382710092140068764e-02,5.382710092140068764e-02
6.217500000000000249e+00,3.410358960089527613e+01,4.841230358960137528e+04,5.981199218477291080e-01,5.382840256481811331e-02,5.382840256481812025e-02
6.225000000000000533e+00,3.458361594919119142e+01,4.847258361594966846e+04,5.983544386389210157e-01,5.383011332631940787e-02,5.383011332631940787e-02
6.232500000000000817e+00,3.506366944062850166e+01,4.853286366944111069e+04,5.986176721051194027e-01,5.383209270523513224e-02,5.383209270523512530e-02
6.240000000000000213e+00,3.554387583626368041e+01,4.859314387583675125e+04,5.991450356419966150e-01,5.383366961996406685e-02,5.383366961996408073e-02
6.247500000000000497e+00,3.602420389854405158e+01,4.865342420389903418e+04,5.995662530283729641e-01,5.383515141830395867e-02,5.383515141830396561e-02
6.255000000000000782e+00,3.650464627352922520e+01,4.871370464627401816e+04,5.998856169368116387e-01,5.383665487999600430e-02,5.383665487999600430e-02
6.262500000000000178e+00,3.698510798552803891e+01,4.877398510798602365e+04,6.001071834811465555e-01,5.383856481622366352e-02,5.383856481622364965e-02
6.270000000000000462e+00,3.746562764771342557e+01,4.883426562764820846e+04,6.003500092901973284e-01,5.384055584186398652e-02,5.384055584186398652e-02
6.277500000000000746e+00,3.794629417531262305e+01,4.889454629417581600e+04,6.008586076005668630e-01,5.384220235883289962e-02,5.384220235883289962e-02
6.285000000000000142e+00,3.842706786820279063e+01,4.895482706786870403e+04,6.012663554673824962e-01,5.384384185371509507e-02,5.384384185371510201e-02
6.292500000000000426e+00,3.890795039839457559e+01,4.901510795039890218e+04,6.015771816661319438e-01,5.384555865882972164e-02,5.384555865882971470e-02
6.300000000000000711e+00,3.938884931962549274e+01,4.907538884932013752e+04,6.017947978470090664e-01,5.384757351903073086e-02,5.384757351903072392e-02
6.307500000000000107e+00,3.986981230621989170e+01,4.913566981230673264e+04,6.019697870494583603e-01,5.384962314107623327e-02,5.384962314107624021e-02
6.315000000000000391e+00,4.035091288453339331e+01,4.919595091288504773e+04,6.024693694344203099e-01,5.385139765913203591e-02,5.385139765913203591e-02
6.322500000000000675e+00,4.083211408115094798e+01,4.925623211408167117e+04,6.028727033705273408e-01,5.385319342870432957e-02,5.385319342870432957e-02
6.330000000000000959e+00,4.131341667109155225e+01,4.931651341667161614e+04,6.031833944437851036e-01,5.385508411360891146e-02,5.385508411360891146e-02
6.337500000000000355e+00,4.179474682693422949e+01,4.937679474682745786e+04,6.034048485155510955e-01,5.385718290545231379e-02,5.385718290545230685e-02
6.345000000000000639e+00,4.227612824431272998e+01,4.943707612824483658e+04,6.035402835938978860e-01,5.385933250134486427e-02,5.385933250134486427e-02
6.352500000000000924e+00,4.275763616461000538e+01,4.949735763616514305e+04,6.039658205173298322e-01,5.386126856150437459e-02,5.386126856150437459e-02
6.360000000000000320e+00,4.323924566494622468e+01,4.955763924566547939e+04,6.043726342347000013e-01,5.386319997198896897e-02,5.386319997198897591e-02
6.367500000000000604e+00,4.372094401806493380e+01,4.961792094401860231e+04,6.046905032380216483e-01,5.386525895378055373e-02,5.386525895378055373e-02
6.375000000000000888e+00,4.420269756211025225e+01,4.967820269756265043e+04,6.049225622017386783e-01,5.386740290136384640e-02,5.386740290136385334e-02
6.382500000000000284e+00,4.468447055254843292e+01,4.973848447055309225e+04,6.050717725437049221e-01,5.386969274440064209e-02,5.386969274440064209e-02
6.390000000000000568e+00,4.516635865346094647e+01,4.979876635865400749e+04,6.053343026285192829e-01,5.387180492867579829e-02,5.387180492867580522e-02
6.397500000000000853e+00,4.564835458983431238e+01,4.985904835459038441e+04,6.057515231340436790e-01,5.387384574165364481e-02,5.387384574165364481e-02
6.405000000000000249e+00,4.613042262863628906e+01,4.991933042262918752e+04,6.060829793806566945e-01,5.387607751958414792e-02,5.387607751958415486e-02
6.412500000000000533e+00,4.661259241012948706e+01,4.997961259241068183e+04,6.063315658015964171e-01,5.387815052431139257e-02,5.387815052431138563e-02
6.420000000000000817e+00,4.709472403921846251e+01,5.003989472403977561e+04,6.065000164259650717e-01,5.388069299952792657e-02,5.388069299952792657e-02
6.427500000000000213e+00,4.757696615009986374e+01,5.010017696615065506e+04,6.065909149514755461e-01,5.388297496128970077e-02,5.388297496128970077e-02
6.435000000000000497e+00,4.805931752190316075e+01,5.016045931752246543e+04,6.069935248466182820e-01,5.388513892792679699e-02,5.388513892792679699e-02
6.442500000000000782e+00,4.854173446492730193e+01,5.022074173446548957e+04,6.073442463815985626e-01,5.388749960498355474e-02,5.388749960498356861e-02
6.450000000000000178e+00,4.902425129394604397e+01,5.028102425129451149e+04,6.076146026992457205e-01,5.388972168268912205e-02,5.388972168268910817e-02
6.457500000000000462e+00,4.950677243720699039e+01,5.034130677243777609e+04,6.078071265724432903e-01,5.389219450667867561e-02,5.389219450667867561e-02
6.465000000000000746e+00,4.998933473504001768e+01,5.040158933473561046e+04,6.079242109117020121e-01,5.389473414258914852e-02,5.389473414258914158e-02
6.472500000000000142e+00,5.047200113519441800e+01,5.046187200113577273e+04,6.080822783296785383e-01,5.389708340728904118e-02,5.389708340728906200e-02
6.480000000000000426e+00,5.095475161089245120e+01,5.052215475161147333e+04,6.084573716285048839e-01,5.389947403678332222e-02,5.389947403678332222e-02
6.487500000000000711e+00,5.143756836017351475e+01,5.058243756836075772e+04,6.087542123782091474e-01,5.390193315453919998e-02,5.390193315453920692e-02
6.495000000000000107e+00,5.192047809556651572e+01,5.064272047809615469e+04,6.089751555100647584e-01,5.390418489460156032e-02,5.390418489460156032e-02
6.502500000000000391e+00,5.240333717318645057e+01,5.070300333717377362e+04,6.091224252507542181e-01,5.390693372683698359e-02,5.390693372683699053e-02
6.510000000000000675e+00,5.288628244139318468e+01,5.076328628244198626e+04,6.091981234717385174e-01,5.390955985714687010e-02,5.390955985714687704e-02
6.517500000000000959e+00,5.336932510404906083e+01,5.082356932510463957e+04,6.094057078298529273e-01,5.391201357957547263e-02,5.391201357957547957e-02
6.525000000000000355e+00,5.385242752173704162e+01,5.088385242752233171e+04,6.097333596670490019e-01,5.391460200734040503e-02,5.391460200734039809e-02
6.532500000000000639e+00,5.433560735580516621e+01,5.094413560735640203e+04,6.099867145455979411e-01,5.391707333591065632e-02,5.391707333591064938e-02
6.540000000000000924e+00,5.481882880722221785e+01,5.100441882880782214e+04,6.101678478733849609e-01,5.391954816070659851e-02,5.391954816070661238e-02
6.547500000000000320e+00,5.530203011611120445e+01,5.106470203011671401e+04,6.102787200262631551e-01,5.392237007478092176e-02,5.392237007478091482e-02
6.555000000000000604e+00,5.578531014433990265e+01,5.112498531014494802e+04,6.103211838595102856e-01,5.392509199182307644e-02,5.392509199182306950e-02
6.562500000000000888e+00,5.626867745822627143e+01,5.118526867745883646e+04,6.105360005437430182e-01,5.392768586869351594e-02,5.392768586869353675e-02
6.570000000000000284e+00,5.675209335615641493e+01,5.124555209335676773e+04,6.108255273331574253e-01,5.393036442360753246e-02,5.393036442360752553e-02
6.577500000000000568e+00,5.723558778708296302e+01,5.130583558778769657e+04,6.110439963479995518e-01,5.393285406752240663e-02,5.393285406752240663e-02
6.585000000000000853e+00,5.771908951236302698e+01,5.136611908951298392e+04,6.111932434152118621e-01,5.393548351138206104e-02,5.393548351138203328e-02
6.592500000000000249e+00,5.820258630190177485e+01,5.142640258630252356e+04,6.112750026269446746e-01,5.393838297878920940e-02,5.393838297878920940e-02
6.600000000000000533e+00,5.868615237434424614e+01,5.148668615237496851e+04,6.112909130967604243e-01,5.394119845861924945e-02,5.394119845861924945e-02
6.607500000000000817e+00,5.916979451037727955e+01,5.154696979451100924e+04,6.114769081758847369e-01,5.394391875226064309e-02,5.394391875226065697e-02
6.615000000000000213e+00,5.965348028156039817e+01,5.160725348028219014e+04,6.117360815603901658e-01,5.394664679533461848e-02,5.394664679533462542e-02
6.622500000000000497e+00,3.372385669076568004e-01,5.160773723856754077e+04,6.119268202040919480e-01,5.394916814738995314e-02,5.394916814738996008e-02
6.630000000000000782e+00,8.209894957772149171e-01,5.166802098949641368e+04,6.120507539983636169e-01,5.395187526578682641e-02,5.395187526578681947e-02
6.637500000000000178e+00,1.304733133671594825e+00,5.172830473313431139e+04,6.121094223707203019e-01,5.395483656320926302e-02,5.395483656320926996e-02
6.645000000000000462e+00,1.788535917876160841e+00,5.178858853591851948e+04,6.121042803777194674e-01,5.395773477438744331e-02,5.395773477438744331e-02
6.652500000000000746e+00,2.272404907915568817e+00,5.184887240490856493e+04,6.122313893635278337e-01,5.396054902335559872e-02,5.396054902335560566e-02
6.660000000000000142e+00,2.756313750122968198e+00,5.190915631375076919e+04,6.124667361058069304e-01,5.396330683805596745e-02,5.396330683805596745e-02
6.667500000000000426e+00,3.240284983147951881e+00,5.196944028498380067e+04,6.126357363365144693e-01,5.396586733795544211e-02,5.396586733795543517e-02
6.675000000000000711e+00,3.724252803468647954e+00,5.202972425280412426e+04,6.127398424217441741e-01,5.396856135382148423e-02,5.396856135382148423e-02
6.682500000000000107e+00,4.208194517987501548e+00,5.209000819451864663e+04,6.127804258306868146e-01,5.397156551429898447e-02,5.397156551429898447e-02
6.690000000000000391e+00,4.692185453133755679e+00,5.215029218545379263e+04,6.127587826555604966e-01,5.397451860660771455e-02,5.397451860660770068e-02
6.697500000000000675e+00,5.176232103479465607e+00,5.221057623210414022e+04,6.128027160249815974e-01,5.397741033742142758e-02,5.397741033742143452e-02
6.705000000000000959e+00,5.660317703077026863e+00,5.227086031770374393e+04,6.130197529347450880e-01,5.398017341812529762e-02,5.398017341812529762e-02
6.712500000000000355e+00,6.144451869651704534e+00,5.233114445187032106e+04,6.131720621679435101e-01,5.398277141154657344e-02,5.398277141154656650e-02
6.720000000000000639e+00,6.628602027448275535e+00,5.239142860202812153e+04,6.132609426687353205e-01,5.398536242613478919e-02,5.398536242613478919e-02
6.727500000000000924e+00,7.112693865097702073e+00,5.245171269386577478e+04,6.132876206333680580e-01,5.398838760129347908e-02,5.398838760129347908e-02
6.735000000000000320e+00,7.596825868407601767e+00,5.251199682586908602e+04,6.132532545406789160e-01,5.399135719634445829e-02,5.399135719634445829e-02
6.742500000000000604e+00,8.081001793035159864e+00,5.257228100179371540e+04,6.131952904762403289e-01,5.399429658910746832e-02,5.399429658910746832e-02
6.750000000000000888e+00,8.565217658854580307e+00,5.263256521765953948e+04,6.133987014578917707e-01,5.399705625138552512e-02,5.399705625138551818e-02
6.757500000000000284e+00,9.049466496313138819e+00,5.269284946649699850e+04,6.135385863129817485e-01,5.399968030196548169e-02,5.399968030196548863e-02
6.765000000000000568e+00,9.533759653485542884e+00,5.275313375965417799e+04,6.136161111620996866e-01,5.400210426536258129e-02,5.400210426536257435e-02
6.772500000000000853e+00,1.001795748900872951e+01,5.281341795748969889e+04,6.136323763572959500e-01,5.400511233292500102e-02,5.400511233292500102e-02
6.780000000000000249e+00,1.050218492793850977e+01,5.287370218492863205e+04,6.135884210977606834e-01,5.400805970824323204e-02,5.400805970824323898e-02
6.787500000000000533e+00,1.098644397050394694e+01,5.293398644397120370e+04,6.134852279568671074e-01,5.401100580284071140e-02,5.401100580284071140e-02
6.795000000000000817e+00,1.147074301489747938e+01,5.299427074301560060e+04,6.136089548888732370e-01,5.401376052910068087e-02,5.401376052910069475e-02
6.802500000000000213e+00,1.195506138094230408e+01,5.305455506138164492e+04,6.137400161448139935e-01,5.401638620493379173e-02,5.401638620493379866e-02
6.810000000000000497e+00,1.243942225688550351e+01,5.311483942225759529e+04,6.138094277998227266e-01,5.401877720643157021e-02,5.401877720643157021e-02
6.817500000000000782e+00,1.292371812536378606e+01,5.317512371812607307e+04,6.138181811896585849e-01,5.402154570793659544e-02,5.402154570793659544e-02
6.825000000000000178e+00,1.340799609297357797e+01,5.323540799609368696e+04,6.137672121702861805e-01,5.402444498530143552e-02,5.402444498530143552e-02
6.832500000000000462e+00,1.389229505858568281e+01,5.329569229505929979e+04,6.136574053194788769e-01,5.402735061366972097e-02,5.402735061366972791e-02
6.840000000000000746e+00,1.437662831114581685e+01,5.335597662831186608e+04,6.136579479506294454e-01,5.403010377101699624e-02,5.403010377101699624e-02
6.847500000000000142e+00,1.486097701770205859e+01,5.341626097701842082e+04,6.137831931401448449e-01,5.403268434067929477e-02,5.403268434067929477e-02
6.855000000000000426e+00,1.534535230189872834e+01,5.347654535230262263e+04,6.138471710157120675e-01,5.403507611282394596e-02,5.403507611282394596e-02
6.862500000000000711e+00,1.582971674918074179e+01,5.353682971674991131e+04,6.138507786881101103e-01,5.403750206604741868e-02,5.403750206604741868e-02
6.870000000000000995e+00,1.631400216710634155e+01,5.359711400216783659e+04,6.137948627419266279e-01,5.404033598124127064e-02,5.404033598124128451e-02
6.877500000000000391e+00,1.679830166954077342e+01,5.365739830167027685e+04,6.136802231671937280e-01,5.404314325102809596e-02,5.404314325102808209e-02
6.885000000000000675e+00,1.728262271751562196e+01,5.371768262271825370e+04,6.135552245441699970e-01,5.404587092071699850e-02,5.404587092071699156e-02
6.892500000000000959e+00,1.776696399291884276e+01,5.377796696399365464e+04,6.136771047279093727e-01,5.404838481515260307e-02,5.404838481515259613e-02
6.900000000000000355e+00,1.825131347752885347e+01,5.383825131347827119e+04,6.137377957427985198e-01,5.405075101167756968e-02,5.405075101167758356e-02
6.907500000000000639e+00,1.873569149257806288e+01,5.389853569149332179e+04,6.137381137150176302e-01,5.405288450124892674e-02,5.405288450124891980e-02
6.915000000000000924e+00,1.921995947479620881e+01,5.395881995947554242e+04,6.136788286231394940e-01,5.405555500797712409e-02,5.405555500797712409e-02
6.922500000000000320e+00,1.970422140350099482e+01,5.401910422140425362e+04,6.135606680070334606e-01,5.405822712291650373e-02,5.405822712291650373e-02
6.930000000000000604e+00,2.018849103509717224e+01,5.407938849103585380e+04,6.133843206454381303e-01,5.406089211324986710e-02,5.406089211324986710e-02
6.937500000000000888e+00,2.067278338186428854e+01,5.413967278338262258e+04,6.134327245448950583e-01,5.406333127159603652e-02,5.406333127159603652e-02
6.945000000000000284e+00,2.115707317935714826e+01,5.419995707318011409e+04,6.134917463443704255e-01,5.406562462843278460e-02,5.406562462843279154e-02
6.952500000000000568e+00,2.164137969657932103e+01,5.426024137969734147e+04,6.134901197840550990e-01,5.406770115082977501e-02,5.406770115082976808e-02
6.960000000000000853e+00,2.212563889805195316e+01,5.432052563889882003e+04,6.134285498868197184e-01,5.406994360586845488e-02,5.406994360586845488e-02
6.967500000000000249e+00,2.260982526503806156e+01,5.438080982526580920e+04,6.133077029779504530e-01,5.407248151515883089e-02,5.407248151515884477e-02
6.975000000000000533e+00,2.309401165673517298e+01,5.444109401165750751e+04,6.131282102014807833e-01,5.407500856273530360e-02,5.407500856273530360e-02
6.982500000000000817e+00,2.357821036872946863e+01,5.450137821036950481e+04,6.130627145875415795e-01,5.407739421250292583e-02,5.407739421250293277e-02
6.990000000000000213e+00,2.406241381078371333e+01,5.456166241381155851e+04,6.131211381022960705e-01,5.407954900635228435e-02,5.407954900635227047e-02
6.997500000000000497e+00,2.454661465481660798e+01,5.462194661465559329e+04,6.131183815043017571e-01,5.408155995599459726e-02,5.408155995599459726e-02
7.005000000000000782e+00,2.503082343562282830e+01,5.468223082343640272e+04,6.130550958251349547e-01,5.408338578689017573e-02,5.408338578689018267e-02
7.012500000000000178e+00,2.551490351206910390e+01,5.474251490351285611e+04,6.129318968177143168e-01,5.408577148823631719e-02,5.408577148823631719e-02
7.020000000000000462e+00,2.599897696800634250e+01,5.480279897696879198e+04,6.127493683445841555e-01,5.408810813288993796e-02,5.408810813288995184e-02
7.027500000000000746e+00,2.648304913235726588e+01,5.486308304913315078e+04,6.125810228350411224e-01,5.409039960938456792e-02,5.409039960938455405e-02
7.035000000000000142e+00,2.696713343316466194e+01,5.492336713343395968e+04,6.126393408334868118e-01,5.409241311861102269e-02,5.409241311861101575e-02
7.042500000000000426e+00,2.745120037740732144e+01,5.498365120037820452e+04,6.126357056701673409e-01,5.409432436446712927e-02,5.409432436446712233e-02
7.050000000000000711e+00,2.793527639316340583e+01,5.504393527639396052e+04,6.125707249326461934e-01,5.409599407190360948e-02,5.409599407190360948e-02
7.057500000000000995e+00,2.841926587362230094e+01,5.510421926587442431e+04,6.124449741007236270e-01,5.409797652613562019e-02,5.409797652613562019e-02
7.065000000000000391e+00,2.890319629517157907e+01,5.516450319629597652e+04,6.122589998350794760e-01,5.410012251195590871e-02,5.410012251195590177e-02
7.072500000000000675e+00,2.938711665003742013e+01,5.522478711665084847e+04,6.120133232831460601e-01,5.410225831700138377e-02,5.410225831700138377e-02
7.080000000000000959e+00,2.987104664656488140e+01,5.528507104664737562e+04,6.120604969705043530e-01,5.410414641603497610e-02,5.410414641603496916e-02
7.087500000000000355e+00,3.035495867299092509e+01,5.534535495867380814e+04,6.120556331708352227e-01,5.410590377367272691e-02,5.410590377367271303e-02
7.095000000000000639e+00,3.083886651055276928e+01,5.540563886651137000e+04,6.119883918990658422e-01,5.410746374500140926e-02,5.410746374500141620e-02
7.102500000000000924e+00,3.132273933456265169e+01,5.546592273933538672e+04,6.118593185106265819e-01,5.410901877168967922e-02,5.410901877168968616e-02
7.110000000000000320e+00,3.180649980162907298e+01,5.552620649980245071e+04,6.116689324473909561e-01,5.411098739115478146e-02,5.411098739115477452e-02
7.117500000000000604e+00,3.229024685270048423e+01,5.558649024685352924e+04,6.114177304867808305e-01,5.411291055349343876e-02,5.411291055349343876e-02
7.125000000000000888e+00,3.277399328248317545e+01,5.564677399328331376e+04,6.113990043897323812e-01,5.411467498247644198e-02,5.411467498247645586e-02
7.132500000000000284e+00,3.325773036583603215e+01,5.570705773036666506e+04,6.113919216865805195e-01,5.411624109312642567e-02,5.411624109312641179e-02
7.140000000000000568e+00,3.374144785588060813e+01,5.576734144785671378e+04,6.113212312321026909e-01,5.411767633393491789e-02,5.411767633393491095e-02
7.147500000000000853e+00,3.422516792465656010e+01,5.582762516792549286e+04,6.111874583904269853e-01,5.411886218753310385e-02,5.411886218753308303e-02
7.155000000000000249e+00,3.470873999904318197e+01,5.588790873999988253e+04,6.109911053922915114e-01,5.412063196627629746e-02,5.412063196627629053e-02
7.162500000000000533e+00,3.519229292471612069e+01,5.594819229292555974e+04,6.107326545487352654e-01,5.412232981731253390e-02,5.412232981731253390e-02
7.170000000000000817e+00,3.567583635458871782e+01,5.600847583635543560e+04,6.106689917492931219e-01,5.412393428345774887e-02,5.412393428345774887e-02
7.177500000000000213e+00,3.615937595634017754e+01,5.606875937595719006e+04,6.106580264541224823e-01,5.412530817883964146e-02,5.412530817883965534e-02
7.185000000000000497e+00,3.664288547075395996e+01,5.612904288547160832e+04,6.105820442829982264e-01,5.412659445674655040e-02,5.412659445674654346e-02
7.192500000000000782e+00,3.712639576373145900e+01,5.618932639576459042e+04,6.104415608044586605e-01,5.412760868979088480e-02,5.412760868979087786e-02
7.200000000000000178e+00,3.760978869467149366e+01,5.624960978869553219e+04,6.102370711370838086e-01,5.412902573142744367e-02,5.412902573142744367e-02
7.207500000000000462e+00,3.809312846274747955e+01,5.630989312846360554e+04,6.099690531473878075e-01,5.413051040247878615e-02,5.413051040247879309e-02
7.215000000000000746e+00,3.857645452889021698e+01,5.637017645452975557e+04,6.098838113353457491e-01,5.413190903042230939e-02,5.413190903042230245e-02
7.222500000000001030e+00,3.905977655328675269e+01,5.643045977655415481e+04,6.098666034497044475e-01,5.413309803615628385e-02,5.413309803615628385e-02
7.230000000000000426e+00,3.954306398770366116e+01,5.649074306398857152e+04,6.097828133493558012e-01,5.413421305878578921e-02,5.413421305878578921e-02
7.237500000000000711e+00,4.002634717741204895e+01,5.655102634717828187e+04,6.096329570902579986e-01,5.413506609685490856e-02,5.413506609685491550e-02
7.245000000000000995e+00,4.050953723763488057e+01,5.661130953723851417e+04,6.094175328843055572e-01,5.413616420880527219e-02,5.413616420880526525e-02
7.252500000000000391e+00,4.099264838417428081e+01,5.667159264838505624e+04,6.091370243002031115e-01,5.413744664633398512e-02,5.413744664633399900e-02
7.260000000000000675e+00,4.147574527801625521e+01,5.673187574527889956e+04,6.090555714946833676e-01,5.413861088552316542e-02,5.413861088552316542e-02
7.267500000000000959e+00,4.195883438254190168e+01,5.679215883438343008e+04,6.090290562505119576e-01,5.413961701777878638e-02,5.413961701777879332e-02
7.275000000000000355e+00,4.244188777075451924e+01,5.685244188777164527e+04,6.089342632836400870e-01,5.414054745913941119e-02,5.414054745913941813e-02
7.282500000000000639e+00,4.292493289076541174e+01,5.691272493289165868e+04,6.087717194834731949e-01,5.414122693353034393e-02,5.414122693353033700e-02
7.290000000000000924e+00,4.340789649031687958e+01,5.697300789649120998e+04,6.085419364360126204e-01,5.414206342720275650e-02,5.414206342720274262e-02
7.297500000000000320e+00,4.389076752331840225e+01,5.703329076752421679e+04,6.082454136463608663e-01,5.414314559111110120e-02,5.414314559111110814e-02
7.305000000000000604e+00,4.437362551250208043e+01,5.709357362551340339e+04,6.081947276271568725e-01,5.414406785814235290e-02,5.414406785814235984e-02
7.312500000000000888e+00,4.485647128818232687e+01,5.715385647128908749e+04,6.081551445798856204e-01,5.414488630832044874e-02,5.414488630832044180e-02
7.320000000000000284e+00,4.533928041360751138e+01,5.721413928041451436e+04,6.080454876417026311e-01,5.414562873436960105e-02,5.414562873436960799e-02
7.327500000000000568e+00,4.582208003997405399e+01,5.727442208004088025e+04,6.078663048784099798e-01,5.414611822846340100e-02,5.414611822846340794e-02
7.335000000000000853e+00,4.630479618805664899e+01,5.733470479618896934e+04,6.076181315359177049e-01,5.414675634744649940e-02,5.414675634744650634e-02
7.342500000000000249e+00,4.678742163135906651e+01,5.739498742163227143e+04,6.073014933034767138e-01,5.414760329153915641e-02,5.414760329153915641e-02
7.350000000000000533e+00,4.727003102815591262e+01,5.745527003102907474e+04,6.073097473457569340e-01,5.414831923598605740e-02,5.414831923598605740e-02
7.357500000000000817e+00,4.775262664904102650e+01,5.751555262664995826e+04,6.072526690586531606e-01,5.414894520011521994e-02,5.414894520011522688e-02
7.365000000000000213e+00,4.823518397503120525e+01,5.757583518397595617e+04,6.071236528191344961e-01,5.414949937107239181e-02,5.414949937107239875e-02
7.372500000000000497e+00,4.871773397438773401e+01,5.763611773397531215e+04,6.069232781104304530e-01,5.414978132691559976e-02,5.414978132691562057e-02
7.380000000000000782e+00,4.920018397744114935e+01,5.769640018397836684e+04,6.066521140289332648e-01,5.415028797786862469e-02,5.415028797786861775e-02
7.387500000000000178e+00,4.968255943557470289e+01,5.775668255943650729e+04,6.064120140140575321e-01,5.415089111580165260e-02,5.415089111580165260e-02
7.395000000000000462e+00,5.016491560596354304e+01,5.781696491560689901e+04,6.064068617210056633e-01,5.415141261882456397e-02,5.415141261882455009e-02
7.402500000000000746e+00,5.064725604187416508e+01,5.787724725604281412e+04,6.063272429268067309e-01,5.415184932057107853e-02,5.415184932057108547e-02
7.410000000000001030e+00,5.112955807740843994e+01,5.793752955807834951e+04,6.061737898122131485e-01,5.415220884527879169e-02,5.415220884527877782e-02
7.417500000000000426e+00,5.161185759247749871e+01,5.799781185759342043e+04,6.059471232961479714e-01,5.415226311500312417e-02,5.415226311500313111e-02
7.425000000000000711e+00,5.209402617318648510e+01,5.805809402617413434e+04,6.056478563012854810e-01,5.415268897242875995e-02,5.415268897242875995e-02
7.432500000000000995e+00,5.257614783780707768e+01,5.811837614783875324e+04,6.055212573047110691e-01,5.415307035437299382e-02,5.415307035437299382e-02
7.440000000000000391e+00,5.305824997748157301e+01,5.817865824997843447e+04,6.054899105106013035e-01,5.415340145370753366e-02,5.415340145370753366e-02
7.447500000000000675e+00,5.354033069563758573e+01,5.823894033069659054e+04,6.053821574797252358e-01,5.415366399462048091e-02,5.415366399462048091e-02
7.455000000000000959e+00,5.402237896334413136e+01,5.829922237896430306e+04,6.051986792285817263e-01,5.415380901341176195e-02,5.415380901341176195e-02
7.462500000000000355e+00,5.450441867812497065e+01,5.835950441867908376e+04,6.049401477761294776e-01,5.415367213439244154e-02,5.415367213439244154e-02
7.470000000000000639e+00,5.498630468804564231e+01,5.841978630468901247e+04,6.046084867633844118e-01,5.415400003795301648e-02,5.415400003795300954e-02
7.477500000000000924e+00,5.546817003448794736e+01,5.848006817003545439e+04,6.046239157317994106e-01,5.415420165502602551e-02,5.415420165502602551e-02
7.485000000000000320e+00,5.595002052368484868e+01,5.854035002052465279e+04,6.045602850229975234e-01,5.415434236648209582e-02,5.415434236648210276e-02
7.492500000000000604e+00,5.643183853267669292e+01,5.860063183853364899e+04,6.044183437742260967e-01,5.415444859526363092e-02,5.415444859526364479e-02
7.500000000000000888e+00,5.691363851640593197e+01,5.866091363851738424e+04,6.041988310571186904e-01,5.415434955536280182e-02,5.415434955536278794e-02
7.507500000000000284e+00,5.739538087342641859e+01,5.872119538087440742e+04,6.039024791712466200e-01,5.415419206633313720e-02,5.415419206633316496e-02
7.515000000000000568e+00,5.787701122500897810e+01,5.878147701122598664e+04,6.037408149842866667e-01,5.415432592004482820e-02,5.415432592004482820e-02
7.522500000000000853e+00,5.835862445120977071e+01,5.884175862445219536e+04,6.037193678563339549e-01,5.415434606395871237e-02,5.415434606395871930e-02
7.530000000000000249e+00,5.884022380888615800e+01,5.890204022380987590e+04,6.036169679443093017e-01,5.415431401737810790e-02,5.415431401737810790e-02
7.537500000000000533e+00,5.932178362862444487e+01,5.896232178362961713e+04,6.034344289675316331e-01,5.415424967013029306e-02,5.415424967013030694e-02
7.545000000000000817e+00,3.343778415928680327e-03,5.896280334377940744e+04,6.031725566472453393e-01,5.415386791284522439e-02,5.415386791284522439e-02
7.552500000000000213e+00,4.847734804362475169e-01,5.902308477348143060e+04,6.028513517371264507e-01,5.415377946186718944e-02,5.415377946186718250e-02
7.560000000000000497e+00,9.661537798274543176e-01,5.908336615378082934e+04,6.028697911652954877e-01,5.415373430594393189e-02,5.415373430594393189e-02
7.567500000000000782e+00,1.447523090697060422e+00,5.914364752309169853e+04,6.028045971851527796e-01,5.415357212616955795e-02,5.415357212616955795e-02
7.575000000000000178e+00,1.928864733188753400e+00,5.920392886473419640e+04,6.026566652923549539e-01,5.415341688372988377e-02,5.415341688372988377e-02
7.582500000000000462e+00,2.410183783889746856e+00,5.926421018378489680e+04,6.024268816659658077e-01,5.415310502449600938e-02,5.415310502449600244e-02
7.590000000000000746e+00,2.891463667266671589e+00,5.932449146366827335e+04,6.021161265425195586e-01,5.415261835378153837e-02,5.415261835378154531e-02
7.597500000000001030e+00,3.372616094030361555e+00,5.938477261609504058e+04,6.020210481538210701e-01,5.415251407361578589e-02,5.415251407361578589e-02
7.605000000000000426e+00,3.853755356920968378e+00,5.944505375535793428e+04,6.019903968017222828e-01,5.415227657643086057e-02,5.415227657643086057e-02
7.612500000000000711e+00,4.334885038287245251e+00,5.950533488503930857e+04,6.018743970093358708e-01,5.415196185677269985e-02,5.415196185677271373e-02
7.620000000000000995e+00,4.815975091663345253e+00,5.956561597509268177e+04,6.016740218833953602e-01,5.415166241074816783e-02,5.415166241074816783e-02
7.627500000000000391e+00,5.297074823995237658e+00,5.962589707482502126e+04,6.013902370962035393e-01,5.415097008029203657e-02,5.415097008029205045e-02
7.635000000000000675e+00,5.778023527948777271e+00,5.968617802352897706e+04,6.011816783871009040e-01,5.415072775403929201e-02,5.415072775403928507e-02
7.642500000000000959e+00,6.258939021070689890e+00,5.974645893902210082e+04,6.011825973130120460e-01,5.415044671926259878e-02,5.415044671926258490e-02
7.650000000000000355e+00,6.739851018287592588e+00,5.980673985101932340e+04,6.010955662490153895e-01,5.415000814477646113e-02,5.415000814477648194e-02
7.657500000000000639e+00,7.220730021037465640e+00,5.986702073002207180e+04,6.009216510455924753e-01,5.414963091220516278e-02,5.414963091220516278e-02
7.665000000000000924e+00,7.701601732950204671e+00,5.992730160173399054e+04,6.006619085129586422e-01,5.414899792133613665e-02,5.414899792133614359e-02
7.672500000000000320e+00,8.182393632549954887e+00,5.998758239363359462e+04,6.003592262053784046e-01,5.414844123767339340e-02,5.414844123767338646e-02
7.680000000000000604e+00,8.663092782960459814e+00,6.004786309278400586e+04,6.003884594859586477e-01,5.414810951481598827e-02,5.414810951481598827e-02
7.687500000000000888e+00,9.143787328948457471e+00,6.010814378732999467e+04,6.003271715186788704e-01,5.414761174797540905e-02,5.414761174797541599e-02
7.695000000000000284e+00,9.624466404453089652e+00,6.016842446640550043e+04,6.001765259844746847e-01,5.414708946229111058e-02,5.414708946229112446e-02
7.702500000000000568e+00,1.010512049639981313e+01,6.022870512049745594e+04,5.999376758009552502e-01,5.414648128090163853e-02,5.414648128090163853e-02
7.710000000000000853e+00,1.058574917017346806e+01,6.028898574917123187e+04,5.996117666144122893e-01,5.414568062310098906e-02,5.414568062310100294e-02
7.717500000000000249e+00,1.106623915859234231e+01,6.034926623915965320e+04,5.996142585744066444e-01,5.414531029018787578e-02,5.414531029018786190e-02
7.725000000000000533e+00,1.154672320523403251e+01,6.040954672320629470e+04,5.995752575247136340e-01,5.414477958113604605e-02,5.414477958113607381e-02
7.732500000000000817e+00,1.202720632138185408e+01,6.046982720632245037e+04,5.994444815997416187e-01,5.414411351838813863e-02,5.414411351838813169e-02
7.740000000000000213e+00,1.250765456654629126e+01,6.053010765456761146e+04,5.992231839976497332e-01,5.414349008811100011e-02,5.414349008811100011e-02
7.747500000000000497e+00,1.298811326423956380e+01,6.059038811326531140e+04,5.989126087558372946e-01,5.414251287572349053e-02,5.414251287572349053e-02
7.755000000000000782e+00,1.346840438337705592e+01,6.065066840438445070e+04,5.988652870040519494e-01,5.414210897375576481e-02,5.414210897375576481e-02
7.762500000000001066e+00,1.394868704375442725e+01,6.071094868704483088e+04,5.988449226716530127e-01,5.414153981378627689e-02,5.414153981378629077e-02
7.770000000000000462e+00,1.442897661163187095e+01,6.077122897661271418e+04,5.987304427563474585e-01,5.414077086630176422e-02,5.414077086630175728e-02
7.777500000000000746e+00,1.490923186710421966e+01,6.083150923186818545e+04,5.985232040629865358e-01,5.414008565375404841e-02,5.414008565375403453e-02
7.785000000000001030e+00,1.538949700067830406e+01,6.089178949700176599e+04,5.982245522251049552e-01,5.413908906881886168e-02,5.413908906881886168e-02
7.792500000000000426e+00,1.586961934560442167e+01,6.095206961934669380e+04,5.981458744218970391e-01,5.413854863603176359e-02,5.413854863603176359e-02
7.800000000000000711e+00,1.634970980659294426e+01,6.101234970980768412e+04,5.981403430295501034e-01,5.413793682830346510e-02,5.413793682830345816e-02
7.807500000000000995e+00,1.682981038336927071e+01,6.107262981038446014e+04,5.980384517739890660e-01,5.413710515095945808e-02,5.413710515095947196e-02
7.815000000000000391e+00,1.730988417540937974e+01,6.113290988417650806e+04,5.978416635080260333e-01,5.413632236607333892e-02,5.413632236607331810e-02
7.822500000000000675e+00,1.778996052907451286e+01,6.119318996053017327e+04,5.975514277837974397e-01,5.413532031822355234e-02,5.413532031822355234e-02
7.830000000000000959e+00,1.826991859199220869e+01,6.125346991859309492e+04,5.974594236997008423e-01,5.413466169213730639e-02,5.413466169213729945e-02
7.837500000000000355e+00,1.874982586205692314e+01,6.131374982586316037e+04,5.974648112711671288e-01,5.413401201637291910e-02,5.413401201637290522e-02
7.845000000000000639e+00,1.922974540981671154e+01,6.137402974541092408e+04,5.973717099314999057e-01,5.413313460386186271e-02,5.413313460386185577e-02
7.852500000000000924e+00,1.970964667104204793e+01,6.143430964667215449e+04,5.971816901124906707e-01,5.413224854532316943e-02,5.413224854532316943e-02
7.860000000000000320e+00,2.018954483076866069e+01,6.149458954483188427e+04,5.968963067013387525e-01,5.413122857170273028e-02,5.413122857170273028e-02
7.867500000000000604e+00,2.066933884293522539e+01,6.155486933884405153e+04,5.968084611727891842e-01,5.413049271794129896e-02,5.413049271794129896e-02
7.875000000000000888e+00,2.114907241587873443e+01,6.161514907241699984e+04,5.968207888114005488e-01,5.412980725662177445e-02,5.412980725662176751e-02
7.882500000000000284e+00,2.162882085720341507e+01,6.167542882085832389e+04,5.967326311767414682e-01,5.412888515384094157e-02,5.412888515384094851e-02
7.890000000000000568e+00,2.210855753594424655e+01,6.173570855753707292e+04,5.965456668871157442e-01,5.412790713395687625e-02,5.412790713395689013e-02
7.897500000000000853e+00,2.258828827244495940e+01,6.179598828827357647e+04,5.962615566646290999e-01,5.412685917922356593e-02,5.412685917922356593e-02
7.905000000000000249e+00,2.306791946326969978e+01,6.185626791946440062e+04,5.961946991307550681e-01,5.412608376878232791e-02,5.412608376878232097e-02
7.912500000000000533e+00,2.354748932208206824e+01,6.191654748932321672e+04,5.962099691534862300e-01,5.412536206982736242e-02,5.412536206982737630e-02
7.920000000000000817e+00,2.402707741460484669e+01,6.197682707741574268e+04,5.961229060396665558e-01,5.412439121401282222e-02,5.412439121401284303e-02
7.927500000000000213e+00,2.450665755850206651e+01,6.203710665755964146e+04,5.959352962767342499e-01,5.412333664807728734e-02,5.412333664807728734e-02
7.935000000000000497e+00,2.498623186857205880e+01,6.209738623186971381e+04,5.956489060068438368e-01,5.412225256907289561e-02,5.412225256907287479e-02
7.942500000000000782e+00,2.546570224335871657e+01,6.215766570224450697e+04,5.956191083710579148e-01,5.412147295215109094e-02,5.412147295215107012e-02
7.950000000000001066e+00,2.594511886065894757e+01,6.221794511886181135e+04,5.956333502743680341e-01,5.412071195093919734e-02,5.412071195093919734e-02
7.957500000000000462e+00,2.642455778073181349e+01,6.227822455778188305e+04,5.955435736056344798e-01,5.411968713012823423e-02,5.411968713012824117e-02
7.965000000000000746e+00,2.690398976155688615e+01,6.233850398976271390e+04,5.953516714894089290e-01,5.411857233899280278e-02,5.411857233899278891e-02
7.972500000000001030e+00,2.738341893197865673e+01,6.239878341893313336e+04,5.950595141724672743e-01,5.411744493178553134e-02,5.411744493178553828e-02
7.980000000000000426e+00,2.786273109415227012e+01,6.245906273109531321e+04,5.950819984897353088e-01,5.411669474304174610e-02,5.411669474304175997e-02
7.987500000000000711e+00,2.834200542758162200e+01,6.251934200542874896e+04,5.950913137736113523e-01,5.411588907889111622e-02,5.411588907889111622e-02
7.995000000000000995e+00,2.882130816271876128e+01,6.257962130816388526e+04,5.949950993256286624e-01,5.411478322947717995e-02,5.411478322947717301e-02
8.002500000000001279e+00,2.930059908312098571e+01,6.263990059908429248e+04,5.947953527826632669e-01,5.411364717301365285e-02,5.411364717301365285e-02
8.009999999999999787e+00,2.977989478449016758e+01,6.270017989478566597e+04,5.944940463061999525e-01,5.411246858002625310e-02,5.411246858002626003e-02
8.017500000000000071e+00,3.025905175353247145e+01,6.276045905175471125e+04,5.945831035192311598e-01,5.411178040583565496e-02,5.411178040583566190e-02
8.025000000000000355e+00,3.073819524246365020e+01,6.282073819524364080e+04,5.945837084701777187e-01,5.411092326826098114e-02,5.411092326826098114e-02
8.032500000000000639e+00,3.121737281087620985e+01,6.288101737281205715e+04,5.944774564230138614e-01,5.410973034090522937e-02,5.410973034090522243e-02
8.040000000000000924e+00,3.169653210920655084e+01,6.294129653211039113e+04,5.942664465428675324e-01,5.410859222787786638e-02,5.410859222787785944e-02
8.047500000000001208e+00,3.217570403655431477e+01,6.300157570403774298e+04,5.940231803716677916e-01,5.410736467774295011e-02,5.410736467774295011e-02
8.055000000000001492e+00,3.265471146559119120e+01,6.306185471146678174e+04,5.941216705311078705e-01,5.410675865069933255e-02,5.410675865069932561e-02
8.062500000000000000e+00,3.313373611114420925e+01,6.312213373611233692e+04,5.941099361585253646e-01,5.410584196714515737e-02,5.410584196714515043e-02
8.070000000000000284e+00,3.361279704556085335e+01,6.318241279704675981e+04,5.939902087022852495e-01,5.410457651899403669e-02,5.410457651899403669e-02
8.077500000000000568e+00,3.409183683850466196e+01,6.324269183683970186e+04,5.937646850573937707e-01,5.410343645283068048e-02,5.410343645283068742e-02
8.085000000000000853e+00,3.457086787564073660e+01,6.330297086787684384e+04,5.936127999360275576e-01,5.410229805937617070e-02,5.410229805937617070e-02
8.092500000000001137e+00,3.504975869356233886e+01,6.336324975869476475e+04,5.936965488969068172e-01,5.410165610480165838e-02,5.410165610480165838e-02
8.100000000000001421e+00,3.552867719005299563e+01,6.342352867719125788e+04,5.936690373261013232e-01,5.410066980778854145e-02,5.410066980778853452e-02
8.107499999999999929e+00,3.600762885512637013e+01,6.348380762885633885e+04,5.935325926702842425e-01,5.409935535354435526e-02,5.409935535354435526e-02
8.115000000000000213e+00,3.648656247245931183e+01,6.354408656247367617e+04,5.932895049978826885e-01,5.409820603000078942e-02,5.409820603000078942e-02
8.122500000000000497e+00,3.696545357172803392e+01,6.360436545357294381e+04,5.932406886231197385e-01,5.409720127416885183e-02,5.409720127416884489e-02
8.130000000000000782e+00,3.744424307496209536e+01,6.366464424307618174e+04,5.933062780374922518e-01,5.409649633338512592e-02,5.409649633338512592e-02
8.137500000000001066e+00,3.792307159777421077e+01,6.372492307159899792e+04,5.932597747824025491e-01,5.409539054532919167e-02,5.409539054532918473e-02
8.145000000000001350e+00,3.840191841371550652e+01,6.378520191841493943e+04,5.931035970388833789e-01,5.409409338794623351e-02,5.409409338794622657e-02
8.152499999999999858e+00,3.888075923709689619e+01,6.384548075923832221e+04,5.928401228011621615e-01,5.409292361383675335e-02,5.409292361383676723e-02
8.160000000000000142e+00,3.935951385646546896e+01,6.390575951385769440e+04,5.929049098859490163e-01,5.409208321716774820e-02,5.409208321716774820e-02
8.167500000000000426e+00,3.983821548388333156e+01,6.396603821548511769e+04,5.929491716818349190e-01,5.409129831443484915e-02,5.409129831443482833e-02
8.175000000000000711e+00,4.031696642564674704e+01,6.402631696642688621e+04,5.928807133477247415e-01,5.409006883621386708e-02,5.409006883621387402e-02
8.182500000000000995e+00,4.079571650795873694e+01,6.408659571650919679e+04,5.927020378827693170e-01,5.408882007981971607e-02,5.408882007981970219e-02
8.190000000000001279e+00,4.127447823456189013e+01,6.414687447823580442e+04,5.924675385291739982e-01,5.408760767484716014e-02,5.408760767484716014e-02
8.197499999999999787e+00,4.175310067874899289e+01,6.420715310067999235e+04,5.926033553437156653e-01,5.408695821775071078e-02,5.408695821775072465e-02
8.205000000000000071e+00,4.223172763327089996e+01,6.426743172763451730e+04,5.926233968915145534e-01,5.408607916263458160e-02,5.408607916263457466e-02
8.212500000000000355e+00,4.271040726978264246e+01,6.432771040727103536e+04,5.925302939888594800e-01,5.408476169995468652e-02,5.408476169995467264e-02
8.220000000000000639e+00,4.318907413206015633e+01,6.438798907413331472e+04,5.923266279681239643e-01,5.408356355956929484e-02,5.408356355956929484e-02
8.227500000000000924e+00,4.366773851305892151e+01,6.444826773851431790e+04,5.922245237635154202e-01,5.408243892972285777e-02,5.408243892972286471e-02
8.235000000000001208e+00,4.414626511018103372e+01,6.450854626511144306e+04,5.923338222879928061e-01,5.408184581974411625e-02,5.408184581974411625e-02
8.242500000000001492e+00,4.462483427290239035e+01,6.456882483427416446e+04,5.923270463776885153e-01,5.408082327378098408e-02,5.408082327378098408e-02
8.250000000000000000e+00,4.510344156125854198e+01,6.462910344156252540e+04,5.922069010598228767e-01,5.407951383575348298e-02,5.407951383575348298e-02
8.257500000000000284e+00,4.558204293744294944e+01,6.468938204293871240e+04,5.919760390384204429e-01,5.407833841739381059e-02,5.407833841739379671e-02
8.265000000000000568e+00,4.606059022341037945e+01,6.474966059022468107e+04,5.920137912528209423e-01,5.407743914877153474e-02,5.407743914877153474e-02
8.272500000000000853e+00,4.653905859210404117e+01,6.480993905859337974e+04,5.920940833999766006e-01,5.407676231600231503e-02,5.407676231600232197e-02
8.280000000000001137e+00,4.701758386555360403e+01,6.487021758386683359e+04,5.920582029327233764e-01,5.407558942682483272e-02,5.407558942682483272e-02
8.287500000000001421e+00,4.749612372137414695e+01,6.493049612372265256e+04,5.919089215982634711e-01,5.407433068818896793e-02,5.407433068818898181e-02
8.294999999999999929e+00,4.797467489729830703e+01,6.499077467489858100e+04,5.916647289341855354e-01,5.407315205875899006e-02,5.407315205875899006e-02
8.302500000000000213e+00,4.845310878950121491e+01,6.505105310879078752e+04,5.918328230010467816e-01,5.407250000614272079e-02,5.407250000614269303e-02
8.310000000000000497e+00,4.893153401506011591e+01,6.511133153401634627e+04,5.918819476843824035e-01,5.407171096808788963e-02,5.407171096808791044e-02
8.317500000000000782e+00,4.941002232208818157e+01,6.517161002232338069e+04,5.918149951088585992e-01,5.407042605356249254e-02,5.407042605356249948e-02
8.325000000000001066e+00,4.988850583933471938e+01,6.523188850584063039e+04,5.916347959321092143e-01,5.406923718458760825e-02,5.406923718458761519e-02
8.332500000000001350e+00,5.036699621363123214e+01,6.529216699621493171e+04,5.915443101065189779e-01,5.406813973152327368e-02,5.406813973152328062e-02
8.339999999999999858e+00,5.084534641337173611e+01,6.535244534641467180e+04,5.916791826814886690e-01,5.406762973719136250e-02,5.406762973719136250e-02
8.347500000000000142e+00,5.132374670702296982e+01,6.541272374670832505e+04,5.916953119482100121e-01,5.406666115099365705e-02,5.406666115099365705e-02
8.355000000000000426e+00,5.180219187660631519e+01,6.547300219187791663e+04,5.915956435905227462e-01,5.406540138015571151e-02,5.406540138015572539e-02
8.362500000000000711e+00,5.228063846005208148e+01,6.553328063846136502e+04,5.913830591560864658e-01,5.406425691307698012e-02,5.406425691307698012e-02
8.370000000000000995e+00,5.275903176501240210e+01,6.559355903176633001e+04,5.914505869110603387e-01,5.406344109831864864e-02,5.406344109831864170e-02
8.377500000000001279e+00,5.323735355138981618e+01,6.565383735355270619e+04,5.915505623905117361e-01,5.406284127158198644e-02,5.406284127158199337e-02
8.385000000000001563e+00,5.371574167290061297e+01,6.571411574167422077e+04,5.915322024721293426e-01,5.406170595443501870e-02,5.406170595443501176e-02
8.392500000000000071e+00,5.419414722729555223e+01,6.577439414722860965e+04,5.913984980150504001e-01,5.406051147430691872e-02,5.406051147430692566e-02
8.400000000000000355e+00,5.467257301539653014e+01,6.583467257301672362e+04,5.911964701917007403e-01,5.405937927405854437e-02,5.405937927405854437e-02
8.407500000000000639e+00,5.515087282276618197e+01,6.589495087282409077e+04,5.913810738357211383e-01,5.405885584069138744e-02,5.405885584069138050e-02
8.415000000000000924e+00,5.562918382391589489e+01,6.595522918382524222e+04,5.914448192164035722e-01,5.405810794353436283e-02,5.405810794353435589e-02
8.422500000000001208e+00,5.610756111359589227e+01,6.601550756111492228e+04,5.913908068283192376e-01,5.405689182295643491e-02,5.405689182295643491e-02
8.430000000000001492e+00,5.658593970641830140e+01,6.607578593970775546e+04,5.912220642887363597e-01,5.405577183817129872e-02,5.405577183817130565e-02
8.437500000000000000e+00,5.706431515724798942e+01,6.613606431515858276e+04,5.911868108676703315e-01,5.405482262396014981e-02,5.405482262396012899e-02
8.445000000000000284e+00,5.754256997543357954e+01,6.619634256997676857e+04,5.913334837634912633e-01,5.405438641092391583e-02,5.405438641092390195e-02
8.452500000000000568e+00,5.802088666763035008e+01,6.625662088666897034e+04,5.913600017766359462e-01,5.405344572260967900e-02,5.405344572260968594e-02
8.460000000000000853e+00,5.849924590432867433e+01,6.631689924590567534e+04,5.912694960820312762e-01,5.405227828701952147e-02,5.405227828701952147e-02
8.467500000000001137e+00,5.897761724054415566e+01,6.637717761724189040e+04,5.910650227124683020e-01,5.405120634877209201e-02,5.405120634877208508e-02
8.475000000000001421e+00,5.945591498052918666e+01,6.643745591498188151e+04,5.911978301738174402e-01,5.405057997324328595e-02,5.405057997324329289e-02
8.482499999999999929e+00,1.341716030733205722e-01,6.643793417160442914e+04,5.913057490253231796e-01,5.405003854842475863e-02,5.405003854842475863e-02
8.490000000000000213e+00,6.125043399646189490e-01,6.649821250434132526e+04,5.912943671467698614e-01,5.404893334819872719e-02,5.404893334819872719e-02
8.497500000000000497e+00,1.090849849493654933e+00,6.655849084985085938e+04,5.911668378666871115e-01,5.404784823205371208e-02,5.404784823205371208e-02
8.505000000000000782e+00,1.569228115970381809e+00,6.661876922811733675e+04,5.910371382226812242e-01,5.404679184799322106e-02,5.404679184799322800e-02
8.512500000000001066e+00,2.047453387278917347e+00,6.667904745338864450e+04,5.912273662331809509e-01,5.404648434667191914e-02,5.404648434667192608e-02
8.520000000000001350e+00,2.525730284820966620e+00,6.673932573028618935e+04,5.912960329706262730e-01,5.404575629652264707e-02,5.404575629652264707e-02
8.527499999999999858e+00,3.004070576762732259e+00,6.679960407057813427e+04,5.912463888378839405e-01,5.404464003884380113e-02,5.404464003884379419e-02
8.535000000000000142e+00,3.482419532965731701e+00,6.685988241953434772e+04,5.910816010373652896e-01,5.404362535445265958e-02,5.404362535445265264e-02
8.542500000000000426e+00,3.960739727601403359e+00,6.692016073972897721e+04,5.911238247982273375e-01,5.404291461490248749e-02,5.404291461490248749e-02
8.550000000000000711e+00,4.438975955630514392e+00,6.698043897595701856e+04,5.912735082373485884e-01,5.404254135783693319e-02,5.404254135783694013e-02
8.557500000000000995e+00,4.917286326518124362e+00,6.704071728632789745e+04,5.913027328678881478e-01,5.404162043115930819e-02,5.404162043115929431e-02
8.565000000000001279e+00,5.395630137965079065e+00,6.710099563013935403e+04,5.912147566710802549e-01,5.404058252851077354e-02,5.404058252851078048e-02
8.572500000000001563e+00,5.873999554045813198e+00,6.716127399955544388e+04,5.910127527804087677e-01,5.403961214808740421e-02,5.403961214808741115e-02
8.580000000000000071e+00,6.352262261910222918e+00,6.722155226226329978e+04,5.912254696704293266e-01,5.403923932362011961e-02,5.403923932362011961e-02
8.587500000000000355e+00,6.830529473778979899e+00,6.728183052947517717e+04,5.913345943574287444e-01,5.403872607230635061e-02,5.403872607230634367e-02
8.595000000000000639e+00,7.308874858760555426e+00,6.734210887486016145e+04,5.913244751133939214e-01,5.403769771710451725e-02,5.403769771710453113e-02
8.602500000000000924e+00,7.787231228553969764e+00,6.740238723122994998e+04,5.911983695439703146e-01,5.403674640122536899e-02,5.403674640122538286e-02
8.610000000000001208e+00,8.265598352139145177e+00,6.746266559835354565e+04,5.911502595527936554e-01,5.403595386894025077e-02,5.403595386894025077e-02
8.617500000000001492e+00,8.743843929405340276e+00,6.752294384393081418e+04,5.913403682717769394e-01,5.403573868046348400e-02,5.403573868046347012e-02
8.625000000000000000e+00,9.222157880967444044e+00,6.758322215788238100e+04,5.914092024579575835e-01,5.403502759580348230e-02,5.403502759580347536e-02
8.632500000000000284e+00,9.700526275781244934e+00,6.764350052627720288e+04,5.913601038438007773e-01,5.403404848634515284e-02,5.403404848634515284e-02
8.640000000000000568e+00,1.017891388161433674e+01,6.770377891388302669e+04,5.911963221838199001e-01,5.403316221776665457e-02,5.403316221776667538e-02
8.647500000000000853e+00,1.065723916266033200e+01,6.776405723916407442e+04,5.913181241898316509e-01,5.403272837388945621e-02,5.403272837388946315e-02
8.655000000000001137e+00,1.113552511848948257e+01,6.782433552511991002e+04,5.914670640935442147e-01,5.403241410736334821e-02,5.403241410736335515e-02
8.662500000000001421e+00,1.161389458385560225e+01,6.788461389458528720e+04,5.914961347926251944e-01,5.403153327526613592e-02,5.403153327526614286e-02
8.669999999999999929e+00,1.209228677935530705e+01,6.794489228678078507e+04,5.914086641186739879e-01,5.403064920492886558e-02,5.403064920492885864e-02
8.677500000000000213e+00,1.257071888486458455e+01,6.800517071888629289e+04,5.912656109673716243e-01,5.402979546025049595e-02,5.402979546025048901e-02
8.685000000000000497e+00,1.304900668607046477e+01,6.806544900668750051e+04,5.914958692665132078e-01,5.402970003852079761e-02,5.402970003852079761e-02
8.692500000000000782e+00,1.352734866961104210e+01,6.812572734867104737e+04,5.916043297439012028e-01,5.402921840376492119e-02,5.402921840376491425e-02
8.700000000000001066e+00,1.400576405606718211e+01,6.818600576405751053e+04,5.915943979011279996e-01,5.402831319348502803e-02,5.402831319348502803e-02
8.707500000000001350e+00,1.448419485679227492e+01,6.824628419485823542e+04,5.914693808641883210e-01,5.402750903352680073e-02,5.402750903352680073e-02
8.714999999999999858e+00,1.496260689123472432e+01,6.830656260689267947e+04,5.914931162263025177e-01,5.402700556814318822e-02,5.402700556814318822e-02
8.722500000000000142e+00,1.544093765213832548e+01,6.836684093765358557e+04,5.916822493639697367e-01,5.402686718597380505e-02,5.402686718597379811e-02
8.730000000000000426e+00,1.591934752464369041e+01,6.842711934752609523e+04,5.917511438749111230e-01,5.402619784913640505e-02,5.402619784913639117e-02
8.737500000000000711e+00,1.639780089485010706e+01,6.848739780089630221e+04,5.917031789230231542e-01,5.402537825928373227e-02,5.402537825928373921e-02
8.745000000000000995e+00,1.687628493236594807e+01,6.854767628493382654e+04,5.915416347529609542e-01,5.402463320539377389e-02,5.402463320539377389e-02
8.752500000000001279e+00,1.735467453743392596e+01,6.860795467453889432e+04,5.917271532582187854e-01,5.402446964469430346e-02,5.402446964469429652e-02
8.760000000000001563e+00,1.783306705155690608e+01,6.866823306705302093e+04,5.918762254027978287e-01,5.402422218786795405e-02,5.402422218786794017e-02
8.767500000000000071e+00,1.831154635898260707e+01,6.872851154636044521e+04,5.919066652012598961e-01,5.402342877834392237e-02,5.402342877834392931e-02
8.775000000000000355e+00,1.879004352200458783e+01,6.878879004352347692e+04,5.918218195021732742e-01,5.402270457299473277e-02,5.402270457299472584e-02
8.782500000000000639e+00,1.926856440324911901e+01,6.884906856440471893e+04,5.917360061148437822e-01,5.402211019937368935e-02,5.402211019937369629e-02
8.790000000000000924e+00,1.974696266841801062e+01,6.890934696266989340e+04,5.919666749787955151e-01,5.402213963253215540e-02,5.402213963253215540e-02
8.797500000000001208e+00,2.022543057966934654e+01,6.896962543058114534e+04,5.920769367145306550e-01,5.402171629858416174e-02,5.402171629858416174e-02
8.805000000000001492e+00,2.070396490272941392e+01,6.902990396490420972e+04,5.920702047668464640e-01,5.402096291941327344e-02,5.402096291941325262e-02
8.812500000000000000e+00,2.118252129780243465e+01,6.909018252129928442e+04,5.919497883805449057e-01,5.402031506357050927e-02,5.402031506357050233e-02
8.820000000000000284e+00,2.166103466966408320e+01,6.915046103467115609e+04,5.920192408242438420e-01,5.402006652697369932e-02,5.402006652697369932e-02
8.827500000000000568e+00,2.213950034526673250e+01,6.921073950034675363e+04,5.922108101119352153e-01,5.402001448254283023e-02,5.402001448254283716e-02
8.835000000000000853e+00,2.261805079385423056e+01,6.927101805079534824e+04,5.922836720110342679e-01,5.401943209428785447e-02,5.401943209428784753e-02
8.842500000000001137e+00,2.309663717690834872e+01,6.933129663717839867e+04,5.922411975198657030e-01,5.401877532609423299e-02,5.401877532609421911e-02
8.850000000000001421e+00,2.357526319522578362e+01,6.939157526319671888e+04,5.920866536795671431e-01,5.401817684911540407e-02,5.401817684911539019e-02
8.857499999999999929e+00,2.405377270945178481e+01,6.945185377271095058e+04,5.923048287299061965e-01,5.401824333103323605e-02,5.401824333103323605e-02
8.865000000000000213e+00,2.453231552940897586e+01,6.951213231553090736e+04,5.924588331996523127e-01,5.401808317557529882e-02,5.401808317557530575e-02
8.872500000000000497e+00,2.501094386071223497e+01,6.957241094386222539e+04,5.924958402616850028e-01,5.401742365612529490e-02,5.401742365612529490e-02
8.880000000000000782e+00,2.548959089265466460e+01,6.963268959089416603e+04,5.924191741400859357e-01,5.401685929250859414e-02,5.401685929250858026e-02
8.887500000000001066e+00,2.596824822597002935e+01,6.969296824822748022e+04,5.923552700456572451e-01,5.401649185289422034e-02,5.401649185289423422e-02
8.895000000000001350e+00,2.644680422775878270e+01,6.975324680422927486e+04,5.925920383129041902e-01,5.401663084852157543e-02,5.401663084852158930e-02
8.902499999999999858e+00,2.692543463830263306e+01,6.981352543463982875e+04,5.927101350912491462e-01,5.401631516064939187e-02,5.401631516064939881e-02
8.910000000000000142e+00,2.740412810236277252e+01,6.987380412810388952e+04,5.927129423574053479e-01,5.401571527737433764e-02,5.401571527737435152e-02
8.917500000000000426e+00,2.788284804371275527e+01,6.993408284804523282e+04,5.926037339307940188e-01,5.401522460318241431e-02,5.401522460318242125e-02
8.925000000000000711e+00,2.836151479217448212e+01,6.999436151479370892e+04,5.926793832115979654e-01,5.401516623982074994e-02,5.401516623982074994e-02
8.932500000000000995e+00,2.884015107525871713e+01,7.005464015107679006e+04,5.928802502503373040e-01,5.401522400684945907e-02,5.401522400684946601e-02
8.940000000000001279e+00,2.931887308178352924e+01,7.011491887308331206e+04,5.929641947177836103e-01,5.401477870447049523e-02,5.401477870447048829e-02
8.947500000000001563e+00,2.979763010872489204e+01,7.017519763011025498e+04,5.929345443000327842e-01,5.401427443076690232e-02,5.401427443076690232e-02
8.955000000000000071e+00,3.027643050727829532e+01,7.023547643050881743e+04,5.927945194491707204e-01,5.401382603178301461e-02,5.401382603178302155e-02
8.962500000000000355e+00,3.075511021955391300e+01,7.029575511022110004e+04,5.930021120041256699e-01,5.401405247941813009e-02,5.401405247941811621e-02
8.970000000000000639e+00,3.123383319367784239e+01,7.035603383319522254e+04,5.931689295528993489e-01,5.401401253668752095e-02,5.401401253668751401e-02
8.977500000000000924e+00,3.171264022524685799e+01,7.041631264022679534e+04,5.932205528105245484e-01,5.401351451928140118e-02,5.401351451928140118e-02
8.985000000000001208e+00,3.219146837542649564e+01,7.047659146837698063e+04,5.931602525115142743e-01,5.401310304244485994e-02,5.401310304244485994e-02
8.992500000000001492e+00,3.267030880602509058e+01,7.053687030880758539e+04,5.930714131433001413e-01,5.401287797407160890e-02,5.401287797407161584e-02
9.000000000000000000e+00,3.314905141796015897e+01,7.059714905141951749e+04,5.933229157885945293e-01,5.401314519422168586e-02,5.401314519422168586e-02
9.007500000000000284e+00,3.362786664479865095e+01,7.065742786664636515e+04,5.934576000194597967e-01,5.401299787016385079e-02,5.401299787016385079e-02
9.015000000000000568e+00,3.410674932823201289e+01,7.071770674932979455e+04,5.934787880752968592e-01,5.401253414003440168e-02,5.401253414003440168e-02
9.022500000000000853e+00,3.458565788820159526e+01,7.077798565788977430e+04,5.933896917156017414e-01,5.401219509734123819e-02,5.401219509734123125e-02
9.030000000000001137e+00,3.506452324905175288e+01,7.083826452325061837e+04,5.934217017572270825e-01,5.401223974882318757e-02,5.401223974882318757e-02
9.037500000000001421e+00,3.554335254082036499e+01,7.089854335254238686e+04,5.936413100867103942e-01,5.401243817048583667e-02,5.401243817048584361e-02
9.044999999999999929e+00,3.602226424910830360e+01,7.095882226425068802e+04,5.937458214362349995e-01,5.401218105920708307e-02,5.401218105920707613e-02
9.052500000000000213e+00,3.650121833072692112e+01,7.101910121833230369e+04,5.937384961934866201e-01,5.401180566727736138e-02,5.401180566727736138e-02
9.060000000000000497e+00,3.698021256694592296e+01,7.107938021256853244e+04,5.936224857097409657e-01,5.401151047718675408e-02,5.401151047718674020e-02
9.067500000000000782e+00,3.745910571770528463e+01,7.113965910571928544e+04,5.937670998580888426e-01,5.401180264871056208e-02,5.401180264871056208e-02
9.075000000000001066e+00,3.793802562324386685e+01,7.119993802562482597e+04,5.939568449323541222e-01,5.401192167022891150e-02,5.401192167022891844e-02
9.082500000000001350e+00,3.841702928770656200e+01,7.126021702928929881e+04,5.940331698096757984e-01,5.401160699728086573e-02,5.401160699728087267e-02
9.089999999999999858e+00,3.889605823369274873e+01,7.132049605823527963e+04,5.939992718888904566e-01,5.401132645785768072e-02,5.401132645785768072e-02
9.097500000000000142e+00,3.937511979651252858e+01,7.138077511979811243e+04,5.938582412201152128e-01,5.401114390177048918e-02,5.401114390177048225e-02
9.105000000000000426e+00,3.985406590037768382e+01,7.144105406590197526e+04,5.941071572474181384e-01,5.401155848219220401e-02,5.401155848219220401e-02
9.112500000000000711e+00,4.033307911242382460e+01,7.150133307911401789e+04,5.942690864213000523e-01,5.401159634598347303e-02,5.401159634598347997e-02
9.120000000000000995e+00,4.081216590824801926e+01,7.156161216590985714e+04,5.943192207957903594e-01,5.401129331170333170e-02,5.401129331170334558e-02
9.127500000000001279e+00,4.129127669804372402e+01,7.162189127669965092e+04,5.942606941805530507e-01,5.401108979630293849e-02,5.401108979630290380e-02
9.135000000000001563e+00,4.177037731474239024e+01,7.168217037731634628e+04,5.941918726414028296e-01,5.401113265878913078e-02,5.401113265878913772e-02
9.142500000000000071e+00,4.224941028903580786e+01,7.174244941029064648e+04,5.944414402369549988e-01,5.401150189280413266e-02,5.401150189280413960e-02
9.150000000000000355e+00,4.272851777935625250e+01,7.180272851778096810e+04,5.945776015441224249e-01,5.401147690492812126e-02,5.401147690492812820e-02
9.157500000000000639e+00,4.320768358942472531e+01,7.186300768359104404e+04,5.946035363764985426e-01,5.401121255401807736e-02,5.401121255401806348e-02
9.165000000000000924e+00,4.368688009463450328e+01,7.192328688009626057e+04,5.945223148369972455e-01,5.401106219418853188e-02,5.401106219418850413e-02
9.172500000000001208e+00,4.416602072224698361e+01,7.198356602072386886e+04,5.945452551061507496e-01,5.401131178234368918e-02,5.401131178234367530e-02
9.180000000000001492e+00,4.464514350220457573e+01,7.204384514350382960e+04,5.947695179008748445e-01,5.401162359035373284e-02,5.401162359035373284e-02
9.187500000000000000e+00,4.512434493177711659e+01,7.210412434493339970e+04,5.948819462875063468e-01,5.401154676473948757e-02,5.401154676473948757e-02
9.195000000000000284e+00,4.560358750371654679e+01,7.216440358750535233e+04,5.948856547371006442e-01,5.401134730199327189e-02,5.401134730199327189e-02
9.202500000000000568e+00,4.608287174181621992e+01,7.222468287174345460e+04,5.947836499579133296e-01,5.401122280902012629e-02,5.401122280902012629e-02
9.210000000000000853e+00,4.656205444209036415e+01,7.228496205444373481e+04,5.948899175573725273e-01,5.401166288856100450e-02,5.401166288856101838e-02
9.217500000000001137e+00,4.704126760573076638e+01,7.234524126760737272e+04,5.950909515807758510e-01,5.401191562237444427e-02,5.401191562237445121e-02
9.225000000000001421e+00,4.752055909505288156e+01,7.240552055909669434e+04,5.951816569016147307e-01,5.401180800374003749e-02,5.401180800374003749e-02
9.232499999999999929e+00,4.799987856278991671e+01,7.246579987856443040e+04,5.951650832184796069e-01,5.401169560613820059e-02,5.401169560613819365e-02
9.240000000000000213e+00,4.847923818233806514e+01,7.252607923818398558e+04,5.950441745356337409e-01,5.401163008989334074e-02,5.401163008989334074e-02
9.247500000000000497e+00,4.895847851739171119e+01,7.258635847851904691e+04,5.952254382789962106e-01,5.401217849843681362e-02,5.401217849843679975e-02
9.255000000000000782e+00,4.943778167759325015e+01,7.264663778167925193e+04,5.954052874900197523e-01,5.401237970645626774e-02,5.401237970645626774e-02
9.262500000000001066e+00,4.991715648657623916e+01,7.270691715648824174e+04,5.954762441600094380e-01,5.401228024203676842e-02,5.401228024203678230e-02
9.270000000000001350e+00,5.039655613751784813e+01,7.276719655613918439e+04,5.954412941529930725e-01,5.401223629883972199e-02,5.401223629883972199e-02
9.277500000000001634e+00,5.087596728223228837e+01,7.282747596728389908e+04,5.953033197901399509e-01,5.401232734378757366e-02,5.401232734378757366e-02
9.285000000000000142e+00,5.135529073940936939e+01,7.288775529074107180e+04,5.955513855152484437e-01,5.401285113153987683e-02,5.401285113153986989e-02
9.292500000000000426e+00,5.183468259578098269e+01,7.294803468259745569e+04,5.957120522024322851e-01,5.401301541445649446e-02,5.401301541445649446e-02
9.300000000000000711e+00,5.231413644094186566e+01,7.300831413644261193e+04,5.957651903832432705e-01,5.401294068295328654e-02,5.401294068295330736e-02
9.307500000000000995e+00,5.279361756273878825e+01,7.306859361756441649e+04,5.957137233434893764e-01,5.401294601614944207e-02,5.401294601614942820e-02
9.315000000000001279e+00,5.327307950397138114e+01,7.312887307950564718e+04,5.956146712939338617e-01,5.401318258724163712e-02,5.401318258724163712e-02
9.322500000000001563e+00,5.375248710659489859e+01,7.318915248710828018e+04,5.958673140955371705e-01,5.401367148049046607e-02,5.401367148049045913e-02
9.330000000000000071e+00,5.423196583027564088e+01,7.324943196583195822e+04,5.960107507642840030e-01,5.401380761903698535e-02,5.401380761903697841e-02
9.337500000000000355e+00,5.471149557866424118e+01,7.330971149558035540e+04,5.960479489566702371e-01,5.401377063215045266e-02,5.401377063215046653e-02
9.345000000000000639e+00,5.519105782023605400e+01,7.336999105782192782e+04,5.959817709092753990e-01,5.401380902533541029e-02,5.401380902533541029e-02
9.352500000000000924e+00,5.567057131177993057e+01,7.343027057131347829e+04,5.959367319843505983e-01,5.401417578812331421e-02,5.401417578812330034e-02
9.360000000000001208e+00,5.615006172210433277e+01,7.349055006172379944e+04,5.961727645255063823e-01,5.401462990723304713e-02,5.401462990723303326e-02
9.367500000000001492e+00,5.662962453965036502e+01,7.355082962454135122e+04,5.963008671366296642e-01,5.401474760728600111e-02,5.401474760728600805e-02
9.375000000000000000e+00,5.710922754975174342e+01,7.361110922755145293e+04,5.963239460457289143e-01,5.401476023717555197e-02,5.401476023717555197e-02
9.382500000000000284e+00,5.758886988644812277e+01,7.367138886988814920e+04,5.962448041999076631e-01,5.401481308633665490e-02,5.401481308633666878e-02
9.390000000000000568e+00,5.806843575594635354e+01,7.373166843575765961e+04,5.962459301789815314e-01,5.401529509818046165e-02,5.401529509818046165e-02
9.397500000000000853e+00,5.854800677822055377e+01,7.379194800677993044e+04,5.964672642331672048e-01,5.401571786130063280e-02,5.401571786130061892e-02
9.405000000000001137e+00,5.902764984280327809e+01,7.385222764984451351e+04,5.965818666558130312e-01,5.401582990931779599e-02,5.401582990931778905e-02
9.412500000000001421e+00,5.950732417813546959e+01,7.391250732417985273e+04,5.965925841966100984e-01,5.401589671368453582e-02,5.401589671368453582e-02
9.419999999999999929e+00,1.870449939854789134e-01,7.391298704499570886e+04,5.965021624657178556e-01,5.401594725767661087e-02,5.401594725767661087e-02
9.427500000000000213e+00,6.666638094957999527e-01,7.397326666381121322e+04,5.965418494698203622e-01,5.401653061894774732e-02,5.401653061894774038e-02
9.435000000000000497e+00,1.146312638726001643e+00,7.403354631264045020e+04,5.967503306473502800e-01,5.401692941344446441e-02,5.401692941344446441e-02
9.442500000000000782e+00,1.626031519730033459e+00,7.409382603152145748e+04,5.968532001916718732e-01,5.401704677020382345e-02,5.401704677020383732e-02
9.450000000000001066e+00,2.105775891336783445e+00,7.415410577589306922e+04,5.968532475049340702e-01,5.401716199689779452e-02,5.401716199689779452e-02
9.457500000000001350e+00,2.585572817464992124e+00,7.421438557281919930e+04,5.967531629715816521e-01,5.401720105336613176e-02,5.401720105336613870e-02
9.465000000000001634e+00,3.065244846655132971e+00,7.427466524484839465e+04,5.968240720065329796e-01,5.401787260061532286e-02,5.401787260061531593e-02
9.472500000000000142e+00,3.544968233182616668e+00,7.433494496823492227e+04,5.970214757839953368e-01,5.401825673270100464e-02,5.401825673270100464e-02
9.480000000000000426e+00,4.024758652324366359e+00,7.439522475865406159e+04,5.971143096839588438e-01,5.401838537697394721e-02,5.401838537697393333e-02
9.487500000000000711e+00,4.504571557620206335e+00,7.445550457155937329e+04,5.971053080384802758e-01,5.401853991454885762e-02,5.401853991454885762e-02
9.495000000000000995e+00,4.984428190560334038e+00,7.451578442819230258e+04,5.969971082458800371e-01,5.401863254179362778e-02,5.401863254179362778e-02
9.502500000000001279e+00,5.464166877897680408e+00,7.457606416687964520e+04,5.970921833833422454e-01,5.401931095680012618e-02,5.401931095680012618e-02
9.510000000000001563e+00,5.943961376465051849e+00,7.463634396137822478e+04,5.972802120223874578e-01,5.401968688840189797e-02,5.401968688840189797e-02
9.517500000000000071e+00,6.423819392286498342e+00,7.469662381939403713e+04,5.973646347460201955e-01,5.401983057048384551e-02,5.401983057048385939e-02
9.525000000000000355e+00,6.903698614705505499e+00,7.475690369861647196e+04,5.973481332102812402e-01,5.402001683099302842e-02,5.402001683099302842e-02
9.532500000000000639e+00,7.383611772781885740e+00,7.481718361177454062e+04,5.972332941685003505e-01,5.402016197831677191e-02,5.402016197831676497e-02
9.540000000000000924e+00,7.863416693141497049e+00,7.487746341669491085e+04,5.973457785315148261e-01,5.402083529494469682e-02,5.402083529494471070e-02
9.547500000000001208e+00,8.343278660020247983e+00,7.493774327866178646e+04,5.975260587666031409e-01,5.402120730096474782e-02,5.402120730096474088e-02
9.555000000000001492e+00,8.823200604392523516e+00,7.499802320060617058e+04,5.976036200394252429e-01,5.402136791363612578e-02,5.402136791363613966e-02
9.562500000000000000e+00,9.303143276142456841e+00,7.505830314327792439e+04,5.975810938142467332e-01,5.402158045309771867e-02,5.402158045309771173e-02
9.570000000000000284e+00,9.783111594459988680e+00,7.511858311159623554e+04,5.974610186185440597e-01,5.402176795976365575e-02,5.402176795976365575e-02
9.577500000000000568e+00,1.026297998229307495e+01,7.517886297998407099e+04,5.975844683216762210e-01,5.402243506815192220e-02,5.402243506815191526e-02
9.585000000000000853e+00,1.074290555884147480e+01,7.523914290556062770e+04,5.977585497057102959e-01,5.402280652927439475e-02,5.402280652927440863e-02
9.592500000000001137e+00,1.122288791113070161e+01,7.529942288791292231e+04,5.978307231423574120e-01,5.402298421854806465e-02,5.402298421854805771e-02
9.600000000000001421e+00,1.170289070501015694e+01,7.535970289070680155e+04,5.978035724553819596e-01,5.402321914770847472e-02,5.402321914770848166e-02
9.607499999999999929e+00,1.218291301681167305e+01,7.541998291301861173e+04,5.976795904230109979e-01,5.402343756727701063e-02,5.402343756727699675e-02
9.615000000000000213e+00,1.266284145932147887e+01,7.548026284146110993e+04,5.978078866014541193e-01,5.402409969159986669e-02,5.402409969159986669e-02
9.622500000000000497e+00,1.314282660501257816e+01,7.554054282660680474e+04,5.979772404081838966e-01,5.402447351452299706e-02,5.402447351452299706e-02
9.630000000000000782e+00,1.362286589055150898e+01,7.560082286589234718e+04,5.980454226570611764e-01,5.402466708545478058e-02,5.402466708545478058e-02
9.637500000000001066e+00,1.410292516388322248e+01,7.566110292516568734e+04,5.980149721295348053e-01,5.402492164205628666e-02,5.402492164205630054e-02
9.645000000000001350e+00,1.458300024912523618e+01,7.572138300025093486e+04,5.978883383708057941e-01,5.402515935333680047e-02,5.402515935333680047e-02
9.652500000000001634e+00,1.506298499102153698e+01,7.578166298499282857e+04,5.980156974181101148e-01,5.402581861235144361e-02,5.402581861235144361e-02
9.660000000000000142e+00,1.554302553278254173e+01,7.584194302553459420e+04,5.981817160104621056e-01,5.402619728170709318e-02,5.402619728170709318e-02
9.667500000000000426e+00,1.602311826379158788e+01,7.590222311826561054e+04,5.982472263262392786e-01,5.402640454032204415e-02,5.402640454032204415e-02
9.675000000000000711e+00,1.650323015149959005e+01,7.596250323015332106e+04,5.982147247322613381e-01,5.402667690452563065e-02,5.402667690452562371e-02
9.682500000000000995e+00,1.698335663367524262e+01,7.602278335663549660e+04,5.980866200811199018e-01,5.402692258666998842e-02,5.402692258667000230e-02
9.690000000000001279e+00,1.746339372524537481e+01,7.608306339372707589e+04,5.982076022017097650e-01,5.402758136010867018e-02,5.402758136010866324e-02
9.697500000000001563e+00,1.794348540485169607e+01,7.614334348540667270e+04,5.983715987853948093e-01,5.402796691919227456e-02,5.402796691919227456e-02
9.705000000000000071e+00,1.842362804571167700e+01,7.620362362804754230e+04,5.984356789540492549e-01,5.402818499738769320e-02,5.402818499738770014e-02
9.712500000000000355e+00,1.890378853053451991e+01,7.626390378853236325e+04,5.984022993020320369e-01,5.402847411201357197e-02,5.402847411201357197e-02
9.720000000000000639e+00,1.938396482976700241e+01,7.632418396483160905e+04,5.982738305406269941e-01,5.402871699554762791e-02,5.402871699554762791e-02
9.727500000000000924e+00,1.986405021486445222e+01,7.638446405021670216e+04,5.983833467110243332e-01,5.402937759937882084e-02,5.402937759937882084e-02
9.735000000000001208e+00,2.034418872951700408e+01,7.644474418873136165e+04,5.985465554027938895e-01,5.402977165270168164e-02,5.402977165270168858e-02
9.742500000000001492e+00,2.082437767112700300e+01,7.650502437767297670e+04,5.986103699534994771e-01,5.402999739011259128e-02,5.402999739011259128e-02
9.750000000000000000e+00,2.130458264829320214e+01,7.656530458265014749e+04,5.985772098287792664e-01,5.403030266194615988e-02,5.403030266194615988e-02
9.757500000000000284e+00,2.178480695405987078e+01,7.662558480695591425e+04,5.984494101493569307e-01,5.403053271387289053e-02,5.403053271387288359e-02
9.765000000000000568e+00,2.226493653606349454e+01,7.668586493653792422e+04,5.985427275710446526e-01,5.403119718935195381e-02,5.403119718935195381e-02
9.772500000000000853e+00,2.274511757301949189e+01,7.674614511757488071e+04,5.987063037205354599e-01,5.403160093172224010e-02,5.403160093172223316e-02
9.780000000000001137e+00,2.322534910981315193e+01,7.680642534911166877e+04,5.987709403678683762e-01,5.403183129326126488e-02,5.403183129326126488e-02
9.787500000000001421e+00,2.370559445121012132e+01,7.686670559445307299e+04,5.987390224841802056e-01,5.403215220796252216e-02,5.403215220796253604e-02
9.794999999999999929e+00,2.418586469559661722e+01,7.692698586469746078e+04,5.986128521399879387e-01,5.403236033261567955e-02,5.403236033261567262e-02
9.802500000000000213e+00,2.466603440111399692e+01,7.698726603440298641e+04,5.986855982570554735e-01,5.403303024620431660e-02,5.403303024620430967e-02
9.810000000000000497e+00,2.514625366836164133e+01,7.704754625367023982e+04,5.988506189702489380e-01,5.403344449997462412e-02,5.403344449997462412e-02
9.817500000000000782e+00,2.562652397458366238e+01,7.710782652397645870e+04,5.989170892387919443e-01,5.403367699111112643e-02,5.403367699111114031e-02
9.825000000000001066e+00,2.610680559369964726e+01,7.716810680559558386e+04,5.988873621545207637e-01,5.403401270729060041e-02,5.403401270729060041e-02
9.832500000000001350e+00,2.658711940869769208e+01,7.722838711941057409e+04,5.987637092592276167e-01,5.403419103804715795e-02,5.403419103804715101e-02
9.840000000000001634e+00,2.706732526649904003e+01,7.728866732526838314e+04,5.988118744052650655e-01,5.403486719788428566e-02,5.403486719788427178e-02
9.847500000000000142e+00,2.754757852038821042e+01,7.734894757852227485e+04,5.989793392260667204e-01,5.403529244651928548e-02,5.403529244651926466e-02
9.855000000000000426e+00,2.802788362233081543e+01,7.740922788362421852e+04,5.990485792175579416e-01,5.403552551095554962e-02,5.403552551095557044e-02
9.862500000000000711e+00,2.850819754174007414e+01,7.746950819754363329e+04,5.990219181802854953e-01,5.403587447235014968e-02,5.403587447235014274e-02
9.870000000000000995e+00,2.898855217650717009e+01,7.752978855217840464e+04,5.989015996226213501e-01,5.403601687197822495e-02,5.403601687197822495e-02
9.877500000000001279e+00,2.946879043737118664e+01,7.759006879043926892e+04,5.989215383536709014e-01,5.403669882411121783e-02,5.403669882411121089e-02
9.885000000000001563e+00,2.994907350649691580e+01,7.765034907350839057e+04,5.990923700679623431e-01,5.403713524329697981e-02,5.403713524329698675e-02
9.892500000000000071e+00,3.042940924918335099e+01,7.771062940925107978e+04,5.991652413385202269e-01,5.403736862929538198e-02,5.403736862929538198e-02
9.900000000000000355e+00,3.090975167144220492e+01,7.777090975167334545e+04,5.991424492283766723e-01,5.403772822200145209e-02,5.403772822200145209e-02
9.907500000000000639e+00,3.139014382359317423e+01,7.783119014382550085e+04,5.990262116752821386e-01,5.403783122317697835e-02,5.403783122317697141e-02
9.915000000000000924e+00,3.187041116904036286e+01,7.789147041117095796e+04,5.990146428389313549e-01,5.403851627912528016e-02,5.403851627912528016e-02
9.922500000000001208e+00,3.235071997232987684e+01,7.795175071997423947e+04,5.991896883726901546e-01,5.403896377813818819e-02,5.403896377813818819e-02
9.930000000000001492e+00,3.283108198757811635e+01,7.801203108198949485e+04,5.992669788944381404e-01,5.403919882045102319e-02,5.403919882045103706e-02
9.937500000000000000e+00,3.331144936268060519e+01,7.807231144936459896e+04,5.992487872431484508e-01,5.403956513036401593e-02,5.403956513036401593e-02
9.945000000000000284e+00,3.379187210968310495e+01,7.813259187211160315e+04,5.991373082107057657e-01,5.403964370887061330e-02,5.403964370887062024e-02
9.952500000000000568e+00,3.427216876534157564e+01,7.819287216876726598e+04,5.990913137955312662e-01,5.404031109959159945e-02,5.404031109959159945e-02
9.960000000000000853e+00,3.475249932179377055e+01,7.825315249932372535e+04,5.992713451851483519e-01,5.404076939450764422e-02,5.404076939450763034e-02
9.967500000000001137e+00,3.523288302828703422e+01,7.831343288303022564e+04,5.993537703727187527e-01,5.404100905217296136e-02,5.404100905217296136e-02
9.975000000000001421e+00,3.571327208761658767e+01,7.837371327208954608e+04,5.993408404409700241e-01,5.404137687385966726e-02,5.404137687385967420e-02
9.982499999999999929e+00,3.619371290991592360e+01,7.843399371291184798e+04,5.992347294177574613e-01,5.404147461279408537e-02,5.404147461279407844e-02
9.990000000000000213e+00,3.667404467197636819e+01,7.849427404467391898e+04,5.991517522222586933e-01,5.404207520877894744e-02,5.404207520877894744e-02
9.997500000000000497e+00,3.715439310075036161e+01,7.855455439310269139e+04,5.993374676411765689e-01,5.404254395066158956e-02,5.404254395066158262e-02
1.000500000000000078e+01,3.763479379994610241e+01,7.861483479380189965e+04,5.994256714291125165e-01,5.404279229044944843e-02,5.404279229044943456e-02
1.001250000000000107e+01,3.811520203195061640e+01,7.867511520203390683e+04,5.994185953300560366e-01,5.404314863262765778e-02,5.404314863262765778e-02
1.002000000000000135e+01,3.859565652735761176e+01,7.873539565652930469e+04,5.993183949424060186e-01,5.404327191894084392e-02,5.404327191894084392e-02
1.002750000000000163e+01,3.907602056093793408e+01,7.879567602056289616e+04,5.991962350982424912e-01,5.404380093934220419e-02,5.404380093934221807e-02
1.003500000000000014e+01,3.955638307384806041e+01,7.885595638307581248e+04,5.993882599293529623e-01,5.404427991038419227e-02,5.404427991038419921e-02
1.004250000000000043e+01,4.003679617160232596e+01,7.891623679617355810e+04,5.994828158914176086e-01,5.404454090542375189e-02,5.404454090542375189e-02
1.005000000000000071e+01,4.051722125683244258e+01,7.897651722125879314e+04,5.994821177527224210e-01,5.404487111029538521e-02,5.404487111029539215e-02
1.005750000000000099e+01,4.099768500982176533e+01,7.903679768501178478e+04,5.993883049655929218e-01,5.404502780206316831e-02,5.404502780206317525e-02
1.006500000000000128e+01,4.147807840201399898e+01,7.909707807840398164e+04,5.992251153463998836e-01,5.404548109810283774e-02,5.404548109810284467e-02
1.007250000000000156e+01,4.195845129429480380e+01,7.915735845129626978e+04,5.994240032944235796e-01,5.404597047484536315e-02,5.404597047484534927e-02
1.008000000000000007e+01,4.243887252587538939e+01,7.921763887252785207e+04,5.995254158002181200e-01,5.404624676121595750e-02,5.404624676121595056e-02
1.008750000000000036e+01,4.291931137352370484e+01,7.927791931137550273e+04,5.995315529611737748e-01,5.404654579172116224e-02,5.404654579172116224e-02
1.009500000000000064e+01,4.339978074907914163e+01,7.933819978075106337e+04,5.994445403121333449e-01,5.404673502954605163e-02,5.404673502954603775e-02
1.010250000000000092e+01,4.388020052006807958e+01,7.939848020052205538e+04,5.992664342170728187e-01,5.404710907989469099e-02,5.404710907989468405e-02
1.011000000000000121e+01,4.436058016758718026e+01,7.945876058016957541e+04,5.994450550986604176e-01,5.404760974647769556e-02,5.404760974647770250e-02
1.011750000000000149e+01,4.484100567840523865e+01,7.951904100568039576e+04,5.995537605068419484e-01,5.404790207658247136e-02,5.404790207658247136e-02
1.012500000000000000e+01,4.532145497925890965e+01,7.957932145498125465e+04,5.995671247505692802e-01,5.404816703995853761e-02,5.404816703995855148e-02
1.013250000000000028e+01,4.580192655805360857e+01,7.963960192656004801e+04,5.994872616176546432e-01,5.404838693861837434e-02,5.404838693861836046e-02
1.014000000000000057e+01,4.628236963932101844e+01,7.969988236964131647e+04,5.993162163181618984e-01,5.404867902112651945e-02,5.404867902112653333e-02
1.014750000000000085e+01,4.676275251706992719e+01,7.976016275251907064e+04,5.994518469698015828e-01,5.404919278330121840e-02,5.404919278330121146e-02
1.015500000000000114e+01,4.724317883397370110e+01,7.982044317883597978e+04,5.995682148605814277e-01,5.404950001338550136e-02,5.404950001338552218e-02
1.016250000000000142e+01,4.772363510128966624e+01,7.988072363510329160e+04,5.995891336845031727e-01,5.404973017459229617e-02,5.404973017459229617e-02
1.017000000000000171e+01,4.820410573153245082e+01,7.994100410573354748e+04,5.995167075914924482e-01,5.404997746935574776e-02,5.404997746935574776e-02
1.017750000000000021e+01,4.868456891345773840e+01,8.000128456891547830e+04,5.993529726775829181e-01,5.405018599519668954e-02,5.405018599519669648e-02
1.018500000000000050e+01,4.916495167856380277e+01,8.006156495168058609e+04,5.994448820755203799e-01,5.405071501486931329e-02,5.405071501486931329e-02
1.019250000000000078e+01,4.964537564715165274e+01,8.012184537564916536e+04,5.995692165279651320e-01,5.405103463397967906e-02,5.405103463397969293e-02
1.020000000000000107e+01,5.012583523682896924e+01,8.018212583523885405e+04,5.995979544582841214e-01,5.405123164192819629e-02,5.405123164192820323e-02
1.020750000000000135e+01,5.060630210470040424e+01,8.024240630210672680e+04,5.995331924233173737e-01,5.405150117861082931e-02,5.405150117861082237e-02
1.021500000000000163e+01,5.108678193028923431e+01,8.030268678193232336e+04,5.993769593842420695e-01,5.405162630572859367e-02,5.405162630572860061e-02
1.022250000000000014e+01,5.156716162367796841e+01,8.036296716162571101e+04,5.994247315744661853e-01,5.405217106533352633e-02,5.405217106533352633e-02
1.023000000000000043e+01,5.204758031573718569e+01,8.042324758031776582e+04,5.995572724965643197e-01,5.405250063786531944e-02,5.405250063786531944e-02
1.023750000000000071e+01,5.252803938993129407e+01,8.048352803939196747e+04,5.995940324546547018e-01,5.405266908061860665e-02,5.405266908061862746e-02
1.024500000000000099e+01,5.300850011009018914e+01,8.054380850011213624e+04,5.995371023900206708e-01,5.405295323337402924e-02,5.405295323337402230e-02
1.025250000000000128e+01,5.348899265738672426e+01,8.060408899265942455e+04,5.993885060444337221e-01,5.405299805008396269e-02,5.405299805008397657e-02
1.026000000000000156e+01,5.396936700446401858e+01,8.066436936700651131e+04,5.993920303032025387e-01,5.405355519043462953e-02,5.405355519043462953e-02
1.026750000000000007e+01,5.444977765918428503e+01,8.072464977766123775e+04,5.995329548245296181e-01,5.405389318322172121e-02,5.405389318322172121e-02
1.027500000000000036e+01,5.493023213566236507e+01,8.078493023213771812e+04,5.995778795548484252e-01,5.405404090503184572e-02,5.405404090503183878e-02
1.028250000000000064e+01,5.541068483010432999e+01,8.084521068483215640e+04,5.995288917272676432e-01,5.405432940101114608e-02,5.405432940101113914e-02
1.029000000000000092e+01,5.589118524829036971e+01,8.090549118525034282e+04,5.993880117128894680e-01,5.405430236557701162e-02,5.405430236557703244e-02
1.029750000000000121e+01,5.637155315188793736e+01,8.096577155315394339e+04,5.993474717665859819e-01,5.405486256065405309e-02,5.405486256065406003e-02
1.030500000000000149e+01,5.685195317365280943e+01,8.102605195317571633e+04,5.994968957048673053e-01,5.405520789073404997e-02,5.405520789073404303e-02
1.031250000000000000e+01,5.733239877388545835e+01,8.108633239877595042e+04,5.995500692752206984e-01,5.405534506393597227e-02,5.405534506393597227e-02
1.032000000000000028e+01,5.781284204353377021e+01,8.114661284204560798e+04,5.995090778369919216e-01,5.405562604737789573e-02,5.405562604737789573e-02
1.032750000000000057e+01,5.829333384437926924e+01,8.120689333384645579e+04,5.993759401696724387e-01,5.405559589425436295e-02,5.405559589425434908e-02
1.033500000000000085e+01,5.877370612361580982e+01,8.126717370612568629e+04,5.992918025065188115e-01,5.405608925807583315e-02,5.405608925807584009e-02
1.034250000000000114e+01,5.925409306943243593e+01,8.132745409307151567e+04,5.994497819203358224e-01,5.405644099715355144e-02,5.405644099715355838e-02
1.035000000000000142e+01,5.973452560599194072e+01,8.138773452560807345e+04,5.995112313061444764e-01,5.405657765881366483e-02,5.405657765881367871e-02
1.035750000000000171e+01,4.149587848899792264e-01,8.138821495878697897e+04,5.994782359081677336e-01,5.405683334762607234e-02,5.405683334762607928e-02
1.036500000000000021e+01,8.954338033664687169e-01,8.144849543380545219e+04,5.993528146207180995e-01,5.405683091795247114e-02,5.405683091795246420e-02
1.037250000000000050e+01,1.375812746094730477e+00,8.150877581274817931e+04,5.992258159304570952e-01,5.405723201232422864e-02,5.405723201232422864e-02
1.038000000000000078e+01,1.856184300344986493e+00,8.156905618430243339e+04,5.993923487708163744e-01,5.405758954566388524e-02,5.405758954566389218e-02
1.038750000000000107e+01,2.336600143331116985e+00,8.162933660014542693e+04,5.994620455353313337e-01,5.405773285089918861e-02,5.405773285089919555e-02
1.039500000000000135e+01,2.817022410249326647e+00,8.168961702241234889e+04,5.994369930332159591e-01,5.405794796710520350e-02,5.405794796710520350e-02
1.040250000000000163e+01,3.297478020976561730e+00,8.174989747802307829e+04,5.993192119044673527e-01,5.405797703439785273e-02,5.405797703439785967e-02
1.041000000000000014e+01,3.777860630023918809e+00,8.181017786063213134e+04,5.991503456865348021e-01,5.405828820666536139e-02,5.405828820666536139e-02
1.041750000000000043e+01,4.258214591550575356e+00,8.187045821459365834e+04,5.993253735600114762e-01,5.405865153118510208e-02,5.405865153118510902e-02
1.042500000000000071e+01,4.738610899363884243e+00,8.193073861090147693e+04,5.994032356423366625e-01,5.405880472646887314e-02,5.405880472646885232e-02
1.043250000000000099e+01,5.219020412219181893e+00,8.199101902041432913e+04,5.993860219065623163e-01,5.405897589504319450e-02,5.405897589504320838e-02
1.044000000000000128e+01,5.699454773902353111e+00,8.205129945477601723e+04,5.992757562907594648e-01,5.405903226908237436e-02,5.405903226908236742e-02
1.044750000000000156e+01,6.179838178893640510e+00,8.211157983818101638e+04,5.990744017933429255e-01,5.405925597083846568e-02,5.405925597083845874e-02
1.045500000000000007e+01,6.660172467679925212e+00,8.217186017246979463e+04,5.992496687322935722e-01,5.405962597670729841e-02,5.405962597670729841e-02
1.046250000000000036e+01,7.140547055331140314e+00,8.223214054705745366e+04,5.993355623544739386e-01,5.405978915414353519e-02,5.405978915414353519e-02
1.047000000000000064e+01,7.620941680969517407e+00,8.229242094168309995e+04,5.993260341949308012e-01,5.405991626786213478e-02,5.405991626786213478e-02
1.047750000000000092e+01,8.101353197642863435e+00,8.235270135319977999e+04,5.992231129608432960e-01,5.405999511228783139e-02,5.405999511228781751e-02
1.048500000000000121e+01,8.581734602176915416e+00,8.241298173460431281e+04,5.990287664449924776e-01,5.406013423455968692e-02,5.406013423455966610e-02
1.049250000000000149e+01,9.062047290093788732e+00,8.247326204729222809e+04,5.991660747534010012e-01,5.406051275636543363e-02,5.406051275636542669e-02
1.050000000000000000e+01,9.542398437572064296e+00,8.253354239843970572e+04,5.992598164568221364e-01,5.406068378321562951e-02,5.406068378321562951e-02
1.050750000000000028e+01,1.002277594545196315e+01,8.259382277594759944e+04,5.992577736709716607e-01,5.406076895594782994e-02,5.406076895594783688e-02
1.051500000000000057e+01,1.050316329566133966e+01,8.265410316329781199e+04,5.991619812589964456e-01,5.406086456874362178e-02,5.406086456874361484e-02
1.052250000000000085e+01,1.098353993086859148e+01,8.271438353993301280e+04,5.989744131553248474e-01,5.406092273814008808e-02,5.406092273814010196e-02
1.053000000000000114e+01,1.146382933019470229e+01,8.277466382933234854e+04,5.990754528303844362e-01,5.406131160084556159e-02,5.406131160084557546e-02
1.053750000000000142e+01,1.194415563927340607e+01,8.283494415564142400e+04,5.991768116502717012e-01,5.406148732087548425e-02,5.406148732087550507e-02
1.054500000000000171e+01,1.242451379283587265e+01,8.289522451379499398e+04,5.991820092027003719e-01,5.406153451837732160e-02,5.406153451837731466e-02
1.055250000000000021e+01,1.290487595366729145e+01,8.295550487595582672e+04,5.990930878067266541e-01,5.406164015428026326e-02,5.406164015428026326e-02
1.056000000000000050e+01,1.338524502801137039e+01,8.301578524503017252e+04,5.989120288012534932e-01,5.406162203946000139e-02,5.406162203946000139e-02
1.056750000000000078e+01,1.386550983936742654e+01,8.307606550984153000e+04,5.989786775666009477e-01,5.406202107808293078e-02,5.406202107808293078e-02
1.057500000000000107e+01,1.434581010594580164e+01,8.313634581010811962e+04,5.990873773515679179e-01,5.406219907488080817e-02,5.406219907488079429e-02
1.058250000000000135e+01,1.482614669509091421e+01,8.319662614669726463e+04,5.990995276908502865e-01,5.406221398423009111e-02,5.406221398423009805e-02
1.059000000000000163e+01,1.530648295262766290e+01,8.325690648295480059e+04,5.990171795698111534e-01,5.406232187404207828e-02,5.406232187404207135e-02
1.059750000000000014e+01,1.578684158786873759e+01,8.331718684159003897e+04,5.988423229074363308e-01,5.406223355275903419e-02,5.406223355275902726e-02
1.060500000000000043e+01,1.626708100288939463e+01,8.337746708100507385e+04,5.988766296467038508e-01,5.406263982520585765e-02,5.406263982520587152e-02
1.061250000000000071e+01,1.674735417176053787e+01,8.343774735417394550e+04,5.989923515280427546e-01,5.406281881842275178e-02,5.406281881842275178e-02
1.062000000000000099e+01,1.722766705161557255e+01,8.349802766705380054e+04,5.990111270446520919e-01,5.406280835868805534e-02,5.406280835868804840e-02
1.062750000000000128e+01,1.770797697686962380e+01,8.355830797697906382e+04,5.989350169665497159e-01,5.406291020169515932e-02,5.406291020169518013e-02
1.063500000000000156e+01,1.818832212102802259e+01,8.361858832212322159e+04,5.987660208785887672e-01,5.406275963449234945e-02,5.406275963449234251e-02
1.064250000000000007e+01,1.866853588920707807e+01,8.367886853589140810e+04,5.987701886442445831e-01,5.406316769632354968e-02,5.406316769632354968e-02
1.065000000000000036e+01,1.914878106910041922e+01,8.373914878107130062e+04,5.988925736571376612e-01,5.406334682557607102e-02,5.406334682557607102e-02
1.065750000000000064e+01,1.962906824073935041e+01,8.379942906824294187e+04,5.989176092836285825e-01,5.406331808729730043e-02,5.406331808729729349e-02
1.066500000000000092e+01,2.010935161696572138e+01,8.385970935161916714e+04,5.988473671023931688e-01,5.406340606098999219e-02,5.406340606098997831e-02
1.067250000000000121e+01,2.058967993599894442e+01,8.391998967993821134e+04,5.986838573576805933e-01,5.406320366242960140e-02,5.406320366242959446e-02
1.068000000000000149e+01,2.106986846058060792e+01,8.398026986846278305e+04,5.986602260408696585e-01,5.406360547159345248e-02,5.406360547159343860e-02
1.068750000000000000e+01,2.155008492717000124e+01,8.404055008492937486e+04,5.987888778968422088e-01,5.406378393734859178e-02,5.406378393734859178e-02
1.069500000000000028e+01,2.203034464908124690e+01,8.410083034465130186e+04,5.988197738488373334e-01,5.406374305423849308e-02,5.406374305423849308e-02
1.070250000000000057e+01,2.251060136776358078e+01,8.416111060136997548e+04,5.987549972117253150e-01,5.406381080727577088e-02,5.406381080727577088e-02
1.071000000000000085e+01,2.299090003895354428e+01,8.422139090004118043e+04,5.985965697882577041e-01,5.406361659343603132e-02,5.406361659343602438e-02
1.071750000000000114e+01,2.347107357925797544e+01,8.428167107358148496e+04,5.985475985409818289e-01,5.406395452271411939e-02,5.406395452271413327e-02
1.072500000000000142e+01,2.395126076720896080e+01,8.434195126076943416e+04,5.986820865479336451e-01,5.406413157939746195e-02,5.406413157939745501e-02
1.073250000000000171e+01,2.443149166011486528e+01,8.440223149166234361e+04,5.987184112014972692e-01,5.406408308817221148e-02,5.406408308817222536e-02
1.074000000000000021e+01,2.491172162196815165e+01,8.446251172162420698e+04,5.986586683819777877e-01,5.406412620648442385e-02,5.406412620648441691e-02
1.074750000000000050e+01,2.539198971752923129e+01,8.452279198971977166e+04,5.985048922533994231e-01,5.406394025164433514e-02,5.406394025164434208e-02
1.075500000000000078e+01,2.587214699871096357e+01,8.458307214700094482e+04,5.984331417593836688e-01,5.406421670462673718e-02,5.406421670462673718e-02
1.076250000000000107e+01,2.635230449574810407e+01,8.464335230449799565e+04,5.985730038823490196e-01,5.406439172358501466e-02,5.406439172358500772e-02
1.077000000000000135e+01,2.683250560213883062e+01,8.470363250560438610e+04,5.986142967803483872e-01,5.406433842141229046e-02,5.406433842141229046e-02
1.077750000000000163e+01,2.731270865954435934e+01,8.476391270866179548e+04,5.985591296285198704e-01,5.406435441030226635e-02,5.406435441030227329e-02
1.078500000000000014e+01,2.779294604141908565e+01,8.482419294604366587e+04,5.984095496570147610e-01,5.406417378783706651e-02,5.406417378783705957e-02
1.079250000000000043e+01,2.827308534925585093e+01,8.488447308535150660e+04,5.983176643517195137e-01,5.406439431775260374e-02,5.406439431775260374e-02
1.080000000000000071e+01,2.875321289477288289e+01,8.494475321289703425e+04,5.984624104043175796e-01,5.406456681829896471e-02,5.406456681829897859e-02
1.080750000000000099e+01,2.923338366937531063e+01,8.500503338367163087e+04,5.985081853813097874e-01,5.406450996691718885e-02,5.406450996691718192e-02
1.081500000000000128e+01,2.971355963303909675e+01,8.506531355963529495e+04,5.984571123810210613e-01,5.406449792773584950e-02,5.406449792773584950e-02
1.082250000000000156e+01,3.019376631254231214e+01,8.512559376631480700e+04,5.983112523054546772e-01,5.406431998036922287e-02,5.406431998036921593e-02
1.083000000000000007e+01,3.067388612149468941e+01,8.518587388612376526e+04,5.982019426487805713e-01,5.406449007333848783e-02,5.406449007333850865e-02
1.083750000000000036e+01,3.115398360771498432e+01,8.524615398360998370e+04,5.983510576021492389e-01,5.406465970867545962e-02,5.406465970867546655e-02
1.084500000000000064e+01,3.163412385788247150e+01,8.530643412386014825e+04,5.984008060143495289e-01,5.406459942447894990e-02,5.406459942447893602e-02
1.085250000000000092e+01,3.211427254881151327e+01,8.536671427255109302e+04,5.983533254333841533e-01,5.406455959446274107e-02,5.406455959446272719e-02
1.086000000000000121e+01,3.259444868627660696e+01,8.542699444868855062e+04,5.982106909388923421e-01,5.406438192163715017e-02,5.406438192163713630e-02
1.086750000000000149e+01,3.307454764728296226e+01,8.548727454764956201e+04,5.980867158460176913e-01,5.406450705161345432e-02,5.406450705161345432e-02
1.087500000000000178e+01,3.355461512090248277e+01,8.554755461512318288e+04,5.982396632389660462e-01,5.406467355614733017e-02,5.406467355614733017e-02
1.088250000000000028e+01,3.403472493734572879e+01,8.560783472493963200e+04,5.982928572829843139e-01,5.406460921072903797e-02,5.406460921072903103e-02
1.089000000000000057e+01,3.451484624413564717e+01,8.566811484624641889e+04,5.982484503999895287e-01,5.406454254204980103e-02,5.406454254204980103e-02
1.089750000000000085e+01,3.499499214512043466e+01,8.572839499214741227e+04,5.981085322527326387e-01,5.406436300195264361e-02,5.406436300195261585e-02
1.090500000000000114e+01,3.547506907717430380e+01,8.578867506907947245e+04,5.979726817891094504e-01,5.406444865713785214e-02,5.406444865713785214e-02
1.091250000000000142e+01,3.595510674038367682e+01,8.584895510674268007e+04,5.981289072203875845e-01,5.406461176393391466e-02,5.406461176393391466e-02
1.092000000000000171e+01,3.643518644096688774e+01,8.590923518644327123e+04,5.981850033217841478e-01,5.406454231081815609e-02,5.406454231081815609e-02
1.092750000000000021e+01,3.691528036018719661e+01,8.596951528036249510e+04,5.981431377111805503e-01,5.406445016931114150e-02,5.406445016931114844e-02
1.093500000000000050e+01,3.739539646882168711e+01,8.602979539647113415e+04,5.980054149397336927e-01,5.406426689152110665e-02,5.406426689152110665e-02
1.094250000000000078e+01,3.787545035368726332e+01,8.609007545035600197e+04,5.978604933854624326e-01,5.406431857600935836e-02,5.406431857600935142e-02
1.095000000000000107e+01,3.835545856381759933e+01,8.615035545856613317e+04,5.980194280664838935e-01,5.406447792171294869e-02,5.406447792171294175e-02
1.095750000000000135e+01,3.883550865316584577e+01,8.621063550865548314e+04,5.980778703168342370e-01,5.406440214403911149e-02,5.406440214403913230e-02
1.096500000000000163e+01,3.931557531102871650e+01,8.627091557531335275e+04,5.980380031707901445e-01,5.406428611770976167e-02,5.406428611770974085e-02
1.097250000000000014e+01,3.979566220218043071e+01,8.633119566220449633e+04,5.979019462736504531e-01,5.406409751547014420e-02,5.406409751547014420e-02
1.098000000000000043e+01,4.027569218030107123e+01,8.639147569218261924e+04,5.977507556602219552e-01,5.406412073701510890e-02,5.406412073701508808e-02
1.098750000000000071e+01,4.075567144705247813e+01,8.645175567144938395e+04,5.979118200043745945e-01,5.406427578530257488e-02,5.406427578530256794e-02
1.099500000000000099e+01,4.123569258833545348e+01,8.651203569259066717e+04,5.979720436235377301e-01,5.406419246838953252e-02,5.406419246838951864e-02
1.100250000000000128e+01,4.171573224885073472e+01,8.657231573225118336e+04,5.979336250882854031e-01,5.406405425167389728e-02,5.406405425167389034e-02
1.101000000000000156e+01,4.219579062025930227e+01,8.663259579062259581e+04,5.977986992454170645e-01,5.406385902482980371e-02,5.406385902482979677e-02
1.101750000000000007e+01,4.267579598650054606e+01,8.669287579598884622e+04,5.976440234641147153e-01,5.406385927671596148e-02,5.406385927671594760e-02
1.102500000000000036e+01,4.315574696587675163e+01,8.675315574696821568e+04,5.978066306870112312e-01,5.406400928982389026e-02,5.406400928982390414e-02
1.103250000000000064e+01,4.363573996143784939e+01,8.681343573996378109e+04,5.978680654857134735e-01,5.406391731464187805e-02,5.406391731464187805e-02
1.104000000000000092e+01,4.411575302588728675e+01,8.687371575302824203e+04,5.978305419881058125e-01,5.406375864309717616e-02,5.406375864309716922e-02
1.104750000000000121e+01,4.459578369091111938e+01,8.693399578369325900e+04,5.976962102531877541e-01,5.406355576558618398e-02,5.406355576558619092e-02
1.105500000000000149e+01,4.507576388942905510e+01,8.699427576389178284e+04,5.975407998293756906e-01,5.406353850727351612e-02,5.406353850727351612e-02
1.106250000000000178e+01,4.555568737466812479e+01,8.705455568737702561e+04,5.977043595330996384e-01,5.406368256925081495e-02,5.406368256925081495e-02
1.107000000000000028e+01,4.603565315270657266e+01,8.711483565315506712e+04,5.977664333498271532e-01,5.406358093645482338e-02,5.406358093645483032e-02
1.107750000000000057e+01,4.651564015356438375e+01,8.717511564015592739e+04,5.977292508890784672e-01,5.406340355762306177e-02,5.406340355762306177e-02
1.108500000000000085e+01,4.699564403481009123e+01,8.723539564403716940e+04,5.975949773383953945e-01,5.406319224660827844e-02,5.406319224660827844e-02
1.109250000000000114e+01,4.747559865281034774e+01,8.729567559865517251e+04,5.974415349595032509e-01,5.406316288541148513e-02,5.406316288541147125e-02
1.110000000000000142e+01,4.795549556370080069e+01,8.735595549556607148e+04,5.976054566730969464e-01,5.406329995434632635e-02,5.406329995434633329e-02
1.110750000000000171e+01,4.843543516822219175e+01,8.741623543517060170e+04,5.976675987586685945e-01,5.406318776802904874e-02,5.406318776802906956e-02
1.111500000000000021e+01,4.891539675950866695e+01,8.747651539676188258e+04,5.976302061377819497e-01,5.406299343934919954e-02,5.406299343934920648e-02
1.112250000000000050e+01,4.939537488328712556e+01,8.753679537488566712e+04,5.974954589513765679e-01,5.406277310677562453e-02,5.406277310677562453e-02
1.113000000000000078e+01,4.987530364379343695e+01,8.759707530364618287e+04,5.973466258287648545e-01,5.406273698105037995e-02,5.406273698105037995e-02
1.113750000000000107e+01,5.035517501572578425e+01,8.765735517501810682e+04,5.975103224769504617e-01,5.406286594429726006e-02,5.406286594429726700e-02
1.114500000000000135e+01,5.083508959747847200e+01,8.771763508959986211e+04,5.975719668000266660e-01,5.406274238553077788e-02,5.406274238553077788e-02
1.115250000000000163e+01,5.131502654301618804e+01,8.777791502654540818e+04,5.975338187714362981e-01,5.406253289081942165e-02,5.406253289081943553e-02
1.116000000000000014e+01,5.179498003430642683e+01,8.783819498003670014e+04,5.973980732223049817e-01,5.406230308154968273e-02,5.406230308154968967e-02
1.116750000000000043e+01,5.227488278828302271e+01,8.789847488279068784e+04,5.972564163585130093e-01,5.406226544472933493e-02,5.406226544472934881e-02
1.117500000000000071e+01,5.275472976159409910e+01,8.795875472976399760e+04,5.974193076309229911e-01,5.406238516444247799e-02,5.406238516444246411e-02
1.118250000000000099e+01,5.323462056863048275e+01,8.801903462057103752e+04,5.974798960781229074e-01,5.406224947127860614e-02,5.406224947127859226e-02
1.119000000000000128e+01,5.371453372947429017e+01,8.807931453373188560e+04,5.974404563786004374e-01,5.406202664642602296e-02,5.406202664642602296e-02
1.119750000000000156e+01,5.419446380693148058e+01,8.813959446380933514e+04,5.973031977063728570e-01,5.406178696926482175e-02,5.406178696926481481e-02
1.120500000000000007e+01,5.467434052517310761e+01,8.819987434052758908e+04,5.971711981296520255e-01,5.406175297374198052e-02,5.406175297374198746e-02
1.121250000000000036e+01,5.515416433467082413e+01,8.826015416433708742e+04,5.973327137236326134e-01,5.406186232265088043e-02,5.406186232265086655e-02
1.122000000000000064e+01,5.563403270187102834e+01,8.832043403270428826e+04,5.973916991688407174e-01,5.406171378102032909e-02,5.406171378102032909e-02
1.122750000000000092e+01,5.611392302409547028e+01,8.838071392302651657e+04,5.973504434197346447e-01,5.406147953893721686e-02,5.406147953893723074e-02
1.123500000000000121e+01,5.659383099462945665e+01,8.844099383099706029e+04,5.972111695663526731e-01,5.406122959747541173e-02,5.406122959747541867e-02
1.124250000000000149e+01,5.707368175975036451e+01,8.850127368176217715e+04,5.970912115841007228e-01,5.406120427772947296e-02,5.406120427772947296e-02
1.125000000000000178e+01,5.755348372407950563e+01,8.856155348372651497e+04,5.972507942954854432e-01,5.406130217062872501e-02,5.406130217062871807e-02
1.125750000000000028e+01,5.803333106122022400e+01,8.862183333106365171e+04,5.973076435143066520e-01,5.406114011528210389e-02,5.406114011528211083e-02
1.126500000000000057e+01,5.851319956520809029e+01,8.868211319956764055e+04,5.972640619646306659e-01,5.406089646015477951e-02,5.406089646015477257e-02
1.127250000000000085e+01,5.899308681775980290e+01,8.874239308682020055e+04,5.971222861510611102e-01,5.406063578975402184e-02,5.406063578975402184e-02
1.128000000000000114e+01,5.947291181642175673e+01,8.880267291181886685e+04,5.970166476629705787e-01,5.406062404505468377e-02,5.406062404505468377e-02
1.128750000000000142e+01,1.526933270380105845e-01,8.880315269332948083e+04,5.971737563010043326e-01,5.406070947159468537e-02,5.406070947159467843e-02
1.129500000000000171e+01,6.325211048586864004e-01,8.886343252110730100e+04,5.972279527081764128e-01,5.406053329631449467e-02,5.406053329631449467e-02
1.130250000000000021e+01,1.112368877280608626e+00,8.892371236887972918e+04,5.971815527999311257e-01,5.406028231748762070e-02,5.406028231748761376e-02
1.131000000000000050e+01,1.592236875589578160e+00,8.898399223687803897e+04,5.970368059248224446e-01,5.406001033336053224e-02,5.406001033336053224e-02
1.131750000000000078e+01,2.072036390874049339e+00,8.904427203639333311e+04,5.969476498254808750e-01,5.406001691148896310e-02,5.406001691148896310e-02
1.132500000000000107e+01,2.551798900681536697e+00,8.910455179890313593e+04,5.971017619302636525e-01,5.406008897264875240e-02,5.406008897264875934e-02
1.133250000000000135e+01,3.031608633948565945e+00,8.916483160863640660e+04,5.971528081200354610e-01,5.405989815289125727e-02,5.405989815289124339e-02
1.134000000000000163e+01,3.511436823828229858e+00,8.922511143682629336e+04,5.971031168573548431e-01,5.405964198864637166e-02,5.405964198864637860e-02
1.134750000000000014e+01,3.991287098182382476e+00,8.928539128710064688e+04,5.969549497008027616e-01,5.405935794815047712e-02,5.405935794815047712e-02
1.135500000000000043e+01,4.471061501794834747e+00,8.934567106150426844e+04,5.968843163903163607e-01,5.405938743256268053e-02,5.405938743256267359e-02
1.136250000000000071e+01,4.950806513905956940e+00,8.940595080651638273e+04,5.970349307337100564e-01,5.405944537698442048e-02,5.405944537698442048e-02
1.137000000000000099e+01,5.430599739714057073e+00,8.946623059974219359e+04,5.970823508057467865e-01,5.405923951593923776e-02,5.405923951593923082e-02
1.137750000000000128e+01,5.910409560351776115e+00,8.952651040956283396e+04,5.970289169120063244e-01,5.405898027690614338e-02,5.405898027690615032e-02
1.138500000000000156e+01,6.390243698540398753e+00,8.958679024370101979e+04,5.968769021300315281e-01,5.405868325684962117e-02,5.405868325684961423e-02
1.139250000000000007e+01,6.869993442360453173e+00,8.964706999344484939e+04,5.968267031402176848e-01,5.405874006043361740e-02,5.405874006043362434e-02
1.140000000000000036e+01,7.349722499875182891e+00,8.970734972250236024e+04,5.969733419940157493e-01,5.405878330848780389e-02,5.405878330848781083e-02
1.140750000000000064e+01,7.829500748686187173e+00,8.976762950075117988e+04,5.970166836501924479e-01,5.405856222718258969e-02,5.405856222718258969e-02
1.141500000000000092e+01,8.309293487479200380e+00,8.982790929348996724e+04,5.969590794999468653e-01,5.405830186942565951e-02,5.405830186942567339e-02
1.142250000000000121e+01,8.789113125466966991e+00,8.988818911312796990e+04,5.968028133980256555e-01,5.405799075624998645e-02,5.405799075624999339e-02
1.143000000000000149e+01,9.268838731805951525e+00,8.994846883873430488e+04,5.967748261310241720e-01,5.405807912540417509e-02,5.405807912540418203e-02
1.143750000000000178e+01,9.748553409696334882e+00,9.000874855341219518e+04,5.969170372892261822e-01,5.405810726392667326e-02,5.405810726392667326e-02
1.144500000000000028e+01,1.022831816726843712e+01,9.006902831816977414e+04,5.969558736896691808e-01,5.405787115634138468e-02,5.405787115634137080e-02
1.145250000000000057e+01,1.070809520451830466e+01,9.012930809520703042e+04,5.968936970052055591e-01,5.405761130077257198e-02,5.405761130077255117e-02
1.146000000000000085e+01,1.118790201768382531e+01,9.018958790202019736e+04,5.967328010819906714e-01,5.405728478838048301e-02,5.405728478838048301e-02
1.146750000000000114e+01,1.166760406752484691e+01,9.024986760407003749e+04,5.967286646479249557e-01,5.405740882132646641e-02,5.405740882132646641e-02
1.147500000000000142e+01,1.214730596722134237e+01,9.031014730596974550e+04,5.968660231932102489e-01,5.405742155910112090e-02,5.405742155910112784e-02
1.148250000000000171e+01,1.262705863028140385e+01,9.037042705863280571e+04,5.968999545630527814e-01,5.405717120385718916e-02,5.405717120385718916e-02
1.149000000000000021e+01,1.310682146368097989e+01,9.043070682146619947e+04,5.968328298683583943e-01,5.405691292299615730e-02,5.405691292299615730e-02
1.149750000000000050e+01,1.358661715928142932e+01,9.049098661716180504e+04,5.966669521236539486e-01,5.405656951292930890e-02,5.405656951292930890e-02
1.150500000000000078e+01,1.406629627828862006e+01,9.055126629628082446e+04,5.966881642544473729e-01,5.405673319314081154e-02,5.405673319314078379e-02
1.151250000000000107e+01,1.454598702440466518e+01,9.061154598702694057e+04,5.968202740621745273e-01,5.405673028626628573e-02,5.405673028626628573e-02
1.152000000000000135e+01,1.502572886270716879e+01,9.067182572886523849e+04,5.968489290436562733e-01,5.405646724196710995e-02,5.405646724196710995e-02
1.152750000000000163e+01,1.550547912528920413e+01,9.073210547912782931e+04,5.967765088716227018e-01,5.405621088250375100e-02,5.405621088250375100e-02
1.153500000000000014e+01,1.598526543540519995e+01,9.079238526543794433e+04,5.966053248755636140e-01,5.405584888819518069e-02,5.405584888819517375e-02
1.154250000000000043e+01,1.646492227929173069e+01,9.085266492228183779e+04,5.966532398832279371e-01,5.405605612392331422e-02,5.405605612392334197e-02
1.155000000000000071e+01,1.694460351681610533e+01,9.091294460351936868e+04,5.967797348595884621e-01,5.405603729661269397e-02,5.405603729661269397e-02
1.155750000000000099e+01,1.742433566153787794e+01,9.097322433566408290e+04,5.968027716072380473e-01,5.405576395988748173e-02,5.405576395988748173e-02
1.156500000000000128e+01,1.790407511430027299e+01,9.103350407511685626e+04,5.967247374589252917e-01,5.405550910302172468e-02,5.405550910302173856e-02
1.157250000000000156e+01,1.838385205152742685e+01,9.109378385205408267e+04,5.965479511821634162e-01,5.405513552431511631e-02,5.405513552431510937e-02
1.158000000000000007e+01,1.886348902973035635e+01,9.115406348903228354e+04,5.966237789220385501e-01,5.405538131861036683e-02,5.405538131861036683e-02
1.158750000000000036e+01,1.934316241962264016e+01,9.121434316242218483e+04,5.967443239761615059e-01,5.405534620654844219e-02,5.405534620654844219e-02
1.159500000000000064e+01,1.982288588824854969e+01,9.127462288589081436e+04,5.967614309958595431e-01,5.405506566776656363e-02,5.405506566776655669e-02
1.160250000000000092e+01,2.030261637847677747e+01,9.133490261638104857e+04,5.966774940534964600e-01,5.405481127339589048e-02,5.405481127339589048e-02
1.161000000000000121e+01,2.078237633988576150e+01,9.139518237634246179e+04,5.964948384609362053e-01,5.405447188398458669e-02,5.405447188398458669e-02
1.161750000000000149e+01,2.126200349339194062e+01,9.145546200349596620e+04,5.965996442534328148e-01,5.405471228276893109e-02,5.405471228276892415e-02
1.162500000000000178e+01,2.174167070479876074e+01,9.151574167070737167e+04,5.967139360063056230e-01,5.405466041674774486e-02,5.405466041674774486e-02
1.163250000000000028e+01,2.222138644812352126e+01,9.157602138645069499e+04,5.967248327418945841e-01,5.405437619219779360e-02,5.405437619219780748e-02
1.164000000000000057e+01,2.270110984847463698e+01,9.163630110985106148e+04,5.966347343400566494e-01,5.405412083899291398e-02,5.405412083899292092e-02
1.164750000000000085e+01,2.318085276896859881e+01,9.169658085277155624e+04,5.964459717532312188e-01,5.405382284073040333e-02,5.405382284073041027e-02
1.165500000000000114e+01,2.366047260222275028e+01,9.175686047260480700e+04,5.965806772117584478e-01,5.405405229770490760e-02,5.405405229770490066e-02
1.166250000000000142e+01,2.414013530021433951e+01,9.181714013530280499e+04,5.966884444476692195e-01,5.405398313430867518e-02,5.405398313430868906e-02
1.167000000000000171e+01,2.461984479167957574e+01,9.187741984479427629e+04,5.966928816214808196e-01,5.405369177883318638e-02,5.405369177883318638e-02
1.167750000000000021e+01,2.509956240004327555e+01,9.193769956240264582e+04,5.965963934833794502e-01,5.405344099586380929e-02,5.405344099586380235e-02
1.168500000000000050e+01,2.557928853193226715e+01,9.199797928853453777e+04,5.964013157189383962e-01,5.405318983463127530e-02,5.405318983463128224e-02
1.169250000000000078e+01,2.605890322222874644e+01,9.205825890322483610e+04,5.965667004268471185e-01,5.405340439685689391e-02,5.405340439685690779e-02
1.170000000000000107e+01,2.653856305091612811e+01,9.211853856305351655e+04,5.966677042956911592e-01,5.405331739383111705e-02,5.405331739383111012e-02
1.170750000000000135e+01,2.701826752068177484e+01,9.217881826752329653e+04,5.966654640117884378e-01,5.405301870786414359e-02,5.405301870786415053e-02
1.171500000000000163e+01,2.749798081844772213e+01,9.223909798082105408e+04,5.965623882598853900e-01,5.405277468735428942e-02,5.405277468735428248e-02
1.172250000000000014e+01,2.797769065048580472e+01,9.229937769065309840e+04,5.963608165537623851e-01,5.405257444918610404e-02,5.405257444918610404e-02
1.173000000000000043e+01,2.845730212072356125e+01,9.235965730212333438e+04,5.965575205293289773e-01,5.405277135077415224e-02,5.405277135077415224e-02
1.173750000000000071e+01,2.893696068263450627e+01,9.241993696068525605e+04,5.966515545104480456e-01,5.405266607662564948e-02,5.405266607662564948e-02
1.174500000000000099e+01,2.941666102549239881e+01,9.248021666102811287e+04,5.966424501315734652e-01,5.405236436524126636e-02,5.405236436524128718e-02
1.175250000000000128e+01,2.989637176515713790e+01,9.254049637176778924e+04,5.965326190837640929e-01,5.405212460325078960e-02,5.405212460325078960e-02
1.176000000000000156e+01,3.037606595514799324e+01,9.260077606595777615e+04,5.963605389741680751e-01,5.405197834374707300e-02,5.405197834374707994e-02
1.176750000000000185e+01,3.085567593409752263e+01,9.266105567593673186e+04,5.965529306981459667e-01,5.405215566824657369e-02,5.405215566824658063e-02
1.177500000000000036e+01,3.133533476726454836e+01,9.272133533476990124e+04,5.966398203384228882e-01,5.405203192819501429e-02,5.405203192819501429e-02
1.178250000000000064e+01,3.181503186790045490e+01,9.278161503187053313e+04,5.966236961494927327e-01,5.405173172314983732e-02,5.405173172314983732e-02
1.179000000000000092e+01,3.229474174681406140e+01,9.284189474174944917e+04,5.965069719137938709e-01,5.405149318167876832e-02,5.405149318167876138e-02
1.179750000000000121e+01,3.277442106937962762e+01,9.290217442107202078e+04,5.963677493049382994e-01,5.405140318047780418e-02,5.405140318047781112e-02
1.180500000000000149e+01,3.325403113567620039e+01,9.296245403113831708e+04,5.965527130361696351e-01,5.405155962258054170e-02,5.405155962258053476e-02
1.181250000000000178e+01,3.373369168952011421e+01,9.302273369169216312e+04,5.966323154767999570e-01,5.405141757557690302e-02,5.405141757557690996e-02
1.182000000000000028e+01,3.421338642579478062e+01,9.308301338642844348e+04,5.966090461493798180e-01,5.405112350351267553e-02,5.405112350351268247e-02
1.182750000000000057e+01,3.469309708651125135e+01,9.314329309708916117e+04,5.964853200314850223e-01,5.405088261377811315e-02,5.405088261377810621e-02
1.183500000000000085e+01,3.517276239207343735e+01,9.320357276239473140e+04,5.963792341380190765e-01,5.405085057401356335e-02,5.405085057401357723e-02
1.184250000000000114e+01,3.565237400321824168e+01,9.326385237400587357e+04,5.965566407649225411e-01,5.405098532122164234e-02,5.405098532122164928e-02
1.185000000000000142e+01,3.613203761281432946e+01,9.332413203761547629e+04,5.966288440727050002e-01,5.405082555226582014e-02,5.405082555226582708e-02
1.185750000000000171e+01,3.661173087816139571e+01,9.338441173088083451e+04,5.965983339461199408e-01,5.405054193205961061e-02,5.405054193205961061e-02
1.186500000000000021e+01,3.709144389747742565e+01,9.344469144390014117e+04,5.964675256852980390e-01,5.405029485060649369e-02,5.405029485060649369e-02
1.187250000000000050e+01,3.757109607878602020e+01,9.350497109608145547e+04,5.963947284205372013e-01,5.405032206168427361e-02,5.405032206168427361e-02
1.188000000000000078e+01,3.805071058529839689e+01,9.356525071058797766e+04,5.965644802340478448e-01,5.405043484637066936e-02,5.405043484637066242e-02
1.188750000000000107e+01,3.853037844108594356e+01,9.362553037844375649e+04,5.966292025540763655e-01,5.405025834922192601e-02,5.405025834922192601e-02
1.189500000000000135e+01,3.901007118628161408e+01,9.368581007118895650e+04,5.965913847497665845e-01,5.404998864501393135e-02,5.404998864501393135e-02
1.190250000000000163e+01,3.948978805952759075e+01,9.374608978806220694e+04,5.964534415993837380e-01,5.404973161019368394e-02,5.404973161019369088e-02
1.191000000000000014e+01,3.996942802319946964e+01,9.380636942802587873e+04,5.964139630288303184e-01,5.404981908623919529e-02,5.404981908623917447e-02
1.191750000000000043e+01,4.044904666991573094e+01,9.386664904667260998e+04,5.965759927453772038e-01,5.404991040727805812e-02,5.404991040727804424e-02
1.192500000000000071e+01,4.092871977573575748e+01,9.392692871977842879e+04,5.966331812927826439e-01,5.404971850381435489e-02,5.404971850381434795e-02
1.193250000000000099e+01,4.140841306738573735e+01,9.398720841307008232e+04,5.965880166791321937e-01,5.404946480668713915e-02,5.404946480668715303e-02
1.194000000000000128e+01,4.188813519941463426e+01,9.404748813520211843e+04,5.964429123486134632e-01,5.404919437840260965e-02,5.404919437840261659e-02
1.194750000000000156e+01,4.236776384034795484e+01,9.410776776384304685e+04,5.964366665649050159e-01,5.404934298244774143e-02,5.404934298244774143e-02
1.195500000000000185e+01,4.284738777232134765e+01,9.416804738777501916e+04,5.965909361951107215e-01,5.404941415672714217e-02,5.404941415672713523e-02
1.196250000000000036e+01,4.332706688346346624e+01,9.422832706688616599e+04,5.966405661039380082e-01,5.404920865320390899e-02,5.404920865320390205e-02
1.197000000000000064e+01,4.380676196826955504e+01,9.428860676197097928e+04,5.965880421291567259e-01,5.404897128285687802e-02,5.404897128285687802e-02
1.197750000000000092e+01,4.428649067641092785e+01,9.434888649067912775e+04,5.964357756044383896e-01,5.404868439612561110e-02,5.404868439612561803e-02
1.198500000000000121e+01,4.476610885293693087e+01,9.440916610885565751e+04,5.964625669588063950e-01,5.404889495981547720e-02,5.404889495981547720e-02
1.199250000000000149e+01,4.524573914594500934e+01,9.446944573914866487e+04,5.966090665407477456e-01,5.404894758912377750e-02,5.404894758912375669e-02
1.200000000000000178e+01,4.572542471808713316e+01,9.452972542472080386e+04,5.966511395882128088e-01,5.404873132853078160e-02,5.404873132853079548e-02
1.200750000000000028e+01,4.620512304457911057e+01,9.459000512304730364e+04,5.965912689989271156e-01,5.404850875315309749e-02,5.404850875315310443e-02
1.201500000000000057e+01,4.668485956742605936e+01,9.465028485957015073e+04,5.964318632584648672e-01,5.404820266228694409e-02,5.404820266228694409e-02
1.202250000000000085e+01,4.716446808151010828e+01,9.471056446808423789e+04,5.964913928861255155e-01,5.404847607680885596e-02,5.404847607680884208e-02
1.203000000000000114e+01,4.764410577405966052e+01,9.477084410577679228e+04,5.966301391019641631e-01,5.404851139482973882e-02,5.404851139482973188e-02
1.203750000000000142e+01,4.812379800931623919e+01,9.483112379801204952e+04,5.966646823262499177e-01,5.404828841999696071e-02,5.404828841999696071e-02
1.204500000000000171e+01,4.860350114591415149e+01,9.489140350114865578e+04,5.965975017893004884e-01,5.404807775608867770e-02,5.404807775608867770e-02
1.205250000000000021e+01,4.908324138844008644e+01,9.495168324139117613e+04,5.964310024324680493e-01,5.404777679396373380e-02,5.404777679396372686e-02
1.206000000000000050e+01,4.956284623812075552e+01,9.501196284624085820e+04,5.965228750121395196e-01,5.404808720841558500e-02,5.404808720841558500e-02
1.206750000000000078e+01,5.004249233645806783e+01,9.507224249233921000e+04,5.966539097066713149e-01,5.404810588975332564e-02,5.404810588975331176e-02
1.207500000000000107e+01,5.052219132403569546e+01,9.513252219132678874e+04,5.966809739360808829e-01,5.404788081659624849e-02,5.404788081659625543e-02
1.208250000000000135e+01,5.100190080500065903e+01,9.519280190080775355e+04,5.966065425806296174e-01,5.404767869819498971e-02,5.404767869819498971e-02
1.209000000000000163e+01,5.148163706285988184e+01,9.525308163706561027e+04,5.964330163849228539e-01,5.404742549824166631e-02,5.404742549824165243e-02
1.209750000000000014e+01,5.196124772192820274e+01,9.531336124772469338e+04,5.965567470757588975e-01,5.404772901625285592e-02,5.404772901625282816e-02
1.210500000000000043e+01,5.244090318444914089e+01,9.537364090318721719e+04,5.966801356949313906e-01,5.404773132697974353e-02,5.404773132697975740e-02
1.211250000000000071e+01,5.292060916248748725e+01,9.543392060916525952e+04,5.966997940056959493e-01,5.404750680426188836e-02,5.404750680426188836e-02
1.212000000000000099e+01,5.340032622957343733e+01,9.549420032623234147e+04,5.966181919021968927e-01,5.404731185126827181e-02,5.404731185126826487e-02
1.212750000000000128e+01,5.388005817750634208e+01,9.555448005818027013e+04,5.964377253250482402e-01,5.404711125683184930e-02,5.404711125683184236e-02
1.213500000000000156e+01,5.435967661470189682e+01,9.561475967661746836e+04,5.965927468276065460e-01,5.404740193313557067e-02,5.404740193313557761e-02
1.214250000000000185e+01,5.483934232979398615e+01,9.567503934233257314e+04,5.967085767943923758e-01,5.404738796835167197e-02,5.404738796835165809e-02
1.215000000000000036e+01,5.531905610547642027e+01,9.573531905610825925e+04,5.967209229137268034e-01,5.404715948122661845e-02,5.404715948122661845e-02
1.215750000000000064e+01,5.579878129627576300e+01,9.579559878129906429e+04,5.966322495055829123e-01,5.404697734901300205e-02,5.404697734901300205e-02
1.216500000000000092e+01,5.627850907302828176e+01,9.585587850907581742e+04,5.964449471458754815e-01,5.404683162848612082e-02,5.404683162848614858e-02
1.217250000000000121e+01,5.675813667509728333e+01,9.591615813667788461e+04,5.966306168372534913e-01,5.404710616898353304e-02,5.404710616898352610e-02
1.218000000000000149e+01,5.723781343998847859e+01,9.597643781344278250e+04,5.967389958814188766e-01,5.404707606821555765e-02,5.404707606821556459e-02
1.218750000000000178e+01,5.771753515651360544e+01,9.603671753515930322e+04,5.967441425515755959e-01,5.404684800600236677e-02,5.404684800600237371e-02
1.219500000000000028e+01,5.819726954629806670e+01,9.609699726954910147e+04,5.966485150544539318e-01,5.404667518683307914e-02,5.404667518683308608e-02
1.220250000000000057e+01,5.867699354143441326e+01,9.615727699354423385e+04,5.964635434331628794e-01,5.404658510066737143e-02,5.404658510066736449e-02
1.221000000000000085e+01,5.915663133205356417e+01,9.621755663133485359e+04,5.966701051847745907e-01,5.404684173682483550e-02,5.404684173682483550e-02
1.221750000000000114e+01,5.963631983599247377e+01,9.627783631983879604e+04,5.967711596421514386e-01,5.404679584436358764e-02,5.404679584436358764e-02
1.222500000000000142e+01,3.160496552018034477e-01,9.627831604965800943e+04,5.967692369602699554e-01,5.404657240453156902e-02,5.404657240453156902e-02
1.223250000000000171e+01,7.957941826837700017e-01,9.633859579418550129e+04,5.966667887431029715e-01,5.404640522512058065e-02,5.404640522512057371e-02
1.224000000000000021e+01,1.275514915597048216e+00,9.639887551491841441e+04,5.965118507236353285e-01,5.404637062977349360e-02,5.404637062977350748e-02
1.224750000000000050e+01,1.755163678476952427e+00,9.645915516368129465e+04,5.967109660516600744e-01,5.404660849494864749e-02,5.404660849494864749e-02
1.225500000000000078e+01,2.234864491245899920e+00,9.651943486449406191e+04,5.968048391474670700e-01,5.404654745197741417e-02,5.404654745197742111e-02
1.226250000000000107e+01,2.714602579830426521e+00,9.657971460258265142e+04,5.967959928949769788e-01,5.404633262224109447e-02,5.404633262224108753e-02
1.227000000000000135e+01,3.194358069317682958e+00,9.663999435807214468e+04,5.966868718556417317e-01,5.404616719511058653e-02,5.404616719511058653e-02
1.227750000000000163e+01,3.674076118313635675e+00,9.670027407612114621e+04,5.965611347413045662e-01,5.404618739629031554e-02,5.404618739629030860e-02
1.228500000000000014e+01,4.153736465995728544e+00,9.676055373646882072e+04,5.967529602255419174e-01,5.404640620791222733e-02,5.404640620791223427e-02
1.229250000000000043e+01,4.633450031268536051e+00,9.682083345003410068e+04,5.968398103551786349e-01,5.404633096387118779e-02,5.404633096387118779e-02
1.230000000000000071e+01,5.113196567327590536e+00,9.688111319657016429e+04,5.968242003294241815e-01,5.404612823000943395e-02,5.404612823000944088e-02
1.230750000000000099e+01,5.592963731640775649e+00,9.694139296373448451e+04,5.967085672770352511e-01,5.404596070603313179e-02,5.404596070603313179e-02
1.231500000000000128e+01,6.072679690358368632e+00,9.700167267969320528e+04,5.966111487009357894e-01,5.404603467557896057e-02,5.404603467557894669e-02
1.232250000000000156e+01,6.552352100749440744e+00,9.706195235210360261e+04,5.967958555323663594e-01,5.404623463650271714e-02,5.404623463650271714e-02
1.233000000000000185e+01,7.032078733039345941e+00,9.712223207873589126e+04,5.968758545519647907e-01,5.404614636333718303e-02,5.404614636333718303e-02
1.233750000000000036e+01,7.511833924346153601e+00,9.718251183392720122e+04,5.968536529115865408e-01,5.404595833734648913e-02,5.404595833734648913e-02
1.234500000000000064e+01,7.991613359157526908e+00,9.724279161336201651e+04,5.967316799662240046e-01,5.404578525222287350e-02,5.404578525222288737e-02
1.235250000000000092e+01,8.471327808712693752e+00,9.730307132781157270e+04,5.966616549752431498e-01,5.404591176679628822e-02,5.404591176679628128e-02
1.236000000000000121e+01,8.951012641405331038e+00,9.736335101264427067e+04,5.968394272085895125e-01,5.404609363211745204e-02,5.404609363211743817e-02
1.236750000000000149e+01,9.430752524246194923e+00,9.742363075252711133e+04,5.969127587464254647e-01,5.404599355449030140e-02,5.404599355449030834e-02
1.237500000000000178e+01,9.910516626964511744e+00,9.748391051662982500e+04,5.968841483808938753e-01,5.404582174475049822e-02,5.404582174475050516e-02
1.238250000000000028e+01,1.039030880989018968e+01,9.754419030881275830e+04,5.967560174004965523e-01,5.404564021850780109e-02,5.404564021850780109e-02
1.239000000000000057e+01,1.087002230055362872e+01,9.760447002230343060e+04,5.967124253905640163e-01,5.404581795096597557e-02,5.404581795096598945e-02
1.239750000000000085e+01,1.134971980657831203e+01,9.766474971980944974e+04,5.968834582247259934e-01,5.404598308197001988e-02,5.404598308197002682e-02
1.240500000000000114e+01,1.182947298582019080e+01,9.772502947298869549e+04,5.969503160234130856e-01,5.404587237610029155e-02,5.404587237610030542e-02
1.241250000000000142e+01,1.230924631930230184e+01,9.778530924632218375e+04,5.969154889559847854e-01,5.404571713094073054e-02,5.404571713094073054e-02
1.242000000000000171e+01,1.278905161703888815e+01,9.784558905161992880e+04,5.967813899990336290e-01,5.404552488176676134e-02,5.404552488176676134e-02
1.242750000000000021e+01,1.326876465570046193e+01,9.790586876465858950e+04,5.967632414744159508e-01,5.404575246392294419e-02,5.404575246392294419e-02
1.243500000000000050e+01,1.374847499713665222e+01,9.796614847500002361e+04,5.969277395702052846e-01,5.404590258418961318e-02,5.404590258418961318e-02
1.244250000000000078e+01,1.422824136579833798e+01,9.802642824136868876e+04,5.969883258684501870e-01,5.404578257486720300e-02,5.404578257486720300e-02
1.245000000000000107e+01,1.470802431720111869e+01,9.808670802432009077e+04,5.969474817006953371e-01,5.404564315501227817e-02,5.404564315501225735e-02
1.245750000000000135e+01,1.518784299740620725e+01,9.814698784300030093e+04,5.968076115322666908e-01,5.404543841032876522e-02,5.404543841032876522e-02
1.246500000000000163e+01,1.566755603874394431e+01,9.820726755604163918e+04,5.968138946646027732e-01,5.404571447747832935e-02,5.404571447747832241e-02
1.247250000000000014e+01,1.614727931540874550e+01,9.826754727931831439e+04,5.969720705080450163e-01,5.404585121832654326e-02,5.404585121832652939e-02
1.248000000000000043e+01,1.662705861057689205e+01,9.832782705861348950e+04,5.970265944696256932e-01,5.404572370002227316e-02,5.404572370002226622e-02
1.248750000000000071e+01,1.710685161643882068e+01,9.838810685161934816e+04,5.969799388746209745e-01,5.404559848490075175e-02,5.404559848490075868e-02
1.249500000000000099e+01,1.758668385912276833e+01,9.844838668386203062e+04,5.968344995223275884e-01,5.404537987361959089e-02,5.404537987361959089e-02
1.250250000000000128e+01,1.806639730128699739e+01,9.850866639730420138e+04,5.968641864880263048e-01,5.404570308632786202e-02,5.404570308632786896e-02
1.251000000000000156e+01,1.854613356641003463e+01,9.856894613356933405e+04,5.970162588063671061e-01,5.404582771598121643e-02,5.404582771598121643e-02
1.251750000000000185e+01,1.902592540364581808e+01,9.862922592540657206e+04,5.970649350029167968e-01,5.404569496610847623e-02,5.404569496610848317e-02
1.252500000000000036e+01,1.950572890342156640e+01,9.868950572890634066e+04,5.970126782731480786e-01,5.404558179306184068e-02,5.404558179306181986e-02
1.253250000000000064e+01,1.998557480795864549e+01,9.874978557481088501e+04,5.968618756385487556e-01,5.404534826532921693e-02,5.404534826532921693e-02
1.254000000000000092e+01,2.046528899432209414e+01,9.881006528899725527e+04,5.969139287157967377e-01,5.404571730035429705e-02,5.404571730035429705e-02
1.254750000000000121e+01,2.094503825615986514e+01,9.887034503825909633e+04,5.970601209523012098e-01,5.404583071687139167e-02,5.404583071687139167e-02
1.255500000000000149e+01,2.142484218855507550e+01,9.893062484219149337e+04,5.971031679054706887e-01,5.404569520480023009e-02,5.404569520480022315e-02
1.256250000000000178e+01,2.190465656708565589e+01,9.899090465657002642e+04,5.970455235605502953e-01,5.404559174424729273e-02,5.404559174424729967e-02
1.257000000000000028e+01,2.238451070240069640e+01,9.905118451070533774e+04,5.968895660906472500e-01,5.404537034520268124e-02,5.404537034520268818e-02
1.257750000000000057e+01,2.286423138064486338e+01,9.911146423138359387e+04,5.969629434997689721e-01,5.404575604257830929e-02,5.404575604257831623e-02
1.258500000000000085e+01,2.334399359814603869e+01,9.917174399360109237e+04,5.971034823523870827e-01,5.404585887768480895e-02,5.404585887768478814e-02
1.259250000000000114e+01,2.382380916700983775e+01,9.923202380916995753e+04,5.971411211400040608e-01,5.404572295314336722e-02,5.404572295314336722e-02
1.260000000000000142e+01,2.430363471149778221e+01,9.929230363471445162e+04,5.970783045983819592e-01,5.404562698494450035e-02,5.404562698494450035e-02
1.260750000000000171e+01,2.478349319184376398e+01,9.935258349319480476e+04,5.969174020209931930e-01,5.404543676474943270e-02,5.404543676474943964e-02
1.261500000000000021e+01,2.526322444726621441e+01,9.941286322445022233e+04,5.970110634941730998e-01,5.404581815255443678e-02,5.404581815255443678e-02
1.262250000000000050e+01,2.574299952549693060e+01,9.947314299952845613e+04,5.971461775222265400e-01,5.404591088108724739e-02,5.404591088108724739e-02
1.263000000000000078e+01,2.622282628645310254e+01,9.953342282628941757e+04,5.971786304521895516e-01,5.404577660030605163e-02,5.404577660030602387e-02
1.263750000000000107e+01,2.670266316899665426e+01,9.959370266317196365e+04,5.971108577701981224e-01,5.404568613676091066e-02,5.404568613676091066e-02
1.264500000000000135e+01,2.718252558329647073e+01,9.965398252558626700e+04,5.969452198961805456e-01,5.404552826909179986e-02,5.404552826909179986e-02
1.265250000000000163e+01,2.766226791791817874e+01,9.971426226792088710e+04,5.970581319646853791e-01,5.404590239416564440e-02,5.404590239416563052e-02
1.266000000000000192e+01,2.814205570525404809e+01,9.977454205570822523e+04,5.971880502668576174e-01,5.404598541724775496e-02,5.404598541724776189e-02
1.266750000000000043e+01,2.862189323358934701e+01,9.983482189323657076e+04,5.972155396216826118e-01,5.404585450291496396e-02,5.404585450291495702e-02
1.267500000000000071e+01,2.910174151383695929e+01,9.989510174151681713e+04,5.971430263025085949e-01,5.404576779349171134e-02,5.404576779349170440e-02
1.268250000000000099e+01,2.958160764056497172e+01,9.995538160764354689e+04,5.969728618970775447e-01,5.404564232106554705e-02,5.404564232106554011e-02
1.269000000000000128e+01,3.006136126584107870e+01,1.000156613612688234e+05,5.971040028860601367e-01,5.404600746619409729e-02,5.404600746619409729e-02
1.269750000000000156e+01,3.054116155330225268e+01,1.000759411615563004e+05,5.972289538522034258e-01,5.404608116575626564e-02,5.404608116575625176e-02
1.270500000000000185e+01,3.102100943866976834e+01,1.001362210094416660e+05,5.972517007064077621e-01,5.404595504049564819e-02,5.404595504049565513e-02
1.271250000000000036e+01,3.150086907631853350e+01,1.001965008690793184e+05,5.971746605808474495e-01,5.404587052100143230e-02,5.404587052100142536e-02
1.272000000000000064e+01,3.198073879797831154e+01,1.002567807388009824e+05,5.970001763055990951e-01,5.404577678951573427e-02,5.404577678951576203e-02
1.272750000000000092e+01,3.246050372704150533e+01,1.003170605037300411e+05,5.971485410283472461e-01,5.404613201402640177e-02,5.404613201402639483e-02
1.273500000000000121e+01,3.294031624959610127e+01,1.003773403162526083e+05,5.972687511669060312e-01,5.404619678352315382e-02,5.404619678352316076e-02
1.274250000000000149e+01,3.342017408788419885e+01,1.004376201740908873e+05,5.972869742787456637e-01,5.404607662282282649e-02,5.404607662282281955e-02
1.275000000000000178e+01,3.390004495737444756e+01,1.004979000449603918e+05,5.972056184590056604e-01,5.404599285908787826e-02,5.404599285908788520e-02
1.275750000000000028e+01,3.437991820824812805e+01,1.005581799182112591e+05,5.970270178856229570e-01,5.404592978566545580e-02,5.404592978566546274e-02
1.276500000000000057e+01,3.485969431413943198e+01,1.006184596943171637e+05,5.971916220308114420e-01,5.404627464127949310e-02,5.404627464127947922e-02
1.277250000000000085e+01,3.533951875361457695e+01,1.006787395187566290e+05,5.973073148730201343e-01,5.404633089821411079e-02,5.404633089821410386e-02
1.278000000000000114e+01,3.581938614009337840e+01,1.007390193861431180e+05,5.973212296514865960e-01,5.404621766973927849e-02,5.404621766973926461e-02
1.278750000000000142e+01,3.629926804357566539e+01,1.007992992680465977e+05,5.972357655587126057e-01,5.404613332469229009e-02,5.404613332469229009e-02
1.279500000000000171e+01,3.677914477770682566e+01,1.008595791447807424e+05,5.970532482548348563e-01,5.404609956614014887e-02,5.404609956614015581e-02
1.280250000000000021e+01,3.725893183082787630e+01,1.009198589318338636e+05,5.972331324618473936e-01,5.404643392069469893e-02,5.404643392069469199e-02
1.281000000000000050e+01,3.773876782001790531e+01,1.009801387678230531e+05,5.973445275433091339e-01,5.404648210596965652e-02,5.404648210596965652e-02
1.281750000000000078e+01,3.821864468945932458e+01,1.010404186446925014e+05,5.973543450907859986e-01,5.404637208003523763e-02,5.404637208003525151e-02
1.282500000000000107e+01,3.869853702249596950e+01,1.011006985370255425e+05,5.972649755565020424e-01,5.404629041601196476e-02,5.404629041601196476e-02
1.283250000000000135e+01,3.917841719389718946e+01,1.011609784171969368e+05,5.970787362437590673e-01,5.404628447696145643e-02,5.404628447696145643e-02
1.284000000000000163e+01,3.965821488689071828e+01,1.012212582148899382e+05,5.972729698626089156e-01,5.404660840408376937e-02,5.404660840408376937e-02
1.284750000000000192e+01,4.013806201446945465e+01,1.012815380620175129e+05,5.973802817823594680e-01,5.404664897243370569e-02,5.404664897243370569e-02
1.285500000000000043e+01,4.061794793390636471e+01,1.013418179479369574e+05,5.973862080128572449e-01,5.404654294485082555e-02,5.404654294485081167e-02
1.286250000000000071e+01,4.109785039837023390e+01,1.014020978504014201e+05,5.972931304540727293e-01,5.404646261722068773e-02,5.404646261722070161e-02
1.287000000000000099e+01,4.157773394876455342e+01,1.014623777339518274e+05,5.971039512136370186e-01,5.404648292154361905e-02,5.404648292154362599e-02
1.287750000000000128e+01,4.205754191368068007e+01,1.015226575419167493e+05,5.973110427715870863e-01,5.404679663130305955e-02,5.404679663130305955e-02
1.288500000000000156e+01,4.253739972957597359e+01,1.015829373997326475e+05,5.974144803283147898e-01,5.404683003638693917e-02,5.404683003638694611e-02
1.289250000000000185e+01,4.301729425002559282e+01,1.016432172942530888e+05,5.974167151607938653e-01,5.404672871221511549e-02,5.404672871221510855e-02
1.290000000000000036e+01,4.349720650797313226e+01,1.017034972065110487e+05,5.973201208281638808e-01,5.404664840360647038e-02,5.404664840360647038e-02
1.290750000000000064e+01,4.397709335930660046e+01,1.017637770933623833e+05,5.971440337323328240e-01,5.404669334282435900e-02,5.404669334282435206e-02
1.291500000000000092e+01,4.445691117994792307e+01,1.018240569111830264e+05,5.973472707270813808e-01,5.404699713818348489e-02,5.404699713818347795e-02
1.292250000000000121e+01,4.493677920089746891e+01,1.018843367792039789e+05,5.974470361318081624e-01,5.404702381539016470e-02,5.404702381539015776e-02
1.293000000000000149e+01,4.541668186854533928e+01,1.019446166818716301e+05,5.974457727577837662e-01,5.404692766377876961e-02,5.404692766377877655e-02
1.293750000000000178e+01,4.589660353664167758e+01,1.020048966035397316e+05,5.973458460558633831e-01,5.404684624699994389e-02,5.404684624699995082e-02
1.294500000000000028e+01,4.637649358670098820e+01,1.020651764935897954e+05,5.971819975393135582e-01,5.404691421390577649e-02,5.404691421390579037e-02
1.295250000000000057e+01,4.685632080791929610e+01,1.021254563208110048e+05,5.973815842443697122e-01,5.404720846315563126e-02,5.404720846315563126e-02
1.296000000000000085e+01,4.733619852297921682e+01,1.021857361985260795e+05,5.974778724085823001e-01,5.404722881285978914e-02,5.404722881285978914e-02
1.296750000000000114e+01,4.781610887916224328e+01,1.022460161088822642e+05,5.974732966328689665e-01,5.404713808244888257e-02,5.404713808244890338e-02
1.297500000000000142e+01,4.829603953436465247e+01,1.023062960395374685e+05,5.973702145112456119e-01,5.404705462140810962e-02,5.404705462140813044e-02
1.298250000000000171e+01,4.877593265446573412e+01,1.023665759326575644e+05,5.972177919581276306e-01,5.404714403395578792e-02,5.404714403395578792e-02
1.299000000000000021e+01,4.925576878954122861e+01,1.024268557687926514e+05,5.974139247643800443e-01,5.404742915216955573e-02,5.404742915216955573e-02
1.299750000000000050e+01,4.973565566535924631e+01,1.024871356556684623e+05,5.975069226623176410e-01,5.404744352601541929e-02,5.404744352601539847e-02
1.300500000000000078e+01,5.021557324648105691e+01,1.025474155732495856e+05,5.974992123155539181e-01,5.404735827187855113e-02,5.404735827187855113e-02
1.301250000000000107e+01,5.069551243186254652e+01,1.026076955124349770e+05,5.973931437294209834e-01,5.404727200878644416e-02,5.404727200878644416e-02
1.302000000000000135e+01,5.117540846594874182e+01,1.026679754084690649e+05,5.972513777701615734e-01,5.404738132743845680e-02,5.404738132743846374e-02
1.302750000000000163e+01,5.165525300280025078e+01,1.027282552530059183e+05,5.974442445707980331e-01,5.404765776168247299e-02,5.404765776168247993e-02
1.303500000000000192e+01,5.213514848850161343e+01,1.027885351484916173e+05,5.975341306743986447e-01,5.404766645420305132e-02,5.404766645420305132e-02
1.304250000000000043e+01,5.261507282601880320e+01,1.028488150728291512e+05,5.975234550957728707e-01,5.404758657071358219e-02,5.404758657071356831e-02
1.305000000000000071e+01,5.309502005658364965e+01,1.029090950200597144e+05,5.974145605342743304e-01,5.404749690489398656e-02,5.404749690489398656e-02
1.305750000000000099e+01,5.357491882129887983e+01,1.029693749188244255e+05,5.972827270238476594e-01,5.404762464548521633e-02,5.404762464548522327e-02
1.306500000000000128e+01,5.405477122801121936e+01,1.030296547712311440e+05,5.974725066727964995e-01,5.404789286015244942e-02,5.404789286015244248e-02
1.307250000000000156e+01,5.453467475960059119e+01,1.030899346747627424e+05,5.975594504576025034e-01,5.404789610720996118e-02,5.404789610720996118e-02
1.308000000000000185e+01,5.501460538022617186e+01,1.031502146053833712e+05,5.975459700460258317e-01,5.404782136175335927e-02,5.404782136175335927e-02
1.308750000000000036e+01,5.549456014854425234e+01,1.032104945601516811e+05,5.974344011266067289e-01,5.404772782517912322e-02,5.404772782517913016e-02
1.309500000000000064e+01,5.597446143398848761e+01,1.032707744614371331e+05,5.973118228088486470e-01,5.404787256864592576e-02,5.404787256864591882e-02
1.310250000000000092e+01,5.645432116392722577e+01,1.033310543211670738e+05,5.974986846509489080e-01,5.404813302938547837e-02,5.404813302938547837e-02
1.311000000000000121e+01,5.693423216819529387e+01,1.033913342321713426e+05,5.975828461711278905e-01,5.404813101331473052e-02,5.404813101331473052e-02
1.311750000000000149e+01,5.741416859440209208e+01,1.034516141685975599e+05,5.975667120029688473e-01,5.404806107759196204e-02,5.404806107759196204e-02
1.312500000000000178e+01,5.789413037594393074e+01,1.035118941303791071e+05,5.974526111297756570e-01,5.404796331064386922e-02,5.404796331064385534e-02
1.313250000000000028e+01,5.837403394690943514e+01,1.035721740339500684e+05,5.973386589933444846e-01,5.404812371051340159e-02,5.404812371051341546e-02
1.314000000000000057e+01,5.885390044351132133e+01,1.036324539004466787e+05,5.975227624642999169e-01,5.404837686750384868e-02,5.404837686750384868e-02
1.314750000000000085e+01,5.933381834153011880e+01,1.036927338183446991e+05,5.976042919948041376e-01,5.404836972693209673e-02,5.404836972693211061e-02
1.315500000000000114e+01,1.376009237322614424e-02,1.036932137600955466e+05,5.975856455061815398e-01,5.404830420430269816e-02,5.404830420430269816e-02
1.316250000000000142e+01,4.937283504900638054e-01,1.037534937283536565e+05,5.974691455904974635e-01,5.404820193363389647e-02,5.404820193363389647e-02
1.317000000000000171e+01,9.736339480371619670e-01,1.038137736339512194e+05,5.973632399230446310e-01,5.404837672186987851e-02,5.404837672186987851e-02
1.317750000000000021e+01,1.453506649247555682e+00,1.038740535066524317e+05,5.975447342171267273e-01,5.404862299464113784e-02,5.404862299464113784e-02
1.318500000000000050e+01,1.933430859596195761e+00,1.039343334308627818e+05,5.976237719609300836e-01,5.404861083579212688e-02,5.404861083579211994e-02
1.319250000000000078e+01,2.413377451832412035e+00,1.039946133774550108e+05,5.976027446924674358e-01,5.404854928424215194e-02,5.404854928424215194e-02
1.320000000000000107e+01,2.893351642368766630e+00,1.040548933516455581e+05,5.974839689330685433e-01,5.404844230350178136e-02,5.404844230350176748e-02
1.320750000000000135e+01,3.373258985640356311e+00,1.041151732589888270e+05,5.973855800811195271e-01,5.404863029510265787e-02,5.404863029510265093e-02
1.321500000000000163e+01,3.853137327940617141e+00,1.041754531373311329e+05,5.975646038844745211e-01,5.404887006108710645e-02,5.404887006108711339e-02
1.322250000000000192e+01,4.333067269790460863e+00,1.042357330672729877e+05,5.976412797427160806e-01,5.404885296763986546e-02,5.404885296763987240e-02
1.323000000000000043e+01,4.813018219253888397e+00,1.042960130182224530e+05,5.976179931445868565e-01,5.404879491856991180e-02,5.404879491856991180e-02
1.323750000000000071e+01,5.292997794803129707e+00,1.043562929977980093e+05,5.974970548658314895e-01,5.404868307208866157e-02,5.404868307208867545e-02
1.324500000000000099e+01,5.772906583004909109e+00,1.044165729065862106e+05,5.974057037088035260e-01,5.404888316870162107e-02,5.404888316870162107e-02
1.325250000000000128e+01,6.252790005008791674e+00,1.044768527900082117e+05,5.975823849961533485e-01,5.404911675653973485e-02,5.404911675653971403e-02
1.326000000000000156e+01,6.732725101133402390e+00,1.045371327251043404e+05,5.976568183989773297e-01,5.404909479645685771e-02,5.404909479645685771e-02
1.326750000000000185e+01,7.212679924320211988e+00,1.045974126799275400e+05,5.976313836940199131e-01,5.404903976974747420e-02,5.404903976974748114e-02
1.327500000000000036e+01,7.692664338143087477e+00,1.046576926643413608e+05,5.975083862394438006e-01,5.404892293897336358e-02,5.404892293897336358e-02
1.328250000000000064e+01,8.172574252635316228e+00,1.047179725742558512e+05,5.974236443870835078e-01,5.404913413169590286e-02,5.404913413169590286e-02
1.329000000000000092e+01,8.652462198284998962e+00,1.047782524622015044e+05,5.975981002795422992e-01,5.404936181899692993e-02,5.404936181899693687e-02
1.329750000000000121e+01,9.132401877991657813e+00,1.048385324018812098e+05,5.976704000753519930e-01,5.404933504820558926e-02,5.404933504820558926e-02
1.330500000000000149e+01,9.612360093807222228e+00,1.048988123600970284e+05,5.976429181779621125e-01,5.404928256408732257e-02,5.404928256408732257e-02
1.331250000000000178e+01,1.009234880343494112e+01,1.049590923488066619e+05,5.975179548571026844e-01,5.404916065643679268e-02,5.404916065643679962e-02
1.332000000000000028e+01,1.057225950989479912e+01,1.050193722595131258e+05,5.974394445804857012e-01,5.404938202791988860e-02,5.404938202791989554e-02
1.332750000000000057e+01,1.105215143131749223e+01,1.050796521514345513e+05,5.976117812621652980e-01,5.404960404237620086e-02,5.404960404237620086e-02
1.333500000000000085e+01,1.153209513325656488e+01,1.051399320951364934e+05,5.976820456629561296e-01,5.404957250609063873e-02,5.404957250609064567e-02
1.334250000000000114e+01,1.201205626488059330e+01,1.052002120562681230e+05,5.976526071514438598e-01,5.404952209432658389e-02,5.404952209432658389e-02
1.335000000000000142e+01,1.249204873542247363e+01,1.052604920487386698e+05,5.975257612375750593e-01,5.404939503409531693e-02,5.404939503409531693e-02
1.335750000000000171e+01,1.297195988604505068e+01,1.053207719598892872e+05,5.974531551445965150e-01,5.404962576002234759e-02,5.404962576002233371e-02
1.336500000000000021e+01,1.345185524613442141e+01,1.053810518552493886e+05,5.976234678356165952e-01,5.404984228260278911e-02,5.404984228260277523e-02
1.337250000000000050e+01,1.393180242093449017e+01,1.054413318024241889e+05,5.976917844160274385e-01,5.404980601532390766e-02,5.404980601532390766e-02
1.338000000000000078e+01,1.441176599776265910e+01,1.055016117660010204e+05,5.976604695560721048e-01,5.404975722215828865e-02,5.404975722215828865e-02
1.338750000000000107e+01,1.489176170493549911e+01,1.055618917617081897e+05,5.975318143325031306e-01,5.404962494315874999e-02,5.404962494315874999e-02
1.339500000000000135e+01,1.537167294064773415e+01,1.056221716729439067e+05,5.974648347995586972e-01,5.404986429315156160e-02,5.404986429315155466e-02
1.340250000000000163e+01,1.585157121542105862e+01,1.056824515712186840e+05,5.976332077830343037e-01,5.405007546231239274e-02,5.405007546231239274e-02
1.341000000000000192e+01,1.633152132810864288e+01,1.057427315213313705e+05,5.976996535306975389e-01,5.405003448737701749e-02,5.405003448737701749e-02
1.341750000000000043e+01,1.681148688773237510e+01,1.058030114868910023e+05,5.976665323475108815e-01,5.404998688064149848e-02,5.404998688064149154e-02
1.342500000000000071e+01,1.729148532062593446e+01,1.058632914853239054e+05,5.975361312000766478e-01,5.404984932027429023e-02,5.404984932027429023e-02
1.343250000000000099e+01,1.777139627329212601e+01,1.059235713962765731e+05,5.974745495723257083e-01,5.405009665826380344e-02,5.405009665826378262e-02
1.344000000000000128e+01,1.825129695405635744e+01,1.059838512969573349e+05,5.976410562728756704e-01,5.405030257444963515e-02,5.405030257444962821e-02
1.344750000000000156e+01,1.873124948623577168e+01,1.060441312494895246e+05,5.977056976876174987e-01,5.405025690370788422e-02,5.405025690370787728e-02
1.345500000000000185e+01,1.921121657642506619e+01,1.061044112165797123e+05,5.976708300843814881e-01,5.405021007641541697e-02,5.405021007641541697e-02
1.346250000000000036e+01,1.969121724001564999e+01,1.061646912172433076e+05,5.975387366377055143e-01,5.405006717092401824e-02,5.405006717092402518e-02
1.347000000000000064e+01,2.017112753461624663e+01,1.062249711275379086e+05,5.974823722109837698e-01,5.405032195501557196e-02,5.405032195501557196e-02
1.347750000000000092e+01,2.065103012996119247e+01,1.062852510301332513e+05,5.976470753222217214e-01,5.405052268502340274e-02,5.405052268502340274e-02
1.348500000000000121e+01,2.113098458174442484e+01,1.063455309845850425e+05,5.977099685616266145e-01,5.405047231895054177e-02,5.405047231895053483e-02
1.349250000000000149e+01,2.161095276240266116e+01,1.064058109527657070e+05,5.976734044817375580e-01,5.405042589165102995e-02,5.405042589165102995e-02
1.350000000000000178e+01,2.209095517982488843e+01,1.064660909551831282e+05,5.975396627768461144e-01,5.405027757234810021e-02,5.405027757234808633e-02
