t,xcm,xcm_unwrapped,A,Iuv_global,Iuv_local
7.500000000000000590e-03,6.287849955647967448e+01,6.287849955647967448e+01,8.555325392006946084e-01,5.598905227453458699e-02,5.602564482244925398e-02
1.500000000000000118e-02,6.300844571781323111e+01,6.300844571781323111e+01,8.551644850472295278e-01,5.601013287328926449e-02,5.604661225945008901e-02
2.250000000000000264e-02,6.313883118855472532e+01,6.313883118855472532e+01,8.557389489874470678e-01,5.601702812547918603e-02,5.605339398007092022e-02
3.000000000000000236e-02,6.327020417991126777e+01,6.327020417991126777e+01,8.556591250404391724e-01,5.599885693566451772e-02,5.603501284804773136e-02
3.750000000000000555e-02,6.340070069684937693e+01,6.340070069684937693e+01,8.549919721756500390e-01,5.600599288266372433e-02,5.604203922884920530e-02
4.500000000000000527e-02,6.353084910216833237e+01,6.353084910216833237e+01,8.556572897137166844e-01,5.601972764206394895e-02,5.605566226808482433e-02
5.250000000000000500e-02,6.366194765621876428e+01,6.366194765621876428e+01,8.557393592914481761e-01,5.600732749557808809e-02,5.604305190955254784e-02
6.000000000000000472e-02,6.379299433160658594e+01,6.379299433160658594e+01,8.552183456619703028e-01,5.600022750942120625e-02,5.603584355494790198e-02
6.750000000000000444e-02,6.392292270663299547e+01,6.392292270663299547e+01,8.555239506569678465e-01,5.602023459681820805e-02,5.605573845182922760e-02
7.500000000000001110e-02,6.405375538490167742e+01,6.405375538490167742e+01,8.557752113310004294e-01,5.601367358279290415e-02,5.604896566759594995e-02
8.250000000000000389e-02,6.418533056994392894e+01,6.418533056994392894e+01,8.554067459809611140e-01,5.599249221502476670e-02,5.602767674077197696e-02
9.000000000000001055e-02,6.431505303936427254e+01,6.431505303936427254e+01,8.553422373086606578e-01,5.601834886812323555e-02,5.605342064110941519e-02
9.750000000000000333e-02,6.444563092145718031e+01,6.444563092145718031e+01,8.557688541663048820e-01,5.601898194084597993e-02,5.605394127465234549e-02
1.050000000000000100e-01,6.457721289824173994e+01,6.457721289824173994e+01,8.555580932943700478e-01,5.599577455083457750e-02,5.603052630617615104e-02
1.125000000000000028e-01,6.470723722406505374e+01,6.470723722406505374e+01,8.551119944943048612e-01,5.601414454557489958e-02,5.604878593960702093e-02
1.200000000000000094e-01,6.483757141588405659e+01,6.483757141588405659e+01,8.557192805314567385e-01,5.602168569539651977e-02,5.605621595182688072e-02
1.275000000000000022e-01,6.496888954963756646e+01,6.496888954963756646e+01,8.556708397217744899e-01,5.600376474360298923e-02,5.603808619451974837e-02
1.350000000000000089e-01,6.509947016430334088e+01,6.509947016430334088e+01,8.550335970762736881e-01,5.600787644394360221e-02,5.604208861104614109e-02
1.425000000000000155e-01,6.522957280855187889e+01,6.522957280855187889e+01,8.556245744059987057e-01,5.602204986938622011e-02,5.605615039495388113e-02
1.500000000000000222e-01,6.536061831215646123e+01,6.536061831215646123e+01,8.557430799093216356e-01,5.600988822117305976e-02,5.604377825675677105e-02
1.575000000000000011e-01,6.549174544905980611e+01,6.549174544905980611e+01,8.552557420091299045e-01,5.599988177500334757e-02,5.603366357100270090e-02
1.650000000000000078e-01,6.562162892283649285e+01,6.562162892283649285e+01,8.554829441861604433e-01,5.602039767119301045e-02,5.605406738459436239e-02
1.725000000000000144e-01,6.575240772478439055e+01,6.575240772478439055e+01,8.557731739900763523e-01,5.601465698170118857e-02,5.604811505748597683e-02
1.800000000000000211e-01,6.588404787957890107e+01,6.588404787957890107e+01,8.554400324821449519e-01,5.599070936918235791e-02,5.602406013810744961e-02
1.875000000000000278e-01,6.601373384961109991e+01,6.601373384961109991e+01,8.552928039467714294e-01,5.601701724494136114e-02,5.605025722604637523e-02
1.950000000000000067e-01,6.614425549766393431e+01,6.614425549766393431e+01,8.557596950920840495e-01,5.601870275839655744e-02,5.605183229553214325e-02
2.025000000000000133e-01,6.627577961716113464e+01,6.627577961716113464e+01,8.555851938665645084e-01,5.599616356605677248e-02,5.602908587942526109e-02
2.100000000000000200e-01,6.640588435222531416e+01,6.640588435222531416e+01,8.550526643385364389e-01,5.601209188692182761e-02,5.604490435951905297e-02
2.175000000000000266e-01,6.653616075235269989e+01,6.653616075235269989e+01,8.557013029287997563e-01,5.602090723904207953e-02,5.605360893779818415e-02
2.250000000000000056e-01,6.666741286344593220e+01,6.666741286344593220e+01,8.556900254521002669e-01,5.600407643540552399e-02,5.603656937645238451e-02
2.325000000000000122e-01,6.679807887021894430e+01,6.679807887021894430e+01,8.550861604327900656e-01,5.600573495258343720e-02,5.603811926812898164e-02
2.400000000000000189e-01,6.692812371464552257e+01,6.692812371464552257e+01,8.555966709758833222e-01,5.602131567568648107e-02,5.605358892207544519e-02
2.475000000000000255e-01,6.705910145248989807e+01,6.705910145248989807e+01,8.557533352622807010e-01,5.601044956324098545e-02,5.604251265343802163e-02
2.550000000000000044e-01,6.719031710959609427e+01,6.719031710959609427e+01,8.553002622919676501e-01,5.599798052207297788e-02,5.602993613625237290e-02
2.625000000000000111e-01,6.732014441181783582e+01,6.732014441181783582e+01,8.554444548654190905e-01,5.601994567029268401e-02,5.605178995133712483e-02
2.700000000000000178e-01,6.745085660952793205e+01,6.745085660952793205e+01,8.557739129360972807e-01,5.601596076264754587e-02,5.604759529380655414e-02
2.775000000000000244e-01,6.758251892699213670e+01,6.758251892699213670e+01,8.554759973922545502e-01,5.599092577824104494e-02,5.602245464069365022e-02
2.850000000000000311e-01,6.771222148699484933e+01,6.771222148699484933e+01,8.552432800331766227e-01,5.601682221001444417e-02,5.604824111799375924e-02
2.925000000000000377e-01,6.784267989028305124e+01,6.784267989028305124e+01,8.557505192366792190e-01,5.602021321783105107e-02,5.605152239315582680e-02
3.000000000000000444e-01,6.797413779559266800e+01,6.797413779559266800e+01,8.556122524358084069e-01,5.599897187688269301e-02,5.603007414288432159e-02
3.075000000000000511e-01,6.810435357132563183e+01,6.810435357132563183e+01,8.549917369411301760e-01,5.601200020302463112e-02,5.604299368056944036e-02
3.150000000000000022e-01,6.823457057336963771e+01,6.823457057336963771e+01,8.556818819222865580e-01,5.602242823358435930e-02,5.605331175328774618e-02
3.225000000000000089e-01,6.836575491683817063e+01,6.836575491683817063e+01,8.557078833162774512e-01,5.600698460608826562e-02,5.603765986337327920e-02
3.300000000000000155e-01,6.849653649876152883e+01,6.849653649876152883e+01,8.551374898351914444e-01,5.600559171563375405e-02,5.603615940451854571e-02
3.375000000000000222e-01,6.862652621816930321e+01,6.862652621816930321e+01,8.555666939065990073e-01,5.602267064184390799e-02,5.605312816824753464e-02
3.450000000000000289e-01,6.875743856352075056e+01,6.875743856352075056e+01,8.557617134620040256e-01,5.601316868198241011e-02,5.604341671744750286e-02
3.525000000000000355e-01,6.888876816670544656e+01,6.888876816670544656e+01,8.553430801341066481e-01,5.599765480056471956e-02,5.602779640237671999e-02
3.600000000000000422e-01,6.901854379670656670e+01,6.901854379670656670e+01,8.554036122237581585e-01,5.602102087087037358e-02,5.605105229678746664e-02
3.675000000000000488e-01,6.914919356172288190e+01,6.914919356172288190e+01,8.557725328308831703e-01,5.601873392947510910e-02,5.604865666567580840e-02
3.750000000000000555e-01,6.928082981102764393e+01,6.928082981102764393e+01,8.555100537000586147e-01,5.599391530121983901e-02,5.602363288479930703e-02
3.825000000000000067e-01,6.941061975826823982e+01,6.941061975826823982e+01,8.551912572807209845e-01,5.601756259861889742e-02,5.604717134832317565e-02
3.900000000000000133e-01,6.954101871983316130e+01,6.954101871983316130e+01,8.557390971334709606e-01,5.602256851680436495e-02,5.605206840368117532e-02
3.975000000000000200e-01,6.967241203931835969e+01,6.967241203931835969e+01,8.556372922628471267e-01,5.600259257414370168e-02,5.603188604207370860e-02
4.050000000000000266e-01,6.980275119411692231e+01,6.980275119411692231e+01,8.549521465676587217e-01,5.601238881265555025e-02,5.604157465504911589e-02
4.125000000000000333e-01,6.993291161761457886e+01,6.993291161761457886e+01,8.556601271411178322e-01,5.602435083351967049e-02,5.605342765203343014e-02
4.200000000000000400e-01,7.006403025145895924e+01,7.006403025145895924e+01,8.557236451274030653e-01,5.601024208731354009e-02,5.603911127909251555e-02
4.275000000000000466e-01,7.019493263554790019e+01,7.019493263554790019e+01,8.551869369136382293e-01,5.600564549221702382e-02,5.603440824045061164e-02
4.350000000000000533e-01,7.032486909815321496e+01,7.032486909815321496e+01,8.555343080322485028e-01,5.602416590848872252e-02,5.605281949036075573e-02
4.425000000000000600e-01,7.045571751691876727e+01,7.045571751691876727e+01,8.557679284855390645e-01,5.601600250314185681e-02,5.604444737762966783e-02
4.500000000000000111e-01,7.058716262578066392e+01,7.058716262578066392e+01,8.553839558240616814e-01,5.599737522388389260e-02,5.602571474159264570e-02
4.575000000000000178e-01,7.071688784925999016e+01,7.071688784925999016e+01,8.553602887629419005e-01,5.602210336029984222e-02,5.605033358619913864e-02
4.650000000000000244e-01,7.084747628591723867e+01,7.084747628591723867e+01,8.557689247411278677e-01,5.602148246426884998e-02,5.604960377258490917e-02
4.725000000000000311e-01,7.097906406553828162e+01,7.097906406553828162e+01,8.555421097443980383e-01,5.599746880608062055e-02,5.602538542385761267e-02
4.800000000000000377e-01,7.110896439515313716e+01,7.110896439515313716e+01,8.551366814591953025e-01,5.601825180376317215e-02,5.604606077938018016e-02
4.875000000000000444e-01,7.123930464026771858e+01,7.123930464026771858e+01,8.557253818463619321e-01,5.602484769643543278e-02,5.605254873643320673e-02
4.950000000000000511e-01,7.137063254757613606e+01,7.137063254757613606e+01,8.556602732088427476e-01,5.600616290405779907e-02,5.603365810013102855e-02
5.025000000000000577e-01,7.150109512426499236e+01,7.150109512426499236e+01,8.550080753941790013e-01,5.601271320542384330e-02,5.604010194718419408e-02
5.100000000000000089e-01,7.163119997830409602e+01,7.163119997830409602e+01,8.556360126499364949e-01,5.602617836471551760e-02,5.605345906003426221e-02
5.175000000000000711e-01,7.176225312877100748e+01,7.176225312877100748e+01,8.557372881584173197e-01,5.601340356729615083e-02,5.604047734138539044e-02
5.250000000000000222e-01,7.189327530079292217e+01,7.189327530079292217e+01,8.552344818574985075e-01,5.600561833730152705e-02,5.603258678696487055e-02
5.325000000000000844e-01,7.202315909505742297e+01,7.202315909505742297e+01,8.554994942592205609e-01,5.602556137164572958e-02,5.605242167977095291e-02
5.400000000000000355e-01,7.215394403880867458e+01,7.215394403880867458e+01,8.557719632642258878e-01,5.601911657084635704e-02,5.604576919163464788e-02
5.475000000000000977e-01,7.228550180798107760e+01,7.228550180798107760e+01,8.554228741650982126e-01,5.599705347726564864e-02,5.602360161517800502e-02
5.550000000000000488e-01,7.241517867658774321e+01,7.241517867658774321e+01,8.553144674190550356e-01,5.602308692712771460e-02,5.604952684550096320e-02
5.625000000000000000e-01,7.254570619919307717e+01,7.254570619919307717e+01,8.557630732578991317e-01,5.602411395105132141e-02,5.605044601259332598e-02
5.700000000000000622e-01,7.267723649610427117e+01,7.267723649610427117e+01,8.555721516625036660e-01,5.600115000757797945e-02,5.602727695784955053e-02
5.775000000000000133e-01,7.280725539790637413e+01,7.280725539790637413e+01,8.550795359100756832e-01,5.601884590536338610e-02,5.604486546970153388e-02
5.850000000000000755e-01,7.293753752447794625e+01,7.293753752447794625e+01,8.557093582713155566e-01,5.602701546546153683e-02,5.605292711260190242e-02
5.925000000000000266e-01,7.306879954755812889e+01,7.306879954755812889e+01,8.556811816299594309e-01,5.600964203880242492e-02,5.603534827470196822e-02
6.000000000000000888e-01,7.319938502452600915e+01,7.319938502452600915e+01,8.550621435530076919e-01,5.601295036942920136e-02,5.603855128743035624e-02
6.075000000000000400e-01,7.332943501473465631e+01,7.332943501473465631e+01,8.556095231880685992e-01,5.602789869683260510e-02,5.605339254695175522e-02
6.150000000000001021e-01,7.346042300501997602e+01,7.346042300501997602e+01,8.557487986018144088e-01,5.601645725090442784e-02,5.604174491345037534e-02
6.225000000000000533e-01,7.359156376319742776e+01,7.359156376319742776e+01,8.552801122131453715e-01,5.600550593075086930e-02,5.603068934283118169e-02
6.300000000000000044e-01,7.372139552922132566e+01,7.372139552922132566e+01,8.554622370092876960e-01,5.602685408812917156e-02,5.605193037332026340e-02
6.375000000000000666e-01,7.385211753628045983e+01,7.385211753628045983e+01,8.557738036913564716e-01,5.602211278237162473e-02,5.604698238535932298e-02
6.450000000000000178e-01,7.398375440787370394e+01,7.398375440787370394e+01,8.554598224252083494e-01,5.599749299711177103e-02,5.602225891597756996e-02
6.525000000000000799e-01,7.411341576594324465e+01,7.411341576594324465e+01,8.552661322366115204e-01,5.602397234399278392e-02,5.604863114540657026e-02
6.600000000000000311e-01,7.424388299986740947e+01,7.424388299986740947e+01,8.557549639231988303e-01,5.602663064843738799e-02,5.605118262868113294e-02
6.675000000000000933e-01,7.437535150024274344e+01,7.437535150024274344e+01,8.556001663989004635e-01,5.600483627803257147e-02,5.602918381269030024e-02
6.750000000000000444e-01,7.450549241857599725e+01,7.450549241857599725e+01,8.550198042754356687e-01,5.601934431257578340e-02,5.604358574201152854e-02
6.825000000000001066e-01,7.463571703838221083e+01,7.463571703838221083e+01,8.556910115754735591e-01,5.602906936037218427e-02,5.605320393745406859e-02
6.900000000000000577e-01,7.476691308273984760e+01,7.476691308273984760e+01,8.557000041254274603e-01,5.601301994903006010e-02,5.603694915382704395e-02
6.975000000000000089e-01,7.489762080119626830e+01,7.489762080119626830e+01,8.551143389741009404e-01,5.601309683863349431e-02,5.603692103480083925e-02
7.050000000000000711e-01,7.502761662623241534e+01,7.502761662623241534e+01,8.555806435343352723e-01,5.602951160676574588e-02,5.605322892967996851e-02
7.125000000000000222e-01,7.515853992685244123e+01,7.515853992685244123e+01,8.557581626979702261e-01,5.601940195066398842e-02,5.604291307012839590e-02
7.200000000000000844e-01,7.528979806861190127e+01,7.528979806861190127e+01,8.553238155820113153e-01,5.600530970813009241e-02,5.602871683799539454e-02
7.275000000000000355e-01,7.541957852084284752e+01,7.541957852084284752e+01,8.554225206633760958e-01,5.602804628064390197e-02,5.605134652752709334e-02
7.350000000000000977e-01,7.555023822947110546e+01,7.555023822947110546e+01,8.557734356380135576e-01,5.602499319281401685e-02,5.604808741537816580e-02
7.425000000000000488e-01,7.568187231876174792e+01,7.568187231876174792e+01,8.554947878663570204e-01,5.599996620877674414e-02,5.602295738347091991e-02
7.500000000000001110e-01,7.581159947240728059e+01,7.581159947240728059e+01,8.552152671908805903e-01,5.602476226070043225e-02,5.604764748398727986e-02
7.575000000000000622e-01,7.594200713301661665e+01,7.594200713301661665e+01,8.557445822297461424e-01,5.602903506882010720e-02,5.605181445626498948e-02
7.650000000000000133e-01,7.607341170509685924e+01,7.607341170509685924e+01,8.556261408661762768e-01,5.600847810422372730e-02,5.603105368822895033e-02
7.725000000000000755e-01,7.620367618159585277e+01,7.620367618159585277e+01,8.549574701180003844e-01,5.601975193392035035e-02,5.604222260123014471e-02
7.800000000000000266e-01,7.633384404838227510e+01,7.633384404838227510e+01,8.556703268647535277e-01,5.603101535635762048e-02,5.605338017797385081e-02
7.875000000000000888e-01,7.646497429916178135e+01,7.646497429916178135e+01,8.557167272489853982e-01,5.601629617530911459e-02,5.603845636459722085e-02
7.950000000000000400e-01,7.659580345489052888e+01,7.659580345489052888e+01,8.551646495553575367e-01,5.601315590904015762e-02,5.603521220304372857e-02
8.025000000000001021e-01,7.672574589020400992e+01,7.672574589020400992e+01,8.555493583995735785e-01,5.603101877286816024e-02,5.605296922091361489e-02
8.100000000000000533e-01,7.685660510488256136e+01,7.685660510488256136e+01,8.557653666323735697e-01,5.602223637787951543e-02,5.604398145814203785e-02
8.175000000000001155e-01,7.698797945316238156e+01,7.698797945316238156e+01,8.553655795218568780e-01,5.600502828091646207e-02,5.602667040779614471e-02
8.250000000000000666e-01,7.711770940707845057e+01,7.711770940707845057e+01,8.553803295288003872e-01,5.602913487764699801e-02,5.605067116725867549e-02
8.325000000000000178e-01,7.724830754972725799e+01,7.724830754972725799e+01,8.557708449119145744e-01,5.602775403352108774e-02,5.604918480605964454e-02
8.400000000000000799e-01,7.737990077485822837e+01,7.737990077485822837e+01,8.555277576961428654e-01,5.600332911040025591e-02,5.602455688825479230e-02
8.475000000000000311e-01,7.750973131346371758e+01,7.750973131346371758e+01,8.551618561766781701e-01,5.602545451716529901e-02,5.604657688479007527e-02
8.550000000000000933e-01,7.764008017358408154e+01,7.764008017358408154e+01,8.557319135976386715e-01,5.603132552050307108e-02,5.605234239310303429e-02
8.625000000000000444e-01,7.777141977153416974e+01,7.777141977153416974e+01,8.556500619116607087e-01,5.601204722880589321e-02,5.603286033138767802e-02
8.700000000000001066e-01,7.790180816928180718e+01,7.790180816928180718e+01,8.549828312877355563e-01,5.602007281529844396e-02,5.604078151698316246e-02
8.775000000000000577e-01,7.803192025345069283e+01,7.803192025345069283e+01,8.556472891613609022e-01,5.603285359590309822e-02,5.605345682930839429e-02
8.850000000000001199e-01,7.816298509608773770e+01,7.816298509608773770e+01,8.557313374775260550e-01,5.601946840924253157e-02,5.603986715637920835e-02
8.925000000000000711e-01,7.829393478971010722e+01,7.829393478971010722e+01,8.552130631250898229e-01,5.601313050856116665e-02,5.603342581619988327e-02
9.000000000000000222e-01,7.842382466049086531e+01,7.842382466049086531e+01,8.555156523974716265e-01,5.603242457485096278e-02,5.605261444979411228e-02
9.075000000000000844e-01,7.855462047429035977e+01,7.855462047429035977e+01,8.557703965013274683e-01,5.602519571532970505e-02,5.604518055977530944e-02
9.150000000000000355e-01,7.868610959487395462e+01,7.868610959487395462e+01,8.554053915104024020e-01,5.600467537631893117e-02,5.602455765386680359e-02
9.225000000000000977e-01,7.881579018706521822e+01,7.881579018706521822e+01,8.553356477999225493e-01,5.603012792865581793e-02,5.604990532938745884e-02
9.300000000000000488e-01,7.894632760037941921e+01,7.894632760037941921e+01,8.557660172187728786e-01,5.603040266270668118e-02,5.605007548702135856e-02
9.375000000000001110e-01,7.907786684858648130e+01,7.907786684858648130e+01,8.555587190328685088e-01,5.600693819513084815e-02,5.602640861565386099e-02
9.450000000000000622e-01,7.920781360022799333e+01,7.920781360022799333e+01,8.551058829584492482e-01,5.602605422977332411e-02,5.604542038073898752e-02
9.525000000000001243e-01,7.933810455859348565e+01,7.933810455859348565e+01,8.557169433323628116e-01,5.603350577265044097e-02,5.605276737837513318e-02
9.600000000000000755e-01,7.946937885605888141e+01,7.946937885605888141e+01,8.556719162858323902e-01,5.601553063225807316e-02,5.603458913189485191e-02
9.675000000000000266e-01,7.959989091070524125e+01,7.959989091070524125e+01,8.550377489076529391e-01,5.602031228989142603e-02,5.603926745606570975e-02
9.750000000000000888e-01,7.972994846917295320e+01,7.972994846917295320e+01,8.556218833615323316e-01,5.603458424842845675e-02,5.605343490510968779e-02
9.825000000000000400e-01,6.094852942822283348e-02,7.986094852942822797e+01,8.557438211856867039e-01,5.602253290932082685e-02,5.604117982712559370e-02
9.900000000000001021e-01,1.920178931234649278e-01,1.597920178931235000e+02,8.552595674342154952e-01,5.601301844258649298e-02,5.603156290154878011e-02
9.975000000000000533e-01,3.218561695446490178e-01,2.397218561695446795e+02,8.554795100068245395e-01,5.603372565910554048e-02,5.605216565146534102e-02
1.005000000000000115e+00,4.525894469939782394e-01,3.196525894469939999e+02,8.557732382960120399e-01,5.602820732378690355e-02,5.604644323233939213e-02
1.012500000000000178e+00,5.841823751437948964e-01,3.995841823751438255e+02,8.554432389503003886e-01,5.600449750565521245e-02,5.602263153719250210e-02
1.020000000000000018e+00,7.138244049984324713e-01,4.795138244049985019e+02,8.552884595309716564e-01,5.603102042139292832e-02,5.604905004787618522e-02
1.027500000000000080e+00,8.443019597467779080e-01,5.594443019597468947e+02,8.557589381590398059e-01,5.603293465237552812e-02,5.605086014755956275e-02
1.035000000000000142e+00,9.757816211413814500e-01,6.393757816211415275e+02,8.555876589235463792e-01,5.601059437811038710e-02,5.602831759456303878e-02
1.042499999999999982e+00,1.105849915480772161e+00,7.193058499154808487e+02,8.550473311598787429e-01,5.602655942334565375e-02,5.604417899481567433e-02
1.050000000000000044e+00,1.236083877808153986e+00,7.992360838778081416e+02,8.556996566367069956e-01,5.603557486971794122e-02,5.605309036601430206e-02
1.057500000000000107e+00,1.367292916010344861e+00,8.791672929160102967e+02,8.556916906722881189e-01,5.601891878019093357e-02,5.603623139058320352e-02
1.065000000000000169e+00,1.497928293632818209e+00,9.590979282936327763e+02,8.550907990388955104e-01,5.602046350575926731e-02,5.603767334295402247e-02
1.072500000000000009e+00,1.627932260642156681e+00,1.039027932260642046e+03,8.555940942637543234e-01,5.603620959078105951e-02,5.605331541349579949e-02
1.080000000000000071e+00,1.758868226209530539e+00,1.118958868226209461e+03,8.557541646855109096e-01,5.602549096138940976e-02,5.604239336309584790e-02
1.087500000000000133e+00,1.890056292654350045e+00,1.198890056292654208e+03,8.553041502023409626e-01,5.601282403566571616e-02,5.602962446938466318e-02
1.095000000000000195e+00,2.019843922306884476e+00,1.278819843922306518e+03,8.554409156154887395e-01,5.603492736097626103e-02,5.605162384665805103e-02
1.102500000000000036e+00,2.150515526076844264e+00,1.358750515526076470e+03,8.557738779485004610e-01,5.603110457861212867e-02,5.604759748426724891e-02
1.110000000000000098e+00,2.282141788274233640e+00,1.438682141788273839e+03,8.554791092123809060e-01,5.600606019903336952e-02,5.602245147543000875e-02
1.117500000000000160e+00,2.411815611383358426e+00,1.518611815611383008e+03,8.552387486931015692e-01,5.603181884435420868e-02,5.604810633946517850e-02
1.125000000000000000e+00,2.542234277424444855e+00,1.598542234277424086e+03,8.557495932763290458e-01,5.603535572963343897e-02,5.605153961762968789e-02
1.132500000000000062e+00,2.673651741492466982e+00,1.678473651741491949e+03,8.556145643798771516e-01,5.601422682220457555e-02,5.603020866195122102e-02
1.140000000000000124e+00,2.803844081424686330e+00,1.758403844081424040e+03,8.549861843295977204e-01,5.602697487419398825e-02,5.604285373390715391e-02
1.147500000000000187e+00,2.934022050651555080e+00,1.838334022050650901e+03,8.556800386574489048e-01,5.603753698834557789e-02,5.605331231707313261e-02
1.155000000000000027e+00,3.065166209185141266e+00,1.918265166209184599e+03,8.557093717133648081e-01,5.602220894614541591e-02,5.603778171151992116e-02
1.162500000000000089e+00,3.195924423983696805e+00,1.998195924423983115e+03,8.551419697092382810e-01,5.602052960139760479e-02,5.603600018676321848e-02
1.170000000000000151e+00,3.325875832164588264e+00,2.078125875832163729e+03,8.555639066098844614e-01,5.603773222620988398e-02,5.605309936116640440e-02
1.177499999999999991e+00,3.456748547300424246e+00,2.158056748547299776e+03,8.557623542401570083e-01,5.602834310813362140e-02,5.604350723528619266e-02
1.185000000000000053e+00,3.588054388083609325e+00,2.237988054388083128e+03,8.553467991049271690e-01,5.601254886353373985e-02,5.602761154315620551e-02
1.192500000000000115e+00,3.717792419302532014e+00,2.317917792419302259e+03,8.553998535527009839e-01,5.603603074014645163e-02,5.605099005440306731e-02
1.200000000000000178e+00,3.848403338244723138e+00,2.397848403338244680e+03,8.557723013335996054e-01,5.603388755651406150e-02,5.604874378854324962e-02
1.207500000000000018e+00,3.980002059028811878e+00,2.477780002059028902e+03,8.555129896097900533e-01,5.600912074332989321e-02,5.602377595439783642e-02
1.215000000000000080e+00,4.109768646677975923e+00,2.557709768646678185e+03,8.551864991956927842e-01,5.603252283281302121e-02,5.604707522183285939e-02
1.222500000000000142e+00,4.240129499924363721e+00,2.637640129499925024e+03,8.557379680486432161e-01,5.603766517981707829e-02,5.605211477445148222e-02
1.230000000000000204e+00,4.371483641624669403e+00,2.717571483641625491e+03,8.556394223436727398e-01,5.601779836009659203e-02,5.603204644712161953e-02
1.237500000000000044e+00,4.501801230756241168e+00,2.797501801230757337e+03,8.549572029471155243e-01,5.602729960124921277e-02,5.604144560901807431e-02
1.245000000000000107e+00,4.631924306853671958e+00,2.877431924306854853e+03,8.556580744680214456e-01,5.603939092994240229e-02,5.605343421579581792e-02
1.252500000000000169e+00,4.763004226565869637e+00,2.957363004226567227e+03,8.557249459713920370e-01,5.602539536683699001e-02,5.603923669824990156e-02
1.260000000000000009e+00,4.893884714890583076e+00,3.037293884714892101e+03,8.551912488606652207e-01,5.602050904736456671e-02,5.603424900403296965e-02
1.267500000000000071e+00,5.023784687574476493e+00,3.117223784687575971e+03,8.555313050616316639e-01,5.603915045778516679e-02,5.605278776941670371e-02
1.275000000000000133e+00,5.154595130389814095e+00,3.197154595130391499e+03,8.557683760250502925e-01,5.603113443093066248e-02,5.604456942011435544e-02
1.282500000000000195e+00,5.286017818858653960e+00,3.277086017818860455e+03,8.553875017238242728e-01,5.601219198955012524e-02,5.602552623091052592e-02
1.290000000000000036e+00,5.415707426738294750e+00,3.357015707426740391e+03,8.553563080618001857e-01,5.603703362766505880e-02,5.605026530440684190e-02
1.297500000000000098e+00,5.546258734078716834e+00,3.436946258734080857e+03,8.557684942329262245e-01,5.603655369669829217e-02,5.604968303263802021e-02
1.305000000000000160e+00,5.677809385588568070e+00,3.516877809385591263e+03,8.555448673575011265e-01,5.601262235477103002e-02,5.602555089786634412e-02
1.312500000000000000e+00,5.807689282647881868e+00,3.596807689282650699e+03,8.551316948574643195e-01,5.603313133581270394e-02,5.604595772076172849e-02
1.320000000000000062e+00,5.937993371074768767e+00,3.676737993371077664e+03,8.557240478572095688e-01,5.603986241070670060e-02,5.605258653833680021e-02
1.327500000000000124e+00,6.069283789767738746e+00,3.756669283789770816e+03,8.556622196565071281e-01,5.602128914024865486e-02,5.603381206033514889e-02
1.335000000000000187e+00,6.199726592473099096e+00,3.836599726592476600e+03,8.550129672360048394e-01,5.602754560888176943e-02,5.603996704762279762e-02
1.342500000000000027e+00,6.329796281485817744e+00,3.916529796281489325e+03,8.556337490428754800e-01,5.604113779931329392e-02,5.605345706560400931e-02
1.350000000000000089e+00,6.460812686036019770e+00,3.996460812686039844e+03,8.557383999081003001e-01,5.602847652880503515e-02,5.604059422333677876e-02
1.357500000000000151e+00,6.591814727494052839e+00,4.076391814727498058e+03,8.552386243350620365e-01,5.602040397691430973e-02,5.603242081592946233e-02
1.365000000000000213e+00,6.721664349919410419e+00,4.156321664349923594e+03,8.554962741803875392e-01,5.604046691289223808e-02,5.605238166781438547e-02
1.372500000000000053e+00,6.852413494964425311e+00,4.236252413494969005e+03,8.557722161155728591e-01,5.603416865524722679e-02,5.604588163014472685e-02
1.380000000000000115e+00,6.983950019297971323e+00,4.316183950019302756e+03,8.554262455431281831e-01,5.601180966488212426e-02,5.602342225159597650e-02
1.387500000000000178e+00,7.113594353427284744e+00,4.396113594353431836e+03,8.553102632849206577e-01,5.603794003333132517e-02,5.604945062883853746e-02
1.395000000000000018e+00,7.244087111534199153e+00,4.476044087111538829e+03,8.557624423289100779e-01,5.603910707098436195e-02,5.605051587693589410e-02
1.402500000000000080e+00,7.375581860142274238e+00,4.555975581860147031e+03,8.555747295751242598e-01,5.601623893508984875e-02,5.602744722418334655e-02
1.410000000000000142e+00,7.505583056873481596e+00,4.635905583056878640e+03,8.550743193951871879e-01,5.603364807204762321e-02,5.604475486119052385e-02
1.417500000000000204e+00,7.635831506762078114e+00,4.715835831506767136e+03,8.557078179848043309e-01,5.604195076458647062e-02,5.605295585641423273e-02
1.425000000000000044e+00,7.767058330568104907e+00,4.795767058330573491e+03,8.556829430665932046e-01,5.602469032181168346e-02,5.603549455732822343e-02
1.432500000000000107e+00,7.897626307463518458e+00,4.875697626307469363e+03,8.550668695028635913e-01,5.602770592297392355e-02,5.603840925843380644e-02
1.440000000000000169e+00,8.027643807954962796e+00,4.955627643807960339e+03,8.556070472583987563e-01,5.604278014605588304e-02,5.605338187794337707e-02
1.447500000000000009e+00,8.158597579812710165e+00,5.035558597579818525e+03,8.557497198931903748e-01,5.603145240574815278e-02,5.604185299448292967e-02
1.455000000000000071e+00,8.289720439355349413e+00,5.115489720439361918e+03,8.552840838891724307e-01,5.602021640731471436e-02,5.603051664105954122e-02
1.462500000000000133e+00,8.419520865656462405e+00,5.195419520865662889e+03,8.554587984294347303e-01,5.604168335963925079e-02,5.605188208615830697e-02
1.470000000000000195e+00,8.550209783375404271e+00,5.275350209783381615e+03,8.557738604956737216e-01,5.603708768740253698e-02,5.604708519036427639e-02
1.477500000000000036e+00,8.681821032923476622e+00,5.355281821032930566e+03,8.554630179628747166e-01,5.601235019092572903e-02,5.602224764758122200e-02
1.485000000000000098e+00,8.811459452222441868e+00,5.435211459452229064e+03,8.552617032656147922e-01,5.603875098157867080e-02,5.604854705681563964e-02
1.492500000000000160e+00,8.941894793782152462e+00,5.515141894793789106e+03,8.557541312124570254e-01,5.604154829326441628e-02,5.605124314118505729e-02
1.500000000000000222e+00,9.073330170347205126e+00,5.595073330170354893e+03,8.556025632984256557e-01,5.601985773942531194e-02,5.602935238358500852e-02
1.507500000000000062e+00,9.203456339249495244e+00,5.675003456339257355e+03,8.550143564262475682e-01,5.603407388705688302e-02,5.604346766384623452e-02
1.515000000000000124e+00,9.333650304764693928e+00,5.754933650304772527e+03,8.556892636220363446e-01,5.604393104727062314e-02,5.605322369466404081e-02
1.522500000000000187e+00,9.464813978254012383e+00,5.834864813978261736e+03,8.557015792377706820e-01,5.602799508652527016e-02,5.603708726459466494e-02
1.530000000000000027e+00,9.595506872075741711e+00,5.914795506872083934e+03,8.551188977773629407e-01,5.602778013618639474e-02,5.603677196455974369e-02
1.537500000000000089e+00,9.725473354824606176e+00,5.994725473354832502e+03,8.555779538977377197e-01,5.604431887076660040e-02,5.605320966920007697e-02
1.545000000000000151e+00,9.856365463287854567e+00,6.074656365463296424e+03,8.557588922109091722e-01,5.603432217778395175e-02,5.604301229227241082e-02
1.552500000000000213e+00,9.987608365415614031e+00,6.154587608365423876e+03,8.553276152022986079e-01,5.601994727037187816e-02,5.602853749815233514e-02
1.560000000000000053e+00,1.011736076818578134e+01,6.234517360768194521e+03,8.554188621774689860e-01,5.604280075457316462e-02,5.605129005372353618e-02
1.567500000000000115e+00,1.024799056903133732e+01,6.314447990569040485e+03,8.557732950623913037e-01,5.603989199864144871e-02,5.604828052901035529e-02
1.575000000000000178e+00,1.037959656467177005e+01,6.394379596564680469e+03,8.554978063041419611e-01,5.601489011118807732e-02,5.602307899824170156e-02
1.582500000000000240e+00,1.050930931468635166e+01,6.474309309314695383e+03,8.552106119513618321e-01,5.603946746793434658e-02,5.604755561484706800e-02
1.590000000000000080e+00,1.063968839597831106e+01,6.554239688395988196e+03,8.557435463858775737e-01,5.604387821188863694e-02,5.605186569117465850e-02
1.597500000000000142e+00,1.077106285091832483e+01,6.634171062850928138e+03,8.556283554823951309e-01,5.602342986602965730e-02,5.603121747975267630e-02
1.605000000000000204e+00,1.090131577257985462e+01,6.714101315772589260e+03,8.549517894704171672e-01,5.603440980782824210e-02,5.604209714626518651e-02
1.612500000000000044e+00,1.103145642333462106e+01,6.794031456423344935e+03,8.556683698691177620e-01,5.604580426317135738e-02,5.605339103491330938e-02
1.620000000000000107e+00,1.116255760111911677e+01,6.873962557601129447e+03,8.557181147511355723e-01,5.603119928682552542e-02,5.603858599829742576e-02
1.627500000000000169e+00,1.129337497292344850e+01,6.953893374972933998e+03,8.551690400141597204e-01,5.602776931727970061e-02,5.603505618618949413e-02
1.635000000000000231e+00,1.142329161944852700e+01,7.033823291619459269e+03,8.555464536518225804e-01,5.604575505568037963e-02,5.605294146031503111e-02
1.642500000000000071e+00,1.155412309375105728e+01,7.113754123093761336e+03,8.557659030607320805e-01,5.603708560634205332e-02,5.604407180338744771e-02
1.650000000000000133e+00,1.168548522265299283e+01,7.193685485222664283e+03,8.553692058765901551e-01,5.601959784446271240e-02,5.602648457919479769e-02
1.657500000000000195e+00,1.181519078833037462e+01,7.273615190788341351e+03,8.553764496991701494e-01,5.604382022562141852e-02,5.605060659974233500e-02
1.665000000000000036e+00,1.194576260724222649e+01,7.353545762607253891e+03,8.557705056259587995e-01,5.604258234011608858e-02,5.604926849024339380e-02
1.672500000000000098e+00,1.207732938636754483e+01,7.433477329386379097e+03,8.555305978086819030e-01,5.601822923642231500e-02,5.602471603655351240e-02
1.680000000000000160e+00,1.220715069892163918e+01,7.513407150698933037e+03,8.551569731938839514e-01,5.604009065182505300e-02,5.604647732757213341e-02
1.687500000000000222e+00,1.233747468726583563e+01,7.593337474687277791e+03,8.557306732626861479e-01,5.604609787634828172e-02,5.605238442994517345e-02
1.695000000000000062e+00,1.246878766024916452e+01,7.673268787660261296e+03,8.556520930005552250e-01,5.602693064340612261e-02,5.603301768344087080e-02
1.702500000000000124e+00,1.259916792016469778e+01,7.753199167920176478e+03,8.549877996493717713e-01,5.603466260379681013e-02,5.604064990825373405e-02
1.710000000000000187e+00,1.272925664554242253e+01,7.833129256645554960e+03,8.556451217355321992e-01,5.604757158808930384e-02,5.605345887218031453e-02
1.717500000000000249e+00,1.286029612280464818e+01,7.913060296122816908e+03,8.557325361042170675e-01,5.603430047542088538e-02,5.603998811855098738e-02
1.725000000000000089e+00,1.299123740306929520e+01,7.992991237403081868e+03,8.552172840916687502e-01,5.602767468798167810e-02,5.603326294218748810e-02
1.732500000000000151e+00,1.312110539489597727e+01,8.072921105394909318e+03,8.555125311189912818e-01,5.604708993948443602e-02,5.605257827635138496e-02
1.740000000000000213e+00,1.325187730244665474e+01,8.152851877302459798e+03,8.557707385565193059e-01,5.604000884570735364e-02,5.604529748231642378e-02
1.747500000000000053e+00,1.338335745645358621e+01,8.232783357456466547e+03,8.554088434358015913e-01,5.601917868688514185e-02,5.602436820693371816e-02
1.755000000000000115e+00,1.351301772395678569e+01,8.312713017723968733e+03,8.553315451748521037e-01,5.604474304774234583e-02,5.604983275460784231e-02
1.762500000000000178e+00,1.364353270671645468e+01,8.392643532706726546e+03,8.557654779090103636e-01,5.604515969421852012e-02,5.605014970013953018e-02
1.770000000000000240e+00,1.377504854031901971e+01,8.472575048540329590e+03,8.555613796377544711e-01,5.602178700215335733e-02,5.602657795218672632e-02
1.777500000000000080e+00,1.390499040196015379e+01,8.552504990401968826e+03,8.551007707488752496e-01,5.604062183267582986e-02,5.604531322199611532e-02
1.785000000000000142e+00,1.403526046443571218e+01,8.632435260464444582e+03,8.557154971668868848e-01,5.604820850590173237e-02,5.605280029577532769e-02
1.792500000000000204e+00,1.416651195820671383e+01,8.712366511958214687e+03,8.556737626438908340e-01,5.603034644217322335e-02,5.603473907801715531e-02
1.800000000000000044e+00,1.429701950755770667e+01,8.792297019507564983e+03,8.550425514999228094e-01,5.603483529939613794e-02,5.603912868037946166e-02
1.807500000000000107e+00,1.442705775561313430e+01,8.872227057755619171e+03,8.556195041394106804e-01,5.604923434281773587e-02,5.605342822749737053e-02
1.815000000000000169e+00,1.455803642012553922e+01,8.952158036420130884e+03,8.557448297100072043e-01,5.603729734252467509e-02,5.604129201607462724e-02
1.822500000000000231e+00,1.468910094008998435e+01,9.032089100940094795e+03,8.552636178108000697e-01,5.602749759975345079e-02,5.603139328368270805e-02
1.830000000000000071e+00,1.481892144911147824e+01,9.112018921449116533e+03,8.554761708044773538e-01,5.604832489281613012e-02,5.605212118837003127e-02
1.837500000000000133e+00,1.494963487762310095e+01,9.191949634877626522e+03,8.557733847256553394e-01,5.604295342651369194e-02,5.604665042725983509e-02
1.845000000000000195e+00,1.508121928240929854e+01,9.271881219282411621e+03,8.554465153241659348e-01,5.601901989087236522e-02,5.602251820292313000e-02
1.852500000000000258e+00,1.521084833084935362e+01,9.351810848330851513e+03,8.552841326900649799e-01,5.604557058037012984e-02,5.604896966504796518e-02
1.860000000000000098e+00,1.534130767046591792e+01,9.431741307670466995e+03,8.557581975458423695e-01,5.604762498043478619e-02,5.605092510343569895e-02
1.867500000000000160e+00,1.547276767224882832e+01,9.511672767672249392e+03,8.555901388711216748e-01,5.602538609550966608e-02,5.602848776428480393e-02
1.875000000000000222e+00,1.560283530084055492e+01,9.591602835300840525e+03,8.550419882756815637e-01,5.604106173621001968e-02,5.604406463084852380e-02
1.882500000000000062e+00,1.573305264483299837e+01,9.671533052644832424e+03,8.556980033323317025e-01,5.605021054518532359e-02,5.605311464155670470e-02
1.890000000000000124e+00,1.586424305386008093e+01,9.751464243053858809e+03,8.556933511199528164e-01,5.603366820902139223e-02,5.603637397581047452e-02
1.897500000000000187e+00,1.599487780451088526e+01,9.831394877804508724e+03,8.550954347999082383e-01,5.603492097056768373e-02,5.603752829750904829e-02
1.905000000000000249e+00,1.612486679053534644e+01,9.911324866790531814e+03,8.555915019070058358e-01,5.605079235596986675e-02,5.605330112767426681e-02
1.912500000000000089e+00,1.625578564135792448e+01,9.991255785641355033e+03,8.557549818961793786e-01,5.604018751662493553e-02,5.604249833789397284e-02
1.920000000000000151e+00,1.638697270675719864e+01,1.007118697270675329e+04,8.553080288939851616e-01,5.602723741687520159e-02,5.602945024324852002e-02
1.927500000000000213e+00,1.651674694093986773e+01,1.015111674694093563e+04,8.554373571199699322e-01,5.604945905318895610e-02,5.605157375668154418e-02
1.935000000000000053e+00,1.664740303858668824e+01,1.023104740303858125e+04,8.557738275083790480e-01,5.604578154296724346e-02,5.604779832776769777e-02
1.942500000000000115e+00,1.677901713774742021e+01,1.031097901713774081e+04,8.554822089055190704e-01,5.602071670783977109e-02,5.602253714474188934e-02
1.950000000000000178e+00,1.690868986385937589e+01,1.039090868986385249e+04,8.552341962352232319e-01,5.604630133676577475e-02,5.604802453101362381e-02
1.957500000000000240e+00,1.703909465327037864e+01,1.047083909465326178e+04,8.557486500818056729e-01,5.604997691729835668e-02,5.605160323264848921e-02
1.965000000000000080e+00,1.717049652685309979e+01,1.055077049652684400e+04,8.556168625062628985e-01,5.602895498844629590e-02,5.603038751706650861e-02
1.972500000000000142e+00,1.730069233060390488e+01,1.063070069233059439e+04,8.549806093370092563e-01,5.604141005079900373e-02,5.604274723516932538e-02
1.980000000000000204e+00,1.743085805010343137e+01,1.071063085805009359e+04,8.556781769021990502e-01,5.605210404934665713e-02,5.605334656437878371e-02
1.987500000000000266e+00,1.756198788484657669e+01,1.079056198788483562e+04,8.557108450521508924e-01,5.603689027887429758e-02,5.603794471275173189e-02
1.995000000000000107e+00,1.769274940453937361e+01,1.087049274940452779e+04,8.551464375451904854e-01,5.603492056278171901e-02,5.603588354980994224e-02
2.002499999999999947e+00,1.782269022137194270e+01,1.095042269022135952e+04,8.555610997722137290e-01,5.605224700472586502e-02,5.605311994898314748e-02
2.010000000000000231e+00,1.795355018845223327e+01,1.103035355018843984e+04,8.557629789044602919e-01,5.604297131657529768e-02,5.604366818643806425e-02
2.017500000000000071e+00,1.808485893436510139e+01,1.111028485893435209e+04,8.553505049844198904e-01,5.602689643065857789e-02,5.602750966034825142e-02
2.025000000000000355e+00,1.821458797289551512e+01,1.119021458797288142e+04,8.553960743831969804e-01,5.605049515462921100e-02,5.605102754226806011e-02
2.032500000000000195e+00,1.834518777512477072e+01,1.127014518777510966e+04,8.557720527571962554e-01,5.604849595722558031e-02,5.604895086789203618e-02
2.040000000000000036e+00,1.847677567002451227e+01,1.135007677567000792e+04,8.555159114626074146e-01,5.602378569136030190e-02,5.602409638995535512e-02
2.047500000000000320e+00,1.860654806626460100e+01,1.143000654806624698e+04,8.551817197052425934e-01,5.604693934341653527e-02,5.604718603210089717e-02
2.055000000000000160e+00,1.873689941302704653e+01,1.150993689941300909e+04,8.557368209727977959e-01,5.605221923827492098e-02,5.605240767274803637e-02
2.062500000000000000e+00,1.886824217705629181e+01,1.158986824217703725e+04,8.556415374577424071e-01,5.603246306803763566e-02,5.603255407575444963e-02
2.070000000000000284e+00,1.899856727477225604e+01,1.166979856727475271e+04,8.549622470313809064e-01,5.604167031644754354e-02,5.604172481695518515e-02
2.077500000000000124e+00,1.912868247537766564e+01,1.174972868247535735e+04,8.556560029285369406e-01,5.605389236375316747e-02,5.605391904633477695e-02
2.084999999999999964e+00,1.925975241776783520e+01,1.182965975241774686e+04,8.557262309791878740e-01,5.604001157856490500e-02,5.604001157856489806e-02
2.092500000000000249e+00,1.939064013644462392e+01,1.190959064013642273e+04,8.551955476536082790e-01,5.603483710280917490e-02,5.603483710280917490e-02
2.100000000000000089e+00,1.952053388849806126e+01,1.198952053388847708e+04,8.555282823761769517e-01,5.605360113909687442e-02,5.605360113909686054e-02
2.107500000000000373e+00,1.965133595626431884e+01,1.206945133595624247e+04,8.557688068900917155e-01,5.604573422125436882e-02,5.604573422125436882e-02
2.115000000000000213e+00,1.978276544280611304e+01,1.214938276544278233e+04,8.553910336454373375e-01,5.602647866625030254e-02,5.602647866625029560e-02
2.122500000000000053e+00,1.991245043660842029e+01,1.222931245043658419e+04,8.553523068175701294e-01,5.605143548621149135e-02,5.605143548621149135e-02
2.130000000000000338e+00,2.004299500669750600e+01,1.230924299500667257e+04,8.557680462364041230e-01,5.605109842171966672e-02,5.605109842171965978e-02
2.137500000000000178e+00,2.017453812951188041e+01,1.238917453812948588e+04,8.555476101965074909e-01,5.602725200204466960e-02,5.602725200204466960e-02
2.145000000000000018e+00,2.030442887701488175e+01,1.246910442887698809e+04,8.551266868992331016e-01,5.604748631894748007e-02,5.604748631894745925e-02
2.152500000000000302e+00,2.043472787949968961e+01,1.254903472787947248e+04,8.557226955848017402e-01,5.605435346569932059e-02,5.605435346569932059e-02
2.160000000000000142e+00,2.056601131500647384e+01,1.262896601131497846e+04,8.556641505566526806e-01,5.603589261462550014e-02,5.603589261462551402e-02
2.167499999999999982e+00,2.069646567261893466e+01,1.270889646567259115e+04,8.550178459589099500e-01,5.604185595380121315e-02,5.604185595380123397e-02
2.175000000000000266e+00,2.082653198583987475e+01,1.278882653198581102e+04,8.556314663718340707e-01,5.605557595794945919e-02,5.605557595794945919e-02
2.182500000000000107e+00,2.095754287231768487e+01,1.286875754287228847e+04,8.557394953545391925e-01,5.604302915170482347e-02,5.604302915170481653e-02
2.190000000000000391e+00,2.108855615840245079e+01,1.294868855615837128e+04,8.552427529643757964e-01,5.603467030813590738e-02,5.603467030813592126e-02
2.197500000000000231e+00,2.121840398787235671e+01,1.302861840398784079e+04,8.554930342668944920e-01,5.605485409688338444e-02,5.605485409688337056e-02
2.205000000000000071e+00,2.134914921074754091e+01,1.310854914921071577e+04,8.557724519213497638e-01,5.604870341237117026e-02,5.604870341237119802e-02
2.212500000000000355e+00,2.148069573251337161e+01,1.318848069573247994e+04,8.554296023599670118e-01,5.602605565735967880e-02,5.602605565735967186e-02
2.220000000000000195e+00,2.161034065193570797e+01,1.326841034065190252e+04,8.553060385518234110e-01,5.605227820871011568e-02,5.605227820871011568e-02
2.227500000000000036e+00,2.174083109870254660e+01,1.334834083109866879e+04,8.557617936216266319e-01,5.605358643539457009e-02,5.605358643539456315e-02
2.235000000000000320e+00,2.187232223866414316e+01,1.342827232223862848e+04,8.555772922261064561e-01,5.603081626024230405e-02,5.603081626024231793e-02
2.242500000000000160e+00,2.200233873149656461e+01,1.350820233873146026e+04,8.550690815201645867e-01,5.604793921620488534e-02,5.604793921620487840e-02
2.250000000000000000e+00,2.213258646387036777e+01,1.358813258646383474e+04,8.557062591934878615e-01,5.605637636266810886e-02,5.605637636266810192e-02
2.257500000000000284e+00,2.226381058769921850e+01,1.366806381058766237e+04,8.556846885501554478e-01,5.603922971857964314e-02,5.603922971857964314e-02
2.265000000000000124e+00,2.239439401722962941e+01,1.374799439401719246e+04,8.550715817735790036e-01,5.604195318505759277e-02,5.604195318505758583e-02
2.272499999999999964e+00,2.252441240887244689e+01,1.382792441240883454e+04,8.556045521006441223e-01,5.605715386594654903e-02,5.605715386594656291e-02
2.280000000000000249e+00,2.265536496028178348e+01,1.390785536496024179e+04,8.557506245459872707e-01,5.604594053571194945e-02,5.604594053571194945e-02
2.287500000000000089e+00,2.278650291484400014e+01,1.398778650291480335e+04,8.552880412376001606e-01,5.603442071799327046e-02,5.603442071799327046e-02
2.295000000000000373e+00,2.291630576449817625e+01,1.406771630576445750e+04,8.554553398988519186e-01,5.605600718626532059e-02,5.605600718626530671e-02
2.302500000000000213e+00,2.304699502331114402e+01,1.414764699502326948e+04,8.557738999791052459e-01,5.605155793809035725e-02,5.605155793809034337e-02
2.310000000000000053e+00,2.317861302573379234e+01,1.422757861302569108e+04,8.554661985300290317e-01,5.602672313483488681e-02,5.602672313483487987e-02
2.317500000000000338e+00,2.330826328413433757e+01,1.430750826328409130e+04,8.552572536196573205e-01,5.605302693213113502e-02,5.605302693213113502e-02
2.325000000000000178e+00,2.343870052732951237e+01,1.438743870052728562e+04,8.557532804993834841e-01,5.605596418123551944e-02,5.605596418123552638e-02
2.332500000000000018e+00,2.357013626365669268e+01,1.446737013626361295e+04,8.556049445876100501e-01,5.603437898626009023e-02,5.603437898626010411e-02
2.340000000000000302e+00,2.370028171965149255e+01,1.454730028171960657e+04,8.550088871744693231e-01,5.604830398382679851e-02,5.604830398382680545e-02
2.347500000000000142e+00,2.383047912164347082e+01,1.462723047912159745e+04,8.556874969836864020e-01,5.605829432637802340e-02,5.605829432637802340e-02
2.354999999999999982e+00,2.396164433369820301e+01,1.470716164433365157e+04,8.557031381008867177e-01,5.604247265149198826e-02,5.604247265149200907e-02
2.362500000000000266e+00,2.409235650091127212e+01,1.478709235650086339e+04,8.551234425078499957e-01,5.604196669672113079e-02,5.604196669672110304e-02
2.370000000000000107e+00,2.422232804150093699e+01,1.486702232804145206e+04,8.555752448908432450e-01,5.605863011940809271e-02,5.605863011940808577e-02
2.377500000000000391e+00,2.435322315006336780e+01,1.494695322315001431e+04,8.557596048348085072e-01,5.604874723584463148e-02,5.604874723584463148e-02
2.385000000000000231e+00,2.448448493606397136e+01,1.502688448493601391e+04,8.553314001533766087e-01,5.603409069602498238e-02,5.603409069602498932e-02
2.392500000000000071e+00,2.461424385487215005e+01,1.510681424385482205e+04,8.554151836315723179e-01,5.605706193812640820e-02,5.605706193812640820e-02
2.400000000000000355e+00,2.474487815466810048e+01,1.518674487815461725e+04,8.557731369552005196e-01,5.605429799456662643e-02,5.605429799456662643e-02
2.407500000000000195e+00,2.487649008746990020e+01,1.526667649008741864e+04,8.555008094750016223e-01,5.602932788240538170e-02,5.602932788240537476e-02
2.415000000000000036e+00,2.500622329477389627e+01,1.534660622329472062e+04,8.552059359560676421e-01,5.605368063152092045e-02,5.605368063152089964e-02
2.422500000000000320e+00,2.513660835987626996e+01,1.542653660835982373e+04,8.557424923630208013e-01,5.605822961854859537e-02,5.605822961854857456e-02
2.430000000000000160e+00,2.526798714892995434e+01,1.550646798714887700e+04,8.556305542301563261e-01,5.603789061912600733e-02,5.603789061912602121e-02
2.437500000000000000e+00,2.539826311128938485e+01,1.558639826311123397e+04,8.549460873618317525e-01,5.604857699903434409e-02,5.604857699903433715e-02
2.445000000000000284e+00,2.552841119753827215e+01,1.566632841119748264e+04,8.556663940381975531e-01,5.606010292718466292e-02,5.606010292718466292e-02
2.452500000000000124e+00,2.565951788859486982e+01,1.574625951788853854e+04,8.557194857749530481e-01,5.604561275732828501e-02,5.604561275732829889e-02
2.460000000000000409e+00,2.579035806147333076e+01,1.582619035806141619e+04,8.551734161037529702e-01,5.604189381243535745e-02,5.604189381243537826e-02
2.467500000000000249e+00,2.592028359907196133e+01,1.590612028359901524e+04,8.555435293940257813e-01,5.606000299435556083e-02,5.606000299435558165e-02
2.475000000000000089e+00,2.605112198296829007e+01,1.598605112198290954e+04,8.557664223820292682e-01,5.605144718149738386e-02,5.605144718149739774e-02
2.482500000000000373e+00,2.618250650475696162e+01,1.606598250650469890e+04,8.553728172768041427e-01,5.603368068573242461e-02,5.603368068573243849e-02
2.490000000000000213e+00,2.631222233405862099e+01,1.614591222233399822e+04,8.553725496409823048e-01,5.605801952943840344e-02,5.605801952943838956e-02
2.497500000000000053e+00,2.644280247999843780e+01,1.622584280247993775e+04,8.557701485582056566e-01,5.605692536074476096e-02,5.605692536074476096e-02
2.505000000000000338e+00,2.657437742206654718e+01,1.630577437742200527e+04,8.555334223340926858e-01,5.603264736230768178e-02,5.603264736230767484e-02
2.512500000000000178e+00,2.670422418905101480e+01,1.638570422418899034e+04,8.551520691528894380e-01,5.605424306499757342e-02,5.605424306499758036e-02
2.520000000000000018e+00,2.683455796875591659e+01,1.646563455796869312e+04,8.557294143536683384e-01,5.606038685992628667e-02,5.606038685992629361e-02
2.527500000000000302e+00,2.696587905791429662e+01,1.654556587905785273e+04,8.556541077483604818e-01,5.604133135688450784e-02,5.604133135688450784e-02
2.535000000000000142e+00,2.709628575511387183e+01,1.662549628575504903e+04,8.549927536753332280e-01,5.604877021933354908e-02,5.604877021933354908e-02
2.542500000000000426e+00,2.722638566155569961e+01,1.670542638566149253e+04,8.556429346389785584e-01,5.606180794645907600e-02,5.606180794645906212e-02
2.550000000000000266e+00,2.735743442554106508e+01,1.678535743442547391e+04,8.557337173218148019e-01,5.604865163054480875e-02,5.604865163054480875e-02
2.557500000000000107e+00,2.748840185109681400e+01,1.686528840185103036e+04,8.552214896958305612e-01,5.604173891289734866e-02,5.604173891289733478e-02
2.565000000000000391e+00,2.761828232300450736e+01,1.694521828232293774e+04,8.555093882888241685e-01,5.606127619560657277e-02,5.606127619560655889e-02
2.572500000000000231e+00,2.774906481779160217e+01,1.702514906481772414e+04,8.557710613268587618e-01,5.605434388848973271e-02,5.605434388848974658e-02
2.580000000000000071e+00,2.788057053299684185e+01,1.710508057053292941e+04,8.554122781648908491e-01,5.603320649773026185e-02,5.603320649773026185e-02
2.587500000000000355e+00,2.801024467914675498e+01,1.718501024467907700e+04,8.553274171229962031e-01,5.605888239207874879e-02,5.605888239207874185e-02
2.595000000000000195e+00,2.814077153937903120e+01,1.726494077153930994e+04,8.557649153884870907e-01,5.605944217529899853e-02,5.605944217529901241e-02
2.602500000000000036e+00,2.827229845001030384e+01,1.734487229844993999e+04,8.555640191643318904e-01,5.603616404021454639e-02,5.603616404021453945e-02
2.610000000000000320e+00,2.840226940829959901e+01,1.742480226940822831e+04,8.550956242500570292e-01,5.605471886137205345e-02,5.605471886137206733e-02
2.617500000000000160e+00,2.853255257850657856e+01,1.750473255257843630e+04,8.557140187457028535e-01,5.606244340801449372e-02,5.606244340801449372e-02
2.625000000000000000e+00,2.866381551027123464e+01,1.758466381551019731e+04,8.556755789287825431e-01,5.604469806656638131e-02,5.604469806656636743e-02
2.632500000000000284e+00,2.879435239128810053e+01,1.766459435239121376e+04,8.550473265376294929e-01,5.604889884102566555e-02,5.604889884102566555e-02
2.640000000000000124e+00,2.892440491572093109e+01,1.774452440491564630e+04,8.556170710560040416e-01,5.606343093385446341e-02,5.606343093385447035e-02
2.647500000000000409e+00,2.905539603308579899e+01,1.782445539603301222e+04,8.557457866236608535e-01,5.605161548036830671e-02,5.605161548036830671e-02
2.655000000000000249e+00,2.918648941626780768e+01,1.790438648941619249e+04,8.552676199379261046e-01,5.604153997369198947e-02,5.604153997369196866e-02
2.662500000000000089e+00,2.931632520186428081e+01,1.798431632520178755e+04,8.554727258563691317e-01,5.606249956099113030e-02,5.606249956099113724e-02
2.670000000000000373e+00,2.944705199066675760e+01,1.806424705199059099e+04,8.557734277811805956e-01,5.605729103972394850e-02,5.605729103972396238e-02
2.677500000000000213e+00,2.957866045270741040e+01,1.814417866045262781e+04,8.554496935936516389e-01,5.603317327249288105e-02,5.603317327249288105e-02
2.685000000000000053e+00,2.970830934204402141e+01,1.822410830934196565e+04,8.552795765126963712e-01,5.605975925982809721e-02,5.605975925982806946e-02
2.692500000000000338e+00,2.983878249679360550e+01,1.830403878249671470e+04,8.557572302475978665e-01,5.606198906105167024e-02,5.606198906105167024e-02
2.700000000000000178e+00,2.997025489615648652e+01,1.838397025489607768e+04,8.555924017366610679e-01,5.603989552584814904e-02,5.603989552584815598e-02
2.707500000000000018e+00,3.010035260585043204e+01,1.846390035260577133e+04,8.550361256528924425e-01,5.605533878717099128e-02,5.605533878717099128e-02
2.715000000000000302e+00,3.023058347041018123e+01,1.854383058347032784e+04,8.556958337079972887e-01,5.606469503579585706e-02,5.606469503579587094e-02
2.722500000000000142e+00,3.036178506102873342e+01,1.862376178506094584e+04,8.556945146634349353e-01,5.604835724820433213e-02,5.604835724820433213e-02
2.730000000000000426e+00,3.049244754904745136e+01,1.870369244754896499e+04,8.550996145495661782e-01,5.604943741511366623e-02,5.604943741511367317e-02
2.737500000000000266e+00,3.062244822737749317e+01,1.878362244822729554e+04,8.555877240748890333e-01,5.606558699454532863e-02,5.606558699454532863e-02
2.745000000000000107e+00,3.075337552944142061e+01,1.886355337552935816e+04,8.557546552367758519e-01,5.605528232157713786e-02,5.605528232157713786e-02
2.752500000000000391e+00,3.088458521503484278e+01,1.894348458521494831e+04,8.553108529282565931e-01,5.604229173862677188e-02,5.604229173862677882e-02
2.760000000000000231e+00,3.101436621319836462e+01,1.902341436621311368e+04,8.554310949669602371e-01,5.606494042298660468e-02,5.606494042298659775e-02
2.767500000000000071e+00,3.114502435825479409e+01,1.910334502435816830e+04,8.557711653873829594e-01,5.606179980153565973e-02,5.606179980153564585e-02
2.775000000000000355e+00,3.127664015160020838e+01,1.918327664015151458e+04,8.554828925530857386e-01,5.603718843583752052e-02,5.603718843583754133e-02
2.782500000000000195e+00,3.140632020191553408e+01,1.926320632020182893e+04,8.552235640154037810e-01,5.606319383666045347e-02,5.606319383666046735e-02
2.790000000000000036e+00,3.153671363175991615e+01,1.934313671363166941e+04,8.557418347676181147e-01,5.606776964282658704e-02,5.606776964282658010e-02
2.797500000000000320e+00,3.166809579615166470e+01,1.942306809579606124e+04,8.556137182448534384e-01,5.604774795536187487e-02,5.604774795536187487e-02
2.805000000000000160e+00,3.179828110496669069e+01,1.950299828110487579e+04,8.549616167370623909e-01,5.606105921808750281e-02,5.606105921808750281e-02
2.812500000000000444e+00,3.192840963777039676e+01,1.958292840963767958e+04,8.556633755459690516e-01,5.607331319579525464e-02,5.607331319579524770e-02
2.820000000000000284e+00,3.205948782604821190e+01,1.966285948782595733e+04,8.557003247965899728e-01,5.605986713898886836e-02,5.605986713898886142e-02
2.827500000000000124e+00,3.219019939909426142e+01,1.974279019939900172e+04,8.551404486259086557e-01,5.605969737365126826e-02,5.605969737365127520e-02
2.835000000000000409e+00,3.232005666802161414e+01,1.982272005666792757e+04,8.555304735824493800e-01,5.607970641981661897e-02,5.607970641981661897e-02
2.842500000000000249e+00,3.245080928498444450e+01,1.990265080928488896e+04,8.557378714870955694e-01,5.607346221041278195e-02,5.607346221041277501e-02
2.850000000000000089e+00,3.258200071845104873e+01,1.998258200071835745e+04,8.553317660017344393e-01,5.606072261662147643e-02,5.606072261662147643e-02
2.857500000000000373e+00,3.271156763081641827e+01,2.006251156763072140e+04,8.553342276713605807e-01,5.608879410165756862e-02,5.608879410165755475e-02
2.865000000000000213e+00,3.284196785191185342e+01,2.014244196785181703e+04,8.557183321925551089e-01,5.609214234671345417e-02,5.609214234671345417e-02
2.872500000000000053e+00,3.297331588578725103e+01,2.022237331588569214e+04,8.554723171183089558e-01,5.607310022406065270e-02,5.607310022406066657e-02
2.880000000000000338e+00,3.310281672566932798e+01,2.030230281672557248e+04,8.550598717444441998e-01,5.610295491698906456e-02,5.610295491698905762e-02
2.887500000000000178e+00,3.323282721755906266e+01,2.038223282721746000e+04,8.556285919086545899e-01,5.611651657404369969e-02,5.611651657404371357e-02
2.895000000000000018e+00,3.336376782425483611e+01,2.046216376782415682e+04,8.555510013729838992e-01,5.610542519394619287e-02,5.610542519394619981e-02
2.902500000000000302e+00,3.349364324491479294e+01,2.054209364324481430e+04,8.548942823180618600e-01,5.612467565649710555e-02,5.612467565649709861e-02
2.910000000000000142e+00,3.362321512381929267e+01,2.062202321512371782e+04,8.554480882488656457e-01,5.614892824514782638e-02,5.614892824514782638e-02
2.917500000000000426e+00,3.375365704739110839e+01,2.070195365704728829e+04,8.555506750768838709e-01,5.614734847110099819e-02,5.614734847110099125e-02
2.925000000000000266e+00,3.388384804125778516e+01,2.078188384804115412e+04,8.550610296963105927e-01,5.615623985080446523e-02,5.615623985080447217e-02
2.932500000000000107e+00,3.401292643606601729e+01,2.086181292643596316e+04,8.551461381065538214e-01,5.619133880051974811e-02,5.619133880051974811e-02
2.940000000000000391e+00,3.414280354277400420e+01,2.094174280354267103e+04,8.554459327296475291e-01,5.620171812133038791e-02,5.620171812133038791e-02
2.947500000000000231e+00,3.427321970064677714e+01,2.102167321970054400e+04,8.551416857972272689e-01,5.619873647111429255e-02,5.619873647111429255e-02
2.955000000000000071e+00,3.440174044819227817e+01,2.110160174044808809e+04,8.546788495821926457e-01,5.624451783705061020e-02,5.624451783705061714e-02
2.962500000000000355e+00,3.453098463916072802e+01,2.118153098463905553e+04,8.552002122063914191e-01,5.626702326885067718e-02,5.626702326885068411e-02
2.970000000000000195e+00,3.466108813117881482e+01,2.126146108813107276e+04,8.551070879982051176e-01,5.626368601629760241e-02,5.626368601629760241e-02
2.977500000000000036e+00,3.478943068923388182e+01,2.134138943068912704e+04,8.544660117885330974e-01,5.630774511301482599e-02,5.630774511301482599e-02
2.985000000000000320e+00,3.491797951534640987e+01,2.142131797951523913e+04,8.547616021883042148e-01,5.634147014856667746e-02,5.634147014856667052e-02
2.992500000000000160e+00,3.504734120169571554e+01,2.150124734120158610e+04,8.549142312945561262e-01,5.634864217470395009e-02,5.634864217470395009e-02
3.000000000000000444e+00,3.517577390042620067e+01,2.158117577390031875e+04,8.545111494161966581e-01,5.637881428097712977e-02,5.637881428097714365e-02
3.007500000000000284e+00,3.530356623992265241e+01,2.166110356623981352e+04,8.540566874984885093e-01,5.642240425986141950e-02,5.642240425986141950e-02
3.015000000000000124e+00,3.543210311050115990e+01,2.174103210311039220e+04,8.544996841417573652e-01,5.644045704067739838e-02,5.644045704067739144e-02
3.022500000000000409e+00,3.556056955484910276e+01,2.182096056955473614e+04,8.543792295877071785e-01,5.645427802474187878e-02,5.645427802474188572e-02
3.030000000000000249e+00,3.568754582912048789e+01,2.190088754582900947e+04,8.537578582561705653e-01,5.650585988514112562e-02,5.650585988514114644e-02
3.037500000000000089e+00,3.581518941033697701e+01,2.198081518941022296e+04,8.537707051327567687e-01,5.653337781850930471e-02,5.653337781850929777e-02
3.045000000000000373e+00,3.594355085031926933e+01,2.206074355085020579e+04,8.539872009618780790e-01,5.653519052403043615e-02,5.653519052403043615e-02
3.052500000000000213e+00,3.606973873200115577e+01,2.214066973873188545e+04,8.536949079413634900e-01,5.658734210187785219e-02,5.658734210187783137e-02
3.060000000000000053e+00,3.619643301563852589e+01,2.222059643301552205e+04,8.529507684755837094e-01,5.662264975699753122e-02,5.662264975699753816e-02
3.067500000000000338e+00,3.632386070075054363e+01,2.230052386070063585e+04,8.532120683097461633e-01,5.663107000701685795e-02,5.663107000701686489e-02
3.075000000000000178e+00,3.644998296958147677e+01,2.238044998296946505e+04,8.533109666449641972e-01,5.666635512702759142e-02,5.666635512702759836e-02
3.082500000000000462e+00,3.657567511459333787e+01,2.246037567511447560e+04,8.529483623926200631e-01,5.670420168085964913e-02,5.670420168085964913e-02
3.090000000000000302e+00,3.670202418748458228e+01,2.254030202418736735e+04,8.521758724656720574e-01,5.672027232542749958e-02,5.672027232542749958e-02
3.097500000000000142e+00,3.682815610205667411e+01,2.262022815610193720e+04,8.524400556036584309e-01,5.673419070022261285e-02,5.673419070022261285e-02
3.105000000000000426e+00,3.695279988082545941e+01,2.270015279988070688e+04,8.525274153556881007e-01,5.677846711351516168e-02,5.677846711351516168e-02
3.112500000000000266e+00,3.707800261394180552e+01,2.278007800261381999e+04,8.521921715188034430e-01,5.679794533852661892e-02,5.679794533852661892e-02
3.120000000000000107e+00,3.720385811716595015e+01,2.286000385811704473e+04,8.514810856261046945e-01,5.679492991789165252e-02,5.679492991789165945e-02
3.127500000000000391e+00,3.732771998386606782e+01,2.293992771998374519e+04,8.514661233403569840e-01,5.683699499077016215e-02,5.683699499077016215e-02
3.135000000000000231e+00,3.745173899027098230e+01,2.301985173899014990e+04,8.516424679915518547e-01,5.686490964140768906e-02,5.686490964140767518e-02
3.142500000000000071e+00,3.757634888040437460e+01,2.309977634888028115e+04,8.514263355462612370e-01,5.686714513895005374e-02,5.686714513895005374e-02
3.150000000000000355e+00,3.770039387576667167e+01,2.317970039387564248e+04,8.508602363506321264e-01,5.687690297861074801e-02,5.687690297861072719e-02
3.157500000000000195e+00,3.782320290565856880e+01,2.325962320290553544e+04,8.502368512973992321e-01,5.691262376610750628e-02,5.691262376610748547e-02
3.165000000000000480e+00,3.794649282375429777e+01,2.333954649282362880e+04,8.505967923552136822e-01,5.692558990778358308e-02,5.692558990778358308e-02
3.172500000000000320e+00,3.807034662576054984e+01,2.341947034662563601e+04,8.505857027821127625e-01,5.691384911645069183e-02,5.691384911645067796e-02
3.180000000000000160e+00,3.819243584712903328e+01,2.349939243584700307e+04,8.502425016295040994e-01,5.694045177819823111e-02,5.694045177819821030e-02
3.187500000000000444e+00,3.831439865604428263e+01,2.357931439865591528e+04,8.496021519087262330e-01,5.696258122757408282e-02,5.696258122757408282e-02
3.195000000000000284e+00,3.843683179796291682e+01,2.365923683179783620e+04,8.492563429203927594e-01,5.696378913212664374e-02,5.696378913212665762e-02
3.202500000000000124e+00,3.855949585157134152e+01,2.373915949585144335e+04,8.495322993259362132e-01,5.694981430957365282e-02,5.694981430957366669e-02
3.210000000000000409e+00,3.868017173848682688e+01,2.381908017173835833e+04,8.494863396952647694e-01,5.698084352055051566e-02,5.698084352055052260e-02
3.217500000000000249e+00,3.880118658100140294e+01,2.389900118658087013e+04,8.491508910098518603e-01,5.699264408978856056e-02,5.699264408978855362e-02
3.225000000000000089e+00,3.892263926793435047e+01,2.397892263926780288e+04,8.485551509591845454e-01,5.698479342728432484e-02,5.698479342728431096e-02
3.232500000000000373e+00,3.904396540587258357e+01,2.405884396540574016e+04,8.480509913387324072e-01,5.697356234386968810e-02,5.697356234386970891e-02
3.240000000000000213e+00,3.916363571729588955e+01,2.413876363571716502e+04,8.483762756480677236e-01,5.699916310157058380e-02,5.699916310157058380e-02
3.247500000000000053e+00,3.928360781290769665e+01,2.421868360781277443e+04,8.484130445502490181e-01,5.700730597438213171e-02,5.700730597438213171e-02
3.255000000000000338e+00,3.940396817814190200e+01,2.429860396817800938e+04,8.481888231929983757e-01,5.699591193265974437e-02,5.699591193265974437e-02
3.262500000000000178e+00,3.952437079448948509e+01,2.437852437079435549e+04,8.477284793972417187e-01,5.697525426302995494e-02,5.697525426302994800e-02
3.270000000000000462e+00,3.964299339346944606e+01,2.445844299339333520e+04,8.470544658656630199e-01,5.699857238962179745e-02,5.699857238962179745e-02
3.277500000000000302e+00,3.976186718349041627e+01,2.453836186718335375e+04,8.471013269446393545e-01,5.700660448195495750e-02,5.700660448195495750e-02
3.285000000000000142e+00,3.988106925175626571e+01,2.461828106925161774e+04,8.473139383469193708e-01,5.699753848497214614e-02,5.699753848497214614e-02
3.292500000000000426e+00,4.000062127539415968e+01,2.469820062127525671e+04,8.472828147023838685e-01,5.697117064091250516e-02,5.697117064091250516e-02
3.300000000000000266e+00,4.011856745869457086e+01,2.477811856745855766e+04,8.470296196161083424e-01,5.698244655341309917e-02,5.698244655341308529e-02
3.307500000000000107e+00,4.023632238718543874e+01,2.485803632238704813e+04,8.465739987181682968e-01,5.699163470802164760e-02,5.699163470802164760e-02
3.315000000000000391e+00,4.035434112587350342e+01,2.493795434112573275e+04,8.459337596324200126e-01,5.698819171077118551e-02,5.698819171077117163e-02
3.322500000000000231e+00,4.047267483002239885e+01,2.501787267482988318e+04,8.460451620721285426e-01,5.696914154143423170e-02,5.696914154143423170e-02
3.330000000000000071e+00,4.059079736276614625e+01,2.509779079736262429e+04,8.462759293253512283e-01,5.694979385915577980e-02,5.694979385915578673e-02
3.337500000000000355e+00,4.070747377983522597e+01,2.517770747377969383e+04,8.462904740666525871e-01,5.696473602279299164e-02,5.696473602279299164e-02
3.345000000000000195e+00,4.082433703583931361e+01,2.525762433703569695e+04,8.461064216636913216e-01,5.696758683349491953e-02,5.696758683349491953e-02
3.352500000000000480e+00,4.094144379257259203e+01,2.533754144379243007e+04,8.457398333077085217e-01,5.695701392519312428e-02,5.695701392519312428e-02
3.360000000000000320e+00,4.105883439911350763e+01,2.541745883439897079e+04,8.452053403908562634e-01,5.693472724792373457e-02,5.693472724792372069e-02
3.367500000000000160e+00,4.117585069513373952e+01,2.549737585069498891e+04,8.449531047731465572e-01,5.691808612427406294e-02,5.691808612427406294e-02
3.375000000000000444e+00,4.129165310516582821e+01,2.557729165310502140e+04,8.452913729333625392e-01,5.693053500961347407e-02,5.693053500961347407e-02
3.382500000000000284e+00,4.140762200238497570e+01,2.565720762200223908e+04,8.454286507458446120e-01,5.693262518365989344e-02,5.693262518365987956e-02
3.390000000000000124e+00,4.152380563536925706e+01,2.573712380563522311e+04,8.453798108198743444e-01,5.692324641626760745e-02,5.692324641626761439e-02
3.397500000000000409e+00,4.164024036793667705e+01,2.581704024036778719e+04,8.451584859529776006e-01,5.690164511676292641e-02,5.690164511676292641e-02
3.405000000000000249e+00,4.175682222885048134e+01,2.589695682222870164e+04,8.447771704040840657e-01,5.687175378195876568e-02,5.687175378195876568e-02
3.412500000000000089e+00,4.187183599677997847e+01,2.597687183599662967e+04,8.442473138252173381e-01,5.688419589630366174e-02,5.688419589630364787e-02
3.420000000000000373e+00,4.198694674690742090e+01,2.605678694674675717e+04,8.442915564022671626e-01,5.688931377066053924e-02,5.688931377066053230e-02
3.427500000000000213e+00,4.210223768930347887e+01,2.613670223768915457e+04,8.446066236449210063e-01,5.688495952734900357e-02,5.688495952734900357e-02
3.435000000000000497e+00,4.221774358424625717e+01,2.621661774358409457e+04,8.447400478251322342e-01,5.687039177419309782e-02,5.687039177419309782e-02
3.442500000000000338e+00,4.233348662489442660e+01,2.629653348662474309e+04,8.447038652970041417e-01,5.684524235966482292e-02,5.684524235966482986e-02
3.450000000000000178e+00,4.244883796176569035e+01,2.637644883796161230e+04,8.445091841703696867e-01,5.682797538892306322e-02,5.682797538892306322e-02
3.457500000000000462e+00,4.256316894356312730e+01,2.645636316894340780e+04,8.441662559953455602e-01,5.683702444828048206e-02,5.683702444828048206e-02
3.465000000000000302e+00,4.267763996342907973e+01,2.653627763996327485e+04,8.436845424544200389e-01,5.684004815156542406e-02,5.684004815156541018e-02
3.472500000000000142e+00,4.279228667379032913e+01,2.661619228667363495e+04,8.437012876748501977e-01,5.683482872367032201e-02,5.683482872367032201e-02
3.480000000000000426e+00,4.290714161164147100e+01,2.669610714161148644e+04,8.440535056996606444e-01,5.682064209547711686e-02,5.682064209547712380e-02
3.487500000000000266e+00,4.302222070785590802e+01,2.677602222070769858e+04,8.442336090623603351e-01,5.679727083505890090e-02,5.679727083505890090e-02
3.495000000000000107e+00,4.313710081330791724e+01,2.685593710081314930e+04,8.442518764325154246e-01,5.677727199760276844e-02,5.677727199760276844e-02
3.502500000000000391e+00,4.325087162046676781e+01,2.693585087162031050e+04,8.441178663413605454e-01,5.678685670709487238e-02,5.678685670709487238e-02
3.510000000000000231e+00,4.336477663605382560e+01,2.701576477663589685e+04,8.438404685073630507e-01,5.678973274599417170e-02,5.678973274599415783e-02
3.517500000000000071e+00,4.347884405589530132e+01,2.709567884405573568e+04,8.434279518337662873e-01,5.678740083581926973e-02,5.678740083581926279e-02
3.525000000000000355e+00,4.359310104361107818e+01,2.717559310104345059e+04,8.431918432922829165e-01,5.677750290303246183e-02,5.677750290303246183e-02
3.532500000000000195e+00,4.370757351104616362e+01,2.725550757351088396e+04,8.436152283413863584e-01,5.675947037055419087e-02,5.675947037055421168e-02
3.540000000000000480e+00,4.382224601775319428e+01,2.733542224601759153e+04,8.438696803772371968e-01,5.673396240833165904e-02,5.673396240833165904e-02
3.547500000000000320e+00,4.393595216462323094e+01,2.741533595216445974e+04,8.439644503075010018e-01,5.673512210361488645e-02,5.673512210361487257e-02
3.555000000000000160e+00,4.404937704356838424e+01,2.749524937704340482e+04,8.439082070432102345e-01,5.674253066038818100e-02,5.674253066038819487e-02
3.562500000000000444e+00,4.416294706480772447e+01,2.757516294706464396e+04,8.437090745131803349e-01,5.674377505510679737e-02,5.674377505510679737e-02
3.570000000000000284e+00,4.427669000726641713e+01,2.765507669000710302e+04,8.433746665577801505e-01,5.673942983488429459e-02,5.673942983488428765e-02
3.577500000000000124e+00,4.439062810642494838e+01,2.773499062810626128e+04,8.429121197510254238e-01,5.672890271997967082e-02,5.672890271997964307e-02
3.585000000000000409e+00,4.450477995090533057e+01,2.781490477995073888e+04,8.432521210177819082e-01,5.671106379302217476e-02,5.671106379302217476e-02
3.592500000000000249e+00,4.461910523831302555e+01,2.789481910523814804e+04,8.435952293643180777e-01,5.668725372942676893e-02,5.668725372942676893e-02
3.600000000000000089e+00,4.473233523738505113e+01,2.797473233523721865e+04,8.437772456828535050e-01,5.669461427676562859e-02,5.669461427676561471e-02
3.607500000000000373e+00,4.484550208255856774e+01,2.805464550208238870e+04,8.438063987189516890e-01,5.670252733995023026e-02,5.670252733995023026e-02
3.615000000000000213e+00,4.495881919740138954e+01,2.813455881919723106e+04,8.436904512797944733e-01,5.670478445226429659e-02,5.670478445226429659e-02
3.622500000000000497e+00,4.507231191851608543e+01,2.821447231191834726e+04,8.434367258550791169e-01,5.670090990403307135e-02,5.670090990403307135e-02
3.630000000000000338e+00,4.518600074483593687e+01,2.829438600074466740e+04,8.430521290229486819e-01,5.669222571950114503e-02,5.669222571950115891e-02
3.637500000000000178e+00,4.529990257093593442e+01,2.837429990257076497e+04,8.429276340722505756e-01,5.667677692200839140e-02,5.667677692200837059e-02
3.645000000000000462e+00,4.541400142536918594e+01,2.845421400142519633e+04,8.433658215222086252e-01,5.665515860481903226e-02,5.665515860481901839e-02
3.652500000000000302e+00,4.552721651788732515e+01,2.853412721651771426e+04,8.436393140152059766e-01,5.665910255882650876e-02,5.665910255882650876e-02
3.660000000000000142e+00,4.564020108683348553e+01,2.861404020108666009e+04,8.437562025190492587e-01,5.666902320855162628e-02,5.666902320855161240e-02
3.667500000000000426e+00,4.575333659068894576e+01,2.869395333659051539e+04,8.437241592537958468e-01,5.667371576331318994e-02,5.667371576331318994e-02
3.675000000000000266e+00,4.586664594434135722e+01,2.877386664594416652e+04,8.435504568090264055e-01,5.667254361162803872e-02,5.667254361162802484e-02
3.682500000000000107e+00,4.598014940477254697e+01,2.885378014940459616e+04,8.432419867097648014e-01,5.666614685858164385e-02,5.666614685858164385e-02
3.690000000000000391e+00,4.609386473590982547e+01,2.893369386473573468e+04,8.428052773892954486e-01,5.665416125793201058e-02,5.665416125793199670e-02
3.697500000000000231e+00,4.620779648125125050e+01,2.901360779648107564e+04,8.431519082646855567e-01,5.663574682809510014e-02,5.663574682809510707e-02
3.705000000000000515e+00,4.632133421322833300e+01,2.909352133421305189e+04,8.435172886985601304e-01,5.662891691821217433e-02,5.662891691821217433e-02
3.712500000000000355e+00,4.643419788981710639e+01,2.917343419788963729e+04,8.437212462050602824e-01,5.664152327563662381e-02,5.664152327563663769e-02
3.720000000000000195e+00,4.654721107043408779e+01,2.925334721107025689e+04,8.437715368965561513e-01,5.664922955790425291e-02,5.664922955790425291e-02
3.727500000000000480e+00,4.666039291874687223e+01,2.933326039291856796e+04,8.436755376090335767e-01,5.665148660213588372e-02,5.665148660213588372e-02
3.735000000000000320e+00,4.677376471081139186e+01,2.941317376471063108e+04,8.434402605426948307e-01,5.664776602198837857e-02,5.664776602198839245e-02
3.742500000000000160e+00,4.688734485757399284e+01,2.949308734485739114e+04,8.430723677829338181e-01,5.663964141004855513e-02,5.663964141004855513e-02
3.750000000000000444e+00,4.700114646983105615e+01,2.957300114646965085e+04,8.429377026693923858e-01,5.662511356721468964e-02,5.662511356721468964e-02
3.757500000000000284e+00,4.711510201255914865e+01,2.965291510201237543e+04,8.433930795476347608e-01,5.660625137009567265e-02,5.660625137009567959e-02
3.765000000000000124e+00,4.722799821498892925e+01,2.973282799821480512e+04,8.436816672460306643e-01,5.661857656460182048e-02,5.661857656460182048e-02
3.772500000000000409e+00,4.734093499667820026e+01,2.981274093499649462e+04,8.438114120648835259e-01,5.662938163277835696e-02,5.662938163277836390e-02
3.780000000000000249e+00,4.745403323446724642e+01,2.989265403323428109e+04,8.437898877314123913e-01,5.663510482183683331e-02,5.663510482183684025e-02
3.787500000000000089e+00,4.756731570361184680e+01,2.997256731570342527e+04,8.436243075149099102e-01,5.663507834075592190e-02,5.663507834075592190e-02
3.795000000000000373e+00,4.768080113723421931e+01,3.005248080113704782e+04,8.433215365835395882e-01,5.662991347278464177e-02,5.662991347278462789e-02
3.802500000000000213e+00,4.779450632674788579e+01,3.013239450632656008e+04,8.428881044941680667e-01,5.661935257228903340e-02,5.661935257228904728e-02
3.810000000000000497e+00,4.790843442010646669e+01,3.021230843441991965e+04,8.432595999254084429e-01,5.660250341823267611e-02,5.660250341823267611e-02
3.817500000000000338e+00,4.802192826468815667e+01,3.029222192826449827e+04,8.436292655982811084e-01,5.659872274176858120e-02,5.659872274176858120e-02
3.825000000000000178e+00,4.813482090752295051e+01,3.037213482090733305e+04,8.438347623557417299e-01,5.661250608119941519e-02,5.661250608119941519e-02
3.832500000000000462e+00,4.824787044492931898e+01,3.045204787044473778e+04,8.438839117641607768e-01,5.662142884645168794e-02,5.662142884645167407e-02
3.840000000000000302e+00,4.836109564565931151e+01,3.053196109564546714e+04,8.437841714477934962e-01,5.662492875477626725e-02,5.662492875477628113e-02
3.847500000000000142e+00,4.847451738372886609e+01,3.061187451738353775e+04,8.435426461692614453e-01,5.662254961258184754e-02,5.662254961258183367e-02
3.855000000000000426e+00,4.858815386444229034e+01,3.069178815386425049e+04,8.431660992845981806e-01,5.661575140004554418e-02,5.661575140004554418e-02
3.862500000000000266e+00,4.870201850310171920e+01,3.077170201850291051e+04,8.431167197188071949e-01,5.660253561613204365e-02,5.660253561613204365e-02
3.870000000000000107e+00,4.881605418126812879e+01,3.085161605418107501e+04,8.435631453777145961e-01,5.658464271920457533e-02,5.658464271920456146e-02
3.877500000000000391e+00,4.892905635394033936e+01,3.093152905635374555e+04,8.438401045682637491e-01,5.659732316505710487e-02,5.659732316505710487e-02
3.885000000000000231e+00,4.904208136258985462e+01,3.101144208136239467e+04,8.439556908110115163e-01,5.660913524435545047e-02,5.660913524435545047e-02
3.892500000000000515e+00,4.915527329325756511e+01,3.109135527329306206e+04,8.439176257581438856e-01,5.661581818074377243e-02,5.661581818074377936e-02
3.900000000000000355e+00,4.926865477721905506e+01,3.117126865477702086e+04,8.437332695702990382e-01,5.661669281041199764e-02,5.661669281041201152e-02
3.907500000000000195e+00,4.938224477122032141e+01,3.125118224477102194e+04,8.434096318499587630e-01,5.661266250641466130e-02,5.661266250641466130e-02
3.915000000000000480e+00,4.949606029947810271e+01,3.133109606029928182e+04,8.429682004239834603e-01,5.660295340414937121e-02,5.660295340414938509e-02
3.922500000000000320e+00,4.961010749804302122e+01,3.141101010749784473e+04,8.434864841923793710e-01,5.658677584313340225e-02,5.658677584313340225e-02
3.930000000000000160e+00,4.972374215875858994e+01,3.149092374215856034e+04,8.438301407605754978e-01,5.658309070500931043e-02,5.658309070500931043e-02
3.937500000000000444e+00,4.983675869395482749e+01,3.157083675869375293e+04,8.440075433664736559e-01,5.659750963584819772e-02,5.659750963584820466e-02
3.945000000000000284e+00,4.994993696047927045e+01,3.165074993696027741e+04,8.440266831082789967e-01,5.660696885249525551e-02,5.660696885249526938e-02
3.952500000000000124e+00,5.006329602518864164e+01,3.173066329602498809e+04,8.438951789621714772e-01,5.661088726621833073e-02,5.661088726621833073e-02
3.960000000000000409e+00,5.017685711887497746e+01,3.181057685711867089e+04,8.436202884987713535e-01,5.660924439565907101e-02,5.660924439565907101e-02
3.967500000000000249e+00,5.029063876102718211e+01,3.189049063876082437e+04,8.432089191293494768e-01,5.660274146483438434e-02,5.660274146483438434e-02
3.975000000000000533e+00,5.040465675263362755e+01,3.197040465675243104e+04,8.434044054873123253e-01,5.658961329991842731e-02,5.658961329991842731e-02
3.982500000000000373e+00,5.051883490709438718e+01,3.205031883490689142e+04,8.438095753538267241e-01,5.657216106968854935e-02,5.657216106968855629e-02
3.990000000000000213e+00,5.063194878222552830e+01,3.213023194878202048e+04,8.440438125110245604e-01,5.658614995226218802e-02,5.658614995226218802e-02
3.997500000000000497e+00,5.074512701696484385e+01,3.221014512701675994e+04,8.441153746602674257e-01,5.659804802090796783e-02,5.659804802090798864e-02
4.004999999999999893e+00,5.085847758432772991e+01,3.229005847758411983e+04,8.440321358623157355e-01,5.660465464283798848e-02,5.660465464283798848e-02
4.012500000000000178e+00,5.097202392722087438e+01,3.236997202392701365e+04,8.438015972072803184e-01,5.660526087226604164e-02,5.660526087226604858e-02
4.020000000000000462e+00,5.108578525679465798e+01,3.244988578525658522e+04,8.434308981129279292e-01,5.660154334434334966e-02,5.660154334434334966e-02
4.027500000000000746e+00,5.119977990937947254e+01,3.252979977990917178e+04,8.433226921519894059e-01,5.659135337128706755e-02,5.659135337128706755e-02
4.035000000000000142e+00,5.131400895489974801e+01,3.260971400895469196e+04,8.437838079046325879e-01,5.657462654760472831e-02,5.657462654760472831e-02
4.042500000000000426e+00,5.142766839769235077e+01,3.268962766839748292e+04,8.440695534228195296e-01,5.657496522722894189e-02,5.657496522722892801e-02
4.050000000000000711e+00,5.154085575531190955e+01,3.276954085575509816e+04,8.441884454491523915e-01,5.658904194969466284e-02,5.658904194969464896e-02
4.057500000000000107e+00,5.165421073949531205e+01,3.284945421073928446e+04,8.441486052934530360e-01,5.659796296538656402e-02,5.659796296538656402e-02
4.065000000000000391e+00,5.176775407151044561e+01,3.292936775407130335e+04,8.439577695488328368e-01,5.660109457770627628e-02,5.660109457770627628e-02
4.072500000000000675e+00,5.188150698250991866e+01,3.300928150698230456e+04,8.436233015213220332e-01,5.659934010332665771e-02,5.659934010332665771e-02
4.080000000000000071e+00,5.199548849133810080e+01,3.308919548849113926e+04,8.432470585699241017e-01,5.659181122626677496e-02,5.659181122626677496e-02
4.087500000000000355e+00,5.210971503850833386e+01,3.316910971503831388e+04,8.437582002538592807e-01,5.657740240952760513e-02,5.657740240952759125e-02
4.095000000000000639e+00,5.222391793300933927e+01,3.324902391793281276e+04,8.440898044027151936e-01,5.656406861209442583e-02,5.656406861209444664e-02
4.102500000000000036e+00,5.233712536279400496e+01,3.332893712536260136e+04,8.442506364615167680e-01,5.657998653615883139e-02,5.657998653615883139e-02
4.110000000000000320e+00,5.245049424263473270e+01,3.340885049424244789e+04,8.442490546937543305e-01,5.659092473577769650e-02,5.659092473577768262e-02
4.117500000000000604e+00,5.256404463091158874e+01,3.348876404463072686e+04,8.440930209965177289e-01,5.659626558150222808e-02,5.659626558150224890e-02
4.125000000000000000e+00,5.267779965236477580e+01,3.356867779965218506e+04,8.437901125058535623e-01,5.659627380919331902e-02,5.659627380919333289e-02
4.132500000000000284e+00,5.279177887720788931e+01,3.364859177887703117e+04,8.433475337982672126e-01,5.659108902988594508e-02,5.659108902988594508e-02
4.140000000000000568e+00,5.290600364984999260e+01,3.372850600364967249e+04,8.437376865452680397e-01,5.657898350870745746e-02,5.657898350870748522e-02
4.147499999999999964e+00,5.302043878741101679e+01,3.380842043878723780e+04,8.441092028016091708e-01,5.656105896713294057e-02,5.656105896713293363e-02
4.155000000000000249e+00,5.313393038863630125e+01,3.388833393038846407e+04,8.443063100478850336e-01,5.657102502464877308e-02,5.657102502464875227e-02
4.162500000000000533e+00,5.324732094294383700e+01,3.396824732094277715e+04,8.443375915835508172e-01,5.658372238593690345e-02,5.658372238593690345e-02
4.169999999999999929e+00,5.336088765047384896e+01,3.404816088765030872e+04,8.442112229262834777e-01,5.659097048580838396e-02,5.659097048580837702e-02
4.177500000000000213e+00,5.347465426127946841e+01,3.412807465426111594e+04,8.439349836226609503e-01,5.659254715305706701e-02,5.659254715305708089e-02
4.185000000000000497e+00,5.358864125257661470e+01,3.420798864125242108e+04,8.435162697118381292e-01,5.658940399250895342e-02,5.658940399250893954e-02
4.192500000000000782e+00,5.370287158873060918e+01,3.428790287158857245e+04,8.437265737055147374e-01,5.657938238429225525e-02,5.657938238429224831e-02
4.200000000000000178e+00,5.381734266495070784e+01,3.436781734266479907e+04,8.441317907489997996e-01,5.656262267455942905e-02,5.656262267455939435e-02
4.207500000000000462e+00,5.393126308785359413e+01,3.444773126308770588e+04,8.443592625073053082e-01,5.656231670203915041e-02,5.656231670203915041e-02
4.215000000000000746e+00,5.404468174466169472e+01,3.452764468174451758e+04,8.444177841885848190e-01,5.657655019799481128e-02,5.657655019799481821e-02
4.222500000000000142e+00,5.415827357498820760e+01,3.460755827357484668e+04,8.443157321072976007e-01,5.658541286075224885e-02,5.658541286075226273e-02
4.230000000000000426e+00,5.427206043943344582e+01,3.468747206043929327e+04,8.440610757257994701e-01,5.658837088791911218e-02,5.658837088791911218e-02
4.237500000000000711e+00,5.438606436886337292e+01,3.476738606436872215e+04,8.436613904003790188e-01,5.658698790924349825e-02,5.658698790924351907e-02
4.245000000000000107e+00,5.450030917687575993e+01,3.484730030917673866e+04,8.437284424770010727e-01,5.657877871942632031e-02,5.657877871942633419e-02
4.252500000000000391e+00,5.461480315706530320e+01,3.492721480315693043e+04,8.441609201245781069e-01,5.656355983229365003e-02,5.656355983229366391e-02
4.260000000000000675e+00,5.472911523271714174e+01,3.500712911523258663e+04,8.444126336297893554e-01,5.655401311238111156e-02,5.655401311238111156e-02
4.267500000000000071e+00,5.484256868877681512e+01,3.508704256868865195e+04,8.444925759797871079e-01,5.656955040175403598e-02,5.656955040175404986e-02
4.275000000000000355e+00,5.495619285143965271e+01,3.516695619285131397e+04,8.444093104980682218e-01,5.657977923059961251e-02,5.657977923059961251e-02
4.282500000000000639e+00,5.507000798903651173e+01,3.524687000798891677e+04,8.441709831433957811e-01,5.658407146553957184e-02,5.658407146553955797e-02
4.290000000000000036e+00,5.518403749996645757e+01,3.532678403749984864e+04,8.437853355590301252e-01,5.658404685179940080e-02,5.658404685179938692e-02
4.297500000000000320e+00,5.529830582198252387e+01,3.540669830582186842e+04,8.437461004434683165e-01,5.657737135943766843e-02,5.657737135943766149e-02
4.305000000000000604e+00,5.541282620056472297e+01,3.548661282620044949e+04,8.441992083203369024e-01,5.656358069146226464e-02,5.656358069146227852e-02
4.312500000000000000e+00,5.552745501395877170e+01,3.556652745501384925e+04,8.444688653891707641e-01,5.654694729896577593e-02,5.654694729896576205e-02
4.320000000000000284e+00,5.564097344253013233e+01,3.564644097344242618e+04,8.445642473993404398e-01,5.656286732252953364e-02,5.656286732252952670e-02
4.327500000000000568e+00,5.575463659633981450e+01,3.572635463659623929e+04,8.444940900351698421e-01,5.657422909276970530e-02,5.657422909276971223e-02
4.334999999999999964e+00,5.586848751089782183e+01,3.580626848751079524e+04,8.442667015015524745e-01,5.657973507698668691e-02,5.657973507698670079e-02
4.342500000000000249e+00,5.598255078925218697e+01,3.588618255078915536e+04,8.438899758993285705e-01,5.658075860715163635e-02,5.658075860715163635e-02
4.350000000000000533e+00,5.609685149746761823e+01,3.596609685149737197e+04,8.437815627104561234e-01,5.657534083347719178e-02,5.657534083347720566e-02
4.357499999999999929e+00,5.621140530752541764e+01,3.604601140530743578e+04,8.442485207252014012e-01,5.656275940683871267e-02,5.656275940683872655e-02
4.365000000000000213e+00,5.632616505113562511e+01,3.612592616505104525e+04,8.445296862499785950e-01,5.654446032784588017e-02,5.654446032784586629e-02
4.372500000000000497e+00,5.643988845513318608e+01,3.620583988845504791e+04,8.446344019702186623e-01,5.655661837590521962e-02,5.655661837590523350e-02
4.380000000000000782e+00,5.655359682120716514e+01,3.628575359682112321e+04,8.445715604972325874e-01,5.656889204378889868e-02,5.656889204378889868e-02
4.387500000000000178e+00,5.666749060753898704e+01,3.636566749060746224e+04,8.443496172731711491e-01,5.657536429771135161e-02,5.657536429771135161e-02
4.395000000000000462e+00,5.678159546241751343e+01,3.644558159546233946e+04,8.439766042980428873e-01,5.657726890940618231e-02,5.657726890940618231e-02
4.402500000000000746e+00,5.689593719670037331e+01,3.652549593719662516e+04,8.438360487640663710e-01,5.657283804764290380e-02,5.657283804764288992e-02
4.410000000000000142e+00,5.701053251553194201e+01,3.660541053251545964e+04,8.443099686769327539e-01,5.656121433981942115e-02,5.656121433981940727e-02
4.417500000000000426e+00,5.712536109223186287e+01,3.668532536109216016e+04,8.445961101705835583e-01,5.654305570131105962e-02,5.654305570131105962e-02
4.425000000000000711e+00,5.723930700775381553e+01,3.676523930700768688e+04,8.447039662952280370e-01,5.655089421337654992e-02,5.655089421337656380e-02
4.432500000000000107e+00,5.735306606399869622e+01,3.684515306606393278e+04,8.446425704351694375e-01,5.656387970503950341e-02,5.656387970503953116e-02
4.440000000000000391e+00,5.746700990699179812e+01,3.692506700990693207e+04,8.444205095687087326e-01,5.657106755697578759e-02,5.657106755697578759e-02
4.447500000000000675e+00,5.758116385394028214e+01,3.700498116385388130e+04,8.440459383743540434e-01,5.657369140337750041e-02,5.657369140337750041e-02
4.455000000000000071e+00,5.769555504654466205e+01,3.708489555504648888e+04,8.439099902786411089e-01,5.656998148602785520e-02,5.656998148602785520e-02
4.462500000000000355e+00,5.781020027943224449e+01,3.716481020027938212e+04,8.443839177910257288e-01,5.655905289331904923e-02,5.655905289331904923e-02
4.470000000000000639e+00,5.792509057119800531e+01,3.724472509057114803e+04,8.446684453997047592e-01,5.654122928242670543e-02,5.654122928242670543e-02
4.477500000000000036e+00,5.803922318497595256e+01,3.732463922318493132e+04,8.447731992645334254e-01,5.654576012096563381e-02,5.654576012096563381e-02
4.485000000000000320e+00,5.815303862173214355e+01,3.740455303862169239e+04,8.447073367330075744e-01,5.655925077665765327e-02,5.655925077665765327e-02
4.492500000000000604e+00,5.826703902167704996e+01,3.748446703902163426e+04,8.444795599928586194e-01,5.656692254082806154e-02,5.656692254082806848e-02
4.500000000000000000e+00,5.838124936649776231e+01,3.756438124936645909e+04,8.440981305865070672e-01,5.657010898313091785e-02,5.657010898313092478e-02
4.507500000000000284e+00,5.849569830266848669e+01,3.764429569830263790e+04,8.440030474270854288e-01,5.656685739482730790e-02,5.656685739482730790e-02
4.515000000000000568e+00,5.861040195338626546e+01,3.772421040195335809e+04,8.444700043045957338e-01,5.655635731717494757e-02,5.655635731717494757e-02
4.522499999999999964e+00,5.872535692196952795e+01,3.780412535692194069e+04,8.447463108082227112e-01,5.653876678578083348e-02,5.653876678578081960e-02
4.530000000000000249e+00,5.883963182478170495e+01,3.788403963182475854e+04,8.448417083312376175e-01,5.654125767540457703e-02,5.654125767540456315e-02
4.537500000000000533e+00,5.895350927125597451e+01,3.796395350927123218e+04,8.447654607853622988e-01,5.655504794235963195e-02,5.655504794235961807e-02
4.544999999999999929e+00,5.906757249218710371e+01,3.804386757249217044e+04,8.445263686849709961e-01,5.656297792956186538e-02,5.656297792956186538e-02
4.552500000000000213e+00,5.918184702834149391e+01,3.812378184702832368e+04,8.441327840994115039e-01,5.656655630677482477e-02,5.656655630677481089e-02
4.560000000000000497e+00,5.929636130921464598e+01,3.820369636130920117e+04,8.441141324026727455e-01,5.656352089633459590e-02,5.656352089633459590e-02
4.567500000000000782e+00,5.941113191924903703e+01,3.828361113191924233e+04,8.445671582058990046e-01,5.655318081294020277e-02,5.655318081294020277e-02
4.575000000000000178e+00,5.952615738845506144e+01,3.836352615738844906e+04,8.448286585963454831e-01,5.653563658872514525e-02,5.653563658872514525e-02
4.582500000000000462e+00,5.964052847059881657e+01,3.844344052847059356e+04,8.449084717695056757e-01,5.653740620625737762e-02,5.653740620625738456e-02
4.590000000000000746e+00,5.975447348732908637e+01,3.852335447348732851e+04,8.448159502833638701e-01,5.655129168753050828e-02,5.655129168753050828e-02
4.597500000000000142e+00,5.986860573583843603e+01,3.860326860573583690e+04,8.445599756132524671e-01,5.655925489901360986e-02,5.655925489901360986e-02
4.605000000000000426e+00,5.998295201202077465e+01,3.868318295201202272e+04,8.441489735712442988e-01,5.656306580317565363e-02,5.656306580317566751e-02
4.612500000000000711e+00,6.009753945434837163e+01,3.876309753945435659e+04,8.442414393458632649e-01,5.655999721278937714e-02,5.655999721278937714e-02
4.620000000000000107e+00,6.021238560666938611e+01,3.884301238560667844e+04,8.446736323981060002e-01,5.654954681967406388e-02,5.654954681967406388e-02
4.627500000000000391e+00,6.032748818234473731e+01,3.892292748818235850e+04,8.449138026811320312e-01,5.653183847480231644e-02,5.653183847480231644e-02
4.635000000000000675e+00,6.044190933415886491e+01,3.900284190933417267e+04,8.449718662765199895e-01,5.653420386525517816e-02,5.653420386525517122e-02
4.642500000000000071e+00,6.055592749644743122e+01,3.908275592749646603e+04,8.448572460255190375e-01,5.654797873000737968e-02,5.654797873000738662e-02
4.650000000000000355e+00,6.067013500700223005e+01,3.916267013500702160e+04,8.445788865925261124e-01,5.655601399016063624e-02,5.655601399016063624e-02
4.657500000000000639e+00,6.078456047383016170e+01,3.924258456047385698e+04,8.441452703793534962e-01,5.655964139954219871e-02,5.655964139954221259e-02
4.665000000000000036e+00,6.089922913332482324e+01,3.932249922913335467e+04,8.443824801105515032e-01,5.655628266254524028e-02,5.655628266254522640e-02
4.672500000000000320e+00,6.101415947702159315e+01,3.940241415947705536e+04,8.447870373770263175e-01,5.654544936007774303e-02,5.654544936007772915e-02
4.680000000000000604e+00,6.112934537373323707e+01,3.948232934537376423e+04,8.449994522866232094e-01,5.652737733300516182e-02,5.652737733300516876e-02
4.687500000000000000e+00,6.124377127195924686e+01,3.956224377127199841e+04,8.450296994798429662e-01,5.653162821618456374e-02,5.653162821618454986e-02
4.695000000000000284e+00,6.135786825229918406e+01,3.964215786825233954e+04,8.448872533506455174e-01,5.654508261221256188e-02,5.654508261221256188e-02
4.702500000000000568e+00,6.147215737124462720e+01,3.972207215737128718e+04,8.445811036542030248e-01,5.655310075102305128e-02,5.655310075102303741e-02
4.709999999999999964e+00,6.158666964849922465e+01,3.980198666964854783e+04,8.441197719414953449e-01,5.655625544187745102e-02,5.655625544187746490e-02
4.717500000000000249e+00,6.170142772286220634e+01,3.988190142772290710e+04,8.445341254305362977e-01,5.655234530009194821e-02,5.655234530009194821e-02
4.725000000000000533e+00,6.181645099169285373e+01,3.996181645099174057e+04,8.449043810081526829e-01,5.654085382563463213e-02,5.654085382563461826e-02
4.732500000000000817e+00,6.193172433939759713e+01,4.004173172433945001e+04,8.450827503422363440e-01,5.652227899107922782e-02,5.652227899107921394e-02
4.740000000000000213e+00,6.204611177601977090e+01,4.012164611177607730e+04,8.450792469718868549e-01,5.652963631698611907e-02,5.652963631698609825e-02
4.747500000000000497e+00,6.216029342545548531e+01,4.020156029342551483e+04,8.449033778264960493e-01,5.654255378899936124e-02,5.654255378899936124e-02
4.755000000000000782e+00,6.227467077628249825e+01,4.028147467077634792e+04,8.445641594101032101e-01,5.655042378988622831e-02,5.655042378988622137e-02
4.762500000000000178e+00,6.238927766447753243e+01,4.036138927766454435e+04,8.441613699555720052e-01,5.655285431525858969e-02,5.655285431525858969e-02
4.770000000000000462e+00,6.250413356719583646e+01,4.044130413356726785e+04,8.446926510607559724e-01,5.654812518896021323e-02,5.654812518896022711e-02
4.777500000000000746e+00,6.261925856134184443e+01,4.052121925856141024e+04,8.450221129765613792e-01,5.653569829988758233e-02,5.653569829988757539e-02
4.785000000000000142e+00,6.273461632441355107e+01,4.060113461632448889e+04,8.451603162592427054e-01,5.651669014510948136e-02,5.651669014510948136e-02
4.792500000000000426e+00,6.284892897893787733e+01,4.068104892897901300e+04,8.451172934352177979e-01,5.652816430939516107e-02,5.652816430939514025e-02
4.800000000000000711e+00,6.296320104275798002e+01,4.076096320104283950e+04,8.449025647499613934e-01,5.654032965546357259e-02,5.654032965546355871e-02
4.807500000000000107e+00,6.307767545251719810e+01,4.084087767545259703e+04,8.445251549567769356e-01,5.654786526514787859e-02,5.654786526514787859e-02
4.815000000000000391e+00,6.319238354830683591e+01,4.092079238354839617e+04,8.443705724424207526e-01,5.654935819258937596e-02,5.654935819258937596e-02
4.822500000000000675e+00,6.330734597374291184e+01,4.100070734597383125e+04,8.448537883620966804e-01,5.654353439693167449e-02,5.654353439693167449e-02
4.830000000000000071e+00,6.342258144537013465e+01,4.108062258144545922e+04,8.451361733614758398e-01,5.652989634536506602e-02,5.652989634536505215e-02
4.837500000000000355e+00,6.353798625556065360e+01,4.116053798625565832e+04,8.452282925212125653e-01,5.651152410575031870e-02,5.651152410575031870e-02
4.845000000000000639e+00,6.365222167298497880e+01,4.124045222167308384e+04,8.451401772802908940e-01,5.652712656430157467e-02,5.652712656430157467e-02
4.852500000000000036e+00,6.376659028659993567e+01,4.132036659028669965e+04,8.448813418680028997e-01,5.653831130826363766e-02,5.653831130826363072e-02
4.860000000000000320e+00,6.388116964867953129e+01,4.140028116964878427e+04,8.444608007193711297e-01,5.654537017005340643e-02,5.654537017005340643e-02
4.867500000000000604e+00,6.399598724279782402e+01,4.148019598724290699e+04,8.445840476827937149e-01,5.654566041840942969e-02,5.654566041840941581e-02
4.875000000000000000e+00,6.411106521245419287e+01,4.156011106521256443e+04,8.450127786177061839e-01,5.653845693334305644e-02,5.653845693334308420e-02
4.882500000000000284e+00,6.422641950067109917e+01,4.164002641950078396e+04,8.452420446112041130e-01,5.652334423597627638e-02,5.652334423597626945e-02
4.890000000000000568e+00,6.434170693629256732e+01,4.171994170693640626e+04,8.452823943567542297e-01,5.651036761641920619e-02,5.651036761641919925e-02
4.897499999999999964e+00,6.445598934271299640e+01,4.179985598934283189e+04,8.451438380613683909e-01,5.652641444713981528e-02,5.652641444713982916e-02
4.905000000000000249e+00,6.457046130195159606e+01,4.187977046130207600e+04,8.448358645873280670e-01,5.653696985122136365e-02,5.653696985122136365e-02
4.912500000000000533e+00,6.468515379820978239e+01,4.195968515379833116e+04,8.443674595100342239e-01,5.654281716369779359e-02,5.654281716369779359e-02
4.920000000000000817e+00,6.480008963706197278e+01,4.203960008963719156e+04,8.447963227292522026e-01,5.654162662949780566e-02,5.654162662949780566e-02
4.927500000000000213e+00,6.491529250404747131e+01,4.211951529250417661e+04,8.451644302004999165e-01,5.653274910166253969e-02,5.653274910166255357e-02
4.935000000000000497e+00,6.503077241159594735e+01,4.219943077241173160e+04,8.453348060501466588e-01,5.651594337416469133e-02,5.651594337416469827e-02
4.942500000000000782e+00,6.514584567822308259e+01,4.227934584567835554e+04,8.453179616445384292e-01,5.651112122147619599e-02,5.651112122147619599e-02
4.950000000000000178e+00,6.526023221022069265e+01,4.235926023221035575e+04,8.451238658445971996e-01,5.652589476192920043e-02,5.652589476192921430e-02
4.957500000000000462e+00,6.537481698889817494e+01,4.243917481698904157e+04,8.447619628759509558e-01,5.653575923692689964e-02,5.653575923692692046e-02
4.965000000000000746e+00,6.548962925337087881e+01,4.251908962925351807e+04,8.444932064381804881e-01,5.654005797754829005e-02,5.654005797754829005e-02
4.972500000000000142e+00,6.560469260384334689e+01,4.259900469260398677e+04,8.450015218993781607e-01,5.653709376632131550e-02,5.653709376632132938e-02
4.980000000000000426e+00,6.572002995823893912e+01,4.267892002995838993e+04,8.453031776361361604e-01,5.652624141455065560e-02,5.652624141455067641e-02
4.987500000000000711e+00,6.583563654882863148e+01,4.275883563654898171e+04,8.454091900057983944e-01,5.650769175401473138e-02,5.650769175401473138e-02
4.995000000000000107e+00,6.595045316968526095e+01,4.283875045316984324e+04,8.453300121865116035e-01,5.651217894825143195e-02,5.651217894825143195e-02
5.002500000000000391e+00,6.606495129196315474e+01,4.291866495129212126e+04,8.450755517156698371e-01,5.652540791010422783e-02,5.652540791010424170e-02
5.010000000000000675e+00,6.617965728411108728e+01,4.299857965728427371e+04,8.446551890981994770e-01,5.653445241616419925e-02,5.653445241616418537e-02
5.017500000000000071e+00,6.629459834496805115e+01,4.307849459834513254e+04,8.447595634259531527e-01,5.653691584684400473e-02,5.653691584684397697e-02
5.025000000000000355e+00,6.640979903353868963e+01,4.315840979903370317e+04,8.451934300685147727e-01,5.653186927275435231e-02,5.653186927275432455e-02
5.032500000000000639e+00,6.652528034581277439e+01,4.323832528034598363e+04,8.454231416503165120e-01,5.651874543016974228e-02,5.651874543016974228e-02
5.040000000000000036e+00,6.664098095533547905e+01,4.331824098095551017e+04,8.454596387109573064e-01,5.649938231523844029e-02,5.649938231523841947e-02
5.047500000000000320e+00,6.675553105697629519e+01,4.339815553105714935e+04,8.453132955716731178e-01,5.651336217570110398e-02,5.651336217570110398e-02
5.055000000000000604e+00,6.687014900414028773e+01,4.347807014900432114e+04,8.449939387164240312e-01,5.652545975001427303e-02,5.652545975001427303e-02
5.062500000000000000e+00,6.698498487400478041e+01,4.355798498487418692e+04,8.445108661385611892e-01,5.653286198464039375e-02,5.653286198464039375e-02
5.070000000000000284e+00,6.710006444945437920e+01,4.363790006444964092e+04,8.450116186188016965e-01,5.653318378251703108e-02,5.653318378251704496e-02
5.077500000000000568e+00,6.721541283854961080e+01,4.371781541283873958e+04,8.453655563246359472e-01,5.652573121359146663e-02,5.652573121359147357e-02
5.085000000000000853e+00,6.733104627364879491e+01,4.379773104627383873e+04,8.455181894175917146e-01,5.651007798296136392e-02,5.651007798296135004e-02
5.092500000000000249e+00,6.744653573275775216e+01,4.387764653573295072e+04,8.454803612702560534e-01,5.649873761120107613e-02,5.649873761120106225e-02
5.100000000000000533e+00,6.756108145135902987e+01,4.395756108145155304e+04,8.452623469884020802e-01,5.651447535565520819e-02,5.651447535565519431e-02
5.107500000000000817e+00,6.767582886519660690e+01,4.403747582886539749e+04,8.448738726337264859e-01,5.652554207683998383e-02,5.652554207683998383e-02
5.115000000000000213e+00,6.779080350072548811e+01,4.411739080350092991e+04,8.447639098713126682e-01,5.653077012205548479e-02,5.653077012205547786e-02
5.122500000000000497e+00,6.790603205402565834e+01,4.419730603205422813e+04,8.452422736083550214e-01,5.652862291215184076e-02,5.652862291215185464e-02
5.130000000000000782e+00,6.802153885408853284e+01,4.427722153885429725e+04,8.455111972817108690e-01,5.651843141190820985e-02,5.651843141190820985e-02
5.137500000000000178e+00,6.813732644006182682e+01,4.435713732644027186e+04,8.455819943737085120e-01,5.650017020560207937e-02,5.650017020560206549e-02
5.145000000000000462e+00,6.825243502309238863e+01,4.443705243502330268e+04,8.454653901140337657e-01,5.650167390157904285e-02,5.650167390157903591e-02
5.152500000000000746e+00,6.836710867064392971e+01,4.451696710867086222e+04,8.451715404645557816e-01,5.651552281842638081e-02,5.651552281842636000e-02
5.160000000000000142e+00,6.848199424146120862e+01,4.459688199424168124e+04,8.447100521712028742e-01,5.652519874105843556e-02,5.652519874105843556e-02
5.167500000000000426e+00,6.859711805299666310e+01,4.467679711805321858e+04,8.450592101562646175e-01,5.652792613985947734e-02,5.652792613985947734e-02
5.175000000000000711e+00,6.871250679634660230e+01,4.475671250679657533e+04,8.454442630739522624e-01,5.652296153399297141e-02,5.652296153399297141e-02
5.182500000000000107e+00,6.882818238574753877e+01,4.483662818238597538e+04,8.456234994697761076e-01,5.650970882083034691e-02,5.650970882083034691e-02
5.190000000000000391e+00,6.894407963570718323e+01,4.491654407963593985e+04,8.456080950575177724e-01,5.649011309343612841e-02,5.649011309343612841e-02
5.197500000000000675e+00,6.905880477741987988e+01,4.499645880477765604e+04,8.454086364486178562e-01,5.650438357504325437e-02,5.650438357504326131e-02
5.205000000000000071e+00,6.917361663132508909e+01,4.507637361663156480e+04,8.450351410829005649e-01,5.651699031995877781e-02,5.651699031995877781e-02
5.212500000000000355e+00,6.928865034262626921e+01,4.515628865034286719e+04,8.448223357812059131e-01,5.652416964592168330e-02,5.652416964592168330e-02
5.220000000000000639e+00,6.940393465430516073e+01,4.523620393465454981e+04,8.453230331013198429e-01,5.652404405985066854e-02,5.652404405985068242e-02
5.227500000000000036e+00,6.951949541325602411e+01,4.531611949541349895e+04,8.456102194598077437e-01,5.651589677827506542e-02,5.651589677827503072e-02
5.235000000000000320e+00,6.963534726192634139e+01,4.539603534726217185e+04,8.456955202802786120e-01,5.649934624573522968e-02,5.649934624573522968e-02
5.242500000000000604e+00,6.975090181186953942e+01,4.547595090181212436e+04,8.455899524918228938e-01,5.649149618845053511e-02,5.649149618845052123e-02
5.250000000000000000e+00,6.986565107060422974e+01,4.555586565107086062e+04,8.453039442399020720e-01,5.650665633248944802e-02,5.650665633248945496e-02
5.257500000000000284e+00,6.998060992201031638e+01,4.563578060992226528e+04,8.448473557330397066e-01,5.651784422100688404e-02,5.651784422100689098e-02
5.265000000000000568e+00,7.009580365998581897e+01,4.571569580366024456e+04,8.451531760529663595e-01,5.652215799383591283e-02,5.652215799383591283e-02
5.272500000000000853e+00,7.021126072365748882e+01,4.579561126072391926e+04,8.455475140130521705e-01,5.651880095124043463e-02,5.651880095124043463e-02
5.280000000000000249e+00,7.032700537866963941e+01,4.587552700537893543e+04,8.457327356988907363e-01,5.650710526392387772e-02,5.650710526392388466e-02
5.287500000000000533e+00,7.044302285156689436e+01,4.595544302285183949e+04,8.457202869526044831e-01,5.648754715647793384e-02,5.648754715647791302e-02
5.295000000000000817e+00,7.055808241330312569e+01,4.603535808241357881e+04,8.455210056106976513e-01,5.649569074393533119e-02,5.649569074393531731e-02
5.302500000000000213e+00,7.067297958962264204e+01,4.611527297958989948e+04,8.451451422576784500e-01,5.650939249445500329e-02,5.650939249445501716e-02
5.310000000000000497e+00,7.078809588004327225e+01,4.619518809588032309e+04,8.449403591448498840e-01,5.651776327371276637e-02,5.651776327371275249e-02
5.317500000000000782e+00,7.090346207323953820e+01,4.627510346207352268e+04,8.454407373641326107e-01,5.651882722358202160e-02,5.651882722358202160e-02
5.325000000000000178e+00,7.101910493587497797e+01,4.635501910493616015e+04,8.457248020292575941e-01,5.651183817504501494e-02,5.651183817504501494e-02
5.332500000000000462e+00,7.113504325290217878e+01,4.643493504325318645e+04,8.458044254337740986e-01,5.649629112426950844e-02,5.649629112426950844e-02
5.340000000000000746e+00,7.125089752751625838e+01,4.651485089752780914e+04,8.456908530737179408e-01,5.648323607558225490e-02,5.648323607558224102e-02
5.347500000000000142e+00,7.136574176015892590e+01,4.659476574176044960e+04,8.453947242261984352e-01,5.649927049916850935e-02,5.649927049916850935e-02
5.355000000000000426e+00,7.148079491118241435e+01,4.667468079491148092e+04,8.449260936941437317e-01,5.651127935827262444e-02,5.651127935827262444e-02
5.362500000000000711e+00,7.159608275881494421e+01,4.675459608275911160e+04,8.452952156412004703e-01,5.651639980622544940e-02,5.651639980622544940e-02
5.370000000000000107e+00,7.171163492175398346e+01,4.683451163492205524e+04,8.456767496886344881e-01,5.651379898708893540e-02,5.651379898708893540e-02
5.377500000000000391e+00,7.182747682790071053e+01,4.691442747682820482e+04,8.458471211591659378e-01,5.650277292683644759e-02,5.650277292683646146e-02
5.385000000000000675e+00,7.194360409772852449e+01,4.699434360409803776e+04,8.458179801755202343e-01,5.648349303471701666e-02,5.648349303471703053e-02
5.392500000000000071e+00,7.205888415383677170e+01,4.707425888415414374e+04,8.456003520582467958e-01,5.648868694387280953e-02,5.648868694387280953e-02
5.400000000000000355e+00,7.217388593946600395e+01,4.715417388593978103e+04,8.452046590278673444e-01,5.650308255837565435e-02,5.650308255837565435e-02
5.407500000000000639e+00,7.228910719255931383e+01,4.723408910719287815e+04,8.451162239210068261e-01,5.651191434501645627e-02,5.651191434501644240e-02
5.415000000000000036e+00,7.240458038241069971e+01,4.731400458038273064e+04,8.455935574364483731e-01,5.651336097045128043e-02,5.651336097045128043e-02
5.422500000000000320e+00,7.252033294235475580e+01,4.739392033294267458e+04,8.458530751019870397e-01,5.650665505012673201e-02,5.650665505012673201e-02
5.430000000000000604e+00,7.263638486732757826e+01,4.747383638486765267e+04,8.459068276541973352e-01,5.649125441103227535e-02,5.649125441103224066e-02
5.437500000000000888e+00,7.275239575098237310e+01,4.755375239575131127e+04,8.457662228575755226e-01,5.647706767765212771e-02,5.647706767765210689e-02
5.445000000000000284e+00,7.286735345515764095e+01,4.763366735345548659e+04,8.454420470992329850e-01,5.649357075793045441e-02,5.649357075793044053e-02
5.452500000000000568e+00,7.298252117971442487e+01,4.771358252118004748e+04,8.449444881375300920e-01,5.650572895866812911e-02,5.650572895866812911e-02
5.460000000000000853e+00,7.309792667373658048e+01,4.779349792667407019e+04,8.454801309407484755e-01,5.651089210611806579e-02,5.651089210611806579e-02
5.467500000000000249e+00,7.321360021273700625e+01,4.787341360021307628e+04,8.458269160383979912e-01,5.650820686799028908e-02,5.650820686799028908e-02
5.475000000000000533e+00,7.332956771046727340e+01,4.795332956771081081e+04,8.459617648893630326e-01,5.649695368339258117e-02,5.649695368339257423e-02
5.482500000000000817e+00,7.344582260078888680e+01,4.803324582260113675e+04,8.458964631726411110e-01,5.647736537088102887e-02,5.647736537088103581e-02
5.490000000000000213e+00,7.356118745116683044e+01,4.811316118745151471e+04,8.456421572882251159e-01,5.648342088633574731e-02,5.648342088633574731e-02
5.497500000000000497e+00,7.367631189791188717e+01,4.819307631189826498e+04,8.452093771315037918e-01,5.649816413816829280e-02,5.649816413816829280e-02
5.505000000000000782e+00,7.379166024175047767e+01,4.827299166024210717e+04,8.453412814589830182e-01,5.650673157970349803e-02,5.650673157970349803e-02
5.512500000000000178e+00,7.390726537330250778e+01,4.835290726537365845e+04,8.457731807024214676e-01,5.650775597488866264e-02,5.650775597488866264e-02
5.520000000000000462e+00,7.402315520684901173e+01,4.843282315520721022e+04,8.459870714432755623e-01,5.650045486618343604e-02,5.650045486618344992e-02
5.527500000000000746e+00,7.413934867712760024e+01,4.851273934867748903e+04,8.459951118403138404e-01,5.648431579708103334e-02,5.648431579708104722e-02
5.535000000000000142e+00,7.425537724797582939e+01,4.859265537724833848e+04,8.458088032696140512e-01,5.647293770372230348e-02,5.647293770372230348e-02
5.542500000000000426e+00,7.437046604285254148e+01,4.867257046604322386e+04,8.454390130761788580e-01,5.648955523967891246e-02,5.648955523967891246e-02
5.550000000000000711e+00,7.448576875015966436e+01,4.875248576875052822e+04,8.451817048192162840e-01,5.650118541269109201e-02,5.650118541269109895e-02
5.557500000000000107e+00,7.460131563936231203e+01,4.883240131563973409e+04,8.456962942165906494e-01,5.650561879781144242e-02,5.650561879781143548e-02
5.565000000000000391e+00,7.471713712032237709e+01,4.891231713712069904e+04,8.459869188565691811e-01,5.650199720518229995e-02,5.650199720518231383e-02
5.572500000000000675e+00,7.483325882692099640e+01,4.899223325882729841e+04,8.460661030660486803e-01,5.648960860518221355e-02,5.648960860518219967e-02
5.580000000000000071e+00,7.494965439970609111e+01,4.907214965440009109e+04,8.459456973005951008e-01,5.646925817012071053e-02,5.646925817012070359e-02
5.587500000000000355e+00,7.506497460232115770e+01,4.915206497460270475e+04,8.456369008291465539e-01,5.648011618882205903e-02,5.648011618882205903e-02
5.595000000000000639e+00,7.518024103750305187e+01,4.923198024103789066e+04,8.451502856889948623e-01,5.649452718681878538e-02,5.649452718681878538e-02
5.602500000000000036e+00,7.529573919583120301e+01,4.931189573919622489e+04,8.456005509673529819e-01,5.650208578511028285e-02,5.650208578511028285e-02
5.610000000000000320e+00,7.541150188660418507e+01,4.939181150188700121e+04,8.459653528574475612e-01,5.650186120820307328e-02,5.650186120820305941e-02
5.617500000000000604e+00,7.552755719984487826e+01,4.947172755720023997e+04,8.461132498897722121e-01,5.649306556338728330e-02,5.649306556338728330e-02
5.625000000000000888e+00,7.564391904018782498e+01,4.955164391904058721e+04,8.460564348693873082e-01,5.647533214062357143e-02,5.647533214062357143e-02
5.632500000000000284e+00,7.575982850795999468e+01,4.963155982850836153e+04,8.458064326474621364e-01,5.647060257065279754e-02,5.647060257065280447e-02
5.640000000000000568e+00,7.587506616840337870e+01,4.971147506616880855e+04,8.453741241485334124e-01,5.648702472184465029e-02,5.648702472184465029e-02
5.647500000000000853e+00,7.599052527200427676e+01,4.979139052527241438e+04,8.454900960860349812e-01,5.649741873827460181e-02,5.649741873827460181e-02
5.655000000000000249e+00,7.610623836601990888e+01,4.987130623836642917e+04,8.459262761356691751e-01,5.650031720721063189e-02,5.650031720721063189e-02
5.662500000000000533e+00,7.622223541817183445e+01,4.995122223541858693e+04,8.461402281798106051e-01,5.649487423464737146e-02,5.649487423464735758e-02
5.670000000000000817e+00,7.633854020691282471e+01,5.003113854020732833e+04,8.461444798385713284e-01,5.648043196522369719e-02,5.648043196522369719e-02
5.677500000000000213e+00,7.645500126700747501e+01,5.011105500126742845e+04,8.459508744125801005e-01,5.646141169444528207e-02,5.646141169444526819e-02
5.685000000000000497e+00,7.657023495524903467e+01,5.019097023495567555e+04,8.455705949533867116e-01,5.647889676141602810e-02,5.647889676141602810e-02
5.692500000000000782e+00,7.668566409923788285e+01,5.027088566409966734e+04,8.453689076860193552e-01,5.649185164925790009e-02,5.649185164925790009e-02
5.700000000000000178e+00,7.680133623579926905e+01,5.035080133623622532e+04,8.458734318232681293e-01,5.649761350102375929e-02,5.649761350102377316e-02
5.707500000000000462e+00,7.691728359062311426e+01,5.043071728359105327e+04,8.461505612884995253e-01,5.649526817190716338e-02,5.649526817190716338e-02
5.715000000000000746e+00,7.703353366649584189e+01,5.051063353366692900e+04,8.462131502088906521e-01,5.648404537445535223e-02,5.648404537445535223e-02
5.722500000000000142e+00,7.715008233918850067e+01,5.059055008233962872e+04,8.460733524377784809e-01,5.646410079562200202e-02,5.646410079562200202e-02
5.730000000000000426e+00,7.726574010982655238e+01,5.067046574011026678e+04,8.457426456444847584e-01,5.647030793958607298e-02,5.647030793958607298e-02
5.737500000000000711e+00,7.738114683415791717e+01,5.075038114683460299e+04,8.452407799950683032e-01,5.648559262308983780e-02,5.648559262308984474e-02
5.745000000000000107e+00,7.749678605658311881e+01,5.083029678605702793e+04,8.458103878131737474e-01,5.649397404663029226e-02,5.649397404663029226e-02
5.752500000000000391e+00,7.761269205610743427e+01,5.091021269205655699e+04,8.461476054930759938e-01,5.649447591953691422e-02,5.649447591953690728e-02
5.760000000000000675e+00,7.772889399865880478e+01,5.099012889399911364e+04,8.462656046197484239e-01,5.648627580143084081e-02,5.648627580143084081e-02
5.767500000000000071e+00,7.784540906478302702e+01,5.107004540906524198e+04,8.461768409673877667e-01,5.646890839099222986e-02,5.646890839099222986e-02
5.775000000000000355e+00,7.796157422571990026e+01,5.114996157422618126e+04,8.458930785906948469e-01,5.646152835799136960e-02,5.646152835799137654e-02
5.782500000000000639e+00,7.807696442147550897e+01,5.122987696442193555e+04,8.454254153641544978e-01,5.647885606925727442e-02,5.647885606925725360e-02
5.790000000000000036e+00,7.819257924160801565e+01,5.130979257924207195e+04,8.457405220352713915e-01,5.648959905307707197e-02,5.648959905307705809e-02
5.797500000000000320e+00,7.830845179708643400e+01,5.138970845179755270e+04,8.461345363345793569e-01,5.649270866320407064e-02,5.649270866320405676e-02
5.805000000000000604e+00,7.842461312229947623e+01,5.146962461312276719e+04,8.463048296926135583e-01,5.648730540002441791e-02,5.648730540002441791e-02
5.812500000000000888e+00,7.854108780617019647e+01,5.154954108780663955e+04,8.462641504675720849e-01,5.647270510446399105e-02,5.647270510446397718e-02
5.820000000000000284e+00,7.865771618736575022e+01,5.162945771618784056e+04,8.460245401714535651e-01,5.645355286371492309e-02,5.645355286371492309e-02
5.827500000000000568e+00,7.877311023240493171e+01,5.170937311023288203e+04,8.455973591510786980e-01,5.647178765896100627e-02,5.647178765896102015e-02
5.835000000000000853e+00,7.888870799551544621e+01,5.178928870799599827e+04,8.456670087973103822e-01,5.648466651983431730e-02,5.648466651983433118e-02
5.842500000000000249e+00,7.900455452857875116e+01,5.186920455452906026e+04,8.461143359562480759e-01,5.649015735499582358e-02,5.649015735499582358e-02
5.850000000000000533e+00,7.912068278994794923e+01,5.194912068279043888e+04,8.463336283129054838e-01,5.648732244918393958e-02,5.648732244918393958e-02
5.857500000000000817e+00,7.923712068145167109e+01,5.202903712068194000e+04,8.463379167985627394e-01,5.647537777771918094e-02,5.647537777771919482e-02
5.865000000000000213e+00,7.935385736223906861e+01,5.210895385736273602e+04,8.461395107874561949e-01,5.645466557495876919e-02,5.645466557495876919e-02
5.872500000000000497e+00,7.946957815910452894e+01,5.218886957815960341e+04,8.457500239129396302e-01,5.646451802988582819e-02,5.646451802988582819e-02
5.880000000000000782e+00,7.958516524579302143e+01,5.226878516524629231e+04,8.455928062855161409e-01,5.647933403912173272e-02,5.647933403912173272e-02
5.887500000000000178e+00,7.970099268753016020e+01,5.234870099268803460e+04,8.460897815310597370e-01,5.648699278648552924e-02,5.648699278648552924e-02
5.895000000000000462e+00,1.709517691463872946e-02,5.234881709517742274e+04,8.463546089349153201e-01,5.648650400183979903e-02,5.648650400183979903e-02
5.902500000000000746e+00,1.335023120160358234e-01,5.242873350231252698e+04,8.464005913479090148e-01,5.647703103161005184e-02,5.647703103161005184e-02
5.910000000000000142e+00,2.502281144037151739e-01,5.250865022811491508e+04,8.462402957740147169e-01,5.645819491301727611e-02,5.645819491301728998e-02
5.917500000000000426e+00,3.663622668956544315e-01,5.258856636226741102e+04,8.458855793205376505e-01,5.645717279089930429e-02,5.645717279089931817e-02
5.925000000000000711e+00,4.819442853859343123e-01,5.266848194428590068e+04,8.455206453069890049e-01,5.647374883823989833e-02,5.647374883823990527e-02
5.932500000000000107e+00,5.977593891746417754e-01,5.274839775938969251e+04,8.460634348562395823e-01,5.648336666676394280e-02,5.648336666676394280e-02
5.940000000000000391e+00,7.138430362347414349e-01,5.282831384303675441e+04,8.463701759832817917e-01,5.648501116402834116e-02,5.648501116402834116e-02
5.947500000000000675e+00,8.302260670227862294e-01,5.290823022606754967e+04,8.464544321939161398e-01,5.647780675062250011e-02,5.647780675062252786e-02
5.955000000000000071e+00,9.469312584850962944e-01,5.298814693125901249e+04,8.463290172820837620e-01,5.646111879684893864e-02,5.646111879684891088e-02
5.962500000000000355e+00,1.063457162363332875e+00,5.306806345716289798e+04,8.460060214185192162e-01,5.644986203445182676e-02,5.644986203445180595e-02
5.970000000000000639e+00,1.179038736501560658e+00,5.314797903873703763e+04,8.454968386943486625e-01,5.646804883156440746e-02,5.646804883156442134e-02
5.977500000000000924e+00,1.294848373699248878e+00,5.322789484837423515e+04,8.460376331805059547e-01,5.647941301991542956e-02,5.647941301991542956e-02
5.985000000000000320e+00,1.410919722431994705e+00,5.330781091972297145e+04,8.463825214131274199e-01,5.648298821886063581e-02,5.648298821886063581e-02
5.992500000000000604e+00,1.527285336534095039e+00,5.338772728533707414e+04,8.465014963577421891e-01,5.647784701720585943e-02,5.647784701720587330e-02
6.000000000000000888e+00,1.643971945885378538e+00,5.346764397194643243e+04,8.464076071817819846e-01,5.646323798879437222e-02,5.646323798879437222e-02
6.007500000000000284e+00,1.760838072524183673e+00,5.354756083807307004e+04,8.461131661405241200e-01,5.644326670712001420e-02,5.644326670712002114e-02
6.015000000000000568e+00,1.876444197479949505e+00,5.362747644419802964e+04,8.456297763803325429e-01,5.646231563987662294e-02,5.646231563987662294e-02
6.022500000000000853e+00,1.992253952176072485e+00,5.370739225395273388e+04,8.460144813177061796e-01,5.647524963421598349e-02,5.647524963421597655e-02
6.030000000000000249e+00,2.108319170253459607e+00,5.378730831917081377e+04,8.463936174796297118e-01,5.648056309166867017e-02,5.648056309166868405e-02
6.037500000000000533e+00,2.224673880069528042e+00,5.386722467388062796e+04,8.465436331920302981e-01,5.647728383915114059e-02,5.647728383915114059e-02
6.045000000000000817e+00,2.341346845215594552e+00,5.394714134684577584e+04,8.464778010333245950e-01,5.646459922583032393e-02,5.646459922583032393e-02
6.052500000000000213e+00,2.458317169095824983e+00,5.402705831716966350e+04,8.462086438262478305e-01,5.644313069575170039e-02,5.644313069575167263e-02
6.060000000000000497e+00,2.574155870241710442e+00,5.410697415587081196e+04,8.457479627104815822e-01,5.645664191127194170e-02,5.645664191127192783e-02
6.067500000000000782e+00,2.689970955325963420e+00,5.418688997095589730e+04,8.459958450885739500e-01,5.647097945334857844e-02,5.647097945334857844e-02
6.075000000000000178e+00,2.806035858004102934e+00,5.426680603585857898e+04,8.464052107565626093e-01,5.647784829089534664e-02,5.647784829089538133e-02
6.082500000000000462e+00,2.922385926019071878e+00,5.434672238592659414e+04,8.465824789431748432e-01,5.647623612038187024e-02,5.647623612038187718e-02
6.090000000000000746e+00,3.039051188244588086e+00,5.442663905118882394e+04,8.465411331601015998e-01,5.646529122790886618e-02,5.646529122790887312e-02
6.097500000000000142e+00,3.156039891357826477e+00,5.450655603989194060e+04,8.462938947728131378e-01,5.644479048589896852e-02,5.644479048589896159e-02
6.105000000000000426e+00,3.272169393448604247e+00,5.458647216939403734e+04,8.458527513565596845e-01,5.645110770467359068e-02,5.645110770467360456e-02
6.112500000000000711e+00,3.387994686470736205e+00,5.466638799468705838e+04,8.459833461205035210e-01,5.646669186519398531e-02,5.646669186519399919e-02
6.120000000000000107e+00,3.504064766946107579e+00,5.474630406476753706e+04,8.464188174320138591e-01,5.647494198665783949e-02,5.647494198665784643e-02
6.127500000000000391e+00,3.620416188189725215e+00,5.482622041618878575e+04,8.466194525138563964e-01,5.647480905799417972e-02,5.647480905799417278e-02
6.135000000000000675e+00,3.737079976464925402e+00,5.490613707997706661e+04,8.465989328487386611e-01,5.646540993853656903e-02,5.646540993853656903e-02
6.142500000000000071e+00,3.854076070358301909e+00,5.498605407607096276e+04,8.463701658434633623e-01,5.644618179955726567e-02,5.644618179955727955e-02
6.150000000000000355e+00,3.970480800716347236e+00,5.506597048080131935e+04,8.459453134861357748e-01,5.644578165720184892e-02,5.644578165720184892e-02
6.157500000000000639e+00,4.086320714646630492e+00,5.514588632071525353e+04,8.459783580236612810e-01,5.646246853198867016e-02,5.646246853198867016e-02
6.165000000000000924e+00,4.202401341502342014e+00,5.522580240134210908e+04,8.464357198987164654e-01,5.647192908481010049e-02,5.647192908481010049e-02
6.172500000000000320e+00,4.318759852074030903e+00,5.530571875985268707e+04,8.466557524419615621e-01,5.647309443849586608e-02,5.647309443849586608e-02
6.180000000000000604e+00,4.435428134160555480e+00,5.538563542813477397e+04,8.466523216910667449e-01,5.646505430695424044e-02,5.646505430695424044e-02
6.187500000000000888e+00,4.552432233851095411e+00,5.546555243223447178e+04,8.464385081472280969e-01,5.644706731646253334e-02,5.644706731646252640e-02
6.195000000000000284e+00,4.669086483188291226e+00,5.554546908648381213e+04,8.460266357551924354e-01,5.644072203372508395e-02,5.644072203372509783e-02
6.202500000000000568e+00,4.784944850905495706e+00,5.562538494485153205e+04,8.459820039506459333e-01,5.645838406791628405e-02,5.645838406791628405e-02
6.210000000000000853e+00,4.901041452255946673e+00,5.570530104145288351e+04,8.464569646455514240e-01,5.646888223484333724e-02,5.646888223484335112e-02
6.217500000000000249e+00,5.017412550319162001e+00,5.578521741255094821e+04,8.466923551019954752e-01,5.647117126503684720e-02,5.647117126503682638e-02
6.225000000000000533e+00,5.134091196636124010e+00,5.586513409119726566e+04,8.467022120732978774e-01,5.646430546407101014e-02,5.646430546407099627e-02
6.232500000000000817e+00,5.251107109963337294e+00,5.594505110711060115e+04,8.464997757941168377e-01,5.644743517819306861e-02,5.644743517819306167e-02
6.240000000000000213e+00,5.367983133630858106e+00,5.602496798313427280e+04,8.460975193080469969e-01,5.643597831324336650e-02,5.643597831324335956e-02
6.247500000000000497e+00,5.483864134574433891e+00,5.610488386413521948e+04,8.459951555359704889e-01,5.645447801652421493e-02,5.645447801652421493e-02
6.255000000000000782e+00,5.599981362539286245e+00,5.618479998136318318e+04,8.464833614466547029e-01,5.646586274544194289e-02,5.646586274544194289e-02
6.262500000000000178e+00,5.716370335388597290e+00,5.626471637033603474e+04,8.467300141251291601e-01,5.646910648056881199e-02,5.646910648056881199e-02
6.270000000000000462e+00,5.833065086040988945e+00,5.634463306508669484e+04,8.467493068084424035e-01,5.646323351698830789e-02,5.646323351698830095e-02
6.277500000000000746e+00,5.950097796311461629e+00,5.642455009779696411e+04,8.465546257215217363e-01,5.644732082280227992e-02,5.644732082280227992e-02
6.285000000000000142e+00,6.067166923058267436e+00,5.650446716692371410e+04,8.461585797799349162e-01,5.643161486918264053e-02,5.643161486918262665e-02
6.292500000000000426e+00,6.183075385368018928e+00,5.658438307538602385e+04,8.460184332014810682e-01,5.645079587159078371e-02,5.645079587159077678e-02
6.300000000000000711e+00,6.299217698862234371e+00,5.666429921769952489e+04,8.465154838345725352e-01,5.646292139786633635e-02,5.646292139786633635e-02
6.307500000000000107e+00,6.415629652901638558e+00,5.674421562965356861e+04,8.467692610247480323e-01,5.646695568296412199e-02,5.646695568296413587e-02
6.315000000000000391e+00,6.532346115471020731e+00,5.682413234611613734e+04,8.467940998989545998e-01,5.646189735823572975e-02,5.646189735823571587e-02
6.322500000000000675e+00,6.649401089275323251e+00,5.690404940108994924e+04,8.466035185790500295e-01,5.644676852806842365e-02,5.644676852806843059e-02
6.330000000000000959e+00,6.766624724258035073e+00,5.698396662472493335e+04,8.462102482896283195e-01,5.642796376755349064e-02,5.642796376755349758e-02
6.337500000000000355e+00,6.882575726811917427e+00,5.706388257572748989e+04,8.460522078038957838e-01,5.644737425764427552e-02,5.644737425764426858e-02
6.345000000000000639e+00,6.998747425181554682e+00,5.714379874742586253e+04,8.465536708345512418e-01,5.646009915502063492e-02,5.646009915502062104e-02
6.352500000000000924e+00,7.115187317204028972e+00,5.722371518731788819e+04,8.468104070052646648e-01,5.646476378459574369e-02,5.646476378459574369e-02
6.360000000000000320e+00,7.231930979940523585e+00,5.730363193098062766e+04,8.468368784080781975e-01,5.646034486597809043e-02,5.646034486597809043e-02
6.367500000000000604e+00,7.349013888891388291e+00,5.738354901388957660e+04,8.466467206508111465e-01,5.644581964943903851e-02,5.644581964943903851e-02
6.375000000000000888e+00,7.466336540183875492e+00,5.746346633654087782e+04,8.462527734016302983e-01,5.642555524781976001e-02,5.642555524781975307e-02
6.382500000000000284e+00,7.582362564603633004e+00,5.754338236256529490e+04,8.460966035915408190e-01,5.644424153396748051e-02,5.644424153396748051e-02
6.390000000000000568e+00,7.698567820902766812e+00,5.762329856782159914e+04,8.465980299281985477e-01,5.645742776765280690e-02,5.645742776765280690e-02
6.397500000000000853e+00,7.815040489840938243e+00,5.770321504049054056e+04,8.468535459235511098e-01,5.646256559487498189e-02,5.646256559487496801e-02
6.405000000000000249e+00,7.931816875736937611e+00,5.778313181687644101e+04,8.468777254102445307e-01,5.645860921992418985e-02,5.645860921992418985e-02
6.412500000000000533e+00,8.048933344809144685e+00,5.786304893334551161e+04,8.466843067865073014e-01,5.644450834270323125e-02,5.644450834270323125e-02
6.420000000000000817e+00,8.166321360704232646e+00,5.794296632136141125e+04,8.462862240302777561e-01,5.642379592154921075e-02,5.642379592154919687e-02
6.427500000000000213e+00,8.282433568541785363e+00,5.802288243356925523e+04,8.461515024285597431e-01,5.644141829793701548e-02,5.644141829793701548e-02
6.435000000000000497e+00,8.398676462461871495e+00,5.810279867646317871e+04,8.466484412063440823e-01,5.645493028072978703e-02,5.645493028072976621e-02
6.442500000000000782e+00,8.515186661183710370e+00,5.818271518666190241e+04,8.468985583642860693e-01,5.646038631677505193e-02,5.646038631677505193e-02
6.450000000000000178e+00,8.632001387081190913e+00,5.826263200138779939e+04,8.469165239832822101e-01,5.645671226777239371e-02,5.645671226777237983e-02
6.457500000000000462e+00,8.749156912144663067e+00,5.834254915691286442e+04,8.467161643054643694e-01,5.644285989598466641e-02,5.644285989598467335e-02
6.465000000000000746e+00,8.866598807782654745e+00,5.842246659880851075e+04,8.463104932512154344e-01,5.642207325334437640e-02,5.642207325334439721e-02
6.472500000000000142e+00,8.982786657849205270e+00,5.850238278665857797e+04,8.462165492369495556e-01,5.643891779188234259e-02,5.643891779188234259e-02
6.480000000000000426e+00,9.099071208321314330e+00,5.858229907120905409e+04,8.467045626632996314e-01,5.645262144364983359e-02,5.645262144364984747e-02
6.487500000000000711e+00,9.215623635256923407e+00,5.866221562363599514e+04,8.469451167832110494e-01,5.645824195460898143e-02,5.645824195460898837e-02
6.495000000000000107e+00,9.332482086775534924e+00,5.874213248208751611e+04,8.469529621981285450e-01,5.645467655545274160e-02,5.645467655545274160e-02
6.502500000000000391e+00,9.449682371542994730e+00,5.882204968237228604e+04,8.467419978309803641e-01,5.644089010156567998e-02,5.644089010156567998e-02
6.510000000000000675e+00,9.567174734701625383e+00,5.890196717473544413e+04,8.463253029793074145e-01,5.642017153202505408e-02,5.642017153202505408e-02
6.517500000000000959e+00,9.683419989731293143e+00,5.898188341999048134e+04,8.462911585993163621e-01,5.643674621732881758e-02,5.643674621732881758e-02
6.525000000000000355e+00,9.799750187216375252e+00,5.906179975018796540e+04,8.467658365774768381e-01,5.645050802810303026e-02,5.645050802810303026e-02
6.532500000000000639e+00,9.916349517711958939e+00,5.914171634951846499e+04,8.469926916653227611e-01,5.645613963349018632e-02,5.645613963349020020e-02
6.540000000000000924e+00,1.003325707396567168e+01,5.922163325707471813e+04,8.469865390551790663e-01,5.645250899569241587e-02,5.645250899569238812e-02
6.547500000000000320e+00,1.015050783369879994e+01,5.930155050783445768e+04,8.467613350062495048e-01,5.643860508149255162e-02,5.643860508149255162e-02
6.555000000000000604e+00,1.026804929039514569e+01,5.938146804929115751e+04,8.463302094662628061e-01,5.641803987627169031e-02,5.641803987627170419e-02
6.562500000000000888e+00,1.038433195102355988e+01,5.946138433195179095e+04,8.463745224583705262e-01,5.643490296022993236e-02,5.643490296022993929e-02
6.570000000000000284e+00,1.050071178949540496e+01,5.954130071179025981e+04,8.468314969168220241e-01,5.644858905732970389e-02,5.644858905732971777e-02
6.577500000000000568e+00,1.061736270684410144e+01,5.962121736270761176e+04,8.470405586388964903e-01,5.645407783254111078e-02,5.645407783254111772e-02
6.585000000000000853e+00,1.073432477182278788e+01,5.970113432477259630e+04,8.470165713105701766e-01,5.645020694945440676e-02,5.645020694945440676e-02
6.592500000000000249e+00,1.085163173634964018e+01,5.978105163173712208e+04,8.467735330374617231e-01,5.643600133428711141e-02,5.643600133428712529e-02
6.600000000000000533e+00,1.096921937690567006e+01,5.986096921937768639e+04,8.463246095659646695e-01,5.641572136704017110e-02,5.641572136704015722e-02
6.607500000000000817e+00,1.108552115279107397e+01,5.994088552115357015e+04,8.464656188431559647e-01,5.643338073060324978e-02,5.643338073060324978e-02
6.615000000000000213e+00,1.120195466140682150e+01,6.002080195466219448e+04,8.469005777016602732e-01,5.644685595038020920e-02,5.644685595038020920e-02
6.622500000000000497e+00,1.131866188752592528e+01,6.010071866188831336e+04,8.470878064805658081e-01,5.645204653479959922e-02,5.645204653479959228e-02
6.630000000000000782e+00,1.143568392145740731e+01,6.018063568392224988e+04,8.470422011302483067e-01,5.644775837054470669e-02,5.644775837054470669e-02
6.637500000000000178e+00,1.155305283638803004e+01,6.026055305283718189e+04,8.467777860046459271e-01,5.643306592515675429e-02,5.643306592515675429e-02
6.645000000000000462e+00,1.167067684477684608e+01,6.034047067684557260e+04,8.463077477106961677e-01,5.641340465465874421e-02,5.641340465465874421e-02
6.652500000000000746e+00,1.178698642774879524e+01,6.042038698642854433e+04,8.465632215463612109e-01,5.643216561985483354e-02,5.643216561985483354e-02
6.660000000000000142e+00,1.190347770219447199e+01,6.050030347770299704e+04,8.469719222522252844e-01,5.644529258483074047e-02,5.644529258483076128e-02
6.667500000000000426e+00,1.202024602791542662e+01,6.058022024602872261e+04,8.471333459416688916e-01,5.645002729734822922e-02,5.645002729734822922e-02
6.675000000000000711e+00,1.213733357812278868e+01,6.066013733357893216e+04,8.470624045050565432e-01,5.644514188521820852e-02,5.644514188521822934e-02
6.682500000000000107e+00,1.225477019639590104e+01,6.074005477019721002e+04,8.467731328764427357e-01,5.642977683853175885e-02,5.642977683853175885e-02
6.690000000000000391e+00,1.237240131747020300e+01,6.081997240131828585e+04,8.462787235373736561e-01,5.641162936106403764e-02,5.641162936106404457e-02
6.697500000000000675e+00,1.248872683037637010e+01,6.089988872683119553e+04,8.466659106722532746e-01,5.643123707897691743e-02,5.643123707897691743e-02
6.705000000000000959e+00,1.260528006387075273e+01,6.097980528006469103e+04,8.470441932435303078e-01,5.644387528128034376e-02,5.644387528128033682e-02
6.712500000000000355e+00,1.272211437878423368e+01,6.105972211437960505e+04,8.471759193217683892e-01,5.644799324572377652e-02,5.644799324572376265e-02
6.720000000000000639e+00,1.283927310939595046e+01,6.113963927311022417e+04,8.470760003559314466e-01,5.644232681527176776e-02,5.644232681527176776e-02
6.727500000000000924e+00,1.295678316119061080e+01,6.121955678316202102e+04,8.467584661611123886e-01,5.642627396606888363e-02,5.642627396606888363e-02
6.735000000000000320e+00,1.307436864534403931e+01,6.129947436864617339e+04,8.462365000993660180e-01,5.641104111883128019e-02,5.641104111883128019e-02
6.742500000000000604e+00,1.319074163960466883e+01,6.137939074164043996e+04,8.467720839705595859e-01,5.643056782073666705e-02,5.643056782073666705e-02
6.750000000000000888e+00,1.330736115354253002e+01,6.145930736115438049e+04,8.471158834862977383e-01,5.644257271289252614e-02,5.644257271289252614e-02
6.757500000000000284e+00,1.342426689026473596e+01,6.153922426689110580e+04,8.472141107114625758e-01,5.644589648608457078e-02,5.644589648608458465e-02
6.765000000000000568e+00,1.354150219476959371e+01,6.161914150219561270e+04,8.470816602548529861e-01,5.643927316059298149e-02,5.643927316059298149e-02
6.772500000000000853e+00,1.365909131306932878e+01,6.169905909131391672e+04,8.467325411229416066e-01,5.642265658697004360e-02,5.642265658697001585e-02
6.780000000000000249e+00,1.377659221552982061e+01,6.177897659221637878e+04,8.463144963724150704e-01,5.641120585828733602e-02,5.641120585828732908e-02
6.787500000000000533e+00,1.389303036395544488e+01,6.185889303036480851e+04,8.468799688680125337e-01,5.643012364890794691e-02,5.643012364890794691e-02
6.795000000000000817e+00,1.400972063816753987e+01,6.193880972063902300e+04,8.471853273493420433e-01,5.644134574327376586e-02,5.644134574327375198e-02
6.802500000000000213e+00,1.412670377503435404e+01,6.201872670377589384e+04,8.472463568236319187e-01,5.644368119279857821e-02,5.644368119279857821e-02
6.810000000000000497e+00,1.424402082564776428e+01,6.209864402082650486e+04,8.470779186843928610e-01,5.643593156992982030e-02,5.643593156992982030e-02
6.817500000000000782e+00,1.436169437749170719e+01,6.217856169437835342e+04,8.466939854906028184e-01,5.641865266669868206e-02,5.641865266669868206e-02
6.825000000000000178e+00,1.447908403072687733e+01,6.225847908403159090e+04,8.464659866609561822e-01,5.641173037077975433e-02,5.641173037077975433e-02
6.832500000000000462e+00,1.459559274901973147e+01,6.233839559274989006e+04,8.469876351063957420e-01,5.642986321754454165e-02,5.642986321754454165e-02
6.840000000000000746e+00,1.471235845161692879e+01,6.241831235845248739e+04,8.472507127360967560e-01,5.644014719616556597e-02,5.644014719616556597e-02
6.847500000000000142e+00,1.482942455205222743e+01,6.249822942455292650e+04,8.472709583297651781e-01,5.644131248435579895e-02,5.644131248435579895e-02
6.855000000000000426e+00,1.494682930388368547e+01,6.257814682930475828e+04,8.470631837565388844e-01,5.643224335326774838e-02,5.643224335326776225e-02
6.862500000000000711e+00,1.506459200090590755e+01,6.265806459200178506e+04,8.466413095821272439e-01,5.641422960860158209e-02,5.641422960860158209e-02
6.870000000000000995e+00,1.518184514366657645e+01,6.273798184514454624e+04,8.466191591410417994e-01,5.641253584187007342e-02,5.641253584187007342e-02
6.877500000000000391e+00,1.529842878526094019e+01,6.281789842878614581e+04,8.470930078936869112e-01,5.642973777694602205e-02,5.642973777694600124e-02
6.885000000000000675e+00,1.541527480390861804e+01,6.289781527480479417e+04,8.473100935260566846e-01,5.643892156089569401e-02,5.643892156089568707e-02
6.892500000000000959e+00,1.553242967615772407e+01,6.297773242967705301e+04,8.472860916163481582e-01,5.643872728265013350e-02,5.643872728265012656e-02
6.900000000000000355e+00,1.564992823521229148e+01,6.305764992823610373e+04,8.470357483099386631e-01,5.642814064050278439e-02,5.642814064050278439e-02
6.907500000000000639e+00,1.576778314152870308e+01,6.313756778314242547e+04,8.465729167697801927e-01,5.640937509592418991e-02,5.640937509592418991e-02
6.915000000000000924e+00,1.588487561182054186e+01,6.321748487561272486e+04,8.467716625983323642e-01,5.641357165245483585e-02,5.641357165245483585e-02
6.922500000000000320e+00,1.600153802548499016e+01,6.329740153802638815e+04,8.471938814733077638e-01,5.642971033313505524e-02,5.642971033313505524e-02
6.930000000000000604e+00,1.611847019244949664e+01,6.337731847019335692e+04,8.473614023905609027e-01,5.643760463848001424e-02,5.643760463848001424e-02
6.937500000000000888e+00,1.623571991963757455e+01,6.345723571992054349e+04,8.472898208751422633e-01,5.643585291901900142e-02,5.643585291901898754e-02
6.945000000000000284e+00,1.635331850989983593e+01,6.353715331851081282e+04,8.469938013038545987e-01,5.642354690656344041e-02,5.642354690656342653e-02
6.952500000000000568e+00,1.647126393881903184e+01,6.361707126393973158e+04,8.464871142075660604e-01,5.640415815696513124e-02,5.640415815696513124e-02
6.960000000000000853e+00,1.658817569366157585e+01,6.369698817569458333e+04,8.469210190232626667e-01,5.641478101599943507e-02,5.641478101599942119e-02
6.967500000000000249e+00,1.670492163864458490e+01,6.377690492163956515e+04,8.472879330156418698e-01,5.642969773954337187e-02,5.642969773954337187e-02
6.975000000000000533e+00,1.682194673731347478e+01,6.385682194673823687e+04,8.474024638916585195e-01,5.643608332596714017e-02,5.643608332596714017e-02
6.982500000000000817e+00,1.693929638163769980e+01,6.393673929638256232e+04,8.472801104408101969e-01,5.643260683104159292e-02,5.643260683104159986e-02
6.990000000000000213e+00,1.705700125296308656e+01,6.401665700125389412e+04,8.469354394268753250e-01,5.641891791792369437e-02,5.641891791792368049e-02
6.997500000000000497e+00,1.717501601734466021e+01,6.409657501601827971e+04,8.464903586128013080e-01,5.639906416710509934e-02,5.639906416710509240e-02
7.005000000000000782e+00,1.729174590684624491e+01,6.417649174590778421e+04,8.470646385890280294e-01,5.641609927280652470e-02,5.641609927280652470e-02
7.012500000000000178e+00,1.740858044264442128e+01,6.425640858044358174e+04,8.473727367357094531e-01,5.642962615253600822e-02,5.642962615253598740e-02
7.020000000000000462e+00,1.752570469997835545e+01,6.433632570470091741e+04,8.474310077729148016e-01,5.643430023137483570e-02,5.643430023137484264e-02
7.027500000000000746e+00,1.764316049512037310e+01,6.441624316049606568e+04,8.472548372895578606e-01,5.642889632979364301e-02,5.642889632979362913e-02
7.035000000000000142e+00,1.776097769847736885e+01,6.449616097769942280e+04,8.468586788388628994e-01,5.641391292655115186e-02,5.641391292655116574e-02
7.042500000000000426e+00,1.787891229475023991e+01,6.457607891229569941e+04,8.466906268561610327e-01,5.639768875774699847e-02,5.639768875774699847e-02
7.050000000000000711e+00,1.799558704669846065e+01,6.465599558704765514e+04,8.471998347929472484e-01,5.641745331756005399e-02,5.641745331756006093e-02
7.057500000000000995e+00,1.811251556099176696e+01,6.473591251556194766e+04,8.474457781414624913e-01,5.642941243857748507e-02,5.642941243857747813e-02
7.065000000000000391e+00,1.822974537031085518e+01,6.481582974537127302e+04,8.474446823516357252e-01,5.643216702163996595e-02,5.643216702163996595e-02
7.072500000000000675e+00,1.834731402662146849e+01,6.489574731402758334e+04,8.472118036133254870e-01,5.642461857429389299e-02,5.642461857429391381e-02
7.080000000000000959e+00,1.846524885079082878e+01,6.497566524885175750e+04,8.467614669656452486e-01,5.640827989200516285e-02,5.640827989200518366e-02
7.087500000000000355e+00,1.858293627671357839e+01,6.505558293627767853e+04,8.468831025866985218e-01,5.640043260272672304e-02,5.640043260272672304e-02
7.095000000000000639e+00,1.869970020577273573e+01,6.513549970020674664e+04,8.473238396614203305e-01,5.641876099225251462e-02,5.641876099225250074e-02
7.102500000000000924e+00,1.881672892457181945e+01,6.521541672892554197e+04,8.475044683182912930e-01,5.642894909543303555e-02,5.642894909543302168e-02
7.110000000000000320e+00,1.893407059942548898e+01,6.529533407060040190e+04,8.474410679234571919e-01,5.642957837049059067e-02,5.642957837049061148e-02
7.117500000000000604e+00,1.905175905832740213e+01,6.537525175905930519e+04,8.471487493856975082e-01,5.641966105407698190e-02,5.641966105407698190e-02
7.125000000000000888e+00,1.916981441027624911e+01,6.545516981441125972e+04,8.466416942676315838e-01,5.640198753004061621e-02,5.640198753004061621e-02
7.132500000000000284e+00,1.928722562004342223e+01,6.553508722562102776e+04,8.470647555769429404e-01,5.640329314404986250e-02,5.640329314404986250e-02
7.140000000000000568e+00,1.940408629983611988e+01,6.561500408630081802e+04,8.474338189204979610e-01,5.641994434791140073e-02,5.641994434791140073e-02
7.147500000000000853e+00,1.952122333282575894e+01,6.569492122333380394e+04,8.475461581572645287e-01,5.642810222854345581e-02,5.642810222854346969e-02
7.155000000000000249e+00,1.963868261043373309e+01,6.577483868261141470e+04,8.474176900922392175e-01,5.642641762862347227e-02,5.642641762862347227e-02
7.162500000000000533e+00,1.975649792707491059e+01,6.585475649792805780e+04,8.470633648377619007e-01,5.641456690277923264e-02,5.641456690277923264e-02
7.170000000000000817e+00,1.987466802180805914e+01,6.593467466802279523e+04,8.466682458716251469e-01,5.639517860803586885e-02,5.639517860803586885e-02
7.177500000000000213e+00,1.999178424663989162e+01,6.601459178424763377e+04,8.472324985819438270e-01,5.640610673593038360e-02,5.640610673593037666e-02
7.185000000000000497e+00,2.010874695217218999e+01,6.609450874695317179e+04,8.475268870363998897e-01,5.642090457909013784e-02,5.642090457909013090e-02
7.192500000000000782e+00,2.022599982668299390e+01,6.617442599982768297e+04,8.475681524371981856e-01,5.642679057413621524e-02,5.642679057413622912e-02
7.200000000000000178e+00,2.034358400768898889e+01,6.625434358400868950e+04,8.473720329409547558e-01,5.642255652258627158e-02,5.642255652258627158e-02
7.207500000000000462e+00,2.046153305039783632e+01,6.633426153305140906e+04,8.469533027650216761e-01,5.640894195749117379e-02,5.640894195749117379e-02
7.215000000000000746e+00,2.057975102015532443e+01,6.641417975102116179e+04,8.469004228073944152e-01,5.638949284236334514e-02,5.638949284236335902e-02
7.222500000000001030e+00,2.069661385021937505e+01,6.649409661385123036e+04,8.473832031763526285e-01,5.640877288703206871e-02,5.640877288703205483e-02
7.230000000000000426e+00,2.081368527172001137e+01,6.657401368527273007e+04,8.476001220334982156e-01,5.642149959685269223e-02,5.642149959685269223e-02
7.237500000000000711e+00,2.093106103095240655e+01,6.665393106103196624e+04,8.475677236738599074e-01,5.642488520422234838e-02,5.642488520422236226e-02
7.245000000000000995e+00,2.104877777038082698e+01,6.673384877777140355e+04,8.473015519624718106e-01,5.641785530619757710e-02,5.641785530619757710e-02
7.252500000000000391e+00,2.116686640864357827e+01,6.681376686640967091e+04,8.468161905896083308e-01,5.640243061031075672e-02,5.640243061031075672e-02
7.260000000000000675e+00,2.128479811475224892e+01,6.689368479811577708e+04,8.471152003431472455e-01,5.639245249886108702e-02,5.639245249886108702e-02
7.267500000000000959e+00,2.140171648740210131e+01,6.697360171648842515e+04,8.475137152877574298e-01,5.641118000237870661e-02,5.641118000237870661e-02
7.275000000000000355e+00,2.151890523285780787e+01,6.705351890523389739e+04,8.476505800007032576e-01,5.642155987378805887e-02,5.642155987378805887e-02
7.282500000000000639e+00,2.163640999356170980e+01,6.713343640999459603e+04,8.475421256530728531e-01,5.642224428123222141e-02,5.642224428123222141e-02
7.290000000000000924e+00,2.175426720731516284e+01,6.721335426720835676e+04,8.472036866725554116e-01,5.641256359511935548e-02,5.641256359511934854e-02
7.297500000000000320e+00,2.187249766413892971e+01,6.729327249766518071e+04,8.467231263438105282e-01,5.639500472467726816e-02,5.639500472467726816e-02
7.305000000000000604e+00,2.199006462180618016e+01,6.737319006462284597e+04,8.473091876117353483e-01,5.639666130986162318e-02,5.639666130986161624e-02
7.312500000000000888e+00,2.210709397639988438e+01,6.745310709397745086e+04,8.476208703345843309e-01,5.641322218173085851e-02,5.641322218173085851e-02
7.320000000000000284e+00,2.222440836920871376e+01,6.753302440837025642e+04,8.476753092005399060e-01,5.642098876443282091e-02,5.642098876443283478e-02
7.327500000000000568e+00,2.234205020007837561e+01,6.761294205020113441e+04,8.474886065676587865e-01,5.641871260520716497e-02,5.641871260520716497e-02
7.335000000000000853e+00,2.246005580954071590e+01,6.769286005581059726e+04,8.470758728303916518e-01,5.640692252722220162e-02,5.640692252722220162e-02
7.342500000000000249e+00,2.257841316175538182e+01,6.777277841316281410e+04,8.469869412561250588e-01,5.638701783092030240e-02,5.638701783092030934e-02
7.350000000000000533e+00,2.269560238982226608e+01,6.785269560239088605e+04,8.474789957849692135e-01,5.640058112684557395e-02,5.640058112684556008e-02
7.357500000000000817e+00,2.281275005002279954e+01,6.793261275005109201e+04,8.477015078788848745e-01,5.641473663188801418e-02,5.641473663188801418e-02
7.365000000000000213e+00,2.293019815405344275e+01,6.801253019815511652e+04,8.476713636970101273e-01,5.641963133594814217e-02,5.641963133594814217e-02
7.372500000000000497e+00,2.304798556971975998e+01,6.809244798557079048e+04,8.474044216798153339e-01,5.641412170065677328e-02,5.641412170065677328e-02
7.380000000000000782e+00,2.316614679435380708e+01,6.817236614679542254e+04,8.469155541934102471e-01,5.640016116140522673e-02,5.640016116140524061e-02
7.387500000000000178e+00,2.328440791275907173e+01,6.825228440791383036e+04,8.472254970183981104e-01,5.638428693376178191e-02,5.638428693376178885e-02
7.395000000000000462e+00,2.340141422054910691e+01,6.833220141422163579e+04,8.476212532292090041e-01,5.640407754760570075e-02,5.640407754760568687e-02
7.402500000000000746e+00,2.351868941418283399e+01,6.841211868941526336e+04,8.477524857030790395e-01,5.641553259391270114e-02,5.641553259391270114e-02
7.410000000000001030e+00,2.363627854761844205e+01,6.849203627854870865e+04,8.476358164170767484e-01,5.641731778192814184e-02,5.641731778192814184e-02
7.417500000000000426e+00,2.375422040387554645e+01,6.857195422040496487e+04,8.472868454293533969e-01,5.640883717860798591e-02,5.640883717860797897e-02
7.425000000000000711e+00,2.387254145165867669e+01,6.865187254145274346e+04,8.468610606724237266e-01,5.639220636761112238e-02,5.639220636761113625e-02
7.432500000000000995e+00,2.399037756489732587e+01,6.873179037756599428e+04,8.474352090164293250e-01,5.638968164527844579e-02,5.638968164527844579e-02
7.440000000000000391e+00,2.410750314552769069e+01,6.881170750314662291e+04,8.477326199742986068e-01,5.640700853840786150e-02,5.640700853840786844e-02
7.447500000000000675e+00,2.422491481694519777e+01,6.889162491481805046e+04,8.477706932132097473e-01,5.641547635589756748e-02,5.641547635589756748e-02
7.455000000000000959e+00,2.434265401219142788e+01,6.897154265401329030e+04,8.475657715550146687e-01,5.641386296208871637e-02,5.641386296208870943e-02
7.462500000000000355e+00,2.446075920462444131e+01,6.905146075920572912e+04,8.471331829037443972e-01,5.640295470564568592e-02,5.640295470564568592e-02
7.470000000000000639e+00,2.457922982936698375e+01,6.913137922983047611e+04,8.471441767136378420e-01,5.638330736704574159e-02,5.638330736704574159e-02
7.477500000000000924e+00,2.469661885494983622e+01,6.921129661885606765e+04,8.476125387420194723e-01,5.639464014652451757e-02,5.639464014652451757e-02
7.485000000000000320e+00,2.481387408759693258e+01,6.929121387408871669e+04,8.478098013773250896e-01,5.640917301728595040e-02,5.640917301728595040e-02
7.492500000000000604e+00,2.493143069805053003e+01,6.937113143069916987e+04,8.477530640595765110e-01,5.641438330669604900e-02,5.641438330669604900e-02
7.500000000000000888e+00,2.504932949859994196e+01,6.945104932949971408e+04,8.474583762204123127e-01,5.640906677574934053e-02,5.640906677574934053e-02
7.507500000000000284e+00,2.516760607856240384e+01,6.953096760607969190e+04,8.469407805815938328e-01,5.639567661778699392e-02,5.639567661778699392e-02
7.515000000000000568e+00,2.528601518128966319e+01,6.961088601518241921e+04,8.473931436461408229e-01,5.637904438029659598e-02,5.637904438029659598e-02
7.522500000000000853e+00,2.540313680105978378e+01,6.969080313680219115e+04,8.477540075979040912e-01,5.639896291431703568e-02,5.639896291431702180e-02
7.530000000000000249e+00,2.552053113470412526e+01,6.977072053113584116e+04,8.478495608452085719e-01,5.641039895221251071e-02,5.641039895221251071e-02
7.537500000000000533e+00,2.563824205362249486e+01,6.985063824205475976e+04,8.476965878554084677e-01,5.641205182534746870e-02,5.641205182534748258e-02
7.545000000000000817e+00,2.575631035647845835e+01,6.993055631035761326e+04,8.473108312288447630e-01,5.640383269478863731e-02,5.640383269478863731e-02
7.552500000000000213e+00,2.587476237505735099e+01,7.001047476237619412e+04,8.470754696047537724e-01,5.638693001061507309e-02,5.638693001061505922e-02
7.560000000000000497e+00,2.599268494445077948e+01,7.009039268494558928e+04,8.476042995365700161e-01,5.638536069750231527e-02,5.638536069750231527e-02
7.567500000000000782e+00,2.610993670811638978e+01,7.017030993670926546e+04,8.478562095588186853e-01,5.640243881195337872e-02,5.640243881195337872e-02
7.575000000000000178e+00,2.622747902285625798e+01,7.025022747902400442e+04,8.478487314759176607e-01,5.641049230245601120e-02,5.641049230245601120e-02
7.582500000000000462e+00,2.634535443733763671e+01,7.033014535443848581e+04,8.475983208850456085e-01,5.640826319192482341e-02,5.640826319192482341e-02
7.590000000000000746e+00,2.646360202271277728e+01,7.041006360202387441e+04,8.471204009612700592e-01,5.639731869125080149e-02,5.639731869125080149e-02
7.597500000000001030e+00,2.658221016203332354e+01,7.048998221016318712e+04,8.473617885173021502e-01,5.637719370267962882e-02,5.637719370267962882e-02
7.605000000000000426e+00,2.669962865271982011e+01,7.056989962865387497e+04,8.477740700764416770e-01,5.639103476038508089e-02,5.639103476038508783e-02
7.612500000000000711e+00,2.681702240730522036e+01,7.064981702240847517e+04,8.479158225385103886e-01,5.640489821478459481e-02,5.640489821478458093e-02
7.620000000000000995e+00,2.693472327923441156e+01,7.072973472328040225e+04,8.478042265215132156e-01,5.640923477832487931e-02,5.640923477832486543e-02
7.627500000000000391e+00,2.705277390284625483e+01,7.080965277390401752e+04,8.474553957622636968e-01,5.640330394648922219e-02,5.640330394648924300e-02
7.635000000000000675e+00,2.717120891992766829e+01,7.088957120892110106e+04,8.470277109049592079e-01,5.638909487768960227e-02,5.638909487768957451e-02
7.642500000000000959e+00,2.728959218162741251e+01,7.096948959218279924e+04,8.476043157558205143e-01,5.637661165296314197e-02,5.637661165296314197e-02
7.650000000000000355e+00,2.740685434878296789e+01,7.104940685434995976e+04,8.478989794329107044e-01,5.639577676316290256e-02,5.639577676316290256e-02
7.657500000000000639e+00,2.752439974276855850e+01,7.112932439974395675e+04,8.479296184228229949e-01,5.640611524534638183e-02,5.640611524534638183e-02
7.665000000000000924e+00,2.764227001892860613e+01,7.120924227002011321e+04,8.477130487224951993e-01,5.640638960565829557e-02,5.640638960565829557e-02
7.672500000000000320e+00,2.776050678762132762e+01,7.128916050678881584e+04,8.472650301819780738e-01,5.639753084950409334e-02,5.639753084950409334e-02
7.680000000000000604e+00,2.787912913069630605e+01,7.136907912913188920e+04,8.473482328804047281e-01,5.637918311696517304e-02,5.637918311696517304e-02
7.687500000000000888e+00,2.799695918566016317e+01,7.144899695918685757e+04,8.477994229366695444e-01,5.638357125156535921e-02,5.638357125156535227e-02
7.695000000000000284e+00,2.811436722780376840e+01,7.152891436722899380e+04,8.479756596784311373e-01,5.639937460390363061e-02,5.639937460390362367e-02
7.702500000000000568e+00,2.823207472073820057e+01,7.160883207472194044e+04,8.478944719991756696e-01,5.640585524168906933e-02,5.640585524168906933e-02
7.710000000000000853e+00,2.835012588057076144e+01,7.168875012588177924e+04,8.475722988762355303e-01,5.640181332541130410e-02,5.640181332541130410e-02
7.717500000000000249e+00,2.846855899345918672e+01,7.176866855899465736e+04,8.470245352630547675e-01,5.638985426036213777e-02,5.638985426036213777e-02
7.725000000000000533e+00,2.858727682543052140e+01,7.184858727682664176e+04,8.476184732231411001e-01,5.636999817909003896e-02,5.636999817909004590e-02
7.732500000000000817e+00,2.870460822002111456e+01,7.192850460822123569e+04,8.479436034142505685e-01,5.638950845120933864e-02,5.638950845120933864e-02
7.740000000000000213e+00,2.882217190914981586e+01,7.200842217191036616e+04,8.480008593485164337e-01,5.640163321508864097e-02,5.640163321508864097e-02
7.747500000000000497e+00,2.894005389400301098e+01,7.208834005389522645e+04,8.478073695027161794e-01,5.640386449521544998e-02,5.640386449521543610e-02
7.755000000000000782e+00,2.905829781910737708e+01,7.216825829782032815e+04,8.473791845293945357e-01,5.639671187742963110e-02,5.639671187742962416e-02
7.762500000000001066e+00,2.917693304869319348e+01,7.224817693304992281e+04,8.473575434213612700e-01,5.638016651646760025e-02,5.638016651646760025e-02
7.770000000000000462e+00,2.929511045485494236e+01,7.232809511045608087e+04,8.478347868498479212e-01,5.637686101809605971e-02,5.637686101809605971e-02
7.777500000000000746e+00,2.941254618252957442e+01,7.240801254618375970e+04,8.480334807245168971e-01,5.639415640005891739e-02,5.639415640005891045e-02
7.785000000000001030e+00,2.953027555315361496e+01,7.248793027555439039e+04,8.479714523767528656e-01,5.640227858143106315e-02,5.640227858143107703e-02
7.792500000000000426e+00,2.964834425134021600e+01,7.256784834425257577e+04,8.476654182180192176e-01,5.639987147446680338e-02,5.639987147446679644e-02
7.800000000000000711e+00,2.976679249289967899e+01,7.264776679249413428e+04,8.471310304130754698e-01,5.638952404007584879e-02,5.638952404007584879e-02
7.807500000000000995e+00,2.988560421014312496e+01,7.272768560421137954e+04,8.476506210616175929e-01,5.636913436841522324e-02,5.636913436841521630e-02
7.815000000000000391e+00,3.000318024663667771e+01,7.280760318024788285e+04,8.479936729738286605e-01,5.638390832294262051e-02,5.638390832294262051e-02
7.822500000000000675e+00,3.012077565218684683e+01,7.288752077565343643e+04,8.480658186986962388e-01,5.639736714329237482e-02,5.639736714329237482e-02
7.830000000000000959e+00,3.023868483836362131e+01,7.296743868483960978e+04,8.478844495451267615e-01,5.640104189520533245e-02,5.640104189520531858e-02
7.837500000000000355e+00,3.035695295906711166e+01,7.304735695296031190e+04,8.474658594332838968e-01,5.639522106837369098e-02,5.639522106837369098e-02
7.845000000000000639e+00,3.047561406515989901e+01,7.312727561406641325e+04,8.473925751910942328e-01,5.638008467222896392e-02,5.638008467222895698e-02
7.852500000000000924e+00,3.059406417473635287e+01,7.320719406417598657e+04,8.478828254926449315e-01,5.637115818331191880e-02,5.637115818331191880e-02
7.860000000000000320e+00,3.071153926669354917e+01,7.328711153926794941e+04,8.480917877012986716e-01,5.638953973038054318e-02,5.638953973038055012e-02
7.867500000000000604e+00,3.082930471473951783e+01,7.336702930471600848e+04,8.480375361839149750e-01,5.639882325692864573e-02,5.639882325692865267e-02
7.875000000000000888e+00,3.094740663206142273e+01,7.344694740663332050e+04,8.477370154740915265e-01,5.639763629501955144e-02,5.639763629501956532e-02
7.882500000000000284e+00,3.106588672440734911e+01,7.352686588672567450e+04,8.472060878278602214e-01,5.638843709217510047e-02,5.638843709217511435e-02
7.890000000000000568e+00,3.118475021681230430e+01,7.360678475021808117e+04,8.477023596996404731e-01,5.636868731105977581e-02,5.636868731105976194e-02
7.897500000000000853e+00,3.130255002653702689e+01,7.368670255002781050e+04,8.480507082413064612e-01,5.637923916295783933e-02,5.637923916295783239e-02
7.905000000000000249e+00,3.142018913486093723e+01,7.376662018913614156e+04,8.481259639905284198e-01,5.639360915465866514e-02,5.639360915465867902e-02
7.912500000000000533e+00,3.153813957983819805e+01,7.384653813958111277e+04,8.479457300483728144e-01,5.639824199102384111e-02,5.639824199102384111e-02
7.920000000000000817e+00,3.165644764343757345e+01,7.392645644764472672e+04,8.475264947445312336e-01,5.639339213886521152e-02,5.639339213886522539e-02
7.927500000000000213e+00,3.177514978018684388e+01,7.400637514978146646e+04,8.474537013307410493e-01,5.637919206441528719e-02,5.637919206441527331e-02
7.935000000000000497e+00,3.189379809596486481e+01,7.408629379809724924e+04,8.479439339407266463e-01,5.636671113084496670e-02,5.636671113084497364e-02
7.942500000000000782e+00,3.201132299647163393e+01,7.416621132299776946e+04,8.481510249648710476e-01,5.638579168047141293e-02,5.638579168047141293e-02
7.950000000000001066e+00,3.212913694400692322e+01,7.424612913694529561e+04,8.480932430526170185e-01,5.639578886939068669e-02,5.639578886939070751e-02
7.957500000000000462e+00,3.224728622003441814e+01,7.432604728622133553e+04,8.477877102643992524e-01,5.639532125760918918e-02,5.639532125760918224e-02
7.965000000000000746e+00,3.236581370075791142e+01,7.440596581370205968e+04,8.472504506203841768e-01,5.638692235773522937e-02,5.638692235773522937e-02
7.972500000000001030e+00,3.248473249468965207e+01,7.448588473249599338e+04,8.477727912935770771e-01,5.636765971755355181e-02,5.636765971755355181e-02
7.980000000000000426e+00,3.260269067948540567e+01,7.456580269068079360e+04,8.481139888986651831e-01,5.637576207222382008e-02,5.637576207222381314e-02
7.987500000000000711e+00,3.272038381192928824e+01,7.464572038381324091e+04,8.481807778551890831e-01,5.639064319154764998e-02,5.639064319154761529e-02
7.995000000000000995e+00,3.283838787050303409e+01,7.472563838787181885e+04,8.479909206807630939e-01,5.639577103071898023e-02,5.639577103071898023e-02
8.002500000000001279e+00,3.295674993804584574e+01,7.480555674993936555e+04,8.475610500003712966e-01,5.639154608783678718e-02,5.639154608783680106e-02
8.009999999999999787e+00,3.307550765901613232e+01,7.488547550766033237e+04,8.475385406468266547e-01,5.637779532828134793e-02,5.637779532828134793e-02
8.017500000000000071e+00,3.319428075967007175e+01,7.496539428076098557e+04,8.480160685907149887e-01,5.636377144898657016e-02,5.636377144898655628e-02
8.025000000000000355e+00,3.331186444625961940e+01,7.504531186444759078e+04,8.482095105604459118e-01,5.638317319256488241e-02,5.638317319256487548e-02
8.032500000000000639e+00,3.342973713581373829e+01,7.512522973713713873e+04,8.481372752398167458e-01,5.639346410916398072e-02,5.639346410916399460e-02
8.040000000000000924e+00,3.354794598377763037e+01,7.520514794598511071e+04,8.478166102185882291e-01,5.639329551869426416e-02,5.639329551869426416e-02
8.047500000000001208e+00,3.366653455080412982e+01,7.528506653455214109e+04,8.472636516469942425e-01,5.638529668178846044e-02,5.638529668178846044e-02
8.055000000000001492e+00,3.378551785067364222e+01,7.536498551785200834e+04,8.478583790721645475e-01,5.636616461516467252e-02,5.636616461516467252e-02
8.062500000000000000e+00,3.390356283124081216e+01,7.544490356283258006e+04,8.481805337675913936e-01,5.637372924429253501e-02,5.637372924429253501e-02
8.070000000000000284e+00,3.402131825656788067e+01,7.552482131825790566e+04,8.482278541437718866e-01,5.638873676165884197e-02,5.638873676165882809e-02
8.077500000000000568e+00,3.413938615461344739e+01,7.560473938615595398e+04,8.480182081202976008e-01,5.639391236283677195e-02,5.639391236283676501e-02
8.085000000000000853e+00,3.425781409872326577e+01,7.568465781410006457e+04,8.475683209849316224e-01,5.638997770800941584e-02,5.638997770800942277e-02
8.092500000000001137e+00,3.437664005298081094e+01,7.576457664005433617e+04,8.476418919238865035e-01,5.637619280538828936e-02,5.637619280538829630e-02
8.100000000000001421e+00,3.449546546595423280e+01,7.584449546546730562e+04,8.480948157028842527e-01,5.636255969057346604e-02,5.636255969057346604e-02
8.107499999999999929e+00,3.461311445187575941e+01,7.592441311445322935e+04,8.482636321128949053e-01,5.638192249449684029e-02,5.638192249449684029e-02
8.115000000000000213e+00,3.473105380820413046e+01,7.600433105380956840e+04,8.481668336869848668e-01,5.639209926427042607e-02,5.639209926427042607e-02
8.122500000000000497e+00,3.484933202491306758e+01,7.608424933202627290e+04,8.478217397736165228e-01,5.639205620393134000e-02,5.639205620393135387e-02
8.130000000000000782e+00,3.496799289525758780e+01,7.616416799289661867e+04,8.473673863980751841e-01,5.638383107040903508e-02,5.638383107040902814e-02
8.137500000000001066e+00,3.508704859616467786e+01,7.624408704859753198e+04,8.479531561631358239e-01,5.636444854986792652e-02,5.636444854986792652e-02
8.145000000000001350e+00,3.520510831601478685e+01,7.632400510831738939e+04,8.482454386816332681e-01,5.637333744853064571e-02,5.637333744853064571e-02
8.152499999999999858e+00,3.532293182293851430e+01,7.640392293182431604e+04,8.482633542254658376e-01,5.638809466305925999e-02,5.638809466305925999e-02
8.160000000000000142e+00,3.544107118656656752e+01,7.648384107118794054e+04,8.480248200881458365e-01,5.639288121019974537e-02,5.639288121019975925e-02
8.167500000000000426e+00,3.555957415925379905e+01,7.656375957416063466e+04,8.475466007854070005e-01,5.638890850629550006e-02,5.638890850629550006e-02
8.175000000000000711e+00,3.567847813321972694e+01,7.664367847813460685e+04,8.477561411829247495e-01,5.637461809820713821e-02,5.637461809820712433e-02
8.182500000000000995e+00,3.579728486220749062e+01,7.672359728486358654e+04,8.481739168428037434e-01,5.636319142384897674e-02,5.636319142384897674e-02
8.190000000000001279e+00,3.591500222952424082e+01,7.680351500223090989e+04,8.483084764792069299e-01,5.638218412354140119e-02,5.638218412354140119e-02
8.197499999999999787e+00,3.603301345533647293e+01,7.688343301345672808e+04,8.481783381296702506e-01,5.639184603475236313e-02,5.639184603475236313e-02
8.205000000000000071e+00,3.615136796435822220e+01,7.696335136796574807e+04,8.478008372542509274e-01,5.639160800540452684e-02,5.639160800540452684e-02
8.212500000000000355e+00,3.627010929533552286e+01,7.704327010929673270e+04,8.475040986485918859e-01,5.638269334701964675e-02,5.638269334701964675e-02
8.220000000000000639e+00,3.638924007819225892e+01,7.712318924007959140e+04,8.480494819605665091e-01,5.636275131307109248e-02,5.636275131307110636e-02
8.227500000000000924e+00,3.650724563139048229e+01,7.720310724563279655e+04,8.483027083164268456e-01,5.637465461434019998e-02,5.637465461434019998e-02
8.235000000000001208e+00,3.662514022418931603e+01,7.728302514022559626e+04,8.482828981948170588e-01,5.638878945946924209e-02,5.638878945946924209e-02
8.242500000000001492e+00,3.674335572410243600e+01,7.736294335572551063e+04,8.480079604843864249e-01,5.639276006884656745e-02,5.639276006884656051e-02
8.250000000000000000e+00,3.686193973623261400e+01,7.744286193973764603e+04,8.474946440719574037e-01,5.638842482942993395e-02,5.638842482942993395e-02
8.257500000000000284e+00,3.698092783557844854e+01,7.752278092783699685e+04,8.478722829950425810e-01,5.637318350504786496e-02,5.637318350504786496e-02
8.265000000000000568e+00,3.709964578855239381e+01,7.760269964578996587e+04,8.482463218102639368e-01,5.636566649581815219e-02,5.636566649581815219e-02
8.272500000000000853e+00,3.721743262086405224e+01,7.768261743262228265e+04,8.483388971538199375e-01,5.638393831425454056e-02,5.638393831425452668e-02
8.280000000000001137e+00,3.733551800197348314e+01,7.776253551800339483e+04,8.481684928858884698e-01,5.639269316735617127e-02,5.639269316735617127e-02
8.287500000000001421e+00,3.745395258262738736e+01,7.784245395258405188e+04,8.477524039949851931e-01,5.639194368329952800e-02,5.639194368329952800e-02
8.294999999999999929e+00,3.757277906370031673e+01,7.792237277906513191e+04,8.476421679960347566e-01,5.638189717336084678e-02,5.638189717336086065e-02
8.302500000000000213e+00,3.769197494846282837e+01,7.800229197494989785e+04,8.481393195079393044e-01,5.636136930754209740e-02,5.636136930754208352e-02
8.310000000000000497e+00,3.780986925332346260e+01,7.808220986925475881e+04,8.483464911153928423e-01,5.637755639201027374e-02,5.637755639201028762e-02
8.317500000000000782e+00,3.792783510722340878e+01,7.816212783510866575e+04,8.482827423234237108e-01,5.639070627008550829e-02,5.639070627008548053e-02
8.325000000000001066e+00,3.804612835337791665e+01,7.824204612835482112e+04,8.479659157382959389e-01,5.639345246212724289e-02,5.639345246212722901e-02
8.332500000000001350e+00,3.816479609023858899e+01,7.832196479609167727e+04,8.474126900599239232e-01,5.638843926203634255e-02,5.638843926203632867e-02
8.339999999999999858e+00,3.828386993850330100e+01,7.840188386993994936e+04,8.479814054902996556e-01,5.637185772418320390e-02,5.637185772418320390e-02
8.347500000000000142e+00,3.840243333735563169e+01,7.848180243333880208e+04,8.483055658435082469e-01,5.636975002737450863e-02,5.636975002737452251e-02
8.355000000000000426e+00,3.852028740546869301e+01,7.856172028740691894e+04,8.483507716634587359e-01,5.638698045942697190e-02,5.638698045942696496e-02
8.362500000000000711e+00,3.863844701339713339e+01,7.864163844701484777e+04,8.481354140721636403e-01,5.639443889979127433e-02,5.639443889979127433e-02
8.370000000000000995e+00,3.875696231165150607e+01,7.872155696231311595e+04,8.476766925485771376e-01,5.639287395782601603e-02,5.639287395782602991e-02
8.377500000000001279e+00,3.887587498814850306e+01,7.880147587498961366e+04,8.477719624773994989e-01,5.638129519668279993e-02,5.638129519668278605e-02
8.385000000000001563e+00,3.899507364507451257e+01,7.888139507364653400e+04,8.482157122327190768e-01,5.636158192351473084e-02,5.636158192351473084e-02
8.392500000000000071e+00,3.911285395108044582e+01,7.896131285395254963e+04,8.483723725273861760e-01,5.638171362418594595e-02,5.638171362418595289e-02
8.400000000000000355e+00,3.923088867351130915e+01,7.904123088867498154e+04,8.482608834275137122e-01,5.639354033735619054e-02,5.639354033735620442e-02
8.407500000000000639e+00,3.934925841004765346e+01,7.912114925841151853e+04,8.478989665152883992e-01,5.639532889564703028e-02,5.639532889564701640e-02
8.415000000000000924e+00,3.946800932906254644e+01,7.920106800933054183e+04,8.475100357865519296e-01,5.638870797647921318e-02,5.638870797647919930e-02
8.422500000000001208e+00,3.958716480639282054e+01,7.928098716480786970e+04,8.480762077795132026e-01,5.637051450476993769e-02,5.637051450476993769e-02
8.430000000000001492e+00,3.970551661536244126e+01,7.936090551661684003e+04,8.483470443282744577e-01,5.637501337967904674e-02,5.637501337967906062e-02
8.437500000000000000e+00,3.982343396237750710e+01,7.944082343396385841e+04,8.483420345716060629e-01,5.639089754895663248e-02,5.639089754895665330e-02
8.445000000000000284e+00,3.994166485926328392e+01,7.952074166486074682e+04,8.480794233459844067e-01,5.639672631807530340e-02,5.639672631807530340e-02
8.452500000000000568e+00,4.006025868102734933e+01,7.960066025868251745e+04,8.475762648737573679e-01,5.639407165471117117e-02,5.639407165471118505e-02
8.460000000000000853e+00,4.017925496167594446e+01,7.968057925496317330e+04,8.478860045529599265e-01,5.638063435187046918e-02,5.638063435187048306e-02
8.467500000000001137e+00,4.029825777615324967e+01,7.976049825777765363e+04,8.482739792841865745e-01,5.636696956372325845e-02,5.636696956372325845e-02
8.475000000000001421e+00,4.041606359114089031e+01,7.984041606359263824e+04,8.483782868650384668e-01,5.638664783352040355e-02,5.638664783352040355e-02
8.482499999999999929e+00,4.053416272793623421e+01,7.992033416272944305e+04,8.482176965414114367e-01,5.639685983610899511e-02,5.639685983610896736e-02
8.490000000000000213e+00,4.065260527839932081e+01,8.000025260527990758e+04,8.478097614028744511e-01,5.639746617803350487e-02,5.639746617803350487e-02
8.497500000000000497e+00,4.077143594086648193e+01,8.008017143594237859e+04,8.476437237174516692e-01,5.638890700285758423e-02,5.638890700285758423e-02
8.505000000000000782e+00,4.089065930563844375e+01,8.016009065930715587e+04,8.481520536775816188e-01,5.636909535219856993e-02,5.636909535219855605e-02
8.512500000000001066e+00,4.100875899411092007e+01,8.024000875899562379e+04,8.483687565682982434e-01,5.638091612654937135e-02,5.638091612654937829e-02
8.520000000000001350e+00,4.112673406336256932e+01,8.031992673406488029e+04,8.483131273757061885e-01,5.639520090279247222e-02,5.639520090279247222e-02
8.527499999999999858e+00,4.124503134396059068e+01,8.039984503134548140e+04,8.480032203976660687e-01,5.639913355020123586e-02,5.639913355020123586e-02
8.535000000000000142e+00,4.136369914685955962e+01,8.047976369914838870e+04,8.474559041153890693e-01,5.639516607608051346e-02,5.639516607608049958e-02
8.542500000000000426e+00,4.148277279713848742e+01,8.055968277279866743e+04,8.479798252116272916e-01,5.637965809440051435e-02,5.637965809440052128e-02
8.550000000000000711e+00,4.160150509978323186e+01,8.063960150510130916e+04,8.483122512426707340e-01,5.637374479234930763e-02,5.637374479234930069e-02
8.557500000000000995e+00,4.171936211768265679e+01,8.071951936211921566e+04,8.483647567176429982e-01,5.639184275540521513e-02,5.639184275540521513e-02
8.565000000000001279e+00,4.183752003256021368e+01,8.079943752003408736e+04,8.481558999076955763e-01,5.640021081380189316e-02,5.640021081380189316e-02
8.572500000000001563e+00,4.195602987951647123e+01,8.087935602988104802e+04,8.477030289889645465e-01,5.639944126852765999e-02,5.639944126852765999e-02
8.580000000000000071e+00,4.207493440185754707e+01,8.095927493440339458e+04,8.477555359385584577e-01,5.638873714562093326e-02,5.638873714562091938e-02
8.587500000000000355e+00,4.219418045217153690e+01,8.103919418045372004e+04,8.482072698923965870e-01,5.636822530590074321e-02,5.636822530590074321e-02
8.595000000000000639e+00,4.231202952667504746e+01,8.111911202952821623e+04,8.483713228039727605e-01,5.638691983169943911e-02,5.638691983169943911e-02
8.602500000000000924e+00,4.243005579715659792e+01,8.119903005579870660e+04,8.482667602269928775e-01,5.639942432215384188e-02,5.639942432215383494e-02
8.610000000000001208e+00,4.254841320284943151e+01,8.127894841320440173e+04,8.479114142756264405e-01,5.640179751073403497e-02,5.640179751073403497e-02
8.617500000000001492e+00,4.266714866481214585e+01,8.135886714866636612e+04,8.474771199328829940e-01,5.639584773863680345e-02,5.639584773863680345e-02
8.625000000000000000e+00,4.278628930987229495e+01,8.143878628931143612e+04,8.480520081574456359e-01,5.637822110569086498e-02,5.637822110569086498e-02
8.632500000000000284e+00,4.290472378064222170e+01,8.151870472378219711e+04,8.483312643817113585e-01,5.638046009674600734e-02,5.638046009674600734e-02
8.640000000000000568e+00,4.302262454616424492e+01,8.159862262454773008e+04,8.483344653799610446e-01,5.639685207853312177e-02,5.639685207853312177e-02
8.647500000000000853e+00,4.314083519318283777e+01,8.167854083519475535e+04,8.480799321423985182e-01,5.640322061338340354e-02,5.640322061338340354e-02
8.655000000000001137e+00,4.325940556581681307e+01,8.175845940556738060e+04,8.475847847980231275e-01,5.640095291796819177e-02,5.640095291796817095e-02
8.662500000000001421e+00,4.337837605238203764e+01,8.183837837605395180e+04,8.478443676142768393e-01,5.638801372433320525e-02,5.638801372433320525e-02
8.669999999999999929e+00,4.349743200597991688e+01,8.191829743200755911e+04,8.482427283453629618e-01,5.637253426100054948e-02,5.637253426100056336e-02
8.677500000000000213e+00,4.361521278199985829e+01,8.199821521278357250e+04,8.483573894706635254e-01,5.639258899295557237e-02,5.639258899295556543e-02
8.685000000000000497e+00,4.373328330913081885e+01,8.207813328331071534e+04,8.482071665325607857e-01,5.640321632057687662e-02,5.640321632057687662e-02
8.692500000000000782e+00,4.385169378201641877e+01,8.215805169378359278e+04,8.478096518154775163e-01,5.640408923415533154e-02,5.640408923415533154e-02
8.700000000000001066e+00,4.397048933711326413e+01,8.223797048933869519e+04,8.475819680895002595e-01,5.639594156816764986e-02,5.639594156816764986e-02
8.707500000000001350e+00,4.408967997240139169e+01,8.231788967997398868e+04,8.481035808042240998e-01,5.637640640259782704e-02,5.637640640259779928e-02
8.714999999999999858e+00,4.420780888807544073e+01,8.239780780888967274e+04,8.483336268425796245e-01,5.638671315092012859e-02,5.638671315092012859e-02
8.722500000000000142e+00,4.432574648454529154e+01,8.247772574648614682e+04,8.482914227172780874e-01,5.640133741762253655e-02,5.640133741762253655e-02
8.730000000000000426e+00,4.444400271494471610e+01,8.255764400271653722e+04,8.479950401384408476e-01,5.640566197975800666e-02,5.640566197975800666e-02
8.737500000000000711e+00,4.456262609163177046e+01,8.263756262609323312e+04,8.474613615265914612e-01,5.640184981568239359e-02,5.640184981568238665e-02
8.745000000000000995e+00,4.468165291165438191e+01,8.271748165291325131e+04,8.479114204304460944e-01,5.638671024053193426e-02,5.638671024053193426e-02
8.752500000000001279e+00,4.480040433851581128e+01,8.279740040434012190e+04,8.482610048835427241e-01,5.637925158614813526e-02,5.637925158614813526e-02
8.760000000000001563e+00,4.491821509973232196e+01,8.287731821510134614e+04,8.483307398084835027e-01,5.639764823337747868e-02,5.639764823337748562e-02
8.767500000000000071e+00,4.503632296797671586e+01,8.295723632296959113e+04,8.481391843718592005e-01,5.640638378732908131e-02,5.640638378732908131e-02
8.775000000000000355e+00,4.515477907569257354e+01,8.303715477907730383e+04,8.477036866827651895e-01,5.640573911901661935e-02,5.640573911901661935e-02
8.782500000000000639e+00,4.527362634908611483e+01,8.311707362635069876e+04,8.476635929543047121e-01,5.639542729339998284e-02,5.639542729339999672e-02
8.790000000000000924e+00,4.539283050350420723e+01,8.319699283050512895e+04,8.481370983050595669e-01,5.637482406644762911e-02,5.637482406644761523e-02
8.797500000000001208e+00,4.551067870026498241e+01,8.327691067870188272e+04,8.483229050206360089e-01,5.639227137456608724e-02,5.639227137456608724e-02
8.805000000000001492e+00,4.562864642246983493e+01,8.335682864642409550e+04,8.482400684539490587e-01,5.640514315207219298e-02,5.640514315207219298e-02
8.812500000000000000e+00,4.574694100711265321e+01,8.343674694100873603e+04,8.479064118237715775e-01,5.640764657945180477e-02,5.640764657945179089e-02
8.820000000000000284e+00,4.586560949015438382e+01,8.351666560949178529e+04,8.473572057742015939e-01,5.640213128331330456e-02,5.640213128331329762e-02
8.827500000000000568e+00,4.598468123744241609e+01,8.359658468123908096e+04,8.479592438120550080e-01,5.638495279118217046e-02,5.638495279118214965e-02
8.835000000000000853e+00,4.610313209331686579e+01,8.367650313209494925e+04,8.482654685463211219e-01,5.638521501482015447e-02,5.638521501482016834e-02
8.842500000000001137e+00,4.622096616983971273e+01,8.375642096617148491e+04,8.482954408555676284e-01,5.640200154699987617e-02,5.640200154699987617e-02
8.850000000000001421e+00,4.633910537968483823e+01,8.383633910538132477e+04,8.480674691525816877e-01,5.640888440557506600e-02,5.640888440557505906e-02
8.857499999999999929e+00,4.645759959447187981e+01,8.391625759959612333e+04,8.475986640678841999e-01,5.640676751616634232e-02,5.640676751616634232e-02
8.865000000000000213e+00,4.657648971476012179e+01,8.399617648971641029e+04,8.477245542352831453e-01,5.639441249275764512e-02,5.639441249275765899e-02
8.872500000000000497e+00,4.669556482756662774e+01,8.407609556482921471e+04,8.481557580634075943e-01,5.637666575833926580e-02,5.637666575833926580e-02
8.880000000000000782e+00,4.681327514839625792e+01,8.415601327515004959e+04,8.483028295366649152e-01,5.639705412150199104e-02,5.639705412150199104e-02
8.887500000000001066e+00,4.693126660970597186e+01,8.423593126661136921e+04,8.481845729102718279e-01,5.640825369933824551e-02,5.640825369933826633e-02
8.895000000000001350e+00,4.704959241886323440e+01,8.431584959242051991e+04,8.478185737351078277e-01,5.640935289266314073e-02,5.640935289266315461e-02
8.902499999999999858e+00,4.716829798246909888e+01,8.439576829798413382e+04,8.474299313987371240e-01,5.640190856232737276e-02,5.640190856232737276e-02
8.910000000000000142e+00,4.728740079818493314e+01,8.447568740079985582e+04,8.479908920921251925e-01,5.638298829300117387e-02,5.638298829300118775e-02
8.917500000000000426e+00,4.740556846902398291e+01,8.455560556847069529e+04,8.482595558316068374e-01,5.639036172770908739e-02,5.639036172770907351e-02
8.925000000000000711e+00,4.752341998437066195e+01,8.463552341998604243e+04,8.482552338115431079e-01,5.640563142062261087e-02,5.640563142062259699e-02
8.932500000000000995e+00,4.764158385435202092e+01,8.471544158385602350e+04,8.479959982077003300e-01,5.641078542678906738e-02,5.641078542678906738e-02
8.940000000000001279e+00,4.776010870756825710e+01,8.479536010870925384e+04,8.474987369357288580e-01,5.640729001465372844e-02,5.640729001465371456e-02
8.947500000000001563e+00,4.787903251155303508e+01,8.487527903251323733e+04,8.477677916419599224e-01,5.639308058475359098e-02,5.639308058475357016e-02
8.955000000000000071e+00,4.799784288814279876e+01,8.495519784288982919e+04,8.481627466619305888e-01,5.638196130000357187e-02,5.638196130000357187e-02
8.962500000000000355e+00,4.811556114174953791e+01,8.503511556114343693e+04,8.482767718216110975e-01,5.640108929108454683e-02,5.640108929108453989e-02
8.970000000000000639e+00,4.823357027064190561e+01,8.511503357027233869e+04,8.481284380270418533e-01,5.641074622628985263e-02,5.641074622628983876e-02
8.977500000000000924e+00,4.835192034418854234e+01,8.519495192034587672e+04,8.477351109057865708e-01,5.641054668228150798e-02,5.641054668228149410e-02
8.985000000000001208e+00,4.847065498377332915e+01,8.527487065498546872e+04,8.474831898067056724e-01,5.640135115871502958e-02,5.640135115871502958e-02
8.992500000000001492e+00,4.858977022316385330e+01,8.535478977022485924e+04,8.480093446997118978e-01,5.638117257813387434e-02,5.638117257813385352e-02
9.000000000000000000e+00,4.870768511886874563e+01,8.543470768512057839e+04,8.482463268708271276e-01,5.639473490776522602e-02,5.639473490776522602e-02
9.007500000000000284e+00,4.882554854043940651e+01,8.551462554854214250e+04,8.482132183433831463e-01,5.640862162851593281e-02,5.640862162851593281e-02
9.015000000000000568e+00,4.894373061984551754e+01,8.559454373062156083e+04,8.479278753486300113e-01,5.641221252044356649e-02,5.641221252044356649e-02
9.022500000000000853e+00,4.906227877065743570e+01,8.567446227877236379e+04,8.474069829935434450e-01,5.640746521219194842e-02,5.640746521219194842e-02
9.030000000000001137e+00,4.918122693921198163e+01,8.575438122694092453e+04,8.477961163079724694e-01,5.639163766255180649e-02,5.639163766255180649e-02
9.037500000000001421e+00,4.929979073737084860e+01,8.583429979073908180e+04,8.481608673126943554e-01,5.638658524008222789e-02,5.638658524008224177e-02
9.044999999999999929e+00,4.941751596609736197e+01,8.591421751596781542e+04,8.482474978607580374e-01,5.640447289314629020e-02,5.640447289314629020e-02
9.052500000000000213e+00,4.953553726132218316e+01,8.599413553726304963e+04,8.480743679320672523e-01,5.641274155272001101e-02,5.641274155271999713e-02
9.060000000000000497e+00,4.965390481505347253e+01,8.607405390481678478e+04,8.476586450948246920e-01,5.641137507647595722e-02,5.641137507647595722e-02
9.067500000000000782e+00,4.977266063543662256e+01,8.615397266063716961e+04,8.475196572536990436e-01,5.640063921117127038e-02,5.640063921117128426e-02
9.075000000000001066e+00,4.989175644856380387e+01,8.623389175645029172e+04,8.480171961052211937e-01,5.638009555960077357e-02,5.638009555960077357e-02
9.082500000000001350e+00,5.000946810770680173e+01,8.631380946810943715e+04,8.482282754565912963e-01,5.639842240769910725e-02,5.639842240769912113e-02
9.089999999999999858e+00,5.012733815360124368e+01,8.639372733815533866e+04,8.481717723240842499e-01,5.641108661603266849e-02,5.641108661603266156e-02
9.097500000000000142e+00,5.024553218510461505e+01,8.647364553218684159e+04,8.478653504614361847e-01,5.641330666734473837e-02,5.641330666734473837e-02
9.105000000000000426e+00,5.036409644293313193e+01,8.655356409644467931e+04,8.473255148214949850e-01,5.640745354556316732e-02,5.640745354556316732e-02
9.112500000000000711e+00,5.048305962028869942e+01,8.663348305962204176e+04,8.478119548287657015e-01,5.639027313943612701e-02,5.639027313943612701e-02
9.120000000000000995e+00,5.060140427769790250e+01,8.671340140427944425e+04,8.481523945828628452e-01,5.639049745266186409e-02,5.639049745266187796e-02
9.127500000000001279e+00,5.071913133912077143e+01,8.679331913134087517e+04,8.482171229492474485e-01,5.640731091479556092e-02,5.640731091479556092e-02
9.135000000000001563e+00,5.083715945635521649e+01,8.687323715945810545e+04,8.480243137319014579e-01,5.641436701444118434e-02,5.641436701444117741e-02
9.142500000000000071e+00,5.095553786337530511e+01,8.695315553786513919e+04,8.475909602768810780e-01,5.641198022311064153e-02,5.641198022311065541e-02
9.150000000000000355e+00,5.107430713957388946e+01,8.703307430714133079e+04,8.475416257448321611e-01,5.639993237538309251e-02,5.639993237538309251e-02
9.157500000000000639e+00,5.119331045347785647e+01,8.711299331045524741e+04,8.480165456494187515e-01,5.638110969796394228e-02,5.638110969796394922e-02
9.165000000000000924e+00,5.131091350801285245e+01,8.719291091350978240e+04,8.482073076774374609e-01,5.640152292543592488e-02,5.640152292543593876e-02
9.172500000000001208e+00,5.142878506439151209e+01,8.727282878506615816e+04,8.481326095900045825e-01,5.641314060317811213e-02,5.641314060317811907e-02
9.180000000000001492e+00,5.154698494247089968e+01,8.735274698494424229e+04,8.478099474309385153e-01,5.641422356072956640e-02,5.641422356072956640e-02
9.187500000000000000e+00,5.166555827348663144e+01,8.743266555827525735e+04,8.472556697048145846e-01,5.640739323453419773e-02,5.640739323453420467e-02
9.195000000000000284e+00,5.178452723043508854e+01,8.751258452723221853e+04,8.478172666449041994e-01,5.638913790110346852e-02,5.638913790110346852e-02
9.202500000000000568e+00,5.190268310898706261e+01,8.759250268311076798e+04,8.481390687002200446e-01,5.639378797461075399e-02,5.639378797461077480e-02
9.210000000000000853e+00,5.202040739244169032e+01,8.767242040739422373e+04,8.481871738850200737e-01,5.640969407058313984e-02,5.640969407058315371e-02
9.217500000000001137e+00,5.213843672651152161e+01,8.775233843672829971e+04,8.479795953092528205e-01,5.641573511257011453e-02,5.641573511257011453e-02
9.225000000000001421e+00,5.225681949932191372e+01,8.783225681950111175e+04,8.475331764717838334e-01,5.641248129767859054e-02,5.641248129767858360e-02
9.232499999999999929e+00,5.237559473151186751e+01,8.791217559473330039e+04,8.475509422736082765e-01,5.639935580081859023e-02,5.639935580081861105e-02
9.240000000000000213e+00,5.249443975521802486e+01,8.799209443975701288e+04,8.480090018729848911e-01,5.638414082139669992e-02,5.638414082139669992e-02
9.247500000000000497e+00,5.261202380481221041e+01,8.807201202380661562e+04,8.481848031792009746e-01,5.640412678863199886e-02,5.640412678863199886e-02
9.255000000000000782e+00,5.272989187171255310e+01,8.815192989187351486e+04,8.480968907123802580e-01,5.641488155796289816e-02,5.641488155796291204e-02
9.262500000000001066e+00,5.284809161566999336e+01,8.823184809161747398e+04,8.477626176902115507e-01,5.641518716432378233e-02,5.641518716432378233e-02
9.270000000000001350e+00,5.296666715065666864e+01,8.831176666715246392e+04,8.472138018852900521e-01,5.640739122451171594e-02,5.640739122451171594e-02
9.277500000000001634e+00,5.308563305455219705e+01,8.839168563305636053e+04,8.478135547993762566e-01,5.638833601834223469e-02,5.638833601834224163e-02
9.285000000000000142e+00,5.320363184169870152e+01,8.847160363184350717e+04,8.481221529991918029e-01,5.639653684243640247e-02,5.639653684243640247e-02
9.292500000000000426e+00,5.332134882944581022e+01,8.855152134883125836e+04,8.481586866411229275e-01,5.641170764719273534e-02,5.641170764719273534e-02
9.300000000000000711e+00,5.343937388674672917e+01,8.863143937388857012e+04,8.479410334015555772e-01,5.641693513571947871e-02,5.641693513571947871e-02
9.307500000000000995e+00,5.355775467201749507e+01,8.871135775467383792e+04,8.474859110024810516e-01,5.641296911626927230e-02,5.641296911626927230e-02
9.315000000000001279e+00,5.367652864101131627e+01,8.879127652864283300e+04,8.475490239163822048e-01,5.639899833588644246e-02,5.639899833588642858e-02
9.322500000000001563e+00,5.379523198311267151e+01,8.887119523198493698e+04,8.479957350489722989e-01,5.638694007056310048e-02,5.638694007056310742e-02
9.330000000000000071e+00,5.391280530672245419e+01,8.895111280530855583e+04,8.481616996553339449e-01,5.640630810945088808e-02,5.640630810945088808e-02
9.337500000000000355e+00,5.403066497520468658e+01,8.903103066497703549e+04,8.480653345436939272e-01,5.641638598409693534e-02,5.641638598409693534e-02
9.345000000000000639e+00,5.414885872248007104e+01,8.911094885872431041e+04,8.477238744511058632e-01,5.641606535725929988e-02,5.641606535725929988e-02
9.352500000000000924e+00,5.426742977168999715e+01,8.919086742977352696e+04,8.472115508109696602e-01,5.640752357759213492e-02,5.640752357759213492e-02
9.360000000000001208e+00,5.438638460566395594e+01,8.927078638460750517e+04,8.478019136136029088e-01,5.638792404783737888e-02,5.638792404783737888e-02
9.367500000000001492e+00,5.450425797807530159e+01,8.935070425797991629e+04,8.481025063938897324e-01,5.639880881954274089e-02,5.639880881954274089e-02
9.375000000000000000e+00,5.462196323060123859e+01,8.943062196323245007e+04,8.481322996088869193e-01,5.641341745752222886e-02,5.641341745752222886e-02
9.382500000000000284e+00,5.473997862576546680e+01,8.951053997862761025e+04,8.479090600469165739e-01,5.641803263837779497e-02,5.641803263837780191e-02
9.390000000000000568e+00,5.485835121358265809e+01,8.959045835121543496e+04,8.474494029931515238e-01,5.641350780481817900e-02,5.641350780481817206e-02
9.397500000000000853e+00,5.497711702973027315e+01,8.967037711703158857e+04,8.475369013508261551e-01,5.639891712824753739e-02,5.639891712824753739e-02
9.405000000000001137e+00,5.509570761944059569e+01,8.975029570762130606e+04,8.479775394503864527e-01,5.638921989366203064e-02,5.638921989366204451e-02
9.412500000000001421e+00,5.521326646632834212e+01,8.983021326646818488e+04,8.481385706349888753e-01,5.640812362468759084e-02,5.640812362468759084e-02
9.419999999999999929e+00,5.533111292131402337e+01,8.991013111292317626e+04,8.480383086854177410e-01,5.641770959210829633e-02,5.641770959210829633e-02
9.427500000000000213e+00,5.544929493860051650e+01,8.999004929494047246e+04,8.476938933602108373e-01,5.641691210117878025e-02,5.641691210117879413e-02
9.435000000000000497e+00,5.556785501169428443e+01,9.006996785501357226e+04,8.471967546361985901e-01,5.640784002346836690e-02,5.640784002346836690e-02
9.442500000000000782e+00,5.568679209703537936e+01,9.014988679209891416e+04,8.477830827668422220e-01,5.638791483460138532e-02,5.638791483460138532e-02
9.450000000000001066e+00,5.580457059279349608e+01,9.022980457059467153e+04,8.480806486888441409e-01,5.640065334801309255e-02,5.640065334801312724e-02
9.457500000000001350e+00,5.592225975827805939e+01,9.030972225976016489e+04,8.481083279327810143e-01,5.641487121773859637e-02,5.641487121773859637e-02
9.465000000000001634e+00,5.604026022902316129e+01,9.038964026023090992e+04,8.478838000215015436e-01,5.641907232186431365e-02,5.641907232186429283e-02
9.472500000000000142e+00,5.615861857291703529e+01,9.046955861857479613e+04,8.474236002425679093e-01,5.641413907524282095e-02,5.641413907524280708e-02
9.480000000000000426e+00,5.627736970426130370e+01,9.054947736970614642e+04,8.475152666784285804e-01,5.639914428039382449e-02,5.639914428039382449e-02
9.487500000000000711e+00,5.639587657506030638e+01,9.062939587657694938e+04,8.479548889709123127e-01,5.639101244767659449e-02,5.639101244767659449e-02
9.495000000000000995e+00,5.651341688439013211e+01,9.070931341688628891e+04,8.481156872309295602e-01,5.640961443157938016e-02,5.640961443157938016e-02
9.502500000000001279e+00,5.663124542457774879e+01,9.078923124542647565e+04,8.480158959198398350e-01,5.641889016640860843e-02,5.641889016640862925e-02
9.510000000000001563e+00,5.674941013083411434e+01,9.086914941013274074e+04,8.476725823735055121e-01,5.641776220372742012e-02,5.641776220372744094e-02
9.517500000000000071e+00,5.686795295729955058e+01,9.094906795295920165e+04,8.471700627180707155e-01,5.640836925119337153e-02,5.640836925119337153e-02
9.525000000000000355e+00,5.698686734372675033e+01,9.102898686734563671e+04,8.477574956454303479e-01,5.638828788558177679e-02,5.638828788558176291e-02
9.532500000000000639e+00,5.710457958097904196e+01,9.110890457958288607e+04,8.480568128024332797e-01,5.640210638618952527e-02,5.640210638618952527e-02
9.540000000000000924e+00,5.722224841925469718e+01,9.118882224842117284e+04,8.480868185557424166e-01,5.641610123532623394e-02,5.641610123532623394e-02
9.547500000000001208e+00,5.734022885211921761e+01,9.126874022885403247e+04,8.478651278108644274e-01,5.642008160664137989e-02,5.642008160664137989e-02
9.555000000000001492e+00,5.745856709471400592e+01,9.134865856709663058e+04,8.474082173630057557e-01,5.641488659324517957e-02,5.641488659324519345e-02
9.562500000000000000e+00,5.757729736278201216e+01,9.142857729736469628e+04,8.474845164804849507e-01,5.639969316748991851e-02,5.639969316748991851e-02
9.570000000000000284e+00,5.769574894988144109e+01,9.150849574895179830e+04,8.479279823349233913e-01,5.639234926765231137e-02,5.639234926765232525e-02
9.577500000000000568e+00,5.781326676263858388e+01,9.158841326676456083e+04,8.480930647628730501e-01,5.641080841067476481e-02,5.641080841067477175e-02
9.585000000000000853e+00,5.793107282944734493e+01,9.166833107283138088e+04,8.479979416242425794e-01,5.641995064041085278e-02,5.641995064041086666e-02
9.592500000000001137e+00,5.804921482481916684e+01,9.174824921482674836e+04,8.476596294418821120e-01,5.641863493794115753e-02,5.641863493794115753e-02
9.600000000000001421e+00,5.816773437130821378e+01,9.182816773437324446e+04,8.471318373680498670e-01,5.640912339135321224e-02,5.640912339135320530e-02
9.607499999999999929e+00,5.828662270447104277e+01,9.190808662270641071e+04,8.477253195097953498e-01,5.638900944786223723e-02,5.638900944786223723e-02
9.615000000000000213e+00,5.840429525799793709e+01,9.198800429525993241e+04,8.480309853003655807e-01,5.640319252907331771e-02,5.640319252907332465e-02
9.622500000000000497e+00,5.852193967118870432e+01,9.206792193967313506e+04,8.480675907081366427e-01,5.641712701700973831e-02,5.641712701700973831e-02
9.630000000000000782e+00,5.863989513197675763e+01,9.214783989513391862e+04,8.478527077186546190e-01,5.642107374025340238e-02,5.642107374025340238e-02
9.637500000000001066e+00,5.875820763205521757e+01,9.222775820763400407e+04,8.474027752376397382e-01,5.641575949658028666e-02,5.641575949658030054e-02
9.645000000000001350e+00,5.887691117531808516e+01,9.230767691117727372e+04,8.474447884296113509e-01,5.640056340497620613e-02,5.640056340497622001e-02
9.652500000000001634e+00,5.899533511065375535e+01,9.238759533511260815e+04,8.478967793112823781e-01,5.639325265637723517e-02,5.639325265637724210e-02
9.660000000000000142e+00,5.911282661908784775e+01,9.246751282662105223e+04,8.480704983228017912e-01,5.641172241574343715e-02,5.641172241574342328e-02
9.667500000000000426e+00,5.923060582867660884e+01,9.254743060583063925e+04,8.479840884901970188e-01,5.642090166146410124e-02,5.642090166146410124e-02
9.675000000000000711e+00,5.934871992483983405e+01,9.262734871992679837e+04,8.476545362322002175e-01,5.641953687306779791e-02,5.641953687306781179e-02
9.682500000000000995e+00,5.946721040862639285e+01,9.270726721041058772e+04,8.470977231423096887e-01,5.641010133639444424e-02,5.641010133639444424e-02
9.690000000000001279e+00,5.958607010143053628e+01,9.278718607010340202e+04,8.476864886896675610e-01,5.639005600672244989e-02,5.639005600672244989e-02
9.697500000000001563e+00,5.970372815514450338e+01,9.286710372815711889e+04,8.480029385137838327e-01,5.640392683966896636e-02,5.640392683966896636e-02
9.705000000000000071e+00,5.982134421974532046e+01,9.294702134422172094e+04,8.480502668531219035e-01,5.641795739023764550e-02,5.641795739023764550e-02
9.712500000000000355e+00,5.993926998445428467e+01,9.302693926998644019e+04,8.478460235739829765e-01,5.642205021163167189e-02,5.642205021163168577e-02
9.720000000000000639e+00,6.005755134299904796e+01,9.310685755134497595e+04,8.474066294499534857e-01,5.641675499432705770e-02,5.641675499432705077e-02
9.727500000000000924e+00,6.017622256256974822e+01,9.318677622256455652e+04,8.473959923949750950e-01,5.640174419687456892e-02,5.640174419687456892e-02
9.735000000000001208e+00,6.029464556112887408e+01,9.326669464556311141e+04,8.478610304436370315e-01,5.639373675744155379e-02,5.639373675744155379e-02
9.742500000000001492e+00,6.041210714213381294e+01,9.334661210714413028e+04,8.480475911080974649e-01,5.641236403670315397e-02,5.641236403670314009e-02
9.750000000000000000e+00,6.052985531678312725e+01,9.342652985531877493e+04,8.479738034566610683e-01,5.642174358760566194e-02,5.642174358760567582e-02
9.757500000000000284e+00,6.064793656600167537e+01,9.350644793656800175e+04,8.476566436730604837e-01,5.642049993941637698e-02,5.642049993941637698e-02
9.765000000000000568e+00,6.076639246625390456e+01,9.358636639246824780e+04,8.471119863731468858e-01,5.641129108360030953e-02,5.641129108360030953e-02
9.772500000000000853e+00,6.088522059312813894e+01,9.366628522059513489e+04,8.476407326677287690e-01,5.639142468943078579e-02,5.639142468943078579e-02
9.780000000000001137e+00,6.100288891427842231e+01,9.374620288891629025e+04,8.479722570756125233e-01,5.640431632910373333e-02,5.640431632910373333e-02
9.787500000000001421e+00,6.112047291166067708e+01,9.382612047291366616e+04,8.480342977165074014e-01,5.641859217750661709e-02,5.641859217750661709e-02
9.794999999999999929e+00,6.123836449546002569e+01,9.390603836449746450e+04,8.478444023041863398e-01,5.642300261738152772e-02,5.642300261738152772e-02
9.802500000000000213e+00,6.135660957975265006e+01,9.398595660958177177e+04,8.474189924551002173e-01,5.641786029195532126e-02,5.641786029195532126e-02
9.810000000000000497e+00,6.147524309002543674e+01,9.406587524309204309e+04,8.473378373864053348e-01,5.640321621777372174e-02,5.640321621777372174e-02
9.817500000000000782e+00,6.159369086575616592e+01,9.414579369086778024e+04,8.478203023501065250e-01,5.639380879663982021e-02,5.639380879663982021e-02
9.825000000000001066e+00,6.171111911147993112e+01,9.422571111911350454e+04,8.480237781475356007e-01,5.641273302266778394e-02,5.641273302266776313e-02
9.832500000000001350e+00,6.182883230836119992e+01,9.430562883231037995e+04,8.479663999366321425e-01,5.642246807844371326e-02,5.642246807844370632e-02
9.840000000000001634e+00,6.194687602993439413e+01,9.438554687603196362e+04,8.476651527584022627e-01,5.642166509363310406e-02,5.642166509363311794e-02
9.847500000000000142e+00,6.206529209950443970e+01,9.446546529210153676e+04,8.471359223704000296e-01,5.641267141890610182e-02,5.641267141890609488e-02
9.855000000000000426e+00,6.218408470564473589e+01,9.454538408470767899e+04,8.475876005205694730e-01,5.639312320600801953e-02,5.639312320600801953e-02
9.862500000000000711e+00,6.230178836580294899e+01,9.462530178836784035e+04,8.479383607478381268e-01,5.640435708732646769e-02,5.640435708732646075e-02
9.870000000000000995e+00,6.241933667197880453e+01,9.470521933667402482e+04,8.480189835911848828e-01,5.641902357670500190e-02,5.641902357670500884e-02
9.877500000000001279e+00,6.253718985507020278e+01,9.478513718985710875e+04,8.478470338062725764e-01,5.642391418752928933e-02,5.642391418752930321e-02
9.885000000000001563e+00,6.265539382077361097e+01,9.486505539382282586e+04,8.474389521062949404e-01,5.641905410771936441e-02,5.641905410771937829e-02
9.892500000000000071e+00,6.277398442414536817e+01,9.494497398442619306e+04,8.472698553883529771e-01,5.640495247330152423e-02,5.640495247330151035e-02
9.900000000000000355e+00,6.289248159358520240e+01,9.502489248159564158e+04,8.477739999220655909e-01,5.639347043999001774e-02,5.639347043999001774e-02
9.907500000000000639e+00,6.300987334860677436e+01,9.510480987335066311e+04,8.479983469662941697e-01,5.641282249687046974e-02,5.641282249687046974e-02
9.915000000000000924e+00,6.312754788507377413e+01,9.518472754788713064e+04,8.479610570467496222e-01,5.642305944747159907e-02,5.642305944747159907e-02
9.922500000000001208e+00,6.324554968867772686e+01,9.526464554969074379e+04,8.476791424365741623e-01,5.642286397585041802e-02,5.642286397585043189e-02
9.930000000000001492e+00,6.336392096851068345e+01,9.534456392097056960e+04,8.471685174868712753e-01,5.641421322231193747e-02,5.641421322231195135e-02
9.937500000000000000e+00,6.348267305931940285e+01,9.542448267306138587e+04,8.475264826680193320e-01,5.639515179844652865e-02,5.639515179844652865e-02
9.945000000000000284e+00,6.360043752222647839e+01,9.550440043752429483e+04,8.479005246342327107e-01,5.640403437564255745e-02,5.640403437564255745e-02
9.952500000000000568e+00,6.371794646014013352e+01,9.558431794646220806e+04,8.480034931167986789e-01,5.641923737552977797e-02,5.641923737552977103e-02
9.960000000000000853e+00,6.383575731006389020e+01,9.566423575731214078e+04,8.478529883924237343e-01,5.642476112332937138e-02,5.642476112332935750e-02
9.967500000000001137e+00,6.395391562143157671e+01,9.574415391562350851e+04,8.474654878602410069e-01,5.642030796883154564e-02,5.642030796883155952e-02
9.975000000000001421e+00,6.407245831419814408e+01,9.582407245831628097e+04,8.471914227788236440e-01,5.640691870908683125e-02,5.640691870908683125e-02
9.982499999999999929e+00,6.419102811943790243e+01,9.590399102812152705e+04,8.477213862086865337e-01,5.639272347404725161e-02,5.639272347404724467e-02
9.990000000000000213e+00,6.430838067945228431e+01,9.598390838068153244e+04,8.479704560424649040e-01,5.641262005715118322e-02,5.641262005715118322e-02
9.997500000000000497e+00,6.442601315460359501e+01,9.606382601315669308e+04,8.479568367369039184e-01,5.642349588422958945e-02,5.642349588422958945e-02
1.000500000000000078e+01,6.454396896041089349e+01,9.614374396896250255e+04,8.476975855087116596e-01,5.642406453102503244e-02,5.642406453102503244e-02
1.001250000000000107e+01,6.466229079715567707e+01,9.622366229079925688e+04,8.472086621399184114e-01,5.641588059345677836e-02,5.641588059345679224e-02
1.002000000000000135e+01,6.478099674627524962e+01,9.630358099674838013e+04,8.474566305130654120e-01,5.639749242748228614e-02,5.639749242748228614e-02
1.002750000000000163e+01,6.489884666014469872e+01,9.638349884666224534e+04,8.478578973986520273e-01,5.640334998340598011e-02,5.640334998340599398e-02
1.003500000000000014e+01,6.501631323381586469e+01,9.646341631323592446e+04,8.479868801784876675e-01,5.641921407389663412e-02,5.641921407389663412e-02
1.004250000000000043e+01,6.513407812413282727e+01,9.654333407812623773e+04,8.478612324655367960e-01,5.642551383133972281e-02,5.642551383133973669e-02
1.005000000000000071e+01,6.525218657234060515e+01,9.662325218657444930e+04,8.474974853200440972e-01,5.642158739562007363e-02,5.642158739562007363e-02
1.005750000000000099e+01,6.537067657656120900e+01,9.670317067657868029e+04,8.471017797829137885e-01,5.640907384419520387e-02,5.640907384419519000e-02
1.006500000000000128e+01,6.548933696426310291e+01,9.678308933696638269e+04,8.476616004555909134e-01,5.639167423417915104e-02,5.639167423417915104e-02
1.007250000000000156e+01,6.560665190211004472e+01,9.686300665190423024e+04,8.479391515331274887e-01,5.641210881010775419e-02,5.641210881010776113e-02
1.008000000000000007e+01,6.572423921467073171e+01,9.694292423921679438e+04,8.479526993001055279e-01,5.642375059988341546e-02,5.642375059988341546e-02
1.008750000000000036e+01,6.584214527025116581e+01,9.702284214527237054e+04,8.477193630129372659e-01,5.642522927530854021e-02,5.642522927530856103e-02
1.009500000000000064e+01,6.596041333612726021e+01,9.710276041333825560e+04,8.472551641548522472e-01,5.641763191681882506e-02,5.641763191681882506e-02
1.010250000000000092e+01,6.607906735530573883e+01,9.718267906735744327e+04,8.473771743433143877e-01,5.640010805027364377e-02,5.640010805027364377e-02
1.011000000000000121e+01,6.619702639878698847e+01,9.726259702640092291e+04,8.478095178600814075e-01,5.640229019625760815e-02,5.640229019625761508e-02
1.011750000000000149e+01,6.631444791619303203e+01,9.734251444791833637e+04,8.479680992916149851e-01,5.641892994659127719e-02,5.641892994659127719e-02
1.012500000000000000e+01,6.643216354162464654e+01,9.742243216354376636e+04,8.478706427838440529e-01,5.642613809023601379e-02,5.642613809023599991e-02
1.013250000000000028e+01,6.655021826098059989e+01,9.750235021826312004e+04,8.475337494642568581e-01,5.642285302591816543e-02,5.642285302591816543e-02
1.014000000000000057e+01,6.666865107059463469e+01,9.758226865107273625e+04,8.470000482699605593e-01,5.641137067428469293e-02,5.641137067428467905e-02
1.014750000000000085e+01,6.678737524278109561e+01,9.766218737524493190e+04,8.475936746007131095e-01,5.639154890590012542e-02,5.639154890590012542e-02
1.015500000000000114e+01,6.690469775696593047e+01,9.774210469775911770e+04,8.479033825645581057e-01,5.641126835669570821e-02,5.641126835669570128e-02
1.016250000000000142e+01,6.702223711967012321e+01,9.782202223712182604e+04,8.479475175468318415e-01,5.642379291584244394e-02,5.642379291584244394e-02
1.017000000000000171e+01,6.714009001368589225e+01,9.790194009001583618e+04,8.477432773669401067e-01,5.642631647674260786e-02,5.642631647674260786e-02
1.017750000000000021e+01,6.725830032673793824e+01,9.798185830032889498e+04,8.473067609542539458e-01,5.641942092318914803e-02,5.641942092318913415e-02
1.018500000000000050e+01,6.737689681915388462e+01,9.806177689682132041e+04,8.472871397538950244e-01,5.640294697666158041e-02,5.640294697666158041e-02
1.019250000000000078e+01,6.749498727945012888e+01,9.814169498728161852e+04,8.477543302132838354e-01,5.640083842402007080e-02,5.640083842402007774e-02
1.020000000000000107e+01,6.761236136533860019e+01,9.822161236136750085e+04,8.479460197094784712e-01,5.641835805516469404e-02,5.641835805516468710e-02
1.020750000000000135e+01,6.773002475350703833e+01,9.830153002475567337e+04,8.478800195393402239e-01,5.642659616103386233e-02,5.642659616103386233e-02
1.021500000000000163e+01,6.784802223513766251e+01,9.838144802223730949e+04,8.475730167741607479e-01,5.642423128201459054e-02,5.642423128201461829e-02
1.022250000000000014e+01,6.796639366451390174e+01,9.846136639366668533e+04,8.470406237491501233e-01,5.641375686998676559e-02,5.641375686998677252e-02
1.023000000000000043e+01,6.808511164002011640e+01,9.854128511164219526e+04,8.475165484471742783e-01,5.639353005827173193e-02,5.639353005827171805e-02
1.023750000000000071e+01,6.820252945787416365e+01,9.862120252946006076e+04,8.478620152938114440e-01,5.641005907163940819e-02,5.641005907163940819e-02
1.024500000000000099e+01,6.832001784928047528e+01,9.870112001785147004e+04,8.479400898385607288e-01,5.642358929836970016e-02,5.642358929836971404e-02
1.025250000000000128e+01,6.843781452198682302e+01,9.878103781452417024e+04,8.477680644512620711e-01,5.642728128068173060e-02,5.642728128068173060e-02
1.026000000000000156e+01,6.855596346468361446e+01,9.886095596346686943e+04,8.473621307636387545e-01,5.642119776024261124e-02,5.642119776024261124e-02
1.026750000000000007e+01,6.867449723896172031e+01,9.894087449724115140e+04,8.471854627926266312e-01,5.640594788714083097e-02,5.640594788714084484e-02
1.027500000000000036e+01,6.879273973960007993e+01,9.902079273974179523e+04,8.476911980630745802e-01,5.639897607358125564e-02,5.639897607358126952e-02
1.028250000000000064e+01,6.891006420442636227e+01,9.910071006420662161e+04,8.479194384295889453e-01,5.641747316120263034e-02,5.641747316120263034e-02
1.029000000000000092e+01,6.902767286531850743e+01,9.918062767286751478e+04,8.478880984136161203e-01,5.642684783981398444e-02,5.642684783981398444e-02
1.029750000000000121e+01,6.914560996791389869e+01,9.926054560997012595e+04,8.476139664114989980e-01,5.642579446068184817e-02,5.642579446068184817e-02
1.030500000000000149e+01,6.926391619451148074e+01,9.934046391619672067e+04,8.471127536247633483e-01,5.641617617379203475e-02,5.641617617379204863e-02
1.031250000000000000e+01,6.938259232996850301e+01,9.942038259233218560e+04,8.474290836882593103e-01,5.639658529029145662e-02,5.639658529029144274e-02
1.032000000000000028e+01,6.950015727678702149e+01,9.950030015727900900e+04,8.478138459046237196e-01,5.640846441822422452e-02,5.640846441822422452e-02
1.032750000000000057e+01,6.961759227902453517e+01,9.958021759228124574e+04,8.479291521319325398e-01,5.642310433549482113e-02,5.642310433549482113e-02
1.033500000000000085e+01,6.973533002960932947e+01,9.966013533003182965e+04,8.477924047739320290e-01,5.642807677635953978e-02,5.642807677635952590e-02
1.034250000000000114e+01,6.985341436412237215e+01,9.974005341436633898e+04,8.474199029638216363e-01,5.642291005937042497e-02,5.642291005937041803e-02
1.035000000000000142e+01,6.997188074463932139e+01,9.981997188074685982e+04,8.470710039934064017e-01,5.640904383619951834e-02,5.640904383619949752e-02
1.035750000000000171e+01,7.009029404180709832e+01,9.989989029404403118e+04,8.476189174264392445e-01,5.639668470499285130e-02,5.639668470499285130e-02
1.036500000000000021e+01,7.020756669472928024e+01,9.997980756669696711e+04,8.478870922417449663e-01,5.641625547667465657e-02,5.641625547667465657e-02
1.037250000000000050e+01,7.032511886721324856e+01,1.000597251188694499e+05,8.478935617439946615e-01,5.642685144778365053e-02,5.642685144778365053e-02
1.038000000000000078e+01,7.044299282452136879e+01,1.001396429928267607e+05,8.476552305699611711e-01,5.642722295049634046e-02,5.642722295049633352e-02
1.038750000000000107e+01,7.056123042147385149e+01,1.002195612304237147e+05,8.471879230280808803e-01,5.641856967125571248e-02,5.641856967125572636e-02
1.039500000000000135e+01,7.067984806847022128e+01,1.002994798480707104e+05,8.473300769323233173e-01,5.640011480327256771e-02,5.640011480327256771e-02
1.040250000000000163e+01,7.079759132740238670e+01,1.003793975913296454e+05,8.477576126749504226e-01,5.640646761803865677e-02,5.640646761803866371e-02
1.041000000000000014e+01,7.091497115292257547e+01,1.004593149711551669e+05,8.479133891610627360e-01,5.642230165066044328e-02,5.642230165066045716e-02
1.041750000000000043e+01,7.103264764376952201e+01,1.005392326476460294e+05,8.478149338348363040e-01,5.642865499786493821e-02,5.642865499786493821e-02
1.042500000000000071e+01,7.115066452289363497e+01,1.006191506645251502e+05,8.474786677000503143e-01,5.642450397506999782e-02,5.642450397506999782e-02
1.043250000000000099e+01,7.126905939567591020e+01,1.006990690593979380e+05,8.469425614404503255e-01,5.641216511091595026e-02,5.641216511091596414e-02
1.044000000000000128e+01,7.138765177921159477e+01,1.007789876517814700e+05,8.475362288351687701e-01,5.639418845649801088e-02,5.639418845649801088e-02
1.044750000000000156e+01,7.150487989349346662e+01,1.008589048798957519e+05,8.478476689412348666e-01,5.641465807585419739e-02,5.641465807585419739e-02
1.045500000000000007e+01,7.162237360627018745e+01,1.009388223736085347e+05,8.478950489147022429e-01,5.642656475262114446e-02,5.642656475262115140e-02
1.046250000000000036e+01,7.174018203120527915e+01,1.010187401820334780e+05,8.476954041071034229e-01,5.642846249447712459e-02,5.642846249447711765e-02
1.047000000000000064e+01,7.185834798880166829e+01,1.010986583479910769e+05,8.472646857779293494e-01,5.642087703637924806e-02,5.642087703637926194e-02
1.047750000000000092e+01,7.197689732880249380e+01,1.011785768973310769e+05,8.472182718561691583e-01,5.640386389602818767e-02,5.640386389602818074e-02
1.048500000000000121e+01,7.209484184628693981e+01,1.012584948418485728e+05,8.476920072358863356e-01,5.640404339890332797e-02,5.640404339890332103e-02
1.049250000000000149e+01,7.221216505838027899e+01,1.013384121650606685e+05,8.478914448695077377e-01,5.642114474773554655e-02,5.642114474773555349e-02
1.050000000000000000e+01,7.232977831640899069e+01,1.014183297783187008e+05,8.478342517937067502e-01,5.642896785237598578e-02,5.642896785237598578e-02
1.050750000000000028e+01,7.244772528971846270e+01,1.014982477252920071e+05,8.475369848445627463e-01,5.642622603546233045e-02,5.642622603546233045e-02
1.051500000000000057e+01,7.256604511178086625e+01,1.015781660451140779e+05,8.470151391575800881e-01,5.641524124610357988e-02,5.641524124610359375e-02
1.052250000000000085e+01,7.268469783845911536e+01,1.016580846978407499e+05,8.474418286553874191e-01,5.639504348922509680e-02,5.639504348922508292e-02
1.053000000000000114e+01,7.280201489449054009e+01,1.017380020148967888e+05,8.477998178157142295e-01,5.641262742814050213e-02,5.641262742814050213e-02
1.053750000000000142e+01,7.291944776120847393e+01,1.018179194477635028e+05,8.478911660742612932e-01,5.642594581568957657e-02,5.642594581568957657e-02
1.054500000000000171e+01,7.303718864662582178e+01,1.018978371886489331e+05,8.477330535510476661e-01,5.642945913541683872e-02,5.642945913541682484e-02
1.055250000000000021e+01,7.315528038351288842e+01,1.019777552803858125e+05,8.473415719249695055e-01,5.642303768831151423e-02,5.642303768831154892e-02
1.056000000000000050e+01,7.327375477156191153e+01,1.020576737547738740e+05,8.470923706001475262e-01,5.640768179201466337e-02,5.640768179201466337e-02
1.056750000000000078e+01,7.339191889072137087e+01,1.021375919188930275e+05,8.476156851275985504e-01,5.640116709862618566e-02,5.640116709862617178e-02
1.057500000000000107e+01,7.350918428064136378e+01,1.022175091842829570e+05,8.478619321904533601e-01,5.641960122773927860e-02,5.641960122773927860e-02
1.058250000000000135e+01,7.362673281871525433e+01,1.022974267328210262e+05,8.478489325336143745e-01,5.642896796952440869e-02,5.642896796952440869e-02
1.059000000000000163e+01,7.374460783405041298e+01,1.023773446078363631e+05,8.475933923983800522e-01,5.642799029602227345e-02,5.642799029602227345e-02
1.059750000000000014e+01,7.386284962304753776e+01,1.024572628496253747e+05,8.471109514226107251e-01,5.641820248856756204e-02,5.641820248856754816e-02
1.060500000000000043e+01,7.398146019060422418e+01,1.025371814601929364e+05,8.473343797267437472e-01,5.639873048258314814e-02,5.639873048258314814e-02
1.061250000000000071e+01,7.409898091367539052e+01,1.026170989809160092e+05,8.477421595016115807e-01,5.641016133322664799e-02,5.641016133322664799e-02
1.062000000000000099e+01,7.421635181960375860e+01,1.026970163518219342e+05,8.478804952684736440e-01,5.642495376107648647e-02,5.642495376107648647e-02
1.062750000000000128e+01,7.433402353595619161e+01,1.027769340235382842e+05,8.477667255653356104e-01,5.643016007334718948e-02,5.643016007334717560e-02
1.063500000000000156e+01,7.445203890170041916e+01,1.028568520389040350e+05,8.474170955997605281e-01,5.642499182794229878e-02,5.642499182794227797e-02
1.064250000000000007e+01,7.457043353084469572e+01,1.029367704335331800e+05,8.469510445048908931e-01,5.641145653794128051e-02,5.641145653794126663e-02
1.065000000000000036e+01,7.468883215341335813e+01,1.030166888321557490e+05,8.475272757454541672e-01,5.639782005687810074e-02,5.639782005687809380e-02
1.065750000000000064e+01,7.480603842420929084e+01,1.030966060384265584e+05,8.478234422619334021e-01,5.641765355284823064e-02,5.641765355284821676e-02
1.066500000000000092e+01,7.492352171831161911e+01,1.031765235217206646e+05,8.478575322008924386e-01,5.642860946753790186e-02,5.642860946753790879e-02
1.067250000000000121e+01,7.504132311902250763e+01,1.032564413231213694e+05,8.476464144076238938e-01,5.642947367804069386e-02,5.642947367804069386e-02
1.068000000000000149e+01,7.515948443273930479e+01,1.033363594844350882e+05,8.472058856846406139e-01,5.642098090622250234e-02,5.642098090622251622e-02
1.068750000000000000e+01,7.527802561078495103e+01,1.034162780256131373e+05,8.472125214117822711e-01,5.640303704326670581e-02,5.640303704326671969e-02
1.069500000000000028e+01,7.539578786983427960e+01,1.034961957878721878e+05,8.476732952943469845e-01,5.640723200225445516e-02,5.640723200225445516e-02
1.070250000000000057e+01,7.551309605765611366e+01,1.035761130960600130e+05,8.478616030674392956e-01,5.642354946408303235e-02,5.642354946408303235e-02
1.071000000000000085e+01,7.563069734786662934e+01,1.036560306973502302e+05,8.477949549448136057e-01,5.643051443361749020e-02,5.643051443361749020e-02
1.071750000000000114e+01,7.574863461869293246e+01,1.037359486346210615e+05,8.474897624259062345e-01,5.642686469493587986e-02,5.642686469493587986e-02
1.072500000000000142e+01,7.586694592335985021e+01,1.038158669459257362e+05,8.469613863014744393e-01,5.641509484084518411e-02,5.641509484084521880e-02
1.073250000000000171e+01,7.598553973469299194e+01,1.038957855397370731e+05,8.474253917580018003e-01,5.639545272120850133e-02,5.639545272120850133e-02
1.074000000000000021e+01,7.610273922728023877e+01,1.039757027392296586e+05,8.477745531529882195e-01,5.641521834782020628e-02,5.641521834782019934e-02
1.074750000000000050e+01,7.622015535917721252e+01,1.040556201553615538e+05,8.478585972919423508e-01,5.642784863383374511e-02,5.642784863383374511e-02
1.075500000000000078e+01,7.633788187773220102e+01,1.041355378818801109e+05,8.476945684597497754e-01,5.643062025996506414e-02,5.643062025996506414e-02
1.076250000000000107e+01,7.645596078861716194e+01,1.042154559607910051e+05,8.472984329659961622e-01,5.642351125783723331e-02,5.642351125783726107e-02
1.077000000000000135e+01,7.657442136738293925e+01,1.042953744213697792e+05,8.470748791345241724e-01,5.640744143459631987e-02,5.640744143459631987e-02
1.077750000000000163e+01,7.669244545854633088e+01,1.043752924454609456e+05,8.475918159857368517e-01,5.640381379691290081e-02,5.640381379691291469e-02
1.078500000000000014e+01,7.680969052252120832e+01,1.044552096905249200e+05,8.478330487546766880e-01,5.642169615845778197e-02,5.642169615845778197e-02
1.079250000000000043e+01,7.692722049447903032e+01,1.045351272204968700e+05,8.478162722056519218e-01,5.643047394290473528e-02,5.643047394290473528e-02
1.080000000000000071e+01,7.704507836386873976e+01,1.046150450783662673e+05,8.475580765566957941e-01,5.642888166933612837e-02,5.642888166933612143e-02
1.080750000000000099e+01,7.716330370902029756e+01,1.046949633037114254e+05,8.470739948732399771e-01,5.641851469171856731e-02,5.641851469171856731e-02
1.081500000000000128e+01,7.728188861449157798e+01,1.047748818886169029e+05,8.473086380678227503e-01,5.639870321078811755e-02,5.639870321078811755e-02
1.082250000000000156e+01,7.739929527585761093e+01,1.048547992952782661e+05,8.477138381665735301e-01,5.641230062591685163e-02,5.641230062591685163e-02
1.083000000000000007e+01,7.751664384430856103e+01,1.049347166438467248e+05,8.478506723478144158e-01,5.642664451969279377e-02,5.642664451969280071e-02
1.083750000000000036e+01,7.763429459294300727e+01,1.050146342945953656e+05,8.477363728159655887e-01,5.643137717460774971e-02,5.643137717460776359e-02
1.084500000000000064e+01,7.775228966049238011e+01,1.050945522896629118e+05,8.473870874184695756e-01,5.642573168928066013e-02,5.642573168928065319e-02
1.085250000000000092e+01,7.787066358669699184e+01,1.051744706635891198e+05,8.469200734769609662e-01,5.641173502125911010e-02,5.641173502125911010e-02
1.086000000000000121e+01,7.798896310446623659e+01,1.052543889631068887e+05,8.474963102922250524e-01,5.639988468162294988e-02,5.639988468162294988e-02
1.086750000000000149e+01,7.810614445716882415e+01,1.053343061444595951e+05,8.477933921371351156e-01,5.641937529550578034e-02,5.641937529550578728e-02
1.087500000000000178e+01,7.822360313430077383e+01,1.054142236031367356e+05,8.478292108237874825e-01,5.642999351309106043e-02,5.642999351309107431e-02
1.088250000000000028e+01,7.834138069987855602e+01,1.054941413807023055e+05,8.476205473853128947e-01,5.643051235155960993e-02,5.643051235155959605e-02
1.089000000000000057e+01,7.845951819817265971e+01,1.055740595182006073e+05,8.471831188092158182e-01,5.642164236475828709e-02,5.642164236475828709e-02
1.089750000000000085e+01,7.857803310486872306e+01,1.056539780331073125e+05,8.471756203766401816e-01,5.640343030113002809e-02,5.640343030113002809e-02
1.090500000000000114e+01,7.869571606770574590e+01,1.057338957160701539e+05,8.476398737759309743e-01,5.640887374681445576e-02,5.640887374681444882e-02
1.091250000000000142e+01,7.881299702108830729e+01,1.058138129970235314e+05,8.478323073089614192e-01,5.642495945031979210e-02,5.642495945031977128e-02
1.092000000000000171e+01,7.893057148016103497e+01,1.058937305714826070e+05,8.477703532282012677e-01,5.643169518617353886e-02,5.643169518617354580e-02
1.092750000000000021e+01,7.904848172267448092e+01,1.059736484817251185e+05,8.474703526431890399e-01,5.642783732963454341e-02,5.642783732963454341e-02
1.093500000000000050e+01,7.916676535523149028e+01,1.060535667653576820e+05,8.469476029901541470e-01,5.641579130832840433e-02,5.641579130832840433e-02
1.094250000000000078e+01,7.928531336948147157e+01,1.061334853133719444e+05,8.473853729286295877e-01,5.639647134132139833e-02,5.639647134132138445e-02
1.095000000000000107e+01,7.940246866198513942e+01,1.062134024686644407e+05,8.477412010266615061e-01,5.641652000544063877e-02,5.641652000544064571e-02
1.095750000000000135e+01,7.951985515808081573e+01,1.062933198551605456e+05,8.478323141684219744e-01,5.642903173505646464e-02,5.642903173505646464e-02
1.096500000000000163e+01,7.963755190595135502e+01,1.063732375519084162e+05,8.476756959716110762e-01,5.643170320066748930e-02,5.643170320066749623e-02
1.097250000000000014e+01,7.975560029893807723e+01,1.064531556003014121e+05,8.472872587086468510e-01,5.642441112838534473e-02,5.642441112838535860e-02
1.098000000000000043e+01,7.402914268620677807e-02,1.064532740291451628e+05,8.470249534075031672e-01,5.640828330821841957e-02,5.640828330821841957e-02
1.098750000000000071e+01,1.920108428696854497e-01,1.065331920108453487e+05,8.475512472432550348e-01,5.640491444694925582e-02,5.640491444694925582e-02
1.099500000000000099e+01,3.092244692841546461e-01,1.066131092244717584e+05,8.478020645751860318e-01,5.642275945293769718e-02,5.642275945293769718e-02
1.100250000000000128e+01,4.267224739595058547e-01,1.066930267224764393e+05,8.477950494820944982e-01,5.643152916859719981e-02,5.643152916859719981e-02
1.101000000000000156e+01,5.445473405061557193e-01,1.067729445473429951e+05,8.475467477555016504e-01,5.642997379140871073e-02,5.642997379140869685e-02
1.101750000000000007e+01,6.627384539917791084e-01,1.068528627384564752e+05,8.470726537390100841e-01,5.641951654899500512e-02,5.641951654899498431e-02
1.102500000000000036e+01,7.812887684792595433e-01,1.069327812887709733e+05,8.472576123744737231e-01,5.639975972176160257e-02,5.639975972176160257e-02
1.103250000000000064e+01,8.986715457323998235e-01,1.070126986715482199e+05,8.476750584363410557e-01,5.641312985205822889e-02,5.641312985205823582e-02
1.104000000000000092e+01,1.015986177477340879e+00,1.070926159861799679e+05,8.478241421706422809e-01,5.642755128599048070e-02,5.642755128599046682e-02
1.104750000000000121e+01,1.133601964931005845e+00,1.071725336019674287e+05,8.477220612223754781e-01,5.643240527733581896e-02,5.643240527733581896e-02
1.105500000000000149e+01,1.251560539190834431e+00,1.072524515605416964e+05,8.473849342284059949e-01,5.642676068387998678e-02,5.642676068387998678e-02
1.106250000000000178e+01,1.369896539099964006e+00,1.073323698965415970e+05,8.468552688292183550e-01,5.641293734213171512e-02,5.641293734213171512e-02
1.107000000000000028e+01,1.488188509258376424e+00,1.074122881885117677e+05,8.474465639623682822e-01,5.640040503593967552e-02,5.640040503593968940e-02
1.107750000000000057e+01,1.605335293438735489e+00,1.074922053352959483e+05,8.477585258093821574e-01,5.642001897972264562e-02,5.642001897972265950e-02
1.108500000000000085e+01,1.722757217366006177e+00,1.075721227572198841e+05,8.478090217016607255e-01,5.643083849085495790e-02,5.643083849085497178e-02
1.109250000000000114e+01,1.840496560440229912e+00,1.076520404965629568e+05,8.476148132276920544e-01,5.643161530869918868e-02,5.643161530869918868e-02
1.110000000000000142e+01,1.958593891959918176e+00,1.077319585938944801e+05,8.471916023866011836e-01,5.642283459957400660e-02,5.642283459957398578e-02
1.110750000000000171e+01,2.077068502158637919e+00,1.078118770685046766e+05,8.471116583729253469e-01,5.640489304104968904e-02,5.640489304104967516e-02
1.111500000000000021e+01,2.194762101554965650e+00,1.078917947621040803e+05,8.475935695288102645e-01,5.640918234111442359e-02,5.640918234111443053e-02
1.112250000000000050e+01,2.312005516384305182e+00,1.079717120055189152e+05,8.478032777615192028e-01,5.642551925493205500e-02,5.642551925493205500e-02
1.113000000000000078e+01,2.429540553688184890e+00,1.080516295405562123e+05,8.477582058568574608e-01,5.643257459878103094e-02,5.643257459878101706e-02
1.113750000000000107e+01,2.547409077479296347e+00,1.081315474090800126e+05,8.474746896110241234e-01,5.642911758654296783e-02,5.642911758654298171e-02
1.114500000000000135e+01,2.665648897605211953e+00,1.082114656489001354e+05,8.469680247330890754e-01,5.641724015948930415e-02,5.641724015948930415e-02
1.115250000000000163e+01,2.784184874485923888e+00,1.082913841848770244e+05,8.473244545610112421e-01,5.639741297518633539e-02,5.639741297518634927e-02
1.116000000000000014e+01,2.901338965271313075e+00,1.083713013389678090e+05,8.477002985179981076e-01,5.641670023616468521e-02,5.641670023616469909e-02
1.116750000000000043e+01,3.018685054089868203e+00,1.084512186850566359e+05,8.478108564461381835e-01,5.642958731583742893e-02,5.642958731583742893e-02
1.117500000000000071e+01,3.136339103244783821e+00,1.085311363391057967e+05,8.476731165378323940e-01,5.643271428684348140e-02,5.643271428684348140e-02
1.118250000000000099e+01,3.254342111210286603e+00,1.086110543421137554e+05,8.473029989299686315e-01,5.642568114271907104e-02,5.642568114271907104e-02
1.119000000000000128e+01,3.372724337893113322e+00,1.086909727243404486e+05,8.469461691962523187e-01,5.641005776197277610e-02,5.641005776197277610e-02
1.119750000000000156e+01,3.490749041092368277e+00,1.087708907490436541e+05,8.474953683479894417e-01,5.640465923867134246e-02,5.640465923867133552e-02
1.120500000000000007e+01,3.607922155913106277e+00,1.088508079221584776e+05,8.477683331087855212e-01,5.642290876240983050e-02,5.642290876240984437e-02
1.121250000000000036e+01,3.725377036561780653e+00,1.089307253770391253e+05,8.477827221845350980e-01,5.643217240229042586e-02,5.643217240229042586e-02
1.122000000000000064e+01,3.843155709319748592e+00,1.090106431557118776e+05,8.475550990372442417e-01,5.643121415884316816e-02,5.643121415884315428e-02
1.122750000000000092e+01,3.961297760107983734e+00,1.090905612977626733e+05,8.471009781309378761e-01,5.642109397256774711e-02,5.642109397256774711e-02
1.123500000000000121e+01,4.079805752664341867e+00,1.091704798057552398e+05,8.471835817925177370e-01,5.640174575137323065e-02,5.640174575137324453e-02
1.124250000000000149e+01,4.197243759132752494e+00,1.092503972437617049e+05,8.476260224359639661e-01,5.641279615762556654e-02,5.641279615762556654e-02
1.125000000000000178e+01,4.314515023347646583e+00,1.093303145150259224e+05,8.477991726247877668e-01,5.642774481982972684e-02,5.642774481982971296e-02
1.125750000000000028e+01,4.432084359987222832e+00,1.094102320843625639e+05,8.477202576486272401e-01,5.643322888697522438e-02,5.643322888697523826e-02
1.126500000000000057e+01,4.549993079191955836e+00,1.094901499930817663e+05,8.474054259941196099e-01,5.642803457662544375e-02,5.642803457662544375e-02
1.127250000000000085e+01,4.668276819671477007e+00,1.095700682768222614e+05,8.468697962795845857e-01,5.641489718138654325e-02,5.641489718138654325e-02
1.128000000000000114e+01,4.786639927919467574e+00,1.096499866399305029e+05,8.473791243604237300e-01,5.639957135228509250e-02,5.639957135228509250e-02
1.128750000000000142e+01,4.903745063316469199e+00,1.097299037450659089e+05,8.477179556765502833e-01,5.641968754671760483e-02,5.641968754671760483e-02
1.129500000000000171e+01,5.021120461498554732e+00,1.098098211204640975e+05,8.477942377179041866e-01,5.643116532683878361e-02,5.643116532683878361e-02
1.130250000000000021e+01,5.138809871907413118e+00,1.098897388098744996e+05,8.476247718242644336e-01,5.643271232273175397e-02,5.643271232273174703e-02
1.131000000000000050e+01,5.256853635018392978e+00,1.099696568536376144e+05,8.472253011379488052e-01,5.642442620411557835e-02,5.642442620411557835e-02
1.131750000000000078e+01,5.375275563104445098e+00,1.100495752755657013e+05,8.470226472414559282e-01,5.640724162501994932e-02,5.640724162501994932e-02
1.132500000000000107e+01,5.493058103076609910e+00,1.101294930581056833e+05,8.475343757389820487e-01,5.640829065040198903e-02,5.640829065040200291e-02
1.133250000000000135e+01,5.610255857036222871e+00,1.102094102558596496e+05,8.477726272509895633e-01,5.642528533976207128e-02,5.642528533976207128e-02
1.134000000000000163e+01,5.727741390482812278e+00,1.102893277413930919e+05,8.477548743362478545e-01,5.643312314166784582e-02,5.643312314166784582e-02
1.134750000000000014e+01,5.845556336175114609e+00,1.103692455563387921e+05,8.474975037662962896e-01,5.643058048994412101e-02,5.643058048994412101e-02
1.135500000000000043e+01,5.963739124641795897e+00,1.104491637391272525e+05,8.470158628327256745e-01,5.641926050329576503e-02,5.641926050329578585e-02
1.136250000000000071e+01,6.082258752732961682e+00,1.105290822587553557e+05,8.472435488275242843e-01,5.639917761786477496e-02,5.639917761786476108e-02
1.137000000000000099e+01,6.199482288605500102e+00,1.106089994822912267e+05,8.476508341279200831e-01,5.641585071089081499e-02,5.641585071089081499e-02
1.137750000000000128e+01,6.316779558578512699e+00,1.106889167795612011e+05,8.477914206388190710e-01,5.642952552167655039e-02,5.642952552167655039e-02
1.138500000000000156e+01,6.434380648712362039e+00,1.107688343806513440e+05,8.476823574870364641e-01,5.643357318787911581e-02,5.643357318787912968e-02
1.139250000000000007e+01,6.552326350383980369e+00,1.108487523263530165e+05,8.473396261560248721e-01,5.642717949858955251e-02,5.642717949858955251e-02
1.140000000000000036e+01,6.670649382496462998e+00,1.109286706493851234e+05,8.468403978628005202e-01,5.641255211319032292e-02,5.641255211319030904e-02
1.140750000000000064e+01,6.788790127239859196e+00,1.110085887901298702e+05,8.474240811015508745e-01,5.640317252535546194e-02,5.640317252535546194e-02
1.141500000000000092e+01,6.905916221520828735e+00,1.110885059162241669e+05,8.477299210528650431e-01,5.642218028165722765e-02,5.642218028165722765e-02
1.142250000000000121e+01,7.023318923916728629e+00,1.111684233189265651e+05,8.477756473851820740e-01,5.643236700379580806e-02,5.643236700379580112e-02
1.143000000000000149e+01,7.141041023166030399e+00,1.112483410410258075e+05,8.475778948047236749e-01,5.643247166032301643e-02,5.643247166032301643e-02
1.143750000000000178e+01,7.259122146190417624e+00,1.113282591221488401e+05,8.471522486712789179e-01,5.642305789638851071e-02,5.642305789638848990e-02
1.144500000000000028e+01,7.377576453965891901e+00,1.114081775764566119e+05,8.470874010254311193e-01,5.640457147137942218e-02,5.640457147137942218e-02
1.145250000000000057e+01,7.495141940210571896e+00,1.114880951419428602e+05,8.475657040862394354e-01,5.641138553396594923e-02,5.641138553396594923e-02
1.146000000000000085e+01,7.612362740634518232e+00,1.115680123627432913e+05,8.477729851331791133e-01,5.642723069014540099e-02,5.642723069014539405e-02
1.146750000000000114e+01,7.729876774650375815e+00,1.116479298767773143e+05,8.477265506764555258e-01,5.643376433879442738e-02,5.643376433879442738e-02
1.147500000000000142e+01,7.847725203654033699e+00,1.117278477252063167e+05,8.474426299340945823e-01,5.642977737517838183e-02,5.642977737517837489e-02
1.148250000000000171e+01,7.965945042762468731e+00,1.118077659450454230e+05,8.469364211788720231e-01,5.641738731919844485e-02,5.641738731919844485e-02
1.149000000000000021e+01,8.084417355353487267e+00,1.118876844173580175e+05,8.472939116147542027e-01,5.639830144826005198e-02,5.639830144826005198e-02
1.149750000000000050e+01,8.201503772184395302e+00,1.119676015037748584e+05,8.476698039536300078e-01,5.641842815317495846e-02,5.641842815317495846e-02
1.150500000000000078e+01,8.318825361368279658e+00,1.120475188253640372e+05,8.477813056616290144e-01,5.643093633627012384e-02,5.643093633627012384e-02
1.151250000000000107e+01,8.436455900860512003e+00,1.121274364559035312e+05,8.476453087336019987e-01,5.643367274792305405e-02,5.643367274792306792e-02
1.152000000000000135e+01,8.554435676282539092e+00,1.122073544356789644e+05,8.472776457377980686e-01,5.642622685234369856e-02,5.642622685234371244e-02
1.152750000000000163e+01,8.672793533593388560e+00,1.122872727935362782e+05,8.469094943247538199e-01,5.641025305026145520e-02,5.641025305026145520e-02
1.153500000000000014e+01,8.790731844445049958e+00,1.123671907318471349e+05,8.474613537665828256e-01,5.640628383186294809e-02,5.640628383186296196e-02
1.154250000000000043e+01,8.907878343494029849e+00,1.124471078783461853e+05,8.477376966049166018e-01,5.642425697136350254e-02,5.642425697136351642e-02
1.155000000000000071e+01,9.025306642118765765e+00,1.125270253066448058e+05,8.477560960048032834e-01,5.643325972482390179e-02,5.643325972482388792e-02
1.155750000000000099e+01,9.143059036547183993e+00,1.126069430590392440e+05,8.475330380322267931e-01,5.643204886633743783e-02,5.643204886633746559e-02
1.156500000000000128e+01,9.261174459724529129e+00,1.126868611744624213e+05,8.470839673372696499e-01,5.642162206384147838e-02,5.642162206384147838e-02
1.157250000000000156e+01,9.379652016882957355e+00,1.127667796520195843e+05,8.471426965737831605e-01,5.640214278179375706e-02,5.640214278179375706e-02
1.158000000000000007e+01,9.497026309863157323e+00,1.128466970263125695e+05,8.475910804311792557e-01,5.641402070743144898e-02,5.641402070743144898e-02
1.158750000000000036e+01,9.614268779985659208e+00,1.129266142687826941e+05,8.477706310743849949e-01,5.642881284976319217e-02,5.642881284976319217e-02
1.159500000000000064e+01,9.731809364420739072e+00,1.130065318093671231e+05,8.476985068328420914e-01,5.643415547556663442e-02,5.643415547556663442e-02
1.160250000000000092e+01,9.849688801791547377e+00,1.130864496888045105e+05,8.473907963579956348e-01,5.642885243679494206e-02,5.642885243679494206e-02
1.161000000000000121e+01,9.967942342459050309e+00,1.131663679423451686e+05,8.468625649956326162e-01,5.641551187215998464e-02,5.641551187215997076e-02
1.161750000000000149e+01,1.008625889872429404e+01,1.132462862589014403e+05,8.473366294853141856e-01,5.640056047834558772e-02,5.640056047834557384e-02
1.162500000000000178e+01,1.020333387913975542e+01,1.133262033338818583e+05,8.476843767768118543e-01,5.642059930777795773e-02,5.642059930777795773e-02
1.163250000000000028e+01,1.032067830797802976e+01,1.134061206783107045e+05,8.477697927656500099e-01,5.643203951830724069e-02,5.643203951830725457e-02
1.164000000000000057e+01,1.043833627843675060e+01,1.134860383362811699e+05,8.476096291867987187e-01,5.643357888353378593e-02,5.643357888353377205e-02
1.164750000000000085e+01,1.055634756770675686e+01,1.135659563475704344e+05,8.472195857056894486e-01,5.642518370054021293e-02,5.642518370054021293e-02
1.165500000000000114e+01,1.067473590596568656e+01,1.136458747359086992e+05,8.469693271412342961e-01,5.640803510575396335e-02,5.640803510575398416e-02
1.166250000000000142e+01,1.079249134166160573e+01,1.137257924913444003e+05,8.474926147627309669e-01,5.640895336561634749e-02,5.640895336561634749e-02
1.167000000000000171e+01,1.090965693857969221e+01,1.138057096569413116e+05,8.477424634288975858e-01,5.642598399498229694e-02,5.642598399498231082e-02
1.167750000000000021e+01,1.102710945635709372e+01,1.138856271094590920e+05,8.477363065280240084e-01,5.643389831927237560e-02,5.643389831927237560e-02
1.168500000000000050e+01,1.114489007189251524e+01,1.139655448900746414e+05,8.474904973915327044e-01,5.643148684802182929e-02,5.643148684802182929e-02
1.169250000000000078e+01,1.126303711189669698e+01,1.140454630371146486e+05,8.470203550298658346e-01,5.642015060040374286e-02,5.642015060040372898e-02
1.170000000000000107e+01,1.138152419905348900e+01,1.141253815242018027e+05,8.471904410518714679e-01,5.640011668102902498e-02,5.640011668102902498e-02
1.170750000000000135e+01,1.149873652705598914e+01,1.142052987365298031e+05,8.476119086821951587e-01,5.641626293130065639e-02,5.641626293130067027e-02
1.171500000000000163e+01,1.161599950145119564e+01,1.142852159995042020e+05,8.477664995521687619e-01,5.643008994167189596e-02,5.643008994167190984e-02
1.172250000000000014e+01,1.173356497524371100e+01,1.143651335649780085e+05,8.476712395806644817e-01,5.643434371002403749e-02,5.643434371002403749e-02
1.173000000000000043e+01,1.185147329853094611e+01,1.144450514733012969e+05,8.473420918218101949e-01,5.642802427738798782e-02,5.642802427738798782e-02
1.173750000000000071e+01,1.196975755868436764e+01,1.145249697575614555e+05,8.467940028546264708e-01,5.641365831684752585e-02,5.641365831684752585e-02
1.174500000000000099e+01,1.208790606796401157e+01,1.146048879060707259e+05,8.473733361570088274e-01,5.640322695090162208e-02,5.640322695090162208e-02
1.175250000000000128e+01,1.220499784276780630e+01,1.146848049978455383e+05,8.476957051769961060e-01,5.642242499226093888e-02,5.642242499226095276e-02
1.176000000000000156e+01,1.232236387863159344e+01,1.147647223638814030e+05,8.477575857830986772e-01,5.643288621609256206e-02,5.643288621609256206e-02
1.176750000000000185e+01,1.244004758247895026e+01,1.148446400475852570e+05,8.475756042917493849e-01,5.643333085879967403e-02,5.643333085879966710e-02
1.177500000000000036e+01,1.255808820921609659e+01,1.149245580882119975e+05,8.471653415289013278e-01,5.642407826512221836e-02,5.642407826512221836e-02
1.178250000000000064e+01,1.267650269238453653e+01,1.150044765026951645e+05,8.470217670434475599e-01,5.640592453929853950e-02,5.640592453929853950e-02
1.179000000000000092e+01,1.279409356526658925e+01,1.150843940935680585e+05,8.475192415484416042e-01,5.641124449331941931e-02,5.641124449331941931e-02
1.179750000000000121e+01,1.291127763285860830e+01,1.151643112776356429e+05,8.477451387749693756e-01,5.642740306582372939e-02,5.642740306582374327e-02
1.180500000000000149e+01,1.302875281121629847e+01,1.152442287528140005e+05,8.477167670195198124e-01,5.643432673351906487e-02,5.643432673351905099e-02
1.181250000000000178e+01,1.314655992548720853e+01,1.153241465599282819e+05,8.474503608197704319e-01,5.643081677424122838e-02,5.643081677424121451e-02
1.182000000000000028e+01,1.326473630568415984e+01,1.154040647363084863e+05,8.469611267346606187e-01,5.641866354901906022e-02,5.641866354901904634e-02
1.182750000000000057e+01,1.338320562266163449e+01,1.154839832056254672e+05,8.472322437731124589e-01,5.639889930281417191e-02,5.639889930281417191e-02
1.183500000000000085e+01,1.350029744493163797e+01,1.155639002974477335e+05,8.476293260617747682e-01,5.641817010833673901e-02,5.641817010833673207e-02
1.184250000000000114e+01,1.361758000452736539e+01,1.156438175800073368e+05,8.477612873955704398e-01,5.643111027377159528e-02,5.643111027377158140e-02
1.185000000000000142e+01,1.373516902579070020e+01,1.157237351690286014e+05,8.476450350742071871e-01,5.643436558116921714e-02,5.643436558116923796e-02
1.185750000000000171e+01,1.385310449417839429e+01,1.158036531044969888e+05,8.472964196236437706e-01,5.642724311050976299e-02,5.642724311050976299e-02
1.186500000000000021e+01,1.397141687173076718e+01,1.158835714168745471e+05,8.468296599599938190e-01,5.641183979557581885e-02,5.641183979557583966e-02
1.187250000000000050e+01,1.408941187973796616e+01,1.159634894118825614e+05,8.474053955700904250e-01,5.640554852540000108e-02,5.640554852540000802e-02
1.188000000000000078e+01,1.420652043836071954e+01,1.160434065204411745e+05,8.477047010776198599e-01,5.642395727921929727e-02,5.642395727921929033e-02
1.188750000000000107e+01,1.432390712704971847e+01,1.161233239071298740e+05,8.477451750130102770e-01,5.643351797829695288e-02,5.643351797829696676e-02
1.189500000000000135e+01,1.444161521480596733e+01,1.162032416152176302e+05,8.475433311988157525e-01,5.643295761902603069e-02,5.643295761902600294e-02
1.190250000000000163e+01,1.455968341189066884e+01,1.162831596834147203e+05,8.471146438480852137e-01,5.642292835938048784e-02,5.642292835938048784e-02
1.191000000000000014e+01,1.467811946082973762e+01,1.163630781194636656e+05,8.470684116221638416e-01,5.640394453704427463e-02,5.640394453704426075e-02
1.191750000000000043e+01,1.479556297414899824e+01,1.164429955629769829e+05,8.475423676542186424e-01,5.641321284751597831e-02,5.641321284751597831e-02
1.192500000000000071e+01,1.491276489053743326e+01,1.165229127648933791e+05,8.477464231912518189e-01,5.642856747508569193e-02,5.642856747508567805e-02
1.193250000000000099e+01,1.503026172384750048e+01,1.166028302617266891e+05,8.476977741916156273e-01,5.643457956458144270e-02,5.643457956458144270e-02
1.194000000000000128e+01,1.514809399069647533e+01,1.166827480939935340e+05,8.474125484844650114e-01,5.643005982962499140e-02,5.643005982962497058e-02
1.194750000000000156e+01,1.526629786110348164e+01,1.167626662978639506e+05,8.469058515904744899e-01,5.641717103357735824e-02,5.641717103357735824e-02
1.195500000000000185e+01,1.538468972782022703e+01,1.168425846897306765e+05,8.472694665664658453e-01,5.639942275839057717e-02,5.639942275839057023e-02
1.196250000000000036e+01,1.550173343661113456e+01,1.169225017334394652e+05,8.476442496453909792e-01,5.641979241096681252e-02,5.641979241096681252e-02
1.197000000000000064e+01,1.561903493604965831e+01,1.170024190349389100e+05,8.477554967566012234e-01,5.643191368831430854e-02,5.643191368831430854e-02
1.197750000000000092e+01,1.573664650523140374e+01,1.170823366465080908e+05,8.476200084993431583e-01,5.643424855937601708e-02,5.643424855937601708e-02
1.198500000000000121e+01,1.585460778107247748e+01,1.171622546077839361e+05,8.472535341448546031e-01,5.642639399539836620e-02,5.642639399539835926e-02
1.199250000000000149e+01,1.597294604756545411e+01,1.172421729460504284e+05,8.468809933448747662e-01,5.641006064183134300e-02,5.641006064183134300e-02
1.200000000000000178e+01,1.609080099021509014e+01,1.173220908009930863e+05,8.474339477754553318e-01,5.640756192039479699e-02,5.640756192039481087e-02
1.200750000000000028e+01,1.620792571227748979e+01,1.174020079257151519e+05,8.477120781130833560e-01,5.642524770802744699e-02,5.642524770802744699e-02
1.201500000000000057e+01,1.632533265371114339e+01,1.174819253326565813e+05,8.477328763102139897e-01,5.643396812020445158e-02,5.643396812020445158e-02
1.202250000000000085e+01,1.644306414462324994e+01,1.175618430641474988e+05,8.475127548051870630e-01,5.643247934939021881e-02,5.643247934939021881e-02
1.203000000000000114e+01,1.656115857188699181e+01,1.176417611585747654e+05,8.470670916876569256e-01,5.642174307526545696e-02,5.642174307526545696e-02
1.203750000000000142e+01,1.667961082364697134e+01,1.177216796108265262e+05,8.471106305160029937e-01,5.640212514533661514e-02,5.640212514533662208e-02
1.204500000000000171e+01,1.679692352897044216e+01,1.178015969235318480e+05,8.475629244001782192e-01,5.641490722173288230e-02,5.641490722173288230e-02
1.205250000000000021e+01,1.691414293920944800e+01,1.178815141429420910e+05,8.477468390079335725e-01,5.642951593667306504e-02,5.642951593667305810e-02
1.206000000000000050e+01,1.703166075661583179e+01,1.179614316607595101e+05,8.476794688806524869e-01,5.643468343350151878e-02,5.643468343350150490e-02
1.206750000000000078e+01,1.714951722411350943e+01,1.180413495172270050e+05,8.473768454659504901e-01,5.642922877497703188e-02,5.642922877497704576e-02
1.207500000000000107e+01,1.726774717131610615e+01,1.181212677471742063e+05,8.468539829796311036e-01,5.641567500359905007e-02,5.641567500359905007e-02
1.208250000000000135e+01,1.738601737078203513e+01,1.182011860173736786e+05,8.473032647959511943e-01,5.640124235122956353e-02,5.640124235122956353e-02
1.209000000000000163e+01,1.750306837966292406e+01,1.182811030683825666e+05,8.476574141962170961e-01,5.642117330287264171e-02,5.642117330287264865e-02
1.209750000000000014e+01,1.762038846833681305e+01,1.183610203884712391e+05,8.477494699805594447e-01,5.643253276634527943e-02,5.643253276634527943e-02
1.210500000000000043e+01,1.773802194555511136e+01,1.184409380219484592e+05,8.475961361885941958e-01,5.643401241844702571e-02,5.643401241844703958e-02
1.211250000000000071e+01,1.785600810935029870e+01,1.185208560081122559e+05,8.472130704076624719e-01,5.642548579919508256e-02,5.642548579919507562e-02
1.212000000000000099e+01,1.797437037813974214e+01,1.186007743703810556e+05,8.469281479568396831e-01,5.640831856373358655e-02,5.640831856373358655e-02
1.212750000000000128e+01,1.809209694976984295e+01,1.186806920969526836e+05,8.474599460721444766e-01,5.640931470841505785e-02,5.640931470841505785e-02
1.213500000000000156e+01,1.820923757030735146e+01,1.187606092375732260e+05,8.477183858490627832e-01,5.642633133215968488e-02,5.642633133215967101e-02
1.214250000000000185e+01,1.832666458366472284e+01,1.188405266645865922e+05,8.477208625926625496e-01,5.643426292745513939e-02,5.643426292745515327e-02
1.215000000000000036e+01,1.844441888075794012e+01,1.189204444188836787e+05,8.474836967426868650e-01,5.643190883853474449e-02,5.643190883853473061e-02
1.215750000000000064e+01,1.856253863550850980e+01,1.190003625386384374e+05,8.470221791066651074e-01,5.642052426441928475e-02,5.642052426441928475e-02
1.216500000000000092e+01,1.868099970596811232e+01,1.190802809997088916e+05,8.471496018005597595e-01,5.640052462702743047e-02,5.640052462702741659e-02
1.217250000000000121e+01,1.879819868064482336e+01,1.191601981986835744e+05,8.475816744192421481e-01,5.641637045762445263e-02,5.641637045762443875e-02
1.218000000000000149e+01,1.891543551489082731e+01,1.192401154355178296e+05,8.477467611935333158e-01,5.643028074171568820e-02,5.643028074171568820e-02
1.218750000000000178e+01,1.903297399485979113e+01,1.193200329739978042e+05,8.476618644251795454e-01,5.643465818027133124e-02,5.643465818027133124e-02
1.219500000000000028e+01,1.915085411787565661e+01,1.193999508541208197e+05,8.473429278359997374e-01,5.642836729552470204e-02,5.642836729552471592e-02
1.220250000000000057e+01,1.926910916483357283e+01,1.194798691091677756e+05,8.468048824752149040e-01,5.641417078616470931e-02,5.641417078616469544e-02
1.221000000000000085e+01,1.938725964398042834e+01,1.195597872596469242e+05,8.473346201364526653e-01,5.640303305000593515e-02,5.640303305000593515e-02
1.221750000000000114e+01,1.950432564396852086e+01,1.196397043256469187e+05,8.476694023239710329e-01,5.642235043396283400e-02,5.642235043396283400e-02
1.222500000000000142e+01,1.962166428192503531e+01,1.197196216642848740e+05,8.477434173318643129e-01,5.643299387017649410e-02,5.643299387017649410e-02
1.223250000000000171e+01,1.973931939952178283e+01,1.197995393194024800e+05,8.475732810881775325e-01,5.643367041457676009e-02,5.643367041457676703e-02
1.224000000000000021e+01,1.985732995934969125e+01,1.198794573299623153e+05,8.471745674477431098e-01,5.642452099593359138e-02,5.642452099593358444e-02
1.224750000000000050e+01,1.997571461644938040e+01,1.199593757146194112e+05,8.469723306060982226e-01,5.640660696060454532e-02,5.640660696060455920e-02
1.225500000000000078e+01,2.009332277898224817e+01,1.200392933227819449e+05,8.474841864193576324e-01,5.641084942118473194e-02,5.641084942118473194e-02
1.226250000000000107e+01,2.021047985151735915e+01,1.201192104798544897e+05,8.477240368103713397e-01,5.642722455883382449e-02,5.642722455883384530e-02
1.227000000000000135e+01,2.032792654943021660e+01,1.201991279265524063e+05,8.477091886548111521e-01,5.643442268384295940e-02,5.643442268384294552e-02
1.227750000000000163e+01,2.044570345000159151e+01,1.202790457034529827e+05,8.474558781369271321e-01,5.643125263571904804e-02,5.643125263571904804e-02
1.228500000000000014e+01,2.056384807116194224e+01,1.203589638480741414e+05,8.469793160546720268e-01,5.641926780597245061e-02,5.641926780597245061e-02
1.229250000000000043e+01,2.068230542396869964e+01,1.204388823054269451e+05,8.471863406010772257e-01,5.639928477241918509e-02,5.639928477241918509e-02
1.230000000000000071e+01,2.079941136219622067e+01,1.205187994113651803e+05,8.475992379384320596e-01,5.641764020757319975e-02,5.641764020757319975e-02
1.230750000000000099e+01,2.091666584940359641e+01,1.205987166658523929e+05,8.477464414696369577e-01,5.643088864910178470e-02,5.643088864910178470e-02
1.231500000000000128e+01,2.103422503019426060e+01,1.206786342250331800e+05,8.476448687700648410e-01,5.643451787020348914e-02,5.643451787020350302e-02
1.232250000000000156e+01,2.115212867851722578e+01,1.207585521286815056e+05,8.473103828984169805e-01,5.642763101854767621e-02,5.642763101854767621e-02
1.233000000000000185e+01,2.127040827353564012e+01,1.208384704082765238e+05,8.467709156153228056e-01,5.641264845707789910e-02,5.641264845707788522e-02
1.233750000000000036e+01,2.138844632736138962e+01,1.209183884463303548e+05,8.473643660565437497e-01,5.640463190426985018e-02,5.640463190426985018e-02
1.234500000000000064e+01,2.150552808349066680e+01,1.209983055280864937e+05,8.476806678528584493e-01,5.642335639643963202e-02,5.642335639643963202e-02
1.235250000000000092e+01,2.162288555328612105e+01,1.210782228855562862e+05,8.477374383985368800e-01,5.643331801495894001e-02,5.643331801495892613e-02
1.236000000000000121e+01,2.174056242456570587e+01,1.211581405624275649e+05,8.475512123420078092e-01,5.643323026562357264e-02,5.643323026562358652e-02
1.236750000000000149e+01,2.185859732087814322e+01,1.212380585973238922e+05,8.471374862123932648e-01,5.642349672044621317e-02,5.642349672044619235e-02
1.237500000000000178e+01,2.197700289417887731e+01,1.213179770028971980e+05,8.470145936280173427e-01,5.640491772406425186e-02,5.640491772406424492e-02
1.238250000000000028e+01,2.209450097327636442e+01,1.213978945009762974e+05,8.475073300057773817e-01,5.641220393098545643e-02,5.641220393098547031e-02
1.239000000000000057e+01,2.221167500552543927e+01,1.214778116750085464e+05,8.477293271376037387e-01,5.642796469792021874e-02,5.642796469792020486e-02
1.239750000000000085e+01,2.232914167925723348e+01,1.215577291416822845e+05,8.476978100502444713e-01,5.643446251809786096e-02,5.643446251809786790e-02
1.240500000000000114e+01,2.244694138175156795e+01,1.216376469413847808e+05,8.474289368467063932e-01,5.643051199903878490e-02,5.643051199903879878e-02
1.241250000000000142e+01,2.256511084816042967e+01,1.217175651108511811e+05,8.469378440908135186e-01,5.641796466592729348e-02,5.641796466592729348e-02
1.242000000000000171e+01,2.268353903726544019e+01,1.217974835390403023e+05,8.472217208063950178e-01,5.639876389055650807e-02,5.639876389055650807e-02
1.242750000000000021e+01,2.280058398433668998e+01,1.218774005839873716e+05,8.476161126347057095e-01,5.641874956546664294e-02,5.641874956546665681e-02
1.243500000000000050e+01,2.291785666250151365e+01,1.219573178566655406e+05,8.477460264427969516e-01,5.643136161400290340e-02,5.643136161400291728e-02
1.244250000000000078e+01,2.303543694946112197e+01,1.220372354369524983e+05,8.476283010012333197e-01,5.643427161146728072e-02,5.643427161146728072e-02
1.245000000000000107e+01,2.315336441235663401e+01,1.221171533644153969e+05,8.472787242458738044e-01,5.642681917363645550e-02,5.642681917363644162e-02
1.245750000000000135e+01,2.327166840520921198e+01,1.221970716684082581e+05,8.468189609615596192e-01,5.641109407153892252e-02,5.641109407153890171e-02
1.246500000000000163e+01,2.338959982728351150e+01,1.222769895998303255e+05,8.473932068137983720e-01,5.640606725090199086e-02,5.640606725090197698e-02
1.247250000000000014e+01,2.350669803202857011e+01,1.223569066980350763e+05,8.476915531468909304e-01,5.642421934149778606e-02,5.642421934149779994e-02
1.248000000000000043e+01,2.362407494748575232e+01,1.224368240749505349e+05,8.477315378701352211e-01,5.643352157249306028e-02,5.643352157249306028e-02
1.248750000000000071e+01,2.374177407249781169e+01,1.225167417740755482e+05,8.475296196378219182e-01,5.643269493699035882e-02,5.643269493699037270e-02
1.249500000000000099e+01,2.385983367900962193e+01,1.225966598336820753e+05,8.471012225834305687e-01,5.642240562319904285e-02,5.642240562319902897e-02
1.250250000000000128e+01,2.397825859265152104e+01,1.226765782585957204e+05,8.470558529476465148e-01,5.640324536154442403e-02,5.640324536154443097e-02
1.251000000000000156e+01,2.409565350187660471e+01,1.227564956535049423e+05,8.475299197023125064e-01,5.641341196788707962e-02,5.641341196788707962e-02
1.251750000000000185e+01,2.421284526602770271e+01,1.228364128452690929e+05,8.477344515465526920e-01,5.642857570574114773e-02,5.642857570574114773e-02
1.252500000000000036e+01,2.433033259031033069e+01,1.229163303325933812e+05,8.476865966696569554e-01,5.643439308149852257e-02,5.643439308149850869e-02
1.253250000000000064e+01,2.444815569836302060e+01,1.229962481557014398e+05,8.474024397658451724e-01,5.642968365061595826e-02,5.642968365061595826e-02
1.254000000000000092e+01,2.456635042131394542e+01,1.230761663504243916e+05,8.468970475083212879e-01,5.641660177686754624e-02,5.641660177686754624e-02
1.254750000000000121e+01,2.468470799853780662e+01,1.231560847080016101e+05,8.472564905671866597e-01,5.639940355316439696e-02,5.639940355316439696e-02
1.255500000000000149e+01,2.480173843407828826e+01,1.232360017384371604e+05,8.476326876990649684e-01,5.641972758093062590e-02,5.641972758093062590e-02
1.256250000000000178e+01,2.491903015784576070e+01,1.233159190301609342e+05,8.477455703428551370e-01,5.643171737447612996e-02,5.643171737447612996e-02
1.257000000000000028e+01,2.503663232824048990e+01,1.233958366323313239e+05,8.476119028603645855e-01,5.643392420824808187e-02,5.643392420824809574e-02
1.257750000000000057e+01,2.515458431608420753e+01,1.234757545843191765e+05,8.472474021471187999e-01,5.642592638312949466e-02,5.642592638312948078e-02
1.258500000000000085e+01,2.527291291668222684e+01,1.235556729129197774e+05,8.468664624770634308e-01,5.640949085667378710e-02,5.640949085667377322e-02
1.259250000000000114e+01,2.539074169069433751e+01,1.236355907416937844e+05,8.474217305226543484e-01,5.640737307779805643e-02,5.640737307779805643e-02
1.260000000000000142e+01,2.550785701401323635e+01,1.237155078570171172e+05,8.477023009146160692e-01,5.642497155113161689e-02,5.642497155113161689e-02
1.260750000000000171e+01,2.562525461389235204e+01,1.237954252546169882e+05,8.477256361787401939e-01,5.643361684415122009e-02,5.643361684415123397e-02
1.261500000000000021e+01,2.574297688282996077e+01,1.238753429768859351e+05,8.475081227782735871e-01,5.643206327663535110e-02,5.643206327663536498e-02
1.262250000000000050e+01,2.586106200379304099e+01,1.239552610620069026e+05,8.470651159667083041e-01,5.642123657768895184e-02,5.642123657768895184e-02
1.263000000000000078e+01,2.597950408971098213e+01,1.240351795040928264e+05,8.470969000126482573e-01,5.640159462489038877e-02,5.640159462489036796e-02
1.263750000000000107e+01,2.609680180705836605e+01,1.241150968018101703e+05,8.475523908042446042e-01,5.641450357163756840e-02,5.641450357163757534e-02
1.264500000000000135e+01,2.621401237701009634e+01,1.241950140123801248e+05,8.477395129768726667e-01,5.642907678144597899e-02,5.642907678144596512e-02
1.265250000000000163e+01,2.633152138328299685e+01,1.242749315213864029e+05,8.476753413881911170e-01,5.643422111632857147e-02,5.643422111632857147e-02
1.266000000000000192e+01,2.644936890727803203e+01,1.243548493689104071e+05,8.473758905563167909e-01,5.642876040634649260e-02,5.642876040634646484e-02
1.266750000000000043e+01,2.656758971634616628e+01,1.244347675897194713e+05,8.468561602357083107e-01,5.641516282827213624e-02,5.641516282827213624e-02
1.267500000000000071e+01,2.668585295840743754e+01,1.245146858529615420e+05,8.472912817926554485e-01,5.640067793546828939e-02,5.640067793546828939e-02
1.268250000000000099e+01,2.680289607149624587e+01,1.245946028960746335e+05,8.476492523249840039e-01,5.642059973123980665e-02,5.642059973123980665e-02
1.269000000000000128e+01,2.692020801740319058e+01,1.246745202080205345e+05,8.477450425945767254e-01,5.643196997846286478e-02,5.643196997846286478e-02
1.269750000000000156e+01,2.703783322293161007e+01,1.247544378332260676e+05,8.475953454866488324e-01,5.643347673996928354e-02,5.643347673996928354e-02
1.270500000000000185e+01,2.715581086588749571e+01,1.248343558108690340e+05,8.472158095413482304e-01,5.642494381826791000e-02,5.642494381826791694e-02
1.271250000000000036e+01,2.727416457545815476e+01,1.249142741645786009e+05,8.469142525617903150e-01,5.640782061044601059e-02,5.640782061044602447e-02
1.272000000000000064e+01,2.739189291488473899e+01,1.249941918929180247e+05,8.474504162414417952e-01,5.640858049505262373e-02,5.640858049505262373e-02
1.272750000000000092e+01,2.750902655376900086e+01,1.250741090265569219e+05,8.477130604870145580e-01,5.642562700890599303e-02,5.642562700890599303e-02
1.273500000000000121e+01,2.762644617605180031e+01,1.251540264461792103e+05,8.477195750558111920e-01,5.643361262088265190e-02,5.643361262088264496e-02
1.274250000000000149e+01,2.774419287002502799e+01,1.252339441928731831e+05,8.474862766007437154e-01,5.643133062732424293e-02,5.643133062732424987e-02
1.275000000000000178e+01,2.786230473308902944e+01,1.253138623047362489e+05,8.470284536551669907e-01,5.641997538274267504e-02,5.641997538274267504e-02
1.275750000000000028e+01,2.798076015314110876e+01,1.253937807601562963e+05,8.471384071317145104e-01,5.639999801143431163e-02,5.639999801143431163e-02
1.276500000000000057e+01,2.809796679208923109e+01,1.254736979667952546e+05,8.475750757016710102e-01,5.641550561074995529e-02,5.641550561074996223e-02
1.277250000000000085e+01,2.821519754717141382e+01,1.255536151975503308e+05,8.477445266853532724e-01,5.642948385363361075e-02,5.642948385363362462e-02
1.278000000000000114e+01,2.833272962462107714e+01,1.256335327296277974e+05,8.476637636687837096e-01,5.643395007406919184e-02,5.643395007406919878e-02
1.278750000000000142e+01,2.845060297996919374e+01,1.257134506029831391e+05,8.473487328455225898e-01,5.642773185174725786e-02,5.642773185174725786e-02
1.279500000000000171e+01,2.856885109895557306e+01,1.257933688511021319e+05,8.468143687085698534e-01,5.641362917619929807e-02,5.641362917619929807e-02
1.280250000000000021e+01,2.868701627118001340e+01,1.258732870162743639e+05,8.473266127661938096e-01,5.640199565301542289e-02,5.640199565301542289e-02
1.281000000000000050e+01,2.880407770683341084e+01,1.259532040777100192e+05,8.476659979402837441e-01,5.642138852823520845e-02,5.642138852823520845e-02
1.281750000000000078e+01,2.892141137512143345e+01,1.260331214113783062e+05,8.477443297579476678e-01,5.643213044028626973e-02,5.643213044028628361e-02
1.282500000000000107e+01,2.903906114086149515e+01,1.261130390611440525e+05,8.475782311546579129e-01,5.643292726788636665e-02,5.643292726788637359e-02
1.283250000000000135e+01,2.915706598298449848e+01,1.261929570659861783e+05,8.471832836598526262e-01,5.642385997502352007e-02,5.642385997502352007e-02
1.284000000000000163e+01,2.927544547598834512e+01,1.262728754454791779e+05,8.469630377517208819e-01,5.640606582122626583e-02,5.640606582122627277e-02
1.284750000000000192e+01,2.939307392748517955e+01,1.263527930739306757e+05,8.474796337838567117e-01,5.640971798162374568e-02,5.640971798162373180e-02
1.285500000000000043e+01,2.951022770647515259e+01,1.264327102277096710e+05,8.477238876059554062e-01,5.642619366848384416e-02,5.642619366848384416e-02
1.286250000000000071e+01,2.962767068827282912e+01,1.265126276706914796e+05,8.477131173936385267e-01,5.643351495573822180e-02,5.643351495573823567e-02
1.287000000000000099e+01,2.974544347540673783e+01,1.265925454434786079e+05,8.474635710051268145e-01,5.643048965517118848e-02,5.643048965517117460e-02
1.287750000000000128e+01,2.986358371699569858e+01,1.266724635837202077e+05,8.469904711136505560e-01,5.641860571496948307e-02,5.641860571496949001e-02
1.288500000000000156e+01,2.998204421931906083e+01,1.267523820442225260e+05,8.471809240978739330e-01,5.639856417706219649e-02,5.639856417706220343e-02
1.289250000000000185e+01,3.009916876423845267e+01,1.268322991687674512e+05,8.475982008422052738e-01,5.641644259410497075e-02,5.641644259410498463e-02
1.290000000000000036e+01,3.021642138757973939e+01,1.269122164213907963e+05,8.477494176520915525e-01,5.642981044392335332e-02,5.642981044392335332e-02
1.290750000000000064e+01,3.033397827860200380e+01,1.269921339782818250e+05,8.476515075130868215e-01,5.643358103191806890e-02,5.643358103191806890e-02
1.291500000000000092e+01,3.045187927767510416e+01,1.270720518792809016e+05,8.473203488205760525e-01,5.642680740130788519e-02,5.642680740130788519e-02
1.292250000000000121e+01,3.057015628327587820e+01,1.271519701562864939e+05,8.467708112034733059e-01,5.641198119207168488e-02,5.641198119207168488e-02
1.293000000000000149e+01,3.068822170537904981e+01,1.272318882217086066e+05,8.473628813776381552e-01,5.640327683605911996e-02,5.640327683605911996e-02
1.293750000000000178e+01,3.080530351302761005e+01,1.273118053035162593e+05,8.476830123760737967e-01,5.642211448635961468e-02,5.642211448635962162e-02
1.294500000000000028e+01,3.092266072256424181e+01,1.273917226607257908e+05,8.477432307428889313e-01,5.643220776319956417e-02,5.643220776319955723e-02
1.295250000000000057e+01,3.104033693861456555e+01,1.274716403369418549e+05,8.475600896408741480e-01,5.643227191743883930e-02,5.643227191743883930e-02
1.296000000000000085e+01,3.115837092298069066e+01,1.275515583709262137e+05,8.471491036476466174e-01,5.642266184410560381e-02,5.642266184410560381e-02
1.296750000000000114e+01,3.127677683188752411e+01,1.276314767768351303e+05,8.470133870425283762e-01,5.640421343956575351e-02,5.640421343956571881e-02
1.297500000000000142e+01,3.139430446756882276e+01,1.277113943044708139e+05,8.475096336269848374e-01,5.641081243758995500e-02,5.641081243758995500e-02
1.298250000000000171e+01,3.151148034864444014e+01,1.277913114803518984e+05,8.477347360315542479e-01,5.642669221460042822e-02,5.642669221460041434e-02
1.299000000000000021e+01,3.162894849872983016e+01,1.278712289485019865e+05,8.477059406631661798e-01,5.643332835150471211e-02,5.643332835150469129e-02
1.299750000000000050e+01,3.174674942072357453e+01,1.279511467494239769e+05,8.474394262897229080e-01,5.642953160923056682e-02,5.642953160923056682e-02
1.300500000000000078e+01,3.186492005731983568e+01,1.280310649200605694e+05,8.469503493372153580e-01,5.641711055787620999e-02,5.641711055787620999e-02
1.301250000000000107e+01,3.198336512677250099e+01,1.281109833651300287e+05,8.472248625401282984e-01,5.639762481860369214e-02,5.639762481860367827e-02
1.302000000000000135e+01,3.210042726510734923e+01,1.281909004272683669e+05,8.476218736200790138e-01,5.641733788842324959e-02,5.641733788842325653e-02
1.302750000000000163e+01,3.221770373143424848e+01,1.282708177037347050e+05,8.477540101184141141e-01,5.643006894243035587e-02,5.643006894243035587e-02
1.303500000000000192e+01,3.233528751598296225e+01,1.283507352875192446e+05,8.476381337547869155e-01,5.643311403375676077e-02,5.643311403375673996e-02
1.304250000000000043e+01,3.245321834761961100e+01,1.284306532183508971e+05,8.472900543792417638e-01,5.642578590226862006e-02,5.642578590226862006e-02
1.305000000000000071e+01,3.257152609677434896e+01,1.285105715261000441e+05,8.468241270016905187e-01,5.641020028210400744e-02,5.641020028210398662e-02
1.305750000000000099e+01,3.268948865221192079e+01,1.285904894886554830e+05,8.474003459316430398e-01,5.640454160525723570e-02,5.640454160525724264e-02
1.306500000000000128e+01,3.280659279395534611e+01,1.286704065927972406e+05,8.477002643705647822e-01,5.642279744153993332e-02,5.642279744153991944e-02
1.307250000000000156e+01,3.292397566412910237e+01,1.287503239756674157e+05,8.477414451053313371e-01,5.643221032234797818e-02,5.643221032234797818e-02
1.308000000000000185e+01,3.304168056344335724e+01,1.288302416805667308e+05,8.475403704029369489e-01,5.643150633969300917e-02,5.643150633969299529e-02
1.308750000000000036e+01,3.315974600077782242e+01,1.289101597460040648e+05,8.471124867113386525e-01,5.642133647323335083e-02,5.642133647323335083e-02
1.309500000000000064e+01,3.327817849296619812e+01,1.289900781784962601e+05,8.470657050160659285e-01,5.640226202156425894e-02,5.640226202156426588e-02
1.310250000000000092e+01,3.339560329433925290e+01,1.290699956032976334e+05,8.475405250131460289e-01,5.641189047972299669e-02,5.641189047972300363e-02
1.311000000000000121e+01,3.351280337494796413e+01,1.291499128033782472e+05,8.477454406935333031e-01,5.642714248948135086e-02,5.642714248948135086e-02
1.311750000000000149e+01,3.363029892764789963e+01,1.292298302989309450e+05,8.476976251813364005e-01,5.643305718813909633e-02,5.643305718813908939e-02
1.312500000000000178e+01,3.374813036947995926e+01,1.293097481303727836e+05,8.474131865938423491e-01,5.642844785024683091e-02,5.642844785024683785e-02
1.313250000000000028e+01,3.386633374464511803e+01,1.293896663337479549e+05,8.469072135218050912e-01,5.641547396223479949e-02,5.641547396223479949e-02
1.314000000000000057e+01,3.398471767101931107e+01,1.294695847176743264e+05,8.472704660824798006e-01,5.639788020125210272e-02,5.639788020125208884e-02
1.314750000000000085e+01,3.410176069601332927e+01,1.295495017606993206e+05,8.476460590754765212e-01,5.641821494722817215e-02,5.641821494722818603e-02
1.315500000000000114e+01,3.421906324205905747e+01,1.296294190632453683e+05,8.477580108507452028e-01,5.643027190505543744e-02,5.643027190505545132e-02
1.316250000000000142e+01,3.433667630367899903e+01,1.297093366763069935e+05,8.476231099034114980e-01,5.643254947693361612e-02,5.643254947693360224e-02
1.317000000000000171e+01,3.445463949230688172e+01,1.297892546394956298e+05,8.472570955610494448e-01,5.642464270841925089e-02,5.642464270841925089e-02
1.317750000000000021e+01,3.457297999513183839e+01,1.298691729799984605e+05,8.468856114009335467e-01,5.640827141892389152e-02,5.640827141892389152e-02
1.318500000000000050e+01,3.469083489035858037e+01,1.299490908348936791e+05,8.474390939956589763e-01,5.640581925065701191e-02,5.640581925065700497e-02
1.319250000000000078e+01,3.480796326175059363e+01,1.300290079632650741e+05,8.477175806428570715e-01,5.642346476166412023e-02,5.642346476166411329e-02
1.320000000000000107e+01,3.492537443004053443e+01,1.301089253744333691e+05,8.477385582961647348e-01,5.643214699263800899e-02,5.643214699263800899e-02
1.320750000000000135e+01,3.504311054525326341e+01,1.301888431105485943e+05,8.475184359438705517e-01,5.643062695846721988e-02,5.643062695846721988e-02
1.321500000000000163e+01,3.516121005738581573e+01,1.302687612100607221e+05,8.470725895305462050e-01,5.641987233903682231e-02,5.641987233903679455e-02
1.322250000000000192e+01,3.527966791546165837e+01,1.303486796679187973e+05,8.471201914541776068e-01,5.640023675316747226e-02,5.640023675316747226e-02
1.323000000000000043e+01,3.539698764185376945e+01,1.304285969876452000e+05,8.475722456450259790e-01,5.641297909200399668e-02,5.641297909200399668e-02
1.323750000000000071e+01,3.551421423477159323e+01,1.305085142142381228e+05,8.477556973249049665e-01,5.642756114853446359e-02,5.642756114853447746e-02
1.324500000000000099e+01,3.563173967963154354e+01,1.305884317396829865e+05,8.476876435306974766e-01,5.643270656367144200e-02,5.643270656367144200e-02
1.325250000000000128e+01,3.574960431565314423e+01,1.306683496043190098e+05,8.473841189423791942e-01,5.642723085988252119e-02,5.642723085988250731e-02
1.326000000000000156e+01,3.586784301138499842e+01,1.307482678430147353e+05,8.468601415655994114e-01,5.641368241645104697e-02,5.641368241645104697e-02
1.326750000000000185e+01,3.598612445321933961e+01,1.308281861244565807e+05,8.473177716012723071e-01,5.639918512803875766e-02,5.639918512803874379e-02
1.327500000000000036e+01,3.610318567429408176e+01,1.309081031856776535e+05,8.476705529818980844e-01,5.641909748904742200e-02,5.641909748904743588e-02
1.328250000000000064e+01,3.622051674717721426e+01,1.309880205167505483e+05,8.477609937847235821e-01,5.643043234297465127e-02,5.643043234297465127e-02
1.329000000000000092e+01,3.633816171567701758e+01,1.310679381617190375e+05,8.476058060644385828e-01,5.643188855873207399e-02,5.643188855873208787e-02
1.329750000000000121e+01,3.645616005409279126e+01,1.311478561600574758e+05,8.472206554567500714e-01,5.642337095878346975e-02,5.642337095878346975e-02
1.330500000000000149e+01,3.657453525566521080e+01,1.312277745352590282e+05,8.469497757734304466e-01,5.640618574704941296e-02,5.640618574704941296e-02
1.331250000000000178e+01,3.669227615689116817e+01,1.313076922761602327e+05,8.474790082464270791e-01,5.640713950505102381e-02,5.640713950505103075e-02
1.332000000000000028e+01,3.680943109376231348e+01,1.313876094310971093e+05,8.477346251064149518e-01,5.642412829631698185e-02,5.642412829631698185e-02
1.332750000000000057e+01,3.692687311555955176e+01,1.314675268731188844e+05,8.477340338137933085e-01,5.643202690009925526e-02,5.643202690009924832e-02
1.333500000000000085e+01,3.704464321140803662e+01,1.315474446432147233e+05,8.474935664728808771e-01,5.642963094446370315e-02,5.642963094446371008e-02
1.334250000000000114e+01,3.716277964413149704e+01,1.316273627796474320e+05,8.470285249948833473e-01,5.641825954366070511e-02,5.641825954366070511e-02
1.335000000000000142e+01,3.728125792899120938e+01,1.317072812579322781e+05,8.471767996588346339e-01,5.639822960223894732e-02,5.639822960223894732e-02
1.335750000000000171e+01,3.739847241816582368e+01,1.317871984724214417e+05,8.476045351432827113e-01,5.641410439992168568e-02,5.641410439992168568e-02
1.336500000000000021e+01,3.751572798775524831e+01,1.318671157279910112e+05,8.477650504563347678e-01,5.642796426156995726e-02,5.642796426156995726e-02
1.337250000000000050e+01,3.763328599935410779e+01,1.319470332860026101e+05,8.476753624917761076e-01,5.643228145315357797e-02,5.643228145315357103e-02
1.338000000000000078e+01,3.775118671444917595e+01,1.320269511867176916e+05,8.473514285214314157e-01,5.642598751916760164e-02,5.642598751916759470e-02
1.338750000000000107e+01,3.786946341768501867e+01,1.321068694634209096e+05,8.468081920988519418e-01,5.641172499078399988e-02,5.641172499078402069e-02
1.339500000000000135e+01,3.798762813163507701e+01,1.321867876281348581e+05,8.473665770995568725e-01,5.640074708877259452e-02,5.640074708877259452e-02
1.340250000000000163e+01,3.810471616541435225e+01,1.322667047161686351e+05,8.476949656972776470e-01,5.642000752629066501e-02,5.642000752629066501e-02
1.341000000000000192e+01,3.822207835125187358e+01,1.323466220783544413e+05,8.477623990670556386e-01,5.643056198553380448e-02,5.643056198553381142e-02
1.341750000000000043e+01,3.833975802390153120e+01,1.324265397580270946e+05,8.475855083974401794e-01,5.643113184915255626e-02,5.643113184915255626e-02
1.342500000000000071e+01,3.845779448055191807e+01,1.325064577944837220e+05,8.471798813217275015e-01,5.642196395073397625e-02,5.642196395073395543e-02
1.343250000000000099e+01,3.857620588317313093e+01,1.325863762058863358e+05,8.470164560797499576e-01,5.640394363637586672e-02,5.640394363637585284e-02
1.344000000000000128e+01,3.869382527395794824e+01,1.326662938252770982e+05,8.475197467517748828e-01,5.640852900491108435e-02,5.640852900491109823e-02
1.344750000000000156e+01,3.881100956592374018e+01,1.327462110095690587e+05,8.477508953204594411e-01,5.642479466495051166e-02,5.642479466495050472e-02
1.345500000000000185e+01,3.892848475227483362e+01,1.328261284847554052e+05,8.477272248610125960e-01,5.643185707065657281e-02,5.643185707065658668e-02
1.346250000000000036e+01,3.904629173831454381e+01,1.329060462917414261e+05,8.474649858270556502e-01,5.642851427939706704e-02,5.642851427939707398e-02
1.347000000000000064e+01,3.916446804546150418e+01,1.329859644680485653e+05,8.469794014746268029e-01,5.641648833958483322e-02,5.641648833958484710e-02
1.347750000000000092e+01,3.928295056998017287e+01,1.330658829505730828e+05,8.472352144329636792e-01,5.639654580832752923e-02,5.639654580832751535e-02
1.348500000000000121e+01,3.940006929365943478e+01,1.331458000692967325e+05,8.476369298010023590e-01,5.641528808365608993e-02,5.641528808365607606e-02
1.349250000000000149e+01,3.951735637937167667e+01,1.332257173563824326e+05,8.477729037894847774e-01,5.642836405985367926e-02,5.642836405985367926e-02
1.350000000000000178e+01,3.963494973263381382e+01,1.333056349497356860e+05,8.476600679165449126e-01,5.643178387608327462e-02,5.643178387608328850e-02
