t,xcm,xcm_unwrapped,A,Iuv_global,Iuv_local
7.500000000000000590e-03,3.671292681870949082e+01,3.671292681870949082e+01,8.498414273419263587e-01,5.829597229013093462e-02,5.830698531370070992e-02
1.500000000000000118e-02,3.701643832338591977e+01,3.701643832338591977e+01,8.425443746685371549e-01,5.770007211444736633e-02,5.771082061129782781e-02
2.250000000000000264e-02,3.732730233641486706e+01,3.732730233641486706e+01,8.340566764671892841e-01,5.692119123011464554e-02,5.693158996944882450e-02
3.000000000000000236e-02,3.764563465323136882e+01,3.764563465323136882e+01,8.260071143800891136e-01,5.600031175303724768e-02,5.601029072207149712e-02
3.750000000000000555e-02,3.797100802846556888e+01,3.797100802846556888e+01,8.179312458675622732e-01,5.499464348481480913e-02,5.500409937975322267e-02
4.500000000000000527e-02,3.830254435160255611e+01,3.830254435160255611e+01,8.117080618211205412e-01,5.397078177405139482e-02,5.397973818074668778e-02
5.250000000000000500e-02,3.864013357809970728e+01,3.864013357809970728e+01,8.069885093717059643e-01,5.297256883666879440e-02,5.298101690604326008e-02
6.000000000000000472e-02,3.898251650403707202e+01,3.898251650403707202e+01,8.037405119193616887e-01,5.206241302000630400e-02,5.207031541443925271e-02
6.750000000000000444e-02,3.932925477912856138e+01,3.932925477912856138e+01,8.023658949015580744e-01,5.127419816667630470e-02,5.128162466109813244e-02
7.500000000000001110e-02,3.967899567672270678e+01,3.967899567672270678e+01,8.026307601159768934e-01,5.064951418238754222e-02,5.065645996907159471e-02
8.250000000000000389e-02,4.003173947002070321e+01,4.003173947002070321e+01,8.035441885602450096e-01,5.019077427853411988e-02,5.019732069023580961e-02
9.000000000000001055e-02,4.038662892010400896e+01,4.038662892010400896e+01,8.057276478594936897e-01,4.990695824406822523e-02,4.991310798676621557e-02
9.750000000000000333e-02,4.074371512392333727e+01,4.074371512392333727e+01,8.081233984331491760e-01,4.978509587533022640e-02,4.979092931096114338e-02
1.050000000000000100e-01,4.110264714818242027e+01,4.110264714818242027e+01,8.104849955967707853e-01,4.981412136691980297e-02,4.981964015181220007e-02
1.125000000000000028e-01,4.146344433627086801e+01,4.146344433627086801e+01,8.127139668139178319e-01,4.997380806115211960e-02,4.997904653303877204e-02
1.200000000000000094e-01,4.182651153355874385e+01,4.182651153355874385e+01,8.147286735624977849e-01,5.023855171723391744e-02,5.024357420477227471e-02
1.275000000000000022e-01,4.219171445092950989e+01,4.219171445092950989e+01,8.164779357213658439e-01,5.059188753608968858e-02,5.059668671054838585e-02
1.350000000000000089e-01,4.255928643334387118e+01,4.255928643334387118e+01,8.179381836476198320e-01,5.101336005047994726e-02,5.101795758522689739e-02
1.425000000000000155e-01,4.292964813033554350e+01,4.292964813033554350e+01,8.191060305251253171e-01,5.148208550124082350e-02,5.148653118738264617e-02
1.500000000000000222e-01,4.330292486692173526e+01,4.330292486692173526e+01,8.199910020874972005e-01,5.198346268822629651e-02,5.198774180653156080e-02
1.575000000000000011e-01,4.367924959627465142e+01,4.367924959627465142e+01,8.206098553164901110e-01,5.250373490035236540e-02,5.250786026702033982e-02
1.650000000000000078e-01,4.405883086667610371e+01,4.405883086667610371e+01,8.209855618605508276e-01,5.303042883180977135e-02,5.303441115327411914e-02
1.725000000000000144e-01,4.444192313672419203e+01,4.444192313672419203e+01,8.215221347468310009e-01,5.355238196682192420e-02,5.355626076245643963e-02
1.800000000000000211e-01,4.482857519686962888e+01,4.482857519686962888e+01,8.218543727171395696e-01,5.406210340603340853e-02,5.406585695347267129e-02
1.875000000000000278e-01,4.521890207583879118e+01,4.521890207583879118e+01,8.219962784715380000e-01,5.455139389945416056e-02,5.455502841724577806e-02
1.950000000000000067e-01,4.561275161969327030e+01,4.561275161969327030e+01,8.220878451123677655e-01,5.501700144471047965e-02,5.502052204615844738e-02
2.025000000000000133e-01,4.601037032374333791e+01,4.601037032374333791e+01,8.223233275539307829e-01,5.545185797654891141e-02,5.545526973542067029e-02
2.100000000000000200e-01,4.641163798780839045e+01,4.641163798780839045e+01,8.223920820325877346e-01,5.585335561336288862e-02,5.585666257639119309e-02
2.175000000000000266e-01,4.681619172053142819e+01,4.681619172053142819e+01,8.223034533552047165e-01,5.622160625198936029e-02,5.622481118585940379e-02
2.250000000000000056e-01,4.722408872233018684e+01,4.722408872233018684e+01,8.224861648204038200e-01,5.655405015477899672e-02,5.655715532308278060e-02
2.325000000000000122e-01,4.763512608243870972e+01,4.763512608243870972e+01,8.225457620647728119e-01,5.685001859618947495e-02,5.685302580077036122e-02
2.400000000000000189e-01,4.804890138764016427e+01,4.804890138764016427e+01,8.224549619795120670e-01,5.711176489210634255e-02,5.711467660281452363e-02
2.475000000000000255e-01,4.846529579338915994e+01,4.846529579338915994e+01,8.225284491597658620e-01,5.733989530273320145e-02,5.734268411672998472e-02
2.550000000000000044e-01,4.888403123399312022e+01,4.888403123399312022e+01,8.226039104439599736e-01,5.753633611131260539e-02,5.753903133980567408e-02
2.625000000000000111e-01,4.930485012546172641e+01,4.930485012546172641e+01,8.225308573246520316e-01,5.770330042245158664e-02,5.770590266166693988e-02
2.700000000000000178e-01,4.972749559626125659e+01,4.972749559626125659e+01,8.225212755798626540e-01,5.784355073493897825e-02,5.784606043300673933e-02
2.775000000000000244e-01,3.517184737058570709e-01,5.015171847370586278e+01,8.226222832682940078e-01,5.795992806114259877e-02,5.796231759523003818e-02
2.850000000000000311e-01,7.772922744178634158e-01,1.003772922744178686e+02,8.225746724427513978e-01,5.805533822286306628e-02,5.805763665658177780e-02
2.925000000000000377e-01,1.203992751300642094e+00,1.506039927513006376e+02,8.224914367597732090e-01,5.813283657895910311e-02,5.813504407684955827e-02
3.000000000000000444e-01,1.631548476245988422e+00,2.008315484762460130e+02,8.226218047306627090e-01,5.819556744927875669e-02,5.819768412591964923e-02
3.075000000000000511e-01,2.059902494234613801e+00,2.510599024942346489e+02,8.226026890798783242e-01,5.824510472898557223e-02,5.824710224961392180e-02
3.150000000000000022e-01,2.488921840620153425e+00,3.012889218406201621e+02,8.224489300469189912e-01,5.828375306618276130e-02,5.828565997803498988e-02
3.225000000000000089e-01,2.918451915283704956e+00,3.515184519152837197e+02,8.226102589247255015e-01,5.831398514440201686e-02,5.831580153868511085e-02
3.300000000000000155e-01,3.348305987513102266e+00,4.017483059875131630e+02,8.226209477085687505e-01,5.833778766908531005e-02,5.833951415427415105e-02
3.375000000000000222e-01,3.778470374668321252e+00,4.519784703746683476e+02,8.224873347548725677e-01,5.835601317176151992e-02,5.835762149179624797e-02
3.450000000000000289e-01,4.208937070663497870e+00,5.022089370706635805e+02,8.225905106354548524e-01,5.836947160001115104e-02,5.837099028204369849e-02
3.525000000000000355e-01,4.639597267347983944e+00,5.524395972673480628e+02,8.226316624020865165e-01,5.837969155413417349e-02,5.838112068118145315e-02
3.600000000000000422e-01,5.070273611289974447e+00,6.026702736112899856e+02,8.225272675896362351e-01,5.838826415759092170e-02,5.838957537108070694e-02
3.675000000000000488e-01,5.501147670049307159e+00,6.529011476700493404e+02,8.225635895262859432e-01,5.839399889990025405e-02,5.839522075339680790e-02
3.750000000000000555e-01,5.932129416372339925e+00,7.031321294163723223e+02,8.226356213654749672e-01,5.839826399027521486e-02,5.839939659069010719e-02
3.825000000000000067e-01,6.363083537833307268e+00,7.533630835378331767e+02,8.225608222612792453e-01,5.840200141127189354e-02,5.840301642536933208e-02
3.900000000000000133e-01,6.794121629662740247e+00,8.035941216296625953e+02,8.225298418920875543e-01,5.840444551894709985e-02,5.840537151733900256e-02
3.975000000000000200e-01,7.225239848366978634e+00,8.538252398483667776e+02,8.226330820887277628e-01,5.840606253643527979e-02,5.840689967312886338e-02
4.050000000000000266e-01,7.656324436133010281e+00,9.040563244361327406e+02,8.225881872600071532e-01,5.840762664527449771e-02,5.840834693651003606e-02
4.125000000000000333e-01,8.087411142834708855e+00,9.542874111428344577e+02,8.224893596729304646e-01,5.840890204536162977e-02,5.840953408132731201e-02
4.200000000000000400e-01,8.518581185580634596e+00,1.004518581185580274e+03,8.226241045071445157e-01,5.840937088868321941e-02,5.840991488768042944e-02
4.275000000000000466e-01,8.949738791862301923e+00,1.054749738791862001e+03,8.226093979440072257e-01,5.840991795832597977e-02,5.841037430385379037e-02
4.350000000000000533e-01,9.380831521043141663e+00,1.104980831521042774e+03,8.224515261465574767e-01,5.841082512351964545e-02,5.841116672730415488e-02
4.425000000000000600e-01,9.812011923485327358e+00,1.155212011923484852e+03,8.226086749190697489e-01,5.841088694492491823e-02,5.841114404947363170e-02
4.500000000000000111e-01,1.024321809300408326e+01,1.205443218093003679e+03,8.226244325639736621e-01,5.841086276593510096e-02,5.841103947309303490e-02
4.575000000000000178e-01,1.067430049128815561e+01,1.255674300491287795e+03,8.224957377354400467e-01,5.841175191774417019e-02,5.841183485103979695e-02
4.650000000000000244e-01,1.110547669585152164e+01,1.305905476695851121e+03,8.225867521141005945e-01,5.841170953840273822e-02,5.841173950577151219e-02
4.725000000000000311e-01,1.153668325681416462e+01,1.356136683256813512e+03,8.226332480166337335e-01,5.841163083923515270e-02,5.841163282702293430e-02
4.800000000000000377e-01,1.196778962784350675e+01,1.406367789627842967e+03,8.225339955695813998e-01,5.841225978766104859e-02,5.841225978766103472e-02
4.875000000000000444e-01,1.239895723309587794e+01,1.456598957233095234e+03,8.225582845562058321e-01,5.841222628860393007e-02,5.841222628860395089e-02
4.950000000000000511e-01,1.283016180522648853e+01,1.506830161805225771e+03,8.226357931523612388e-01,5.841212748686642336e-02,5.841212748686642336e-02
5.025000000000000577e-01,1.326129273446313306e+01,1.557061292734462313e+03,8.225662492619507660e-01,5.841252729240940106e-02,5.841252729240938718e-02
5.100000000000000089e-01,1.369244193671174870e+01,1.607292441936710929e+03,8.225232167618331536e-01,5.841266753310479787e-02,5.841266753310479787e-02
5.175000000000000711e-01,1.412364777349191414e+01,1.657523647773491120e+03,8.226320136958488183e-01,5.841248223576545745e-02,5.841248223576545745e-02
5.250000000000000222e-01,1.455480475421146380e+01,1.707754804754210681e+03,8.225924459314474246e-01,5.841267951324247837e-02,5.841267951324247837e-02
5.325000000000000844e-01,1.498593163421217866e+01,1.757985931634211283e+03,8.224814916323482938e-01,5.841305217430521612e-02,5.841305217430520919e-02
5.400000000000000355e-01,1.541713320203931481e+01,1.808217133202038440e+03,8.226218540290984871e-01,5.841281227955467253e-02,5.841281227955469335e-02
5.475000000000000977e-01,1.584832276903739334e+01,1.858448322769036395e+03,8.226125315582202280e-01,5.841278530252310558e-02,5.841278530252308476e-02
5.550000000000000488e-01,1.627942787038630357e+01,1.908679427870385325e+03,8.224598170388445206e-01,5.841336526432987231e-02,5.841336526432988618e-02
5.625000000000000000e-01,1.671061840038077406e+01,1.958910618400379690e+03,8.226052578120780501e-01,5.841316493999777759e-02,5.841316493999777065e-02
5.700000000000000622e-01,1.714183341479025557e+01,2.009141833414789062e+03,8.226264514488257351e-01,5.841295055968880739e-02,5.841295055968880739e-02
5.775000000000000133e-01,1.757292609224638724e+01,2.059372926092245052e+03,8.225029637073332234e-01,5.841366549239236650e-02,5.841366549239236650e-02
5.850000000000000755e-01,1.800410578811463580e+01,2.109604105788113429e+03,8.225821681891529735e-01,5.841352661445817912e-02,5.841352661445815830e-02
5.925000000000000266e-01,1.843531575586072790e+01,2.159835315755859938e+03,8.226341503913577879e-01,5.841337908361723952e-02,5.841337908361723952e-02
6.000000000000000888e-01,1.886642998099689450e+01,2.210066429980996418e+03,8.225401536892478216e-01,5.841391579237473208e-02,5.841391579237472514e-02
6.075000000000000400e-01,1.929759825653419725e+01,2.260297598256533547e+03,8.225525278610432700e-01,5.841386328761578872e-02,5.841386328761577484e-02
6.150000000000001021e-01,1.972880592913716313e+01,2.310528805929136979e+03,8.226355727140696183e-01,5.841372738841685286e-02,5.841372738841684592e-02
6.225000000000000533e-01,2.015994425268616297e+01,2.360759944252686182e+03,8.225713330192454542e-01,5.841406905816429879e-02,5.841406905816429879e-02
6.300000000000000044e-01,2.059109239486111065e+01,2.410991092394861425e+03,8.225162791196007905e-01,5.841423940396710951e-02,5.841423940396712339e-02
6.375000000000000666e-01,2.102230118370943401e+01,2.461222301183709533e+03,8.226306623169243881e-01,5.841402844605262518e-02,5.841402844605263905e-02
6.450000000000000178e-01,2.145346698305754174e+01,2.511453466983058206e+03,8.225964472864057964e-01,5.841418100591495854e-02,5.841418100591495854e-02
6.525000000000000799e-01,2.188459375873698676e+01,2.561684593758737719e+03,8.224733638397745406e-01,5.841458194741005333e-02,5.841458194741005333e-02
6.600000000000000311e-01,2.231579763099380642e+01,2.611915797630994803e+03,8.226193625964646206e-01,5.841433747805144239e-02,5.841433747805143545e-02
6.675000000000000933e-01,2.274699763190215407e+01,2.662146997631903105e+03,8.226154413778782315e-01,5.841426038374002844e-02,5.841426038374002844e-02
6.750000000000000444e-01,2.317810241680307115e+01,2.712378102416804268e+03,8.224678996749326121e-01,5.841488596745408879e-02,5.841488596745409573e-02
6.825000000000001066e-01,2.360929460157228732e+01,2.762609294601573765e+03,8.226016135928801987e-01,5.841470872077814819e-02,5.841470872077814819e-02
6.900000000000000577e-01,2.404051190621747836e+01,2.812840511906219035e+03,8.226282526512304072e-01,5.841453540334530514e-02,5.841453540334530514e-02
6.975000000000000089e-01,2.447160931265532824e+01,2.863071609312657074e+03,8.225099743628050408e-01,5.841528477428847149e-02,5.841528477428848537e-02
7.050000000000000711e-01,2.490278463768816408e+01,2.913302784637689911e+03,8.225773013329086281e-01,5.841528825655418339e-02,5.841528825655418339e-02
7.125000000000000222e-01,2.533398304870933870e+01,2.963533983048711434e+03,8.226347055460597746e-01,5.841541667778290398e-02,5.841541667778291785e-02
7.200000000000000844e-01,2.576507653638492457e+01,3.013765076536387369e+03,8.225458209514691088e-01,5.841642678709205172e-02,5.841642678709203784e-02
7.275000000000000355e-01,2.619619372548838143e+01,3.063996193725490684e+03,8.225456751173221281e-01,5.841729799651581428e-02,5.841729799651581428e-02
7.350000000000000977e-01,2.662731740451923912e+01,3.114227317404521727e+03,8.226334466267493095e-01,5.841865318305105442e-02,5.841865318305104054e-02
7.425000000000000488e-01,2.705832140680680808e+01,3.164458321406809773e+03,8.225730493230484219e-01,5.842139584522370449e-02,5.842139584522369061e-02
7.500000000000001110e-01,2.748924711129663478e+01,3.214689247111299665e+03,8.225009683432993324e-01,5.842537170108003802e-02,5.842537170108003802e-02
7.575000000000000622e-01,2.792012395765016564e+01,3.264920123957653232e+03,8.226150032897918685e-01,5.843079054422887358e-02,5.843079054422887358e-02
7.650000000000000133e-01,2.835080785174913487e+01,3.315150807851752688e+03,8.225767331006362815e-01,5.843916765473347597e-02,5.843916765473347597e-02
7.725000000000000755e-01,2.878123414984619188e+01,3.365381234149849661e+03,8.224123939831836649e-01,5.845126755473838837e-02,5.845126755473837449e-02
7.800000000000000266e-01,2.921146632851804270e+01,3.415611466328521601e+03,8.225353149776263306e-01,5.846705902294876273e-02,5.846705902294876273e-02
7.875000000000000888e-01,2.964135513642087361e+01,3.465841355136424681e+03,8.224966344086488412e-01,5.848859663727919156e-02,5.848859663727919156e-02
7.950000000000000400e-01,3.007070404239875927e+01,3.516070704042402667e+03,8.223001054516291264e-01,5.851762121314524334e-02,5.851762121314525722e-02
8.025000000000001021e-01,3.049961517204904027e+01,3.566299615172053109e+03,8.222644594735261103e-01,5.855390294418032909e-02,5.855390294418029440e-02
8.100000000000000533e-01,3.092792304082357546e+01,3.616527923040828227e+03,8.221766430283782290e-01,5.859963065746960631e-02,5.859963065746960631e-02
8.175000000000001155e-01,3.135537875272375885e+01,3.666755378752728575e+03,8.219160741892449495e-01,5.865696972273164167e-02,5.865696972273162085e-02
8.250000000000000666e-01,3.178206174067490508e+01,3.716982061740679910e+03,8.215382051419956033e-01,5.872554660139668592e-02,5.872554660139670674e-02
8.325000000000000178e-01,3.220781717991021509e+01,3.767207817179915310e+03,8.213247993290773152e-01,5.880724948089986054e-02,5.880724948089986054e-02
8.400000000000000799e-01,3.263241724414282174e+01,3.817432417244147928e+03,8.209223431927696879e-01,5.890353331669419962e-02,5.890353331669417880e-02
8.475000000000000311e-01,3.305588377934588351e+01,3.867655883779351370e+03,8.203371189042668599e-01,5.901392440764569036e-02,5.901392440764569036e-02
8.550000000000000933e-01,3.347812693162146758e+01,3.917878126931626866e+03,8.195763722637759985e-01,5.913923352322150717e-02,5.913923352322152799e-02
8.625000000000000444e-01,3.389894869474689187e+01,3.968098948694752835e+03,8.188439613399012273e-01,5.928022053595979196e-02,5.928022053595977808e-02
8.700000000000001066e-01,3.431832265989773845e+01,4.018318322659903515e+03,8.180063402376462900e-01,5.943616929294105733e-02,5.943616929294103651e-02
8.775000000000000577e-01,3.473625428149019001e+01,4.068536254281496440e+03,8.169832870105522282e-01,5.960632546647100932e-02,5.960632546647100238e-02
8.850000000000001199e-01,3.515258244324882497e+01,4.118752582443255051e+03,8.157840538312199907e-01,5.979086980247069749e-02,5.979086980247069749e-02
8.925000000000000711e-01,3.556722469415321086e+01,4.168967224694159086e+03,8.144175050588522424e-01,5.998889705935126632e-02,5.998889705935126632e-02
9.000000000000000222e-01,3.598027982989241735e+01,4.219180279829898609e+03,8.128916446051098754e-01,6.019829625815248386e-02,6.019829625815248386e-02
9.075000000000000844e-01,3.639164135518691978e+01,4.269391641355193315e+03,8.112131142280523122e-01,6.041869535058325830e-02,6.041869535058327911e-02
9.150000000000000355e-01,3.680112648449502899e+01,4.319601126484501947e+03,8.093866636932651737e-01,6.064967556609683619e-02,6.064967556609683619e-02
9.225000000000000977e-01,3.720893141521916192e+01,4.369808931415225743e+03,8.074145886249417536e-01,6.088796861772360902e-02,6.088796861772358820e-02
9.300000000000000488e-01,3.761497049400455950e+01,4.420014970494011322e+03,8.052961285813615699e-01,6.113303703157853958e-02,6.113303703157853958e-02
9.375000000000001110e-01,3.801907684030885548e+01,4.470219076840316120e+03,8.030268161957361261e-01,6.138426346262969291e-02,6.138426346262969291e-02
9.450000000000000622e-01,3.842138536704511864e+01,4.520421385367052608e+03,8.005977677295845751e-01,6.163883949621082325e-02,6.163883949621082325e-02
9.525000000000001243e-01,3.882186896921673025e+01,4.570621868969224124e+03,7.979949058321045285e-01,6.189586870542965191e-02,6.189586870542965191e-02
9.600000000000000755e-01,3.922039994097871585e+01,4.620820399940986135e+03,7.951981067513620438e-01,6.215463334542447454e-02,6.215463334542448842e-02
9.675000000000000266e-01,3.961697483162079436e+01,4.671016974831628431e+03,7.922592525127827301e-01,6.241362427176413291e-02,6.241362427176412597e-02
9.750000000000000888e-01,4.001167911199503635e+01,4.721211679112003367e+03,7.894206446118245957e-01,6.267085732618331295e-02,6.267085732618332683e-02
9.825000000000000400e-01,4.040442198427922449e+01,4.771404421984287183e+03,7.863682015333004482e-01,6.292617101570559257e-02,6.292617101570559257e-02
9.900000000000001021e-01,4.079507002598361964e+01,4.821595070025991845e+03,7.830572920604451648e-01,6.317902340810702122e-02,6.317902340810703510e-02
9.975000000000000533e-01,4.118373913218453453e+01,4.871783739132192750e+03,7.796401278579286886e-01,6.342737913835931607e-02,6.342737913835930219e-02
1.005000000000000115e+00,4.157039678710678743e+01,4.921970396787115533e+03,7.763392653395759790e-01,6.367082642527385761e-02,6.367082642527387149e-02
1.012500000000000178e+00,4.195498903371323962e+01,4.972154989033721904e+03,7.726958109723566226e-01,6.390897227641401113e-02,6.390897227641401113e-02
1.020000000000000018e+00,4.233741720685556942e+01,5.022337417206864302e+03,7.690147317173412489e-01,6.414146668099006410e-02,6.414146668099005022e-02
1.027500000000000080e+00,4.271771588651444773e+01,5.072517715886523547e+03,7.653547864996381733e-01,6.436742750667295843e-02,6.436742750667295843e-02
1.035000000000000142e+00,4.309590901242047778e+01,5.122695909012430093e+03,7.612730609374716018e-01,6.458602575303792892e-02,6.458602575303791504e-02
1.042499999999999982e+00,4.347194498404386565e+01,5.172871944984053698e+03,7.575711864726477618e-01,6.479740021903239444e-02,6.479740021903239444e-02
1.050000000000000044e+00,4.384581706752062757e+01,5.223045817067530152e+03,7.532989075598197637e-01,6.500099690787029816e-02,6.500099690787029816e-02
1.057500000000000107e+00,4.421750176591971382e+01,5.273217501765930137e+03,7.494423715764246818e-01,6.519645132948112543e-02,6.519645132948111155e-02
1.065000000000000169e+00,4.458695383787945588e+01,5.323386953837889450e+03,7.449869144825289613e-01,6.538394307206123190e-02,6.538394307206121803e-02
1.072500000000000009e+00,4.495416110614670657e+01,5.373554161106157153e+03,7.410058108911629082e-01,6.556326708707736761e-02,6.556326708707736761e-02
1.080000000000000071e+00,4.531916847636662737e+01,5.423719168476377490e+03,7.365260975961618328e-01,6.573384607315008177e-02,6.573384607315009565e-02
1.087500000000000133e+00,4.568196521743453076e+01,5.473881965217445213e+03,7.322396218191470352e-01,6.589567516358488253e-02,6.589567516358488253e-02
1.095000000000000195e+00,4.604256587977661042e+01,5.524042565879787617e+03,7.278160487000141510e-01,6.604843557818848576e-02,6.604843557818848576e-02
1.102500000000000036e+00,4.640096438362314757e+01,5.574200964383634528e+03,7.230601794853515063e-01,6.619222552817671801e-02,6.619222552817671801e-02
1.110000000000000098e+00,4.675717112191495062e+01,5.624357171121926513e+03,7.187540341395325383e-01,6.632696356500752954e-02,6.632696356500754342e-02
1.117500000000000160e+00,4.711121001310509371e+01,5.674511210013116397e+03,7.140973174141146407e-01,6.645244488383553194e-02,6.645244488383553194e-02
1.125000000000000000e+00,4.746305766327705555e+01,5.724663057663288782e+03,7.091710089343846724e-01,6.656888580630546115e-02,6.656888580630546115e-02
1.132500000000000062e+00,4.781270266789977796e+01,5.774812702667911253e+03,7.047113405135095876e-01,6.667653962733911810e-02,6.667653962733913198e-02
1.140000000000000124e+00,4.816021961474979918e+01,5.824960219614761627e+03,6.999794028540682334e-01,6.677490071363775814e-02,6.677490071363775814e-02
1.147500000000000187e+00,4.850567008825600368e+01,5.875105670088268198e+03,6.950106254169435838e-01,6.686354886513509732e-02,6.686354886513509732e-02
1.155000000000000027e+00,4.884906485664911457e+01,5.925249064856661789e+03,6.900811058139693088e-01,6.694282896288437923e-02,6.694282896288437923e-02
1.162500000000000089e+00,4.919047295413498233e+01,5.975390472954147299e+03,6.853698204877085587e-01,6.701232034338347465e-02,6.701232034338348853e-02
1.170000000000000151e+00,4.952963142360317761e+01,6.025529631423615683e+03,6.804702957027120025e-01,6.707466962723872272e-02,6.707466962723872272e-02
1.177499999999999991e+00,6.688176775508544725e-02,6.025866881767768064e+03,6.754059936243128615e-01,6.712673187308329514e-02,6.712673187308329514e-02
1.185000000000000053e+00,4.022802809078637742e-01,6.076002280280920786e+03,6.701968287520729817e-01,6.716871817534643407e-02,6.716871817534643407e-02
1.192500000000000115e+00,7.355623463404122875e-01,6.126135562346353254e+03,6.651417062018100124e-01,6.720357202698296062e-02,6.720357202698294674e-02
1.200000000000000178e+00,1.066978630599094036e+00,6.176266978630612357e+03,6.601943139323513954e-01,6.722877075112945744e-02,6.722877075112944356e-02
1.207500000000000018e+00,1.396678332555365110e+00,6.226396678332568627e+03,6.551228225905724178e-01,6.724377666716051249e-02,6.724377666716048474e-02
1.215000000000000080e+00,1.724224099905103058e+00,6.276524224099918683e+03,6.499387536430978329e-01,6.725315131280545922e-02,6.725315131280543146e-02
1.222500000000000142e+00,2.050294086022716566e+00,6.326650294086036411e+03,6.446508055156332517e-01,6.725039380505631881e-02,6.725039380505633269e-02
1.230000000000000204e+00,2.374235055049487730e+00,6.376774235055063400e+03,6.392649489779215211e-01,6.724291451569608391e-02,6.724291451569608391e-02
1.237500000000000044e+00,2.696784132587208394e+00,6.426896784132601169e+03,6.337845584319529157e-01,6.722335321055261659e-02,6.722335321055260271e-02
1.245000000000000107e+00,3.017237727913580692e+00,6.477017237727927750e+03,6.282269163274485368e-01,6.719963358466367331e-02,6.719963358466368719e-02
1.252500000000000169e+00,3.336378070151003072e+00,6.527136378070165847e+03,6.229159077740691330e-01,6.716404194726614818e-02,6.716404194726614818e-02
1.260000000000000009e+00,3.653536141529122983e+00,6.577253536141543918e+03,6.175052122750871453e-01,6.712416763463963099e-02,6.712416763463964486e-02
1.267500000000000071e+00,3.969292935397250588e+00,6.627369292935411977e+03,6.119945732690987850e-01,6.707416011127924349e-02,6.707416011127924349e-02
1.275000000000000133e+00,4.283514851873083451e+00,6.677483514851888685e+03,6.063825771985535962e-01,6.701648114100797193e-02,6.701648114100795806e-02
1.282500000000000195e+00,4.595927386453970698e+00,6.727595927386469157e+03,6.006670744796308581e-01,6.695380880862153439e-02,6.695380880862153439e-02
1.290000000000000036e+00,4.907053909439487605e+00,6.777707053909454771e+03,5.948456379768666258e-01,6.688162469072843341e-02,6.688162469072843341e-02
1.297500000000000098e+00,5.216773256763301170e+00,6.827816773256779015e+03,5.889160330375390329e-01,6.680200422110094127e-02,6.680200422110095515e-02
1.305000000000000160e+00,5.524710452564139729e+00,6.877924710452580257e+03,5.828766679576931065e-01,6.671853122106830014e-02,6.671853122106830014e-02
1.312500000000000000e+00,5.831393927581000725e+00,6.928031393927597492e+03,5.767269924117837121e-01,6.662661106929471111e-02,6.662661106929471111e-02
1.320000000000000062e+00,6.136777970929489179e+00,6.978136777970946241e+03,5.704678144622905567e-01,6.652755408780980373e-02,6.652755408780978985e-02
1.327500000000000124e+00,6.440854099413465761e+00,7.028240854099430180e+03,5.641015139708868142e-01,6.642172460955737823e-02,6.642172460955737823e-02
1.335000000000000187e+00,6.743402930676193563e+00,7.078343402930692719e+03,5.576321398392162232e-01,6.631164213892611070e-02,6.631164213892612458e-02
1.342500000000000027e+00,7.044652908238598243e+00,7.128444652908255193e+03,5.510653908531614187e-01,6.619540203765759967e-02,6.619540203765759967e-02
1.350000000000000089e+00,7.344698700046212281e+00,7.178544698700063236e+03,5.444084915141478298e-01,6.607276566102966708e-02,6.607276566102963933e-02
1.357500000000000151e+00,7.643540422777441279e+00,7.228643540422795013e+03,5.376699832544543645e-01,6.594415461392059974e-02,6.594415461392059974e-02
1.365000000000000213e+00,7.941193900638370273e+00,7.278741193900656071e+03,5.308594596677602695e-01,6.580996872280908683e-02,6.580996872280908683e-02
1.372500000000000053e+00,8.237687930359902211e+00,7.328837687930377797e+03,5.239872795281304008e-01,6.567020100900324009e-02,6.567020100900324009e-02
1.380000000000000115e+00,8.533029640052442133e+00,7.378933029640070345e+03,5.170642891540661035e-01,6.552522668966227759e-02,6.552522668966227759e-02
1.387500000000000178e+00,8.827244027637192403e+00,7.429027244027654888e+03,5.101015831806632317e-01,6.537519129851827870e-02,6.537519129851829258e-02
1.395000000000000018e+00,9.120346422875940107e+00,7.479120346422893817e+03,5.031103271566269575e-01,6.522043239659937319e-02,6.522043239659938707e-02
1.402500000000000080e+00,9.412372214816080884e+00,7.529212372214834431e+03,4.961016582240629913e-01,6.506085206675416011e-02,6.506085206675416011e-02
1.410000000000000142e+00,9.703335806558733623e+00,7.579303335806577707e+03,4.890866719305892452e-01,6.489679149134390534e-02,6.489679149134390534e-02
1.417500000000000204e+00,9.993267904163907644e+00,7.629393267904182721e+03,4.820764927526338117e-01,6.472833838562216946e-02,6.472833838562216946e-02
1.425000000000000044e+00,1.028219207334562491e+01,7.679482192073364786e+03,4.750824177170109852e-01,6.455564421507660466e-02,6.455564421507660466e-02
1.432500000000000107e+00,1.057012661348928617e+01,7.729570126613508364e+03,4.681161166168054111e-01,6.437889710700700485e-02,6.437889710700700485e-02
1.440000000000000169e+00,1.085711347132729898e+01,7.779657113471346747e+03,4.611898665217537552e-01,6.419786624870620073e-02,6.419786624870620073e-02
1.447500000000000009e+00,1.114316051132994723e+01,7.829743160511349743e+03,4.543167938234868308e-01,6.401296661486124973e-02,6.401296661486126360e-02
1.455000000000000071e+00,1.142829364628750000e+01,7.879828293646307429e+03,4.475110945385726291e-01,6.382425951960642163e-02,6.382425951960640775e-02
1.462500000000000133e+00,1.171254944649926166e+01,7.929912549446518824e+03,4.407882029377929167e-01,6.363168239441784058e-02,6.363168239441782670e-02
1.470000000000000195e+00,1.199597985601078420e+01,7.979995979856031227e+03,4.341648797263986670e-01,6.343494445262534698e-02,6.343494445262534698e-02
1.477500000000000036e+00,1.227861688288709452e+01,8.030078616882907227e+03,4.276591940721446439e-01,6.323409294334131348e-02,6.323409294334132735e-02
1.485000000000000098e+00,1.256048736571694846e+01,8.080160487365737026e+03,4.212903788626746193e-01,6.302923220787132186e-02,6.302923220787134961e-02
1.492500000000000160e+00,1.284162443715077373e+01,8.130241624437171595e+03,4.150785456725482048e-01,6.282031770413240568e-02,6.282031770413240568e-02
1.500000000000000222e+00,1.312208179119796547e+01,8.180322081791218807e+03,4.090442549002012429e-01,6.260696598056413043e-02,6.260696598056413043e-02
1.507500000000000062e+00,1.340173714597594667e+01,8.230401737145995867e+03,4.032079470416348177e-01,6.239052339429119326e-02,6.239052339429118632e-02
1.515000000000000124e+00,1.368045864670454392e+01,8.280480458646723491e+03,3.975892523950263491e-01,6.217232804894996800e-02,6.217232804894998188e-02
1.522500000000000187e+00,1.395853481420958886e+01,8.330558534814228551e+03,3.922062076516937834e-01,6.195010970806450606e-02,6.195010970806450606e-02
1.530000000000000027e+00,1.423607744441898504e+01,8.380636077444436523e+03,3.870744178965362936e-01,6.172292487084132112e-02,6.172292487084132806e-02
1.537500000000000089e+00,1.451310013618967076e+01,8.430713100136206776e+03,3.822062109413891240e-01,6.149110481320188559e-02,6.149110481320189253e-02
1.545000000000000151e+00,1.478962945233494075e+01,8.480789629452350709e+03,3.776098357395787364e-01,6.125447536738391069e-02,6.125447536738391069e-02
1.552500000000000213e+00,1.506525743775586079e+01,8.530865257437772016e+03,3.732887552958284449e-01,6.101637778894249131e-02,6.101637778894250519e-02
1.560000000000000053e+00,1.534029553005669655e+01,8.580940295530072035e+03,3.692410784326017326e-01,6.077457605149503422e-02,6.077457605149502728e-02
1.567500000000000115e+00,1.561498134856762299e+01,8.631014981348582296e+03,3.654591643995975248e-01,6.052731201401546912e-02,6.052731201401547606e-02
1.575000000000000178e+00,1.588939693237962381e+01,8.681089396932393356e+03,3.619294186905025468e-01,6.027369866467077036e-02,6.027369866467078424e-02
1.582500000000000240e+00,1.616327972682879377e+01,8.731163279726841211e+03,3.586322770737279120e-01,6.001614238949070507e-02,6.001614238949070507e-02
1.590000000000000080e+00,1.643641260598128895e+01,8.781236412605992882e+03,3.555423449805483194e-01,5.975645261799540642e-02,5.975645261799540642e-02
1.597500000000000142e+00,1.670938370422880581e+01,8.831309383704239735e+03,3.526286076589482676e-01,5.948987243292724880e-02,5.948987243292724186e-02
1.605000000000000204e+00,1.698229572243896968e+01,8.881382295722449271e+03,3.498545628263545204e-01,5.921578612124774738e-02,5.921578612124776819e-02
1.612500000000000044e+00,1.725483065400684879e+01,8.931454830654016405e+03,3.471780558602053368e-01,5.893671053054991976e-02,5.893671053054992670e-02
1.620000000000000107e+00,1.752684846351433379e+01,8.981526848463523493e+03,3.445501940573329480e-01,5.865353122944873265e-02,5.865353122944873265e-02
1.627500000000000169e+00,1.779895962579297475e+01,9.031598959625800489e+03,3.419118485231222304e-01,5.836166705217871176e-02,5.836166705217871176e-02
1.635000000000000231e+00,1.807127921344708810e+01,9.081671279213454909e+03,3.392619931376008591e-01,5.806033013227174244e-02,5.806033013227173550e-02
1.642500000000000071e+00,1.834321986392857440e+01,9.131743219863936247e+03,3.372066163213668366e-01,5.775385691304492364e-02,5.775385691304493058e-02
1.650000000000000133e+00,1.861522189975327279e+01,9.181815221899760218e+03,3.350592469321398981e-01,5.743898743314808375e-02,5.743898743314808375e-02
1.657500000000000195e+00,1.888774976020586394e+01,9.231887749760211591e+03,3.327326872211758269e-01,5.711198260404107274e-02,5.711198260404105886e-02
1.665000000000000036e+00,1.916077017979033315e+01,9.281960770179795873e+03,3.301448915740032852e-01,5.677273169122003249e-02,5.677273169122001861e-02
1.672500000000000098e+00,1.943378052770702880e+01,9.332033780527710405e+03,3.284547900513530294e-01,5.642587477926105238e-02,5.642587477926105238e-02
1.680000000000000160e+00,1.970772635521439398e+01,9.382107726355217892e+03,3.264741589984893610e-01,5.606373331424382989e-02,5.606373331424382989e-02
1.687500000000000222e+00,1.998288917567138867e+01,9.432182889175674063e+03,3.241295048773585874e-01,5.568414925181472408e-02,5.568414925181472408e-02
1.695000000000000062e+00,2.025897247139671720e+01,9.482258972471398010e+03,3.221848552717386793e-01,5.528940922553472748e-02,5.528940922553472748e-02
1.702500000000000124e+00,2.053645191868802655e+01,9.532336451918688908e+03,3.204755322241698012e-01,5.487626019593700583e-02,5.487626019593700583e-02
1.710000000000000187e+00,2.081606432721310540e+01,9.582416064327213462e+03,3.183094212837148662e-01,5.443962070105617251e-02,5.443962070105616557e-02
1.717500000000000249e+00,2.109836348936662986e+01,9.632498363489366966e+03,3.162932838457852003e-01,5.397522070110141734e-02,5.397522070110141040e-02
1.725000000000000089e+00,2.138374833267955566e+01,9.682583748332677715e+03,3.147670975852053799e-01,5.348176886264782715e-02,5.348176886264782715e-02
1.732500000000000151e+00,2.167276609925576381e+01,9.732672766099254659e+03,3.126999931874486771e-01,5.295582882084029497e-02,5.295582882084029497e-02
1.740000000000000213e+00,2.196702043981004238e+01,9.782767020439807311e+03,3.107885805252819100e-01,5.238681222694275413e-02,5.238681222694276801e-02
1.747500000000000053e+00,2.226778651490694116e+01,9.832867786514903855e+03,3.093498966042481091e-01,5.176962547979382934e-02,5.176962547979383628e-02
1.755000000000000115e+00,2.257681451864083044e+01,9.882976814518637184e+03,3.072938026996276939e-01,5.109545632193011194e-02,5.109545632193011194e-02
1.762500000000000178e+00,2.289620586718756812e+01,9.933096205867183016e+03,3.056499526884697837e-01,5.035539658799655094e-02,5.035539658799654400e-02
1.770000000000000240e+00,2.322752938135777256e+01,9.983227529381352724e+03,3.041976360743073871e-01,4.954784467131232578e-02,4.954784467131229803e-02
1.777500000000000080e+00,2.357197973303452798e+01,1.003337197973302864e+04,3.020574644912474849e-01,4.867715309161924075e-02,4.867715309161924075e-02
1.785000000000000142e+00,2.392323533224206855e+01,1.008352323533223534e+04,3.008304202209324263e-01,4.779751669498134153e-02,4.779751669498134153e-02
1.792500000000000204e+00,2.425916373894473921e+01,1.013365916373893742e+04,2.992587693470848964e-01,4.705570467349171754e-02,4.705570467349171754e-02
1.800000000000000044e+00,2.455967650804259250e+01,1.018375967650803432e+04,2.972387712254794812e-01,4.656480715834656475e-02,4.656480715834656475e-02
1.807500000000000107e+00,2.484057786303544901e+01,1.023384057786302583e+04,2.962595549370384829e-01,4.621576764221343309e-02,4.621576764221343309e-02
1.815000000000000169e+00,2.511271509839079741e+01,1.028391271509838043e+04,2.944596657331776113e-01,4.593727847899840844e-02,4.593727847899840844e-02
1.822500000000000231e+00,2.538068611648812123e+01,1.033398068611647795e+04,2.931054170838074957e-01,4.569342564091266601e-02,4.569342564091267295e-02
1.830000000000000071e+00,2.564594324393252123e+01,1.038404594324392201e+04,2.918475200578580786e-01,4.547386598611442843e-02,4.547386598611442149e-02
1.837500000000000133e+00,2.590939849693791786e+01,1.043410939849692659e+04,2.898435713687253501e-01,4.527005404503214869e-02,4.527005404503214175e-02
1.845000000000000195e+00,2.617164473453692253e+01,1.048417164473452431e+04,2.891426729653930328e-01,4.507568515371072893e-02,4.507568515371072893e-02
1.852500000000000258e+00,2.643258916221806842e+01,1.053423258916220402e+04,2.874909138382776841e-01,4.489197471670291345e-02,4.489197471670290651e-02
1.860000000000000098e+00,2.669310130093483480e+01,1.058429310130092017e+04,2.863939729013566526e-01,4.471088273168354055e-02,4.471088273168354055e-02
1.867500000000000160e+00,2.695272991168039667e+01,1.063435272991166494e+04,2.852391265112208529e-01,4.453597684979844484e-02,4.453597684979843790e-02
1.875000000000000222e+00,2.721169712943341779e+01,1.068441169712941701e+04,2.836565725906863289e-01,4.436625582916167709e-02,4.436625582916167015e-02
1.882500000000000062e+00,2.747031175075434817e+01,1.073447031175073789e+04,2.830066640191725713e-01,4.419768696856878065e-02,4.419768696856878065e-02
1.890000000000000124e+00,2.772801577914979987e+01,1.078452801577913306e+04,2.812822277993031195e-01,4.403656199580244235e-02,4.403656199580244929e-02
1.897500000000000187e+00,2.798569693721346141e+01,1.083458569693719619e+04,2.808519920394957903e-01,4.387482384938401481e-02,4.387482384938402175e-02
1.905000000000000249e+00,2.824251232199528516e+01,1.088464251232197603e+04,2.795636257610486508e-01,4.371950894387969383e-02,4.371950894387968689e-02
1.912500000000000089e+00,2.849887916159450540e+01,1.093469887916157495e+04,2.788375567450448456e-01,4.356773673051903689e-02,4.356773673051903689e-02
1.920000000000000151e+00,2.875526301193489331e+01,1.098475526301191530e+04,2.779833729573302770e-01,4.341601368653604659e-02,4.341601368653604659e-02
1.927500000000000213e+00,2.901047185661046512e+01,1.103481047185659008e+04,2.770287247963825195e-01,4.327368488412107472e-02,4.327368488412107472e-02
1.935000000000000053e+00,2.926581575930978119e+01,1.108486581575928903e+04,2.766029614327946140e-01,4.313075860358264041e-02,4.313075860358264041e-02
1.942500000000000115e+00,2.952049938606520030e+01,1.113492049938604214e+04,2.754934819001446655e-01,4.299453531928935923e-02,4.299453531928935229e-02
1.950000000000000178e+00,2.977470310439919388e+01,1.118497470310437711e+04,2.754866684520319575e-01,4.286218499349216809e-02,4.286218499349216116e-02
1.957500000000000240e+00,3.002870942098688900e+01,1.123502870942096342e+04,2.743027180072327154e-01,4.273421245620590697e-02,4.273421245620591391e-02
1.965000000000000080e+00,3.028206263998081127e+01,1.128508206263995635e+04,2.747019589183385402e-01,4.261194827678679159e-02,4.261194827678679159e-02
1.972500000000000142e+00,3.053507775773024235e+01,1.133513507775770449e+04,2.737096787295739686e-01,4.249554835027815475e-02,4.249554835027815475e-02
1.980000000000000204e+00,3.078780153492926885e+01,1.138518780153490297e+04,2.743199830959498486e-01,4.238371618793942280e-02,4.238371618793942974e-02
1.987500000000000266e+00,3.103981136022159149e+01,1.143523981136019574e+04,2.736547355511186330e-01,4.228064066398579818e-02,4.228064066398579818e-02
1.995000000000000107e+00,3.129176040767601918e+01,1.148529176040764833e+04,2.744158824255625295e-01,4.218195005588846330e-02,4.218195005588847024e-02
2.002499999999999947e+00,3.154289036796583190e+01,1.153534289036793780e+04,2.740627053618653886e-01,4.209346599450601578e-02,4.209346599450600884e-02
2.010000000000000231e+00,3.179396452730468781e+01,1.158539396452727669e+04,2.750686104238837526e-01,4.201057271196242948e-02,4.201057271196242948e-02
2.017500000000000071e+00,3.204425771217405128e+01,1.163544425771214446e+04,2.750106469888543570e-01,4.193880292472021432e-02,4.193880292472021432e-02
2.025000000000000355e+00,3.229445223546516530e+01,1.168549445223543444e+04,2.763599497034203156e-01,4.187414444958981879e-02,4.187414444958980492e-02
2.032500000000000195e+00,3.254386445092026037e+01,1.173554386445088858e+04,2.765782248077917616e-01,4.182195964010719524e-02,4.182195964010719524e-02
2.040000000000000036e+00,3.279318766384105288e+01,1.178559318766380966e+04,2.783723695185892355e-01,4.177829845249824564e-02,4.177829845249823870e-02
2.047500000000000320e+00,3.304167075751119853e+01,1.183564167075747901e+04,2.788454019560399622e-01,4.174888956000558787e-02,4.174888956000558787e-02
2.055000000000000160e+00,3.329012703512137961e+01,1.188569012703508815e+04,2.811853475228964228e-01,4.172937621917775786e-02,4.172937621917775786e-02
2.062500000000000000e+00,3.353766512022259860e+01,1.193573766512018847e+04,2.822625971848659598e-01,4.172606823008389448e-02,4.172606823008388754e-02
2.070000000000000284e+00,3.378509354761672512e+01,1.198578509354758171e+04,2.848698346331089981e-01,4.173487190629034810e-02,4.173487190629034810e-02
2.077500000000000124e+00,3.403183091598315002e+01,1.203583183091594765e+04,2.866969077662978593e-01,4.176051089564890989e-02,4.176051089564890989e-02
2.084999999999999964e+00,3.427810507778814753e+01,1.208587810507775248e+04,2.894807799251142844e-01,4.180182228310562464e-02,4.180182228310561771e-02
2.092500000000000249e+00,3.452409487955113576e+01,1.213592409487951409e+04,2.921380599183617255e-01,4.185986842982434425e-02,4.185986842982433037e-02
2.100000000000000089e+00,3.476933064114918182e+01,1.218596933064111181e+04,2.950481801685320149e-01,4.193703769973108203e-02,4.193703769973109591e-02
2.107500000000000373e+00,3.501414721131474295e+01,1.223601414721127730e+04,2.985868817185310387e-01,4.203288431332406760e-02,4.203288431332406760e-02
2.115000000000000213e+00,3.525850536026165827e+01,1.228605850536022263e+04,3.015680728807158539e-01,4.214969459065760760e-02,4.214969459065760760e-02
2.122500000000000053e+00,3.550222350785161041e+01,1.233610222350781260e+04,3.060014558418678310e-01,4.228817118486161847e-02,4.228817118486161847e-02
2.130000000000000338e+00,3.574495806040555834e+01,1.238614495806036575e+04,3.095370686049800368e-01,4.245282640080605407e-02,4.245282640080604714e-02
2.137500000000000178e+00,3.598669030116165146e+01,1.243618669030112142e+04,3.142969922689946016e-01,4.264550226866498789e-02,4.264550226866498789e-02
2.145000000000000018e+00,3.622696821103968290e+01,1.248622696821099817e+04,3.187817530751801409e-01,4.286987129897782550e-02,4.286987129897781856e-02
2.152500000000000302e+00,3.646461878402055845e+01,1.253626461878397822e+04,3.233616391339766416e-01,4.313254905908726899e-02,4.313254905908726899e-02
2.160000000000000142e+00,3.669948749175411251e+01,1.258629948749171126e+04,3.287851509317811782e-01,4.343457870195085307e-02,4.343457870195085307e-02
2.167499999999999982e+00,3.693045935399869961e+01,1.263633045935395421e+04,3.337731049491351465e-01,4.378059234449291348e-02,4.378059234449290654e-02
2.175000000000000266e+00,3.715654576525669484e+01,1.268635654576521119e+04,3.395304385077023146e-01,4.417416062759656897e-02,4.417416062759657591e-02
2.182500000000000107e+00,3.737644900976435736e+01,1.273637644900971827e+04,3.458512774721665406e-01,4.461531447048747850e-02,4.461531447048746463e-02
2.190000000000000391e+00,3.759038334206308463e+01,1.278639038334201723e+04,3.523354425708916104e-01,4.510348080351803124e-02,4.510348080351803124e-02
2.197500000000000231e+00,3.779780863796926127e+01,1.283639780863792294e+04,3.591976576543207678e-01,4.563745780527903029e-02,4.563745780527901641e-02
2.205000000000000071e+00,3.799910710638113187e+01,1.288639910710633376e+04,3.668349296412942717e-01,4.621277980293771181e-02,4.621277980293771181e-02
2.212500000000000355e+00,3.819609307286755495e+01,1.293639609307281899e+04,3.754608943261336096e-01,4.682763052102419110e-02,4.682763052102417722e-02
2.220000000000000195e+00,3.839023229677216165e+01,1.298639023229672239e+04,3.847226984773407521e-01,4.747952169664026306e-02,4.747952169664027000e-02
2.227500000000000036e+00,3.858339902994433857e+01,1.303638339902989537e+04,3.946079607090615116e-01,4.816494812891225497e-02,4.816494812891225497e-02
2.235000000000000320e+00,3.877716216780922309e+01,1.308637716216775880e+04,4.049664159142872255e-01,4.888175837301133447e-02,4.888175837301132753e-02
2.242500000000000160e+00,3.897282079635208163e+01,1.313637282079630131e+04,4.154927861394883126e-01,4.962634642395599011e-02,4.962634642395599011e-02
2.250000000000000000e+00,3.917145520137981407e+01,1.318637145520132799e+04,4.260149989387121416e-01,5.039410254982003290e-02,5.039410254982003290e-02
2.257500000000000284e+00,3.937383228412073066e+01,1.323637383228406725e+04,4.371892906286805602e-01,5.117948120247569482e-02,5.117948120247569482e-02
2.265000000000000124e+00,3.958053913325460371e+01,1.328638053913320073e+04,4.474526640309003933e-01,5.197656870759736342e-02,5.197656870759737036e-02
2.272499999999999964e+00,3.979209070973058004e+01,1.333639209070967627e+04,4.572811817441741478e-01,5.277890579740362326e-02,5.277890579740362326e-02
2.280000000000000249e+00,4.000886990812345090e+01,1.338640886990806939e+04,4.667511630175948945e-01,5.357938262191704049e-02,5.357938262191703355e-02
2.287500000000000089e+00,4.023129767480649122e+01,1.343643129767475148e+04,4.753284642188168596e-01,5.437024546347098836e-02,5.437024546347099530e-02
2.295000000000000373e+00,4.045995008330366005e+01,1.348645995008324644e+04,4.831357639246650071e-01,5.514534062357302063e-02,5.514534062357301369e-02
2.302500000000000213e+00,4.069551561051216737e+01,1.353649551561045519e+04,4.907830607686332058e-01,5.589735570727660807e-02,5.589735570727660807e-02
2.310000000000000053e+00,4.093850833392823318e+01,1.358653850833386969e+04,4.971750011175521400e-01,5.661929356950159975e-02,5.661929356950159281e-02
2.317500000000000338e+00,4.118983810330701800e+01,1.363658983810324935e+04,5.029429689882893850e-01,5.730452420440503708e-02,5.730452420440502320e-02
2.325000000000000178e+00,4.145044530827506435e+01,1.368665044530821615e+04,5.089172542160378399e-01,5.794699326219546892e-02,5.794699326219547586e-02
2.332500000000000018e+00,4.172140519937192948e+01,1.373672140519931236e+04,5.141820403708334819e-01,5.854118208979470356e-02,5.854118208979470356e-02
2.340000000000000302e+00,4.200368835376200138e+01,1.378680368835370064e+04,5.189537916844629839e-01,5.908054361706322616e-02,5.908054361706323310e-02
2.347500000000000142e+00,4.229813077050015124e+01,1.383689813077043800e+04,5.234033943870324279e-01,5.955937437219614022e-02,5.955937437219614022e-02
2.354999999999999982e+00,4.260508333576275675e+01,1.388700508333569996e+04,5.276607179476380249e-01,5.997201893637643666e-02,5.997201893637642278e-02
2.362500000000000266e+00,4.292365182568723014e+01,1.393712365182562462e+04,5.318203321134516992e-01,6.031246424483032581e-02,6.031246424483032581e-02
2.370000000000000107e+00,4.325073190977212079e+01,1.398725073190970761e+04,5.359474578567133829e-01,6.057491640949756728e-02,6.057491640949756034e-02
2.377500000000000391e+00,4.358098703762062343e+01,1.403738098703755713e+04,5.400836248871880851e-01,6.075904970886102097e-02,6.075904970886100709e-02
2.385000000000000231e+00,4.390979242119666281e+01,1.408750979242113135e+04,5.442517561060394859e-01,6.087583507684940498e-02,6.087583507684939110e-02
2.392500000000000071e+00,4.423519230502792965e+01,1.413763519230496240e+04,5.484605580111215906e-01,6.094292740339429804e-02,6.094292740339429804e-02
2.400000000000000355e+00,4.455703046173791648e+01,1.418775703046167109e+04,5.527081967655217420e-01,6.097615428641660340e-02,6.097615428641658952e-02
2.407500000000000195e+00,4.487579393530353400e+01,1.423787579393523629e+04,5.569853013539270981e-01,6.098764684585011170e-02,6.098764684585011170e-02
2.415000000000000036e+00,4.519194125385320149e+01,1.428799194125378563e+04,5.612773694601512764e-01,6.098577856918610540e-02,6.098577856918610540e-02
2.422500000000000320e+00,4.550607160668298690e+01,1.433810607160661493e+04,5.655666655893271111e-01,6.097686646079710643e-02,6.097686646079709255e-02
2.430000000000000160e+00,4.581855964929682301e+01,1.438821855964922725e+04,5.698337002330055023e-01,6.096536267777198648e-02,6.096536267777198648e-02
2.437500000000000000e+00,4.612997961805555036e+01,1.443832997961798537e+04,5.740583690122637028e-01,6.095380721170504806e-02,6.095380721170507582e-02
2.445000000000000284e+00,4.644016978536997442e+01,1.448844016978529908e+04,5.782208168408947691e-01,6.094615025358152832e-02,6.094615025358154220e-02
2.452500000000000124e+00,4.674960464134847626e+01,1.453854960464127726e+04,5.823020782470065271e-01,6.094319232451292367e-02,6.094319232451292367e-02
2.460000000000000409e+00,4.705858417148253636e+01,1.458865858417140953e+04,5.862845334937434316e-01,6.094544538103308096e-02,6.094544538103306708e-02
2.467500000000000249e+00,4.736724232958268743e+01,1.463876724232950983e+04,5.901522118826215690e-01,6.095353709706418516e-02,6.095353709706419210e-02
2.475000000000000089e+00,4.767567979584872262e+01,1.468887567979577398e+04,5.938909683026450947e-01,6.096798285500367592e-02,6.096798285500366205e-02
2.482500000000000373e+00,4.798399439531507937e+01,1.473898399439524110e+04,5.974885558445004463e-01,6.098886979234817429e-02,6.098886979234818817e-02
2.490000000000000213e+00,4.829227311318480531e+01,1.478909227311310860e+04,6.009346151930294866e-01,6.101601642853710789e-02,6.101601642853710789e-02
2.497500000000000053e+00,4.860051349518889197e+01,1.483920051349511232e+04,6.042205998043524984e-01,6.104952962232481489e-02,6.104952962232480101e-02
2.505000000000000338e+00,4.890890942141747644e+01,1.488930890942134101e+04,6.073396541201047105e-01,6.108820489041757312e-02,6.108820489041757312e-02
2.512500000000000178e+00,4.921752986129893515e+01,1.493941752986122083e+04,6.102864600895109293e-01,6.113137240372671505e-02,6.113137240372671505e-02
2.520000000000000018e+00,4.952642484636125175e+01,1.498952642484628268e+04,6.130570650650272180e-01,6.117836986949947570e-02,6.117836986949946182e-02
2.527500000000000302e+00,3.564848018988610312e-02,1.498983564848011156e+04,6.156487018137929423e-01,6.122828278885098646e-02,6.122828278885098646e-02
2.535000000000000142e+00,3.452300384584310877e-01,1.503994523003837821e+04,6.180596090820896782e-01,6.128050649225684487e-02,6.128050649225684487e-02
2.542500000000000426e+00,6.551974460747183038e-01,1.509005519744599405e+04,6.202888589889691273e-01,6.133434932398342671e-02,6.133434932398341283e-02
2.550000000000000266e+00,9.655742553183779275e-01,1.514016557425523752e+04,6.226666594839415092e-01,6.138912126575104405e-02,6.138912126575103018e-02
2.557500000000000107e+00,1.276379256150512287e+00,1.519027637925606905e+04,6.249832073657878295e-01,6.144417281460063524e-02,6.144417281460063524e-02
2.565000000000000391e+00,1.587625234591987233e+00,1.524038762523450896e+04,6.271374841113279697e-01,6.149892462498873086e-02,6.149892462498871004e-02
2.572500000000000231e+00,1.899321658799415946e+00,1.529049932165871542e+04,6.291294015416083463e-01,6.155282104700088297e-02,6.155282104700088297e-02
2.580000000000000071e+00,2.211478438056467599e+00,1.534061147843797153e+04,6.309590586753083263e-01,6.160524702716494577e-02,6.160524702716495965e-02
2.587500000000000355e+00,2.524080014755061274e+00,1.539072408001467011e+04,6.326266772632690438e-01,6.165600020968339812e-02,6.165600020968339812e-02
2.595000000000000195e+00,2.837119299561496000e+00,1.544083711929947640e+04,6.341325469888752231e-01,6.170475176975494247e-02,6.170475176975492859e-02
2.602500000000000036e+00,3.150460875840932040e+00,1.549095046087575429e+04,6.354769791931895728e-01,6.175216587680533442e-02,6.175216587680533442e-02
2.610000000000000320e+00,3.464211354567798828e+00,1.554106421135447999e+04,6.368053951842213012e-01,6.179722661663020894e-02,6.179722661663019506e-02
2.617500000000000160e+00,3.778390767627811453e+00,1.559117839076753990e+04,6.384226826658098153e-01,6.183954110216761946e-02,6.183954110216760558e-02
2.625000000000000000e+00,4.092990229506228594e+00,1.564129299022941814e+04,6.398897405255293824e-01,6.187895139840091790e-02,6.187895139840091097e-02
2.632500000000000284e+00,4.407986694447647125e+00,1.569140798669435935e+04,6.412058169047887279e-01,6.191560449713305603e-02,6.191560449713304215e-02
2.640000000000000124e+00,4.723384022983093899e+00,1.574152338402289388e+04,6.423701400646576465e-01,6.194928693474372611e-02,6.194928693474372611e-02
2.647500000000000409e+00,5.039167704823943161e+00,1.579163916770473406e+04,6.433819062752663687e-01,6.198005317103533196e-02,6.198005317103533196e-02
2.655000000000000249e+00,5.355306449161734150e+00,1.584175530644907121e+04,6.442402686214870888e-01,6.200809324897831043e-02,6.200809324897831043e-02
2.662500000000000089e+00,5.671688487496594711e+00,1.589187168848740475e+04,6.454626440482665872e-01,6.203406725670854854e-02,6.203406725670856242e-02
2.670000000000000373e+00,5.988307176305898594e+00,1.594198830717621240e+04,6.466812772158835321e-01,6.205813578372855466e-02,6.205813578372855466e-02
2.677500000000000213e+00,6.305270111753713991e+00,1.599210527011166050e+04,6.477491516218011336e-01,6.207957883999136450e-02,6.207957883999137838e-02
2.685000000000000053e+00,6.622549206503013153e+00,1.604222254920640808e+04,6.486646477578212888e-01,6.209874073027006613e-02,6.209874073027004532e-02
2.692500000000000338e+00,6.940147888788910535e+00,1.609234014788869354e+04,6.494261624690773615e-01,6.211553120942116257e-02,6.211553120942119727e-02
2.700000000000000178e+00,7.258073485162607419e+00,1.614245807348506605e+04,6.501178152826214696e-01,6.212978555278374920e-02,6.212978555278374226e-02
2.707500000000000018e+00,7.576285317228471428e+00,1.619257628531713272e+04,6.512769097520232364e-01,6.214199217653745139e-02,6.214199217653745139e-02
2.715000000000000302e+00,7.894557224818512964e+00,1.624269455722472048e+04,6.522802506042657544e-01,6.215407158898958451e-02,6.215407158898954981e-02
2.722500000000000142e+00,8.213099048080382047e+00,1.629281309904798218e+04,6.531257647377058939e-01,6.216435938626145574e-02,6.216435938626146962e-02
2.730000000000000426e+00,8.531928365911543466e+00,1.634293192836581329e+04,6.538114569178835600e-01,6.217285796287403549e-02,6.217285796287406324e-02
2.737500000000000266e+00,8.851033737345135322e+00,1.639305103373724705e+04,6.543353963597750012e-01,6.217983342838250688e-02,6.217983342838250688e-02
2.745000000000000107e+00,9.170425593185983715e+00,1.644317042559308902e+04,6.553833190080149418e-01,6.218506501487219840e-02,6.218506501487220534e-02
2.752500000000000391e+00,9.490071698947117440e+00,1.649329007169884790e+04,6.563215983276672327e-01,6.218889737173609322e-02,6.218889737173609322e-02
2.760000000000000231e+00,9.809719836506152646e+00,1.654340971983640702e+04,6.570931319583566133e-01,6.219354287394184000e-02,6.219354287394184000e-02
2.767500000000000071e+00,1.012963514940549459e+01,1.659352963514930525e+04,6.576958311608153140e-01,6.219686857535140084e-02,6.219686857535138697e-02
2.775000000000000355e+00,1.044982633717171794e+01,1.664364982633707041e+04,6.581685307865313694e-01,6.219880004415458130e-02,6.219880004415458824e-02
2.782500000000000195e+00,1.077027737381076555e+01,1.669377027737370736e+04,6.591966506603014198e-01,6.219972987129022968e-02,6.219972987129020886e-02
2.790000000000000036e+00,1.109097937563747927e+01,1.674389097937553379e+04,6.600492797031689562e-01,6.219971072946969132e-02,6.219971072946969826e-02
2.797500000000000320e+00,1.141180547561913095e+01,1.679401180547551485e+04,6.607243038783979783e-01,6.219971108653227221e-02,6.219971108653227221e-02
2.805000000000000160e+00,1.173274271532985225e+01,1.684413274271522459e+04,6.612197725262685122e-01,6.219979644723089979e-02,6.219979644723088591e-02
2.812500000000000444e+00,1.205395300628708988e+01,1.689425395300618402e+04,6.618731621264014597e-01,6.219887725431008652e-02,6.219887725431009345e-02
2.820000000000000284e+00,1.237542013457720103e+01,1.694437542013447091e+04,6.627947600028206709e-01,6.219711024718549419e-02,6.219711024718550807e-02
2.827500000000000124e+00,1.269713055633952514e+01,1.699449713055623215e+04,6.635288643877836900e-01,6.219481173131440055e-02,6.219481173131440055e-02
2.835000000000000409e+00,1.301904232192176991e+01,1.704461904232181405e+04,6.640736565773975864e-01,6.219197015981060839e-02,6.219197015981060839e-02
2.842500000000000249e+00,1.334096793525515778e+01,1.709474096793514764e+04,6.644326947331777866e-01,6.219028728069230655e-02,6.219028728069230655e-02
2.850000000000000089e+00,1.366317747336587018e+01,1.714486317747325666e+04,6.654059167825358001e-01,6.218756481785208540e-02,6.218756481785208540e-02
2.857500000000000373e+00,1.398563374234493928e+01,1.719498563374223522e+04,6.661810503480930512e-01,6.218436424594096096e-02,6.218436424594094708e-02
2.865000000000000213e+00,1.430835418300365447e+01,1.724510835418289207e+04,6.667564960720232525e-01,6.218032854974569340e-02,6.218032854974569340e-02
2.872500000000000053e+00,1.463125345894107632e+01,1.729523125345883091e+04,6.671308734524226125e-01,6.217625524273341642e-02,6.217625524273340948e-02
2.880000000000000338e+00,1.495416699103713576e+01,1.734535416699092457e+04,6.679317714571331166e-01,6.217339788998429290e-02,6.217339788998430677e-02
2.887500000000000178e+00,1.527736290474367209e+01,1.739547736290463217e+04,6.687263854237288641e-01,6.216962927148863421e-02,6.216962927148862034e-02
2.895000000000000018e+00,1.560081903001698578e+01,1.744560081902990350e+04,6.693106199396363643e-01,6.216525646417710160e-02,6.216525646417710160e-02
2.902500000000000302e+00,1.592453309450272059e+01,1.749572453309438788e+04,6.696834248805907386e-01,6.216016375356596402e-02,6.216016375356597790e-02
2.910000000000000142e+00,1.624834143391803920e+01,1.754584834143380431e+04,6.704009499019139007e-01,6.215587977952086868e-02,6.215587977952086174e-02
2.917500000000000426e+00,1.657224453554760046e+01,1.759597224453543095e+04,6.711908997390478859e-01,6.215219564408142050e-02,6.215219564408140662e-02
2.925000000000000266e+00,1.689644081820706845e+01,1.764609644081809165e+04,6.717597078527146603e-01,6.214742738114367726e-02,6.214742738114367726e-02
2.932500000000000107e+00,1.722089361600495749e+01,1.769622089361588951e+04,6.721067204095048098e-01,6.214217341697141767e-02,6.214217341697140379e-02
2.940000000000000391e+00,1.754558540861616223e+01,1.774634558540850048e+04,6.728261569746388782e-01,6.213646464116691359e-02,6.213646464116689278e-02
2.947500000000000231e+00,1.787024004201370175e+01,1.779647024004189734e+04,6.735853679975069008e-01,6.213263697182531270e-02,6.213263697182531964e-02
2.955000000000000071e+00,1.819516022279019296e+01,1.784659516022267053e+04,6.741128150432311728e-01,6.212781555041890086e-02,6.212781555041890086e-02
2.962500000000000355e+00,1.852034333004269939e+01,1.789672034332992189e+04,6.744083007101915328e-01,6.212245109692358241e-02,6.212245109692360323e-02
2.970000000000000195e+00,1.884577709466013928e+01,1.794684577709453879e+04,6.752072166973520639e-01,6.211657287815419010e-02,6.211657287815419010e-02
2.977500000000000036e+00,1.917129103125628120e+01,1.799697129103113548e+04,6.759082157058937668e-01,6.211163720707440355e-02,6.211163720707441743e-02
2.985000000000000320e+00,1.949692407639563640e+01,1.804709692407627517e+04,6.763671583727043357e-01,6.210694146203258464e-02,6.210694146203257077e-02
2.992500000000000160e+00,1.982283976710960260e+01,1.809722283976698600e+04,6.766664704840198441e-01,6.210139193995355134e-02,6.210139193995356521e-02
3.000000000000000444e+00,2.014900047172942266e+01,1.814734900047160772e+04,6.775332673587912691e-01,6.209558152446672391e-02,6.209558152446670309e-02
3.007500000000000284e+00,2.047534385803412960e+01,1.819747534385791005e+04,6.781476420193049970e-01,6.208959677256270515e-02,6.208959677256270515e-02
3.015000000000000124e+00,2.080168608088569471e+01,1.824760168608076128e+04,6.785101738244418978e-01,6.208509009030740988e-02,6.208509009030740988e-02
3.022500000000000409e+00,2.112832624221271871e+01,1.829772832624208604e+04,6.790234927357226002e-01,6.207949663223392978e-02,6.207949663223392978e-02
3.030000000000000249e+00,2.145522498753504692e+01,1.834785522498740829e+04,6.797844615635600940e-01,6.207345387318689151e-02,6.207345387318689151e-02
3.037500000000000089e+00,2.178234163902664733e+01,1.839798234163890083e+04,6.802832833253512623e-01,6.206694072985769611e-02,6.206694072985768224e-02
3.045000000000000373e+00,2.210939598092714320e+01,1.844810939598079858e+04,6.805211453214659034e-01,6.206256661902951471e-02,6.206256661902950084e-02
3.052500000000000213e+00,2.243675923338095046e+01,1.849823675923325209e+04,6.813080698994575801e-01,6.205692175652532255e-02,6.205692175652532255e-02
3.060000000000000053e+00,2.276439689125377441e+01,1.854836439689112376e+04,6.819333820462778473e-01,6.205054327463742359e-02,6.205054327463744440e-02
3.067500000000000338e+00,2.309223591368892059e+01,1.859849223591355985e+04,6.822876110084015178e-01,6.204393454549065462e-02,6.204393454549066156e-02
3.075000000000000178e+00,2.342000977642119963e+01,1.864862000977629214e+04,6.827451009340489430e-01,6.203952651714739197e-02,6.203952651714740585e-02
3.082500000000000462e+00,2.374810969992553211e+01,1.869874810969979444e+04,6.834863406241149519e-01,6.203354026165342622e-02,6.203354026165342622e-02
3.090000000000000302e+00,2.407647405334109791e+01,1.874887647405320968e+04,6.839462992505691563e-01,6.202697856775889890e-02,6.202697856775891277e-02
3.097500000000000142e+00,2.440498683935533819e+01,1.879900498683922342e+04,6.841271771426910009e-01,6.202066379938338953e-02,6.202066379938337565e-02
3.105000000000000426e+00,2.473349867644492051e+01,1.884913349867631041e+04,6.849645462337016211e-01,6.201586792443231078e-02,6.201586792443231078e-02
3.112500000000000266e+00,2.506233294057750172e+01,1.889926233294044505e+04,6.855189019248486559e-01,6.200954079898833571e-02,6.200954079898833571e-02
3.120000000000000107e+00,2.539141765509925364e+01,1.894939141765496606e+04,6.857843424245297914e-01,6.200283726912985544e-02,6.200283726912986237e-02
3.127500000000000391e+00,2.572056452260007831e+01,1.899952056452246325e+04,6.863871657652369507e-01,6.199707779000500352e-02,6.199707779000502433e-02
3.135000000000000231e+00,2.604982901491088043e+01,1.904964982901477561e+04,6.870239064356118419e-01,6.199159922836704195e-02,6.199159922836704195e-02
3.142500000000000071e+00,2.637939424705082914e+01,1.909977939424691431e+04,6.873619445062438826e-01,6.198495767128347350e-02,6.198495767128345962e-02
3.150000000000000355e+00,2.670919349812751165e+01,1.914990919349799151e+04,6.877703547448209553e-01,6.197812487212953081e-02,6.197812487212953775e-02
3.157500000000000195e+00,2.703895368639131647e+01,1.920003895368625308e+04,6.884768161435592670e-01,6.197291177632650860e-02,6.197291177632650860e-02
3.165000000000000480e+00,2.736896370144491897e+01,1.925016896370130416e+04,6.888748889151987687e-01,6.196682699457291277e-02,6.196682699457290583e-02
3.172500000000000320e+00,2.769924842406883059e+01,1.930029924842392938e+04,6.891274294897050678e-01,6.196001517310448237e-02,6.196001517310446849e-02
3.180000000000000160e+00,2.802970018088072734e+01,1.935042970018073902e+04,6.898903317111766409e-01,6.195327118638418312e-02,6.195327118638418312e-02
3.187500000000000444e+00,2.836012916630224368e+01,1.940056012916616237e+04,6.903353121860027475e-01,6.194810234269069321e-02,6.194810234269068627e-02
3.195000000000000284e+00,2.869087548940218824e+01,1.945069087548926109e+04,6.904690147255564403e-01,6.194154883657873589e-02,6.194154883657873589e-02
3.202500000000000124e+00,2.902188908330114003e+01,1.950082188908315948e+04,6.912745062105654092e-01,6.193426642443457947e-02,6.193426642443457947e-02
3.210000000000000409e+00,2.935287590489994258e+01,1.955095287590475709e+04,6.917527456822913923e-01,6.192863752469057043e-02,6.192863752469057043e-02
3.217500000000000249e+00,2.968406177229985232e+01,1.960108406177215511e+04,6.919084641700578020e-01,6.192266919528486430e-02,6.192266919528484348e-02
3.225000000000000089e+00,3.001555557331470681e+01,1.965121555557316969e+04,6.926368832121818642e-01,6.191537125323187674e-02,6.191537125323187674e-02
3.232500000000000373e+00,3.034717587611988776e+01,1.970134717587597333e+04,6.931342610520213610e-01,6.190869051960849051e-02,6.190869051960849051e-02
3.240000000000000213e+00,3.067879145139447417e+01,1.975147879145124898e+04,6.933005423413879376e-01,6.190338518241825239e-02,6.190338518241821769e-02
3.247500000000000053e+00,3.101074843213627474e+01,1.980161074843199094e+04,6.939826246420602862e-01,6.189627903447038337e-02,6.189627903447038337e-02
3.255000000000000338e+00,3.134295178356093103e+01,1.985174295178341345e+04,6.944846045433807902e-01,6.188873914711905816e-02,6.188873914711904428e-02
3.262500000000000178e+00,3.167505190208894561e+01,1.990187505190194133e+04,6.946472372873842005e-01,6.188354527645662656e-02,6.188354527645662656e-02
3.270000000000000462e+00,3.200745767679600107e+01,1.995200745767664557e+04,6.953146335982945958e-01,6.187682055540125181e-02,6.187682055540126569e-02
3.277500000000000302e+00,3.234014156037596877e+01,2.000214014156022677e+04,6.958063256980443478e-01,6.186923584570046264e-02,6.186923584570046264e-02
3.285000000000000142e+00,3.267281896823697451e+01,2.005227281896808563e+04,6.959507962546283011e-01,6.186333994834530836e-02,6.186333994834532224e-02
3.292500000000000426e+00,3.300566927162301312e+01,2.010240566927147302e+04,6.966336762521498915e-01,6.185702685839435111e-02,6.185702685839435111e-02
3.300000000000000266e+00,3.333882705469013530e+01,2.015253882705453725e+04,6.970999047365674661e-01,6.184942376802009256e-02,6.184942376802009256e-02
3.307500000000000107e+00,3.367207239680688957e+01,2.020267207239665368e+04,6.972114646811958805e-01,6.184284855633490757e-02,6.184284855633490757e-02
3.315000000000000391e+00,3.400536911143280605e+01,2.025280536911128002e+04,6.979385061538345703e-01,6.183687105074281432e-02,6.183687105074281432e-02
3.322500000000000231e+00,3.433899184236143753e+01,2.030293899184220572e+04,6.983638819859068203e-01,6.182938770279212265e-02,6.182938770279212265e-02
3.330000000000000071e+00,3.467279861309079791e+01,2.035307279861293500e+04,6.984808261819192010e-01,6.182200865814914403e-02,6.182200865814913709e-02
3.337500000000000355e+00,3.500654215502621724e+01,2.040320654215487230e+04,6.992259934755299389e-01,6.181634658061453680e-02,6.181634658061453680e-02
3.345000000000000195e+00,3.534062510062602058e+01,2.045334062510047079e+04,6.995949917377903837e-01,6.180903225509384175e-02,6.180903225509384175e-02
3.352500000000000480e+00,3.567496321016057692e+01,2.050347496321000290e+04,6.998115580931880686e-01,6.180105234862140473e-02,6.180105234862140473e-02
3.360000000000000320e+00,3.600917241061218022e+01,2.055360917241045536e+04,7.004912607667069802e-01,6.179550794862814778e-02,6.179550794862814778e-02
3.367500000000000160e+00,3.634371520083255547e+01,2.060374371520067507e+04,7.007883018027244448e-01,6.178835288571183498e-02,6.178835288571182111e-02
3.375000000000000444e+00,3.667854291674348133e+01,2.065387854291658368e+04,7.011297520675880968e-01,6.178011394837933101e-02,6.178011394837933795e-02
3.382500000000000284e+00,3.701324445128338425e+01,2.070401324445112186e+04,7.017278255735925896e-01,6.177442909381702235e-02,6.177442909381701541e-02
3.390000000000000124e+00,3.734825737339648555e+01,2.075414825737323554e+04,7.019373586738220094e-01,6.176723871072591077e-02,6.176723871072591771e-02
3.397500000000000409e+00,3.768356457057856090e+01,2.080428356457041809e+04,7.024274046486355116e-01,6.175884766264785886e-02,6.175884766264784498e-02
3.405000000000000249e+00,3.801874803002755954e+01,2.085441874802986422e+04,7.029277488094097803e-01,6.175309108288531967e-02,6.175309108288531273e-02
3.412500000000000089e+00,3.835423834124160436e+01,2.090455423834107933e+04,7.030343366915483561e-01,6.174573761074907130e-02,6.174573761074907824e-02
3.420000000000000373e+00,3.869002354946000111e+01,2.095469002354929762e+04,7.036951198743283120e-01,6.173719292126245844e-02,6.173719292126245151e-02
3.427500000000000213e+00,3.902567594456644429e+01,2.100482567594440115e+04,7.040817861890663609e-01,6.173143571662823015e-02,6.173143571662821627e-02
3.435000000000000497e+00,3.936165147018004973e+01,2.105496165147001375e+04,7.042519694323049473e-01,6.172379303652046623e-02,6.172379303652045235e-02
3.442500000000000338e+00,3.969791305974780471e+01,2.110509791305958061e+04,7.049222618514788818e-01,6.171510534745539012e-02,6.171510534745539706e-02
3.450000000000000178e+00,4.003403089969309292e+01,2.115523403089952626e+04,7.051795385621131285e-01,6.170925372337864728e-02,6.170925372337864034e-02
3.457500000000000462e+00,4.037049209028253927e+01,2.120537049209011457e+04,7.055679281815860904e-01,6.170133404989804754e-02,6.170133404989803366e-02
3.465000000000000302e+00,4.070722420396998587e+01,2.125550722420380043e+04,7.060971036100985865e-01,6.169256252443368338e-02,6.169256252443368338e-02
3.472500000000000142e+00,4.104380687818778739e+01,2.130564380687801895e+04,7.062095957961125325e-01,6.168651794402139205e-02,6.168651794402139205e-02
3.480000000000000426e+00,4.138075684555768419e+01,2.135578075684538635e+04,7.068347399033464429e-01,6.167828615049007757e-02,6.167828615049006369e-02
3.487500000000000266e+00,4.171792736885428354e+01,2.140591792736868229e+04,7.072069662403158707e-01,6.166970642975191930e-02,6.166970642975192624e-02
3.495000000000000107e+00,4.205500228081238845e+01,2.145605500228064193e+04,7.074043499315175731e-01,6.166314950179311444e-02,6.166314950179309362e-02
3.502500000000000391e+00,4.239244315721465739e+01,2.150619244315704418e+04,7.080384696242386644e-01,6.165458006660176626e-02,6.165458006660176626e-02
3.510000000000000231e+00,4.273002931535667415e+01,2.155633002931518422e+04,7.082383418874733660e-01,6.164629617245273585e-02,6.164629617245274279e-02
3.517500000000000071e+00,4.306761846710232078e+01,2.160646761846692971e+04,7.087157215377187791e-01,6.163905523637448758e-02,6.163905523637448758e-02
3.525000000000000355e+00,4.340555733577301112e+01,2.165660555733559886e+04,7.091643932960369767e-01,6.163003698919516243e-02,6.163003698919514856e-02
3.532500000000000195e+00,4.374355445106684215e+01,2.170674355445089168e+04,7.092504348632854283e-01,6.162202261038773193e-02,6.162202261038774581e-02
3.540000000000000480e+00,4.408166480094619288e+01,2.175688166480077052e+04,7.099491597590955605e-01,6.161403588157608746e-02,6.161403588157606664e-02
3.547500000000000320e+00,4.442012193226763372e+01,2.180702012193209157e+04,7.101970834403010802e-01,6.160424186154955795e-02,6.160424186154954407e-02
3.555000000000000160e+00,4.475851628018637740e+01,2.185715851628001110e+04,7.106040657724361775e-01,6.159664369396812555e-02,6.159664369396812555e-02
3.562500000000000444e+00,4.509715709103224413e+01,2.190729715709085576e+04,7.110880216996516845e-01,6.158781230727412848e-02,6.158781230727413541e-02
3.570000000000000284e+00,4.543612880211370708e+01,2.195743612880193541e+04,7.111406527457196924e-01,6.157728167065892183e-02,6.157728167065893571e-02
3.577500000000000124e+00,4.577492925656948586e+01,2.200757492925638871e+04,7.118609335257914950e-01,6.156994555816170528e-02,6.156994555816169140e-02
3.585000000000000409e+00,4.611411374607063607e+01,2.205771411374588934e+04,7.121150018083971522e-01,6.156007195046869773e-02,6.156007195046869773e-02
3.592500000000000249e+00,4.645347794037034106e+01,2.210785347794018890e+04,7.125270332118747163e-01,6.155011806121137713e-02,6.155011806121139795e-02
3.600000000000000089e+00,4.679281259281368932e+01,2.215799281259263080e+04,7.130024412579493154e-01,6.154168920004327720e-02,6.154168920004327026e-02
3.607500000000000373e+00,4.713253929058051028e+01,2.220813253929040002e+04,7.130976307692459271e-01,6.153085716348841161e-02,6.153085716348842549e-02
3.615000000000000213e+00,4.747226502131108816e+01,2.225827226502112899e+04,7.137936238955974178e-01,6.152174791664635073e-02,6.152174791664635767e-02
3.622500000000000497e+00,4.781219102625547634e+01,2.230841219102607283e+04,7.140092579965389152e-01,6.151168967681290567e-02,6.151168967681289873e-02
3.630000000000000338e+00,4.815246312828725195e+01,2.235855246312810414e+04,7.144994334535623715e-01,6.149987553401699281e-02,6.149987553401697893e-02
3.637500000000000178e+00,4.849257989423790605e+01,2.240869257989405378e+04,7.149196234723981247e-01,6.149113957483896831e-02,6.149113957483897525e-02
3.645000000000000462e+00,4.883308602991770186e+01,2.245883308602973193e+04,7.151307694494807299e-01,6.147974092344669211e-02,6.147974092344669905e-02
3.652500000000000302e+00,4.917375069703629720e+01,2.250897375069684858e+04,7.157535866665308832e-01,6.146856946093508245e-02,6.146856946093508939e-02
3.660000000000000142e+00,4.951444075433034442e+01,2.255911444075414329e+04,7.158832959860396139e-01,6.145830332628594156e-02,6.145830332628596238e-02
3.667500000000000426e+00,5.551700408714656948e-02,2.255945551700389842e+04,7.165214363280625331e-01,6.144588147409128093e-02,6.144588147409128787e-02
3.675000000000000266e+00,3.965511109895418218e-01,2.260959655111080065e+04,7.168365896827264550e-01,6.143546648573444680e-02,6.143546648573443292e-02
3.682500000000000107e+00,7.378665775133348426e-01,2.265973786657732489e+04,7.172333208316692410e-01,6.142347365789384978e-02,6.142347365789383590e-02
3.690000000000000391e+00,1.079466107497648375e+00,2.270987946610730796e+04,7.177306559729228486e-01,6.141041130643336288e-02,6.141041130643336288e-02
3.697500000000000231e+00,1.420963305574744595e+00,2.276002096330538552e+04,7.178991657367312929e-01,6.139980760785881952e-02,6.139980760785883340e-02
3.705000000000000515e+00,1.762889964286421085e+00,2.281016288996409639e+04,7.185747576332478515e-01,6.138647772699009492e-02,6.138647772699009492e-02
3.712500000000000355e+00,2.104840351806969601e+00,2.286030484035161498e+04,7.187315648535873569e-01,6.137464839377228948e-02,6.137464839377228948e-02
3.720000000000000195e+00,2.447007184525622936e+00,2.291044700718433160e+04,7.193777868006403509e-01,6.136202566446060519e-02,6.136202566446060519e-02
3.727500000000000480e+00,2.789528664177324480e+00,2.296058952866398249e+04,7.196935986112863448e-01,6.134758915771399562e-02,6.134758915771398174e-02
3.735000000000000320e+00,3.131892446957659892e+00,2.301073189244676178e+04,7.201481524750279473e-01,6.133642828565262495e-02,6.133642828565262495e-02
3.742500000000000160e+00,3.474722255981978591e+00,2.306087472225578676e+04,7.206174927586358470e-01,6.132210404261903558e-02,6.132210404261903558e-02
3.750000000000000444e+00,3.817577033912771700e+00,2.311101757703371550e+04,7.208936565707536603e-01,6.130949845181722646e-02,6.130949845181722646e-02
3.757500000000000284e+00,4.160661592998575742e+00,2.316116066159280308e+04,7.215102879086128240e-01,6.129603065481208091e-02,6.129603065481208091e-02
3.765000000000000124e+00,4.504077748955479521e+00,2.321130407774875857e+04,7.216213625956713340e-01,6.128117493105091768e-02,6.128117493105092461e-02
3.772500000000000409e+00,4.847376218613490551e+00,2.326144737621841705e+04,7.223782639376536974e-01,6.126931166234771131e-02,6.126931166234771131e-02
3.780000000000000249e+00,5.191150116550752536e+00,2.331159115011635367e+04,7.225788678228842743e-01,6.125434160229580038e-02,6.125434160229579345e-02
3.787500000000000089e+00,5.534898832513419187e+00,2.336173489883231377e+04,7.232268186594146275e-01,6.124179245258302290e-02,6.124179245258303678e-02
3.795000000000000373e+00,5.878951055417093841e+00,2.341187895105521602e+04,7.235456273880755962e-01,6.122774226506373652e-02,6.122774226506374345e-02
3.802500000000000213e+00,6.223240505227574104e+00,2.346202324050502648e+04,7.240603511392975644e-01,6.121352713757226977e-02,6.121352713757226283e-02
3.810000000000000497e+00,6.567539431880672574e+00,2.351216753943168078e+04,7.244888372472330085e-01,6.120103398015509094e-02,6.120103398015508400e-02
3.817500000000000338e+00,6.912281604011126568e+00,2.356231228160380851e+04,7.248821548380058877e-01,6.118620733735306155e-02,6.118620733735305461e-02
3.825000000000000178e+00,7.256924206656251819e+00,2.361245692420645355e+04,7.254110872601811089e-01,6.117450960602852095e-02,6.117450960602850707e-02
3.832500000000000462e+00,7.601963432068893134e+00,2.366260196343186544e+04,7.256943257497814326e-01,6.116076328975516424e-02,6.116076328975516424e-02
3.840000000000000302e+00,7.947121074279969832e+00,2.371274712107407686e+04,7.263138202928393072e-01,6.114811737875004011e-02,6.114811737875006092e-02
3.847500000000000142e+00,8.292443119049174527e+00,2.376289244311884249e+04,7.264976904996495177e-01,6.113589348390614103e-02,6.113589348390614103e-02
3.855000000000000426e+00,8.638112892885194682e+00,2.381303811289267833e+04,7.271972812305317335e-01,6.112253764247217724e-02,6.112253764247217724e-02
3.862500000000000266e+00,8.983683775167389030e+00,2.386318368377496154e+04,7.272965671068205573e-01,6.111249462957071138e-02,6.111249462957070444e-02
3.870000000000000107e+00,9.329745035202474668e+00,2.391332974503499645e+04,7.280604912384336380e-01,6.109967994794362339e-02,6.109967994794361645e-02
3.877500000000000391e+00,9.675708376317098569e+00,2.396347570837611056e+04,7.282166188126230066e-01,6.109047236018270294e-02,6.109047236018270294e-02
3.885000000000000231e+00,1.002205464541403757e+01,2.401362205464520594e+04,7.289012505545743315e-01,6.107956298584654720e-02,6.107956298584656107e-02
3.892500000000000515e+00,1.036849913791093236e+01,2.406376849913770275e+04,7.291034103477039841e-01,6.107029272555639793e-02,6.107029272555639099e-02
3.900000000000000355e+00,1.071512266414558567e+01,2.411391512266393693e+04,7.297161721001048651e-01,6.106156442926512912e-02,6.106156442926512912e-02
3.907500000000000195e+00,1.106202669356692958e+01,2.416406202669335471e+04,7.299534189322561817e-01,6.105267818159232363e-02,6.105267818159234444e-02
3.915000000000000480e+00,1.140889501738174694e+01,2.421420889501717102e+04,7.305007469576977330e-01,6.104669716474628305e-02,6.104669716474628999e-02
3.922500000000000320e+00,1.175622284894713765e+01,2.426435622284873534e+04,7.307621577280513092e-01,6.103857215591196317e-02,6.103857215591195623e-02
3.930000000000000160e+00,1.210336605002070698e+01,2.431450336604980839e+04,7.312494413369086121e-01,6.103511653695175426e-02,6.103511653695175426e-02
3.937500000000000444e+00,1.245097208979726489e+01,2.436465097208958468e+04,7.315242874852841970e-01,6.102937508505788117e-02,6.102937508505788117e-02
3.945000000000000284e+00,1.279850998384764083e+01,2.441479850998363327e+04,7.319558230748540728e-01,6.102720074082596674e-02,6.102720074082598756e-02
3.952500000000000124e+00,1.314635629950439366e+01,2.446494635629928962e+04,7.322337541325926180e-01,6.102438644041665444e-02,6.102438644041664056e-02
3.960000000000000409e+00,1.349427695103989144e+01,2.451509427695082559e+04,7.326127140925317027e-01,6.102362774647780708e-02,6.102362774647778626e-02
3.967500000000000249e+00,1.384235161379934631e+01,2.456524235161358229e+04,7.328839480394547801e-01,6.102386527858098819e-02,6.102386527858098819e-02
3.975000000000000533e+00,1.419061901152723948e+01,2.461539061901130844e+04,7.332123636380352139e-01,6.102494759379384348e-02,6.102494759379385042e-02
3.982500000000000373e+00,1.453888907633519345e+01,2.466553888907611690e+04,7.334678792452569152e-01,6.102862127307525503e-02,6.102862127307526197e-02
3.990000000000000213e+00,1.488748330348588667e+01,2.471568748330326707e+04,7.337466357015698382e-01,6.103161399906716078e-02,6.103161399906718160e-02
3.997500000000000497e+00,1.523592022746995411e+01,2.476583592022725134e+04,7.339783617071633515e-01,6.103894164308206610e-02,6.103894164308205916e-02
4.004999999999999893e+00,1.558478702031106700e+01,2.481598478702009015e+04,7.342072027855559568e-01,6.104429920072783344e-02,6.104429920072784732e-02
4.012500000000000178e+00,1.593339303689453068e+01,2.486613339303667453e+04,7.344081986589849897e-01,6.105507477783853054e-02,6.105507477783853054e-02
4.020000000000000462e+00,1.628242864220574759e+01,2.491628242864198546e+04,7.345857373468283047e-01,6.106373869244186015e-02,6.106373869244187402e-02
4.027500000000000746e+00,1.663124152120843036e+01,2.496643124152098608e+04,7.347503605685606898e-01,6.107732852792382289e-02,6.107732852792382289e-02
4.035000000000000142e+00,1.698039555289218683e+01,2.501658039555266805e+04,7.348740917663628691e-01,6.108962175458909627e-02,6.108962175458911015e-02
4.042500000000000426e+00,1.732939123967392803e+01,2.506672939123944889e+04,7.349981469803879008e-01,6.110597547171816440e-02,6.110597547171817828e-02
4.050000000000000711e+00,1.767862729289649693e+01,2.511687862729266999e+04,7.350644576860263513e-01,6.112197699595556255e-02,6.112197699595556949e-02
4.057500000000000107e+00,1.802776064758485219e+01,2.516702776064736099e+04,7.351453237518257300e-01,6.114124345318379394e-02,6.114124345318379394e-02
4.065000000000000391e+00,1.837704588787051918e+01,2.521717704588764536e+04,7.351494959883433378e-01,6.116089569035334378e-02,6.116089569035333684e-02
4.072500000000000675e+00,1.872626675505453520e+01,2.526732626675482607e+04,7.351862278211485080e-01,6.118320832513798879e-02,6.118320832513798879e-02
4.080000000000000071e+00,1.907556544577319713e+01,2.531747556544554391e+04,7.351224295560412347e-01,6.120642249489366415e-02,6.120642249489364334e-02
4.087500000000000355e+00,1.942482476765369626e+01,2.536762482476742662e+04,7.351158326385810460e-01,6.123180183627906226e-02,6.123180183627906226e-02
4.095000000000000639e+00,1.977409533773517225e+01,2.541777409533750688e+04,7.349770921725881090e-01,6.125851563246049319e-02,6.125851563246048626e-02
4.102500000000000036e+00,2.012334464810892243e+01,2.546792334464787928e+04,7.349297686753508696e-01,6.128688983919517580e-02,6.128688983919518274e-02
4.110000000000000320e+00,2.047254439566847495e+01,2.551807254439543613e+04,7.347079284275294109e-01,6.131697450911656466e-02,6.131697450911655772e-02
4.117500000000000604e+00,2.082173309316214471e+01,2.556822173309293066e+04,7.346242949111188025e-01,6.134824389188247434e-02,6.134824389188248128e-02
4.125000000000000000e+00,2.117081871021170514e+01,2.561837081870998009e+04,7.343099411706153212e-01,6.138150294281968095e-02,6.138150294281969482e-02
4.132500000000000284e+00,2.151989464148070041e+01,2.566851989464124927e+04,7.341962187897858039e-01,6.141553589988704709e-02,6.141553589988704709e-02
4.140000000000000568e+00,2.186882183604204144e+01,2.571866882183580674e+04,7.337785848136589850e-01,6.145172353933613801e-02,6.145172353933613801e-02
4.147499999999999964e+00,2.221773241388732956e+01,2.576881773241365227e+04,7.336427637348554853e-01,6.148834297510990393e-02,6.148834297510990393e-02
4.155000000000000249e+00,2.256645595367837487e+01,2.581896645595344307e+04,7.331096045155996999e-01,6.152717416198226486e-02,6.152717416198226486e-02
4.162500000000000533e+00,2.291514873354124759e+01,2.586911514873330452e+04,7.329613848500700080e-01,6.156615714016882429e-02,6.156615714016879654e-02
4.169999999999999929e+00,2.326362267680992701e+01,2.591926362267657169e+04,7.322988229322191511e-01,6.160731447553207535e-02,6.160731447553206841e-02
4.177500000000000213e+00,2.361204577928253201e+01,2.596941204577904500e+04,7.321495348443527451e-01,6.164839665342231739e-02,6.164839665342232433e-02
4.185000000000000497e+00,2.396022377324980468e+01,2.601956022377301269e+04,7.313873205998729921e-01,6.169153673832019485e-02,6.169153673832021567e-02
4.192500000000000782e+00,2.430832628840850163e+01,2.606970832628817152e+04,7.312043834865864511e-01,6.173441817403214904e-02,6.173441817403216292e-02
4.200000000000000178e+00,2.465616190093405180e+01,2.611985616190069413e+04,7.304621813476577241e-01,6.177917810822539102e-02,6.177917810822539102e-02
4.207500000000000462e+00,2.500389427558715028e+01,2.617000389427534537e+04,7.301224950218041521e-01,6.182352981144124265e-02,6.182352981144123572e-02
4.215000000000000746e+00,2.535134641140058065e+01,2.622015134641115947e+04,7.294149592760693634e-01,6.186944608028669551e-02,6.186944608028668857e-02
4.222500000000000142e+00,2.569865573672347026e+01,2.627029865573648203e+04,7.288994690038184121e-01,6.191500502093209152e-02,6.191500502093208458e-02
4.230000000000000426e+00,2.604567780446247127e+01,2.632044567780421858e+04,7.282424578299893092e-01,6.196171457533301147e-02,6.196171457533302535e-02
4.237500000000000711e+00,2.639251930717196970e+01,2.637059251930693063e+04,7.275295509874307731e-01,6.200809729166242151e-02,6.200809729166242151e-02
4.245000000000000107e+00,2.673906512320716899e+01,2.642073906512296162e+04,7.269399996546793696e-01,6.205524724493110406e-02,6.205524724493109712e-02
4.252500000000000391e+00,2.708539685186848089e+01,2.647088539685162323e+04,7.260052205688987126e-01,6.210205544872293010e-02,6.210205544872292316e-02
4.260000000000000675e+00,2.743142111504787906e+01,2.652103142111480338e+04,7.255010066815268388e-01,6.214930673062727534e-02,6.214930673062726840e-02
4.267500000000000071e+00,2.777720912277809262e+01,2.657117720912253208e+04,7.244639590193431289e-01,6.219604973382705793e-02,6.219604973382707180e-02
4.275000000000000355e+00,2.812266286193560560e+01,2.662132266286169033e+04,7.239165661806920005e-01,6.224316735068873008e-02,6.224316735068874396e-02
4.282500000000000639e+00,2.846787252542332780e+01,2.667146787252517606e+04,7.229919148103218784e-01,6.228942543719686448e-02,6.228942543719685060e-02
4.290000000000000036e+00,2.881271219866970057e+01,2.672161271219842092e+04,7.221749920281079760e-01,6.233612976573738723e-02,6.233612976573739417e-02
4.297500000000000320e+00,2.915730855085606166e+01,2.677175730855060829e+04,7.213820369228322038e-01,6.238155763875486565e-02,6.238155763875484483e-02
4.305000000000000604e+00,2.950150022031235864e+01,2.682190150022006128e+04,7.202613922925645840e-01,6.242746185511150597e-02,6.242746185511151985e-02
4.312500000000000000e+00,2.984544873304826140e+01,2.687204544873279883e+04,7.196199076148119822e-01,6.247178425336530339e-02,6.247178425336532420e-02
4.320000000000000284e+00,3.018895880659867714e+01,2.692218895880634591e+04,7.185024787811276070e-01,6.251656332668155402e-02,6.251656332668152627e-02
4.327500000000000568e+00,3.053223058915338939e+01,2.697233223058890144e+04,7.176873337588919322e-01,6.255949346071011663e-02,6.255949346071011663e-02
4.334999999999999964e+00,3.087501836420555179e+01,2.702247501836395168e+04,7.167486985423900947e-01,6.260301332044443390e-02,6.260301332044442002e-02
4.342500000000000249e+00,3.121760579414247516e+01,2.707261760579389011e+04,7.155619540224845698e-01,6.264399463946909719e-02,6.264399463946909719e-02
4.350000000000000533e+00,3.155962491583186491e+01,2.712275962491557948e+04,7.148222705098137286e-01,6.268628664961257979e-02,6.268628664961257979e-02
4.357499999999999929e+00,3.190151512955786117e+01,2.717290151512930242e+04,7.136494577361325309e-01,6.272496724593173978e-02,6.272496724593175366e-02
4.365000000000000213e+00,3.224273659084968813e+01,2.722304273659059254e+04,7.126963213868192648e-01,6.276583636411531275e-02,6.276583636411531275e-02
4.372500000000000497e+00,3.258390875195738090e+01,2.727318390875170007e+04,7.117486888983526327e-01,6.280206790681086559e-02,6.280206790681086559e-02
4.380000000000000782e+00,3.292431761972461857e+01,2.732332431761946646e+04,7.104000900707078126e-01,6.284120934694953364e-02,6.284120934694951977e-02
4.387500000000000178e+00,3.326467987041762342e+01,2.737346467987016149e+04,7.096364646159057932e-01,6.287560594062256702e-02,6.287560594062256702e-02
4.395000000000000462e+00,3.360432893560477652e+01,2.742360432893534744e+04,7.085380412461065314e-01,6.291220015664457377e-02,6.291220015664457377e-02
4.402500000000000746e+00,3.394384614354385832e+01,2.747374384614328665e+04,7.072754237057302662e-01,6.294474856918888528e-02,6.294474856918889916e-02
4.410000000000000142e+00,3.428275153812324305e+01,2.752388275153786526e+04,7.064467070144992977e-01,6.297842441185148854e-02,6.297842441185148854e-02
4.417500000000000426e+00,3.462139341071097220e+01,2.757402139341045040e+04,7.052501285539224396e-01,6.300926719792328268e-02,6.300926719792329656e-02
4.425000000000000711e+00,3.495957943810160629e+01,2.762415957943784088e+04,7.040827627153237733e-01,6.303947963878696326e-02,6.303947963878697713e-02
4.432500000000000107e+00,3.529732017058920235e+01,2.767429732017032802e+04,7.031791105241470552e-01,6.306878075231259206e-02,6.306878075231260594e-02
4.440000000000000391e+00,3.563478933103944257e+01,2.772443478933077859e+04,7.019327058364597249e-01,6.309548813040753712e-02,6.309548813040753712e-02
4.447500000000000675e+00,3.597160357118057306e+01,2.777457160357091561e+04,7.008048668992131747e-01,6.312338864943128902e-02,6.312338864943127514e-02
4.455000000000000071e+00,3.630830173285212226e+01,2.782470830173258946e+04,6.998732067088666575e-01,6.314700432522743490e-02,6.314700432522743490e-02
4.462500000000000355e+00,3.664425913506612886e+01,2.787484425913480300e+04,6.986212520130411496e-01,6.317282237331511840e-02,6.317282237331510453e-02
4.470000000000000639e+00,3.698004836840231491e+01,2.792498004836813561e+04,6.974726951668184238e-01,6.319467714227799959e-02,6.319467714227799959e-02
4.477500000000000036e+00,3.731532169831564971e+01,2.797511532169804923e+04,6.965558920374025353e-01,6.321654834908596587e-02,6.321654834908599363e-02
4.485000000000000320e+00,3.765016928017140430e+01,2.802525016927990509e+04,6.953388718022867065e-01,6.323718781127145305e-02,6.323718781127145305e-02
4.492500000000000604e+00,3.798480450792386165e+01,2.807538480450765564e+04,6.941043598420579830e-01,6.325472681550663168e-02,6.325472681550664555e-02
4.500000000000000000e+00,3.831867897834814585e+01,2.812551867897807824e+04,6.932414665508866980e-01,6.327459860057212115e-02,6.327459860057213503e-02
4.507500000000000284e+00,3.865243119616938827e+01,2.817565243119590014e+04,6.920963190751928673e-01,6.329033705635039864e-02,6.329033705635039864e-02
4.515000000000000568e+00,3.898563071753412856e+01,2.822578563071726239e+04,6.907053291246302296e-01,6.330657115447604899e-02,6.330657115447606287e-02
4.522499999999999964e+00,3.931845503210038117e+01,2.827591845503183140e+04,6.899318155257115892e-01,6.332108923133161760e-02,6.332108923133161760e-02
4.530000000000000249e+00,3.965106798541175692e+01,2.832605106798513953e+04,6.888921494904427512e-01,6.333280821567173480e-02,6.333280821567172092e-02
4.537500000000000533e+00,3.998292423271526275e+01,2.837618292423244202e+04,6.875996243782156458e-01,6.334707935631582465e-02,6.334707935631581077e-02
4.544999999999999929e+00,4.031464817908103981e+01,2.842631464817880988e+04,6.866167500321938011e-01,6.335740335877378115e-02,6.335740335877379503e-02
4.552500000000000213e+00,4.064595700044640125e+01,2.847644595700017453e+04,6.857130248123470828e-01,6.336719685544432712e-02,6.336719685544429936e-02
4.560000000000000497e+00,4.097672523285146440e+01,2.852657672523257861e+04,6.845696865395585196e-01,6.337727293330940037e-02,6.337727293330940037e-02
4.567500000000000782e+00,4.130732527457694658e+01,2.857670732527430300e+04,6.832745341340412670e-01,6.338435120355338792e-02,6.338435120355338792e-02
4.575000000000000178e+00,4.163738941006541694e+01,2.862683738940978947e+04,6.825342016176489945e-01,6.339214806280447922e-02,6.339214806280449310e-02
4.582500000000000462e+00,4.196708768912521492e+01,2.867696708768884855e+04,6.815662094838293994e-01,6.339859254235687136e-02,6.339859254235687136e-02
4.590000000000000746e+00,4.229659322306504521e+01,2.872709659322278821e+04,6.803807502304278776e-01,6.340256421216110272e-02,6.340256421216110272e-02
4.597500000000000142e+00,4.262549121772212146e+01,2.877722549121744305e+04,6.793202424459476862e-01,6.340823629484505786e-02,6.340823629484505786e-02
4.605000000000000426e+00,4.295412176862340914e+01,2.882735412176834507e+04,6.785510329856373479e-01,6.341176805446606390e-02,6.341176805446606390e-02
4.612500000000000711e+00,4.328255484286554378e+01,2.887748255484258698e+04,6.775742880998022466e-01,6.341310516094758598e-02,6.341310516094758598e-02
4.620000000000000107e+00,4.361038261630937285e+01,2.892761038261602880e+04,6.763986005216471309e-01,6.341634134032986259e-02,6.341634134032984871e-02
4.627500000000000391e+00,4.393795235956591938e+01,2.897773795235928628e+04,6.754763304692035231e-01,6.341770748749585296e-02,6.341770748749583908e-02
4.635000000000000675e+00,4.426534181670803036e+01,2.902786534181642492e+04,6.747281931410239464e-01,6.341686735299663369e-02,6.341686735299666144e-02
4.642500000000000071e+00,4.459218946083773005e+01,2.907799218946055407e+04,6.737894404531710180e-01,6.341755981488451932e-02,6.341755981488451932e-02
4.650000000000000355e+00,4.491873770005371824e+01,2.912811873769976955e+04,6.726673214899792086e-01,6.341701052539860939e-02,6.341701052539859551e-02
4.657500000000000639e+00,4.524511085460909499e+01,2.917824511085432459e+04,6.717837118123844986e-01,6.341454007263777615e-02,6.341454007263777615e-02
4.665000000000000036e+00,4.557107093515475782e+01,2.922837107093487066e+04,6.710985895808557755e-01,6.341262935193155148e-02,6.341262935193155148e-02
4.672500000000000320e+00,4.589662348670641023e+01,2.927849662348642232e+04,6.702371526314203631e-01,6.341071841405422627e-02,6.341071841405424014e-02
4.680000000000000604e+00,4.622203419968201388e+01,2.932862203419939760e+04,6.692055357600431575e-01,6.340672468402401563e-02,6.340672468402401563e-02
4.687500000000000000e+00,4.654720691704335422e+01,2.937874720691675611e+04,6.682580533885151830e-01,6.340199143403127402e-02,6.340199143403127402e-02
4.695000000000000284e+00,4.687178899718731628e+01,2.942887178899690116e+04,6.676710519408650679e-01,6.339937854822690066e-02,6.339937854822690066e-02
4.702500000000000568e+00,4.719625851302237862e+01,2.947899625851273595e+04,6.669198929746029680e-01,6.339449708529477923e-02,6.339449708529477923e-02
4.709999999999999964e+00,4.752055077452779841e+01,2.952912055077423793e+04,6.660097920335650290e-01,6.338841256112318079e-02,6.338841256112319467e-02
4.717500000000000249e+00,4.784444415659825722e+01,2.957924444415630933e+04,6.649454844590655389e-01,6.338317773670500144e-02,6.338317773670502919e-02
4.725000000000000533e+00,4.816799064456503743e+01,2.962936799064427396e+04,6.644340618534142484e-01,6.337814500866929823e-02,6.337814500866929823e-02
4.732500000000000817e+00,4.849141483492496718e+01,2.967949141483463245e+04,6.638206116773922583e-01,6.337140159498717840e-02,6.337140159498717840e-02
4.740000000000000213e+00,4.881465569305139240e+01,2.972961465569275970e+04,6.630578474239241515e-01,6.336390804853365977e-02,6.336390804853368752e-02
4.747500000000000497e+00,4.913743293752058605e+01,2.977973743293722873e+04,6.621498220003879664e-01,6.335794659729269973e-02,6.335794659729269973e-02
4.755000000000000782e+00,4.946001101997094196e+01,2.982986001101967850e+04,6.613594032791112465e-01,6.335114653449171185e-02,6.335114653449171185e-02
4.762500000000000178e+00,4.978245934438417919e+01,2.987998245934408988e+04,6.609062309163346027e-01,6.334317441779066526e-02,6.334317441779067914e-02
4.770000000000000462e+00,3.047269844116970994e-01,2.988030472698411540e+04,6.603120193151158501e-01,6.333477861879288628e-02,6.333477861879288628e-02
4.777500000000000746e+00,6.265400738176187811e-01,2.993042654007352394e+04,6.595802543199360546e-01,6.332806176303885926e-02,6.332806176303885926e-02
4.785000000000000142e+00,9.482090397239588686e-01,2.998054820903942891e+04,6.587140794178800718e-01,6.332025724305065384e-02,6.332025724305062608e-02
4.792500000000000426e+00,1.269759071876629619e+00,3.003066975907158121e+04,6.581312133074720405e-01,6.331151503971328698e-02,6.331151503971328698e-02
4.800000000000000711e+00,1.591150192291841625e+00,3.008079115019199526e+04,6.577226822817378027e-01,6.330240599304612359e-02,6.330240599304612359e-02
4.807500000000000107e+00,1.912138367750752854e+00,3.013091213836745374e+04,6.571832359382936417e-01,6.329494145862320231e-02,6.329494145862320231e-02
4.815000000000000391e+00,2.232964022625857137e+00,3.018103296402232809e+04,6.565155998595000320e-01,6.328674122214751618e-02,6.328674122214753006e-02
4.822500000000000675e+00,2.553690115013155904e+00,3.023115369011471194e+04,6.557222129738943250e-01,6.327766511228791191e-02,6.327766511228789803e-02
4.830000000000000071e+00,2.874284608251231887e+00,3.028127428460794908e+04,6.552318729074576575e-01,6.326825130777212480e-02,6.326825130777211093e-02
4.837500000000000355e+00,3.194616073032898296e+00,3.033139461607273188e+04,6.548973429574770355e-01,6.325947646246520006e-02,6.325947646246518619e-02
4.845000000000000639e+00,3.514651804931609114e+00,3.038151465180463128e+04,6.544399630780816102e-01,6.325160988468100931e-02,6.325160988468100931e-02
4.852500000000000036e+00,3.834625289614332022e+00,3.043163462528931268e+04,6.538618623346007519e-01,6.324262473359705539e-02,6.324262473359706926e-02
4.860000000000000320e+00,4.154499701941772649e+00,3.048175449970163754e+04,6.531649332390111473e-01,6.323323095099908642e-02,6.323323095099908642e-02
4.867500000000000604e+00,4.474265033907222744e+00,3.053187426503360257e+04,6.526568624996963441e-01,6.322332756934627429e-02,6.322332756934627429e-02
4.875000000000000000e+00,4.793647075891516174e+00,3.058199364707558561e+04,6.524185678416670742e-01,6.321553221271852818e-02,6.321553221271852818e-02
4.882500000000000284e+00,5.112933035083059963e+00,3.063211293303477578e+04,6.520638346750998737e-01,6.320705610836528654e-02,6.320705610836528654e-02
4.890000000000000568e+00,5.432143990038081682e+00,3.068223214398973141e+04,6.515943201065222956e-01,6.319809330849157636e-02,6.319809330849157636e-02
4.897499999999999964e+00,5.751280891523245842e+00,3.073235128089121645e+04,6.510114885270550378e-01,6.318862068429326184e-02,6.318862068429324796e-02
4.905000000000000249e+00,6.070305543410877469e+00,3.078247030554310186e+04,6.503823696732424775e-01,6.317902326447868977e-02,6.317902326447867589e-02
4.912500000000000533e+00,6.388958129727169144e+00,3.083258895812941773e+04,6.502567540480030939e-01,6.317150319312907214e-02,6.317150319312907214e-02
4.920000000000000817e+00,6.707581974913010114e+00,3.088270758197460236e+04,6.500197614485803133e-01,6.316306546580811865e-02,6.316306546580811865e-02
4.927500000000000213e+00,7.026139772919589355e+00,3.093282613977260917e+04,6.496726698516523957e-01,6.315437703543497205e-02,6.315437703543497205e-02
4.935000000000000497e+00,7.344638400885931340e+00,3.098294463840057506e+04,6.492166024578099881e-01,6.314527311805190335e-02,6.314527311805190335e-02
4.942500000000000782e+00,7.663048615349000947e+00,3.103306304861503668e+04,6.486525204922367616e-01,6.313607321932146466e-02,6.313607321932147853e-02
4.950000000000000178e+00,7.981116807521512868e+00,3.108318111680720904e+04,6.483710669776736601e-01,6.312885110477781114e-02,6.312885110477781114e-02
4.957500000000000462e+00,8.299169548379975225e+00,3.113329916954806686e+04,6.482624826496616866e-01,6.312083785862293572e-02,6.312083785862294960e-02
4.965000000000000746e+00,8.617174334575953054e+00,3.118341717433426311e+04,6.480474370349070812e-01,6.311261298601328340e-02,6.311261298601328340e-02
4.972500000000000142e+00,8.935138408598918502e+00,3.123353513840828600e+04,6.477267755028807139e-01,6.310402719926952453e-02,6.310402719926956616e-02
4.980000000000000426e+00,9.253037841226378291e+00,3.128365303784091157e+04,6.473012142154399573e-01,6.309542093943815155e-02,6.309542093943815155e-02
4.987500000000000711e+00,9.570662377897393824e+00,3.133377066237758117e+04,6.467713333072607762e-01,6.308834520602807361e-02,6.308834520602807361e-02
4.995000000000000107e+00,9.888226891911090277e+00,3.138388822689159497e+04,6.467421977835837721e-01,6.308106527325306467e-02,6.308106527325307855e-02
5.002500000000000391e+00,1.020577031821143699e+01,3.143400577031789362e+04,6.466654942029770314e-01,6.307343686540779759e-02,6.307343686540778371e-02
5.010000000000000675e+00,1.052328608066604865e+01,3.148412328608034659e+04,6.464857092902451807e-01,6.306555003197222842e-02,6.306555003197220066e-02
5.017500000000000071e+00,1.084075940949239403e+01,3.153424075940917464e+04,6.462033558498466723e-01,6.305762771913504816e-02,6.305762771913503428e-02
5.025000000000000355e+00,1.115808961499597807e+01,3.158435808961467774e+04,6.458188388843671968e-01,6.305037626391127303e-02,6.305037626391127303e-02
5.032500000000000639e+00,1.147524109379117796e+01,3.163447524109347069e+04,6.454091223294221580e-01,6.304404973489968755e-02,6.304404973489968755e-02
5.040000000000000036e+00,1.179240252931729138e+01,3.168459240252899690e+04,6.454745009490503449e-01,6.303714331332675724e-02,6.303714331332675724e-02
5.047500000000000320e+00,1.210954366610634203e+01,3.173470954366578371e+04,6.454386408408102627e-01,6.303013439960715447e-02,6.303013439960715447e-02
5.055000000000000604e+00,1.242667890118753427e+01,3.178482667890086668e+04,6.453018811300276214e-01,6.302278764353652640e-02,6.302278764353652640e-02
5.062500000000000000e+00,1.274377808989140881e+01,3.183494377808956779e+04,6.450644780282056567e-01,6.301556297102964277e-02,6.301556297102964277e-02
5.070000000000000284e+00,1.306065598565814057e+01,3.188506065598533314e+04,6.447265976559845013e-01,6.300975034964687027e-02,6.300975034964687027e-02
5.077500000000000568e+00,1.337749214673472231e+01,3.193517749214640935e+04,6.444261788950198522e-01,6.300385546328880759e-02,6.300385546328880759e-02
5.085000000000000853e+00,1.369433795164388101e+01,3.198529433795131990e+04,6.445354966817181674e-01,6.299765322435897652e-02,6.299765322435897652e-02
5.092500000000000249e+00,1.401118421890901011e+01,3.203541118421858482e+04,6.445450275949097252e-01,6.299121643545983751e-02,6.299121643545983751e-02
5.100000000000000533e+00,1.432802698886953152e+01,3.208552802698854430e+04,6.444548970984207426e-01,6.298468318130302779e-02,6.298468318130302779e-02
5.107500000000000817e+00,1.464485313526482280e+01,3.213564485313493788e+04,6.442651625454494102e-01,6.297806700985734973e-02,6.297806700985734973e-02
5.115000000000000213e+00,1.496142640225375509e+01,3.218576142640192484e+04,6.439758058036915145e-01,6.297336081787638373e-02,6.297336081787638373e-02
5.122500000000000497e+00,1.527803131513598167e+01,3.223587803131480541e+04,6.437329153766742085e-01,6.296804400467025109e-02,6.296804400467026497e-02
5.130000000000000782e+00,1.559465144490680366e+01,3.228599465144457645e+04,6.438882309280186123e-01,6.296253125406864326e-02,6.296253125406864326e-02
5.137500000000000178e+00,1.591128882164705161e+01,3.233611128882131743e+04,6.439444145829062993e-01,6.295671999122326445e-02,6.295671999122326445e-02
5.145000000000000462e+00,1.622792897663373779e+01,3.238622792897630279e+04,6.439014246346421722e-01,6.295093459399989100e-02,6.295093459399989100e-02
5.152500000000000746e+00,1.654455866460602920e+01,3.243634455866427379e+04,6.437591635952760738e-01,6.294503800102128899e-02,6.294503800102127511e-02
5.160000000000000142e+00,1.686095118416557881e+01,3.248646095118383164e+04,6.435174705438569953e-01,6.294107586124757237e-02,6.294107586124757237e-02
5.167500000000000426e+00,1.717739865217123096e+01,3.253657739865183976e+04,6.432950478362484681e-01,6.293640475730499784e-02,6.293640475730499784e-02
5.175000000000000711e+00,1.749387172670802570e+01,3.258669387172637289e+04,6.434958225429374679e-01,6.293153510831366038e-02,6.293153510831366038e-02
5.182500000000000107e+00,1.781037349907478173e+01,3.263681037349874168e+04,6.435974804986238640e-01,6.292636602877359209e-02,6.292636602877357821e-02
5.190000000000000391e+00,1.812688835495260875e+01,3.268692688835461740e+04,6.435998485765934696e-01,6.292124128483597700e-02,6.292124128483597700e-02
5.197500000000000675e+00,1.844340955033332108e+01,3.273704340954999861e+04,6.435027081619435485e-01,6.291592430009446124e-02,6.291592430009446124e-02
5.205000000000000071e+00,1.875970058907126159e+01,3.278715970058873791e+04,6.433057871704476183e-01,6.291259372182114729e-02,6.291259372182114729e-02
5.212500000000000355e+00,1.907605646210824801e+01,3.283727605646177835e+04,6.430804469387494393e-01,6.290854718379466914e-02,6.290854718379466914e-02
5.220000000000000639e+00,1.939244903204252068e+01,3.288739244903171493e+04,6.433241959913966745e-01,6.290427535243733881e-02,6.290427535243735269e-02
5.227500000000000036e+00,1.970887904174731986e+01,3.293750887904142292e+04,6.434683219383674491e-01,6.289971136824351605e-02,6.289971136824351605e-02
5.235000000000000320e+00,2.002533363126500277e+01,3.298762533363094553e+04,6.435125479139083282e-01,6.289516827547120270e-02,6.289516827547120270e-02
5.242500000000000604e+00,2.034181295892446073e+01,3.303774181295860762e+04,6.434565601764296039e-01,6.289035095014039456e-02,6.289035095014040844e-02
5.250000000000000000e+00,2.065807627211318476e+01,3.308785807627179747e+04,6.432999997565408412e-01,6.288746516729544489e-02,6.288746516729543101e-02
5.257500000000000284e+00,2.097439624101781774e+01,3.313797439624070830e+04,6.430606661009329317e-01,6.288401605837007358e-02,6.288401605837007358e-02
5.265000000000000568e+00,2.129076510912727116e+01,3.318809076510882005e+04,6.433434142174505599e-01,6.288028226466360615e-02,6.288028226466359227e-02
5.272500000000000853e+00,2.160717845444222363e+01,3.323820717845413310e+04,6.435256000497556750e-01,6.287626188407452466e-02,6.287626188407452466e-02
5.280000000000000249e+00,2.192362778203801454e+01,3.328832362778173410e+04,6.436068646719869113e-01,6.287221942560539123e-02,6.287221942560540511e-02
5.287500000000000533e+00,2.224011290716517664e+01,3.333844011290686467e+04,6.435868194872734760e-01,6.286789121775548939e-02,6.286789121775548939e-02
5.295000000000000817e+00,2.255641561662887540e+01,3.338855641561633092e+04,6.434650374657394645e-01,6.286524528264332556e-02,6.286524528264333944e-02
5.302500000000000213e+00,2.287274874036135941e+01,3.343867274874006398e+04,6.432410442941254303e-01,6.286232957422674406e-02,6.286232957422673018e-02
5.310000000000000497e+00,2.318914226538689860e+01,3.348878914226509369e+04,6.435280113276822256e-01,6.285906842168276221e-02,6.285906842168276221e-02
5.317500000000000782e+00,2.350558628853452348e+01,3.353890558628824510e+04,6.437427305971026303e-01,6.285552417678492987e-02,6.285552417678491599e-02
5.325000000000000178e+00,2.382207694480155880e+01,3.358902207694451499e+04,6.438551582080067615e-01,6.285189923674902590e-02,6.285189923674902590e-02
5.332500000000000462e+00,2.413861001733569012e+01,3.363913861001704936e+04,6.438648467804445330e-01,6.284802290395974378e-02,6.284802290395972990e-02
5.340000000000000746e+00,2.445500399501472444e+01,3.368925500399473094e+04,6.437713160430317272e-01,6.284547704169399229e-02,6.284547704169399229e-02
5.347500000000000142e+00,2.477139283442971163e+01,3.373937139283415308e+04,6.435740434930137255e-01,6.284302203196379111e-02,6.284302203196381886e-02
5.355000000000000426e+00,2.508785223577778112e+01,3.378948785223549930e+04,6.438566709943307487e-01,6.284016807950409955e-02,6.284016807950411343e-02
5.362500000000000711e+00,2.540436784571443596e+01,3.383960436784544436e+04,6.440974580004806826e-01,6.283702987561454179e-02,6.283702987561452791e-02
5.370000000000000107e+00,2.572093931933305200e+01,3.388972093931906420e+04,6.442342804598713002e-01,6.283374508690739435e-02,6.283374508690739435e-02
5.377500000000000391e+00,2.603755768659673109e+01,3.393983755768633273e+04,6.442666452518066578e-01,6.283026570676211731e-02,6.283026570676214506e-02
5.385000000000000675e+00,2.635408203405716776e+01,3.398995408203379338e+04,6.441940307726898851e-01,6.282773897109798777e-02,6.282773897109798777e-02
5.392500000000000071e+00,2.667056356417050367e+01,3.404007056356390967e+04,6.440158770617815387e-01,6.282567329182825455e-02,6.282567329182824067e-02
5.400000000000000355e+00,2.698712449019254933e+01,3.409018712448993756e+04,6.443115237804415418e-01,6.282315795472842579e-02,6.282315795472843967e-02
5.407500000000000639e+00,2.730374723430789885e+01,3.414030374723405112e+04,6.445710799750367093e-01,6.282035452454831637e-02,6.282035452454831637e-02
5.415000000000000036e+00,2.762043346118068499e+01,3.419042043346093124e+04,6.447247323742595349e-01,6.281734108399890382e-02,6.281734108399890382e-02
5.422500000000000320e+00,2.793717028562495130e+01,3.424053717028537358e+04,6.447719530000515231e-01,6.281419353865384803e-02,6.281419353865383415e-02
5.430000000000000604e+00,2.825385288352819302e+01,3.429065385288328252e+04,6.447121887208810964e-01,6.281166407773484950e-02,6.281166407773486338e-02
5.437500000000000888e+00,2.857045980554248743e+01,3.434077045980530238e+04,6.445448507905973123e-01,6.280991365896684830e-02,6.280991365896684830e-02
5.445000000000000284e+00,2.888715357976670717e+01,3.439088715357952606e+04,6.448772626086499704e-01,6.280766586170197230e-02,6.280766586170195842e-02
5.452500000000000568e+00,2.920391442443565211e+01,3.444100391442419641e+04,6.451475152052348339e-01,6.280512815017370853e-02,6.280512815017370853e-02
5.460000000000000853e+00,2.952074500283126568e+01,3.449112074500259769e+04,6.453096872916268545e-01,6.280232671628913077e-02,6.280232671628913077e-02
5.467500000000000249e+00,2.983762942197953549e+01,3.454123762942174653e+04,6.453632253713137423e-01,6.279944466789053048e-02,6.279944466789054436e-02
5.475000000000000533e+00,3.015448911138359733e+01,3.459135448911115236e+04,6.453075530378979963e-01,6.279693865668986574e-02,6.279693865668986574e-02
5.482500000000000817e+00,3.047125117081480283e+01,3.464147125117058749e+04,6.451581698963421152e-01,6.279541607381984580e-02,6.279541607381985968e-02
5.490000000000000213e+00,3.078810541381292865e+01,3.469158810541358980e+04,6.455402110828373230e-01,6.279337165461670867e-02,6.279337165461669479e-02
5.497500000000000497e+00,3.110503144358710159e+01,3.474170503144336544e+04,6.458123425381199212e-01,6.279103584342610178e-02,6.279103584342611566e-02
5.505000000000000782e+00,3.142203238280198363e+01,3.479182203238258808e+04,6.459740036647083627e-01,6.278839742270228563e-02,6.278839742270228563e-02
5.512500000000000178e+00,3.173908998187731711e+01,3.484193908998166444e+04,6.460246236295271727e-01,6.278571762963573721e-02,6.278571762963573721e-02
5.520000000000000462e+00,3.205614143366243951e+01,3.489205614143345156e+04,6.459636097844407843e-01,6.278324446580825502e-02,6.278324446580825502e-02
5.527500000000000746e+00,3.237308312895276430e+01,3.494217308312874229e+04,6.459104865984686139e-01,6.278190365781702309e-02,6.278190365781702309e-02
5.535000000000000142e+00,3.269012255957736812e+01,3.499229012255937414e+04,6.462874285297146582e-01,6.278000362607298601e-02,6.278000362607298601e-02
5.542500000000000426e+00,3.300723766795264424e+01,3.504240723766775045e+04,6.465518902781646204e-01,6.277781219227937526e-02,6.277781219227940301e-02
5.550000000000000711e+00,3.332443204028342620e+01,3.509252443204008159e+04,6.467033005150235603e-01,6.277529571773513006e-02,6.277529571773511619e-02
5.557500000000000107e+00,3.364168533645553083e+01,3.514264168533626071e+04,6.467410782770595112e-01,6.277276194566333567e-02,6.277276194566333567e-02
5.565000000000000391e+00,3.395893654672347850e+01,3.519275893654653191e+04,6.466646206166674071e-01,6.277037993036863051e-02,6.277037993036863051e-02
5.572500000000000675e+00,3.427608165942481122e+01,3.524287608165923302e+04,6.467441496095471809e-01,6.276914397719640659e-02,6.276914397719642047e-02
5.580000000000000071e+00,3.459332868830188090e+01,3.529299332868811325e+04,6.471058983521214003e-01,6.276733224031559588e-02,6.276733224031559588e-02
5.587500000000000355e+00,3.491065422884012293e+01,3.534311065422865795e+04,6.473524179016594271e-01,6.276523315321386187e-02,6.276523315321386187e-02
5.595000000000000639e+00,3.522806266177443746e+01,3.539322806266159023e+04,6.474831337622303229e-01,6.276280387288345197e-02,6.276280387288345197e-02
5.602500000000000036e+00,3.554553161336082923e+01,3.544334553161318036e+04,6.474974610623355220e-01,6.276036787100230940e-02,6.276036787100233716e-02
5.610000000000000320e+00,3.586298667378940763e+01,3.549346298667361407e+04,6.473947913483313332e-01,6.275814674555800499e-02,6.275814674555801886e-02
5.617500000000000604e+00,3.618035734036867979e+01,3.554358035734019359e+04,6.476460971304169867e-01,6.275693650636737786e-02,6.275693650636736398e-02
5.625000000000000888e+00,3.649783224938631321e+01,3.559369783224921412e+04,6.479818203843384916e-01,6.275516279945711484e-02,6.275516279945710096e-02
5.632500000000000284e+00,3.681538766720625233e+01,3.564381538766704034e+04,6.481994075170179892e-01,6.275310717118576243e-02,6.275310717118574855e-02
5.640000000000000568e+00,3.713302833816768356e+01,3.569393302833800408e+04,6.482982874619741542e-01,6.275074250235203321e-02,6.275074250235203321e-02
5.647500000000000853e+00,3.745073533602957383e+01,3.574405073533586983e+04,6.482778764890677614e-01,6.274827880355768328e-02,6.274827880355768328e-02
5.655000000000000249e+00,3.776839131993470033e+01,3.579416839131977758e+04,6.481831189867749421e-01,6.274637177954922596e-02,6.274637177954922596e-02
5.662500000000000533e+00,3.808600865208998698e+01,3.584428600865193584e+04,6.486018749005927342e-01,6.274510256561893762e-02,6.274510256561895150e-02
5.670000000000000817e+00,3.840372938385811352e+01,3.589440372938370274e+04,6.489000106694482461e-01,6.274332964452124239e-02,6.274332964452122852e-02
5.677500000000000213e+00,3.872153297482274326e+01,3.594452153297467157e+04,6.490769658773845041e-01,6.274126685740542830e-02,6.274126685740541443e-02
5.685000000000000497e+00,3.903942104962672488e+01,3.599463942104947637e+04,6.491321782032422050e-01,6.273896591436910197e-02,6.273896591436910197e-02
5.692500000000000782e+00,3.935738761959829191e+01,3.604475738761945104e+04,6.490650685790215757e-01,6.273633259107923299e-02,6.273633259107923299e-02
5.700000000000000178e+00,3.967524060718056234e+01,3.609487524060704163e+04,6.492230640184375456e-01,6.273489215429874089e-02,6.273489215429874089e-02
5.707500000000000462e+00,3.999312427613947563e+01,3.614499312427599943e+04,6.495951322154666085e-01,6.273348590733003605e-02,6.273348590733003605e-02
5.715000000000000746e+00,4.031110634200422993e+01,3.619511110634187207e+04,6.498434009898897967e-01,6.273169068699355200e-02,6.273169068699355200e-02
5.722500000000000142e+00,4.062917595712425367e+01,3.624522917595699255e+04,6.499673272623015530e-01,6.272956484876247851e-02,6.272956484876246464e-02
5.730000000000000426e+00,4.094732912208102960e+01,3.629534732912194886e+04,6.499663610151159565e-01,6.272724004662275088e-02,6.272724004662272312e-02
5.737500000000000711e+00,4.126556215366187530e+01,3.634546556215353485e+04,6.498556450933963280e-01,6.272447342018966365e-02,6.272447342018967753e-02
5.745000000000000107e+00,4.158361796715422543e+01,3.639558361796702957e+04,6.502947021172211794e-01,6.272353804780435305e-02,6.272353804780433917e-02
5.752500000000000391e+00,4.190178454907125882e+01,3.644570178454895358e+04,6.506072032669242278e-01,6.272195987936002304e-02,6.272195987936002304e-02
5.760000000000000675e+00,4.222004234382625043e+01,3.649582004234370834e+04,6.507926237502354994e-01,6.272011226970632125e-02,6.272011226970630737e-02
5.767500000000000071e+00,4.253839456588675461e+01,3.654593839456576825e+04,6.508504412970212982e-01,6.271788000818248610e-02,6.271788000818249997e-02
5.775000000000000355e+00,4.285683230463833127e+01,3.659605683230452269e+04,6.507801193611685298e-01,6.271538731604513195e-02,6.271538731604513195e-02
5.782500000000000639e+00,4.317525772507337933e+01,3.664617525772496447e+04,6.510081049808027487e-01,6.271323496697037148e-02,6.271323496697037148e-02
5.790000000000000036e+00,4.349360198367460839e+01,3.669629360198356881e+04,6.513774057005770057e-01,6.271212801079326105e-02,6.271212801079324717e-02
5.797500000000000320e+00,4.381206372803256244e+01,3.674641206372792658e+04,6.516167570142802346e-01,6.271039538989472972e-02,6.271039538989472972e-02
5.805000000000000604e+00,4.413061237852911489e+01,3.679653061237843212e+04,6.517256642575974812e-01,6.270845447153555741e-02,6.270845447153555741e-02
5.812500000000000888e+00,4.444926758025970770e+01,3.684664926758016372e+04,6.517036266273429357e-01,6.270597295997083764e-02,6.270597295997083764e-02
5.820000000000000284e+00,4.476800101272448273e+01,3.689676800101262779e+04,6.517439312502713022e-01,6.270329132540729267e-02,6.270329132540730654e-02
5.827500000000000568e+00,4.508660331910026997e+01,3.694688660331900610e+04,6.521622169883951603e-01,6.270199097055950688e-02,6.270199097055950688e-02
5.835000000000000853e+00,4.540526561522835891e+01,3.699700526561513834e+04,6.524475610443750684e-01,6.270051544919112707e-02,6.270051544919112707e-02
5.842500000000000249e+00,4.572402882185946282e+01,3.704712402882177412e+04,6.525994973937960797e-01,6.269871688446353175e-02,6.269871688446353175e-02
5.850000000000000533e+00,4.604289655764406319e+01,3.709724289655756002e+04,6.526175613935103481e-01,6.269641948641060947e-02,6.269641948641059559e-02
5.857500000000000817e+00,4.636185472649529515e+01,3.714736185472641228e+04,6.525097542856672650e-01,6.269385334409906252e-02,6.269385334409906252e-02
5.865000000000000213e+00,4.668081792205865810e+01,3.719748081792198354e+04,6.529687996227855340e-01,6.269155634014085543e-02,6.269155634014085543e-02
5.872500000000000497e+00,4.699968269094171802e+01,3.724759968269086676e+04,6.532917938579426709e-01,6.269045800046879613e-02,6.269045800046878225e-02
5.880000000000000782e+00,4.731867140917955084e+01,3.729771867140910763e+04,6.534783018114888042e-01,6.268869817697024505e-02,6.268869817697025892e-02
5.887500000000000178e+00,4.763775617732712675e+01,3.734783775617725769e+04,6.535278964574329219e-01,6.268665734731587724e-02,6.268665734731587724e-02
5.895000000000000462e+00,4.795695468402180239e+01,3.739795695468395570e+04,6.534401387308184095e-01,6.268400119683030514e-02,6.268400119683031901e-02
5.902500000000000746e+00,4.827622973152639219e+01,3.744807622973146499e+04,6.538030630055772230e-01,6.268123214286294709e-02,6.268123214286294709e-02
5.910000000000000142e+00,4.859535337303328362e+01,3.749819535337297566e+04,6.541549312654825199e-01,6.268003917355600974e-02,6.268003917355596810e-02
5.917500000000000426e+00,4.891456668259467477e+01,3.754831456668253668e+04,6.543671269871715879e-01,6.267845079082398629e-02,6.267845079082397242e-02
5.925000000000000711e+00,4.923388551611067498e+01,3.759843388551606040e+04,6.544392632174882429e-01,6.267651764897011479e-02,6.267651764897011479e-02
5.932500000000000107e+00,4.955332231286844547e+01,3.764855332231281500e+04,6.543709456952784276e-01,6.267392621641031114e-02,6.267392621641031114e-02
5.940000000000000391e+00,7.284310323968691547e-02,3.764887284310319228e+04,6.546694635156870001e-01,6.267120794550150309e-02,6.267120794550151697e-02
5.947500000000000675e+00,3.923034837976330236e-01,3.769899230348375568e+04,6.550409673364807617e-01,6.266931727588578860e-02,6.266931727588578860e-02
5.955000000000000071e+00,7.117457059751952642e-01,3.774911174570592993e+04,6.552695120601970125e-01,6.266797575138945142e-02,6.266797575138946530e-02
5.962500000000000355e+00,1.031312581159745889e+00,3.779923131258111971e+04,6.553547541921340702e-01,6.266601738442408032e-02,6.266601738442408032e-02
5.970000000000000639e+00,1.350990587726901282e+00,3.784935099058769265e+04,6.552963465082053407e-01,6.266357204456442231e-02,6.266357204456442231e-02
5.977500000000000924e+00,1.670768599758358564e+00,3.789947076859972731e+04,6.555708055271446399e-01,6.266077854019155846e-02,6.266077854019155846e-02
5.985000000000000320e+00,1.990559715699275367e+00,3.794959055971566704e+04,6.559522160660125056e-01,6.265832646582686349e-02,6.265832646582684962e-02
5.992500000000000604e+00,2.310242985273750271e+00,3.799971024298524571e+04,6.561872886540276451e-01,6.265716195520586174e-02,6.265716195520586174e-02
6.000000000000000888e+00,2.630064699651017968e+00,3.804983006469962856e+04,6.562757274671581209e-01,6.265519059594518159e-02,6.265519059594518159e-02
6.007500000000000284e+00,2.949995652305343441e+00,3.809994999565228500e+04,6.562172351799354653e-01,6.265282793152150698e-02,6.265282793152152085e-02
6.015000000000000568e+00,3.270039646801231825e+00,3.815007003964678006e+04,6.565080397643625609e-01,6.264993627308412805e-02,6.264993627308412805e-02
6.022500000000000853e+00,3.590149828863829384e+00,3.820019014982884983e+04,6.568891112141928001e-01,6.264706415478060730e-02,6.264706415478060730e-02
6.030000000000000249e+00,3.910087948619747067e+00,3.825031008794860827e+04,6.571203827681044718e-01,6.264600602417448594e-02,6.264600602417448594e-02
6.037500000000000533e+00,4.230172077267141617e+00,3.830043017207725643e+04,6.572016111622221990e-01,6.264403362803815101e-02,6.264403362803812325e-02
6.045000000000000817e+00,4.550368340553782254e+00,3.835055036834054772e+04,6.571325522832356381e-01,6.264168317382044771e-02,6.264168317382043383e-02
6.052500000000000213e+00,4.870683649058504372e+00,3.840067068364905572e+04,6.574800581023375612e-01,6.263874622787483915e-02,6.263874622787483915e-02
6.060000000000000497e+00,5.191079194529228502e+00,3.845079107919452508e+04,6.578500040532222481e-01,6.263575790796231668e-02,6.263575790796228893e-02
6.067500000000000782e+00,5.511308633577550076e+00,3.850091130863357830e+04,6.580666160724960578e-01,6.263454794530955161e-02,6.263454794530955161e-02
6.075000000000000178e+00,5.831665486392490827e+00,3.855103166548640002e+04,6.581297088126041306e-01,6.263255046937878101e-02,6.263255046937876713e-02
6.082500000000000462e+00,6.152138702779128998e+00,3.860115213870278967e+04,6.580390948961480913e-01,6.263015039111148596e-02,6.263015039111148596e-02
6.090000000000000746e+00,6.472732450076267519e+00,3.865127273245008837e+04,6.584834869207140118e-01,6.262718749425411069e-02,6.262718749425412457e-02
6.097500000000000142e+00,6.793411412948969996e+00,3.870139341141295881e+04,6.588309617471614921e-01,6.262413584145551382e-02,6.262413584145551382e-02
6.105000000000000426e+00,7.113935878813895997e+00,3.875151393587882922e+04,6.590215099003772226e-01,6.262279044990552712e-02,6.262279044990552712e-02
6.112500000000000711e+00,7.434577036707105790e+00,3.880163457703672611e+04,6.590550094811058468e-01,6.262072434774687557e-02,6.262072434774686169e-02
6.120000000000000107e+00,7.755337324282135292e+00,3.885175533732430631e+04,6.590389070178835906e-01,6.261824747867109076e-02,6.261824747867110463e-02
6.127500000000000391e+00,8.076218766272885929e+00,3.890187621876629419e+04,6.595124842838747670e-01,6.261524037725847702e-02,6.261524037725847702e-02
6.135000000000000675e+00,8.397187489626947610e+00,3.895199718748965097e+04,6.598255721767045667e-01,6.261213367364254490e-02,6.261213367364253102e-02
6.142500000000000071e+00,8.718003427526571869e+00,3.900211800342756032e+04,6.599780982262986040e-01,6.261069798096730032e-02,6.261069798096730032e-02
6.150000000000000355e+00,9.038938760309076059e+00,3.905223893876033981e+04,6.599700092964616571e-01,6.260855426687893244e-02,6.260855426687893244e-02
6.157500000000000639e+00,9.359995436153532467e+00,3.910235999543619255e+04,6.601281072733277133e-01,6.260599567298306967e-02,6.260599567298308354e-02
6.165000000000000924e+00,9.681174079637706598e+00,3.915248117407967948e+04,6.605585493578101097e-01,6.260292253320920430e-02,6.260292253320919043e-02
6.172500000000000320e+00,1.000243764868480589e+01,3.920260243764872575e+04,6.608247640079076834e-01,6.259979147905941899e-02,6.259979147905944674e-02
6.180000000000000604e+00,1.032354038199690649e+01,3.925272354038204503e+04,6.609267587348380824e-01,6.259833657409576146e-02,6.259833657409576146e-02
6.187500000000000888e+00,1.064478227185751358e+01,3.930284478227190266e+04,6.608645537445203555e-01,6.259606184611862800e-02,6.259606184611861412e-02
6.195000000000000284e+00,1.096614456471403720e+01,3.935296614456476527e+04,6.612360854052786729e-01,6.259342286958673174e-02,6.259342286958671786e-02
6.202500000000000568e+00,1.128762893124815925e+01,3.940308762893130188e+04,6.616103553378857027e-01,6.259027556395022063e-02,6.259027556395022063e-02
6.210000000000000853e+00,1.160917786220683290e+01,3.945320917786226346e+04,6.618166534325746753e-01,6.258723243795544233e-02,6.258723243795545621e-02
6.217500000000000249e+00,1.193057871885370780e+01,3.950333057871891651e+04,6.618550734626966747e-01,6.258573181089031878e-02,6.258573181089031878e-02
6.225000000000000533e+00,1.225213853093267069e+01,3.955345213853099267e+04,6.618727527536901745e-01,6.258328796893006252e-02,6.258328796893006252e-02
6.232500000000000817e+00,1.257381606457694190e+01,3.960357381606464332e+04,6.623491130198018162e-01,6.258056611143565651e-02,6.258056611143565651e-02
6.240000000000000213e+00,1.289561337143877573e+01,3.965369561337150662e+04,6.626536194466531304e-01,6.257735793495960985e-02,6.257735793495960985e-02
6.247500000000000497e+00,1.321741928250669318e+01,3.970381741928257543e+04,6.627864309758106920e-01,6.257466523042236328e-02,6.257466523042233553e-02
6.255000000000000782e+00,1.353915018365070644e+01,3.975393915018372354e+04,6.627477321377033270e-01,6.257291747540068283e-02,6.257291747540066895e-02
6.262500000000000178e+00,1.386103656566239550e+01,3.980406103656574123e+04,6.630541059168405527e-01,6.257031180218920741e-02,6.257031180218920741e-02
6.270000000000000462e+00,1.418304003750500186e+01,3.985418304003758385e+04,6.634503814634766794e-01,6.256747886531302538e-02,6.256747886531302538e-02
6.277500000000000746e+00,1.450516315813580448e+01,3.990430516315822024e+04,6.636710249325245004e-01,6.256412680736084253e-02,6.256412680736084253e-02
6.285000000000000142e+00,1.482721198135272545e+01,3.995442721198144136e+04,6.637163027475572186e-01,6.256196821371073913e-02,6.256196821371072525e-02
6.292500000000000426e+00,1.514928610874110682e+01,4.000454928610882780e+04,6.637371604257018554e-01,6.255992309117885952e-02,6.255992309117884564e-02
6.300000000000000711e+00,1.547150440923756776e+01,4.005467150440932892e+04,6.642184007867840689e-01,6.255722219114880078e-02,6.255722219114881466e-02
6.307500000000000107e+00,1.579384234072256099e+01,4.010479384234081954e+04,6.645199690314531615e-01,6.255425446278164991e-02,6.255425446278166379e-02
6.315000000000000391e+00,1.611630001768653742e+01,4.015491630001778685e+04,6.646422101222866363e-01,6.255071346399705690e-02,6.255071346399705690e-02
6.322500000000000675e+00,1.643858879639376980e+01,4.020503858879649488e+04,6.645855001953291374e-01,6.254914452177393058e-02,6.254914452177394446e-02
6.330000000000000959e+00,1.676101493165812784e+01,4.025516101493176393e+04,6.649678116109516424e-01,6.254679835623931650e-02,6.254679835623931650e-02
6.337500000000000355e+00,1.708356961967979615e+01,4.030528356961978716e+04,6.653430373408523169e-01,6.254408970724822936e-02,6.254408970724822936e-02
6.345000000000000639e+00,1.740625751865361437e+01,4.035540625751876360e+04,6.655348882050212689e-01,6.254078144178969179e-02,6.254078144178970566e-02
6.352500000000000924e+00,1.772895631133655669e+01,4.040552895631144929e+04,6.655438381583772545e-01,6.253799797421889795e-02,6.253799797421889795e-02
6.360000000000000320e+00,1.805157675893287106e+01,4.045565157675904629e+04,6.657073602457648231e-01,6.253626824736874257e-02,6.253626824736874257e-02
6.367500000000000604e+00,1.837435727149543752e+01,4.050577435727161355e+04,6.661486126138089769e-01,6.253369856950009853e-02,6.253369856950009853e-02
6.375000000000000888e+00,1.869726568714239079e+01,4.055589726568726473e+04,6.664023766506046442e-01,6.253082020916873873e-02,6.253082020916873873e-02
6.382500000000000284e+00,1.902030397309836118e+01,4.060602030397322233e+04,6.664692252094231995e-01,6.252727246688973006e-02,6.252727246688971618e-02
6.390000000000000568e+00,1.934320310665254183e+01,4.065614320310678158e+04,6.664443518016082146e-01,6.252558455785486857e-02,6.252558455785486857e-02
6.397500000000000853e+00,1.966619739692615099e+01,4.070626619739705347e+04,6.669436421536647508e-01,6.252344814318755439e-02,6.252344814318754052e-02
6.405000000000000249e+00,1.998933287609837706e+01,4.075638933287622785e+04,6.672512863274198125e-01,6.252078824077365871e-02,6.252078824077365871e-02
6.412500000000000533e+00,2.031260603053783242e+01,4.080651260603067203e+04,6.673679594309758212e-01,6.251754116984675758e-02,6.251754116984675758e-02
6.420000000000000817e+00,2.063590148733894836e+01,4.085663590148747608e+04,6.672943796039880748e-01,6.251473139308590110e-02,6.251473139308590110e-02
6.427500000000000213e+00,2.095910163777889323e+01,4.090675910163792287e+04,6.677336054905855800e-01,6.251318926139765031e-02,6.251318926139765031e-02
6.435000000000000497e+00,2.128246659659529172e+01,4.095688246659674041e+04,6.680867766575583344e-01,6.251078183469338523e-02,6.251078183469339911e-02
6.442500000000000782e+00,2.160597439399333553e+01,4.100700597439413832e+04,6.682449049179864931e-01,6.250784939301129439e-02,6.250784939301128051e-02
6.450000000000000178e+00,2.192960532172070387e+01,4.105712960532186844e+04,6.682088311110728762e-01,6.250438629384506839e-02,6.250438629384508227e-02
6.457500000000000462e+00,2.225306979417066700e+01,4.110725306979432207e+04,6.685224977213453101e-01,6.250305571611700084e-02,6.250305571611700084e-02
6.465000000000000746e+00,2.257665853975134951e+01,4.115737665853990620e+04,6.689125485874756194e-01,6.250106362903846968e-02,6.250106362903846968e-02
6.472500000000000142e+00,2.290040380660825292e+01,4.120750040380676364e+04,6.691034945992837546e-01,6.249831463646850910e-02,6.249831463646849522e-02
6.480000000000000426e+00,2.322427665624512727e+01,4.125762427665641007e+04,6.690963050623791597e-01,6.249514787160658641e-02,6.249514787160659335e-02
6.487500000000000711e+00,2.354810338068523379e+01,4.130774810338085081e+04,6.693128318366154961e-01,6.249304671137688449e-02,6.249304671137687756e-02
6.495000000000000107e+00,2.387191260819276550e+01,4.135787191260835971e+04,6.697308564064718972e-01,6.249153852692535677e-02,6.249153852692534289e-02
6.502500000000000391e+00,2.419589559213484620e+01,4.140799589559230662e+04,6.699457516479248032e-01,6.248901003676379101e-02,6.248901003676380489e-02
6.510000000000000675e+00,2.452000901130668353e+01,4.145812000901147985e+04,6.699586223932757489e-01,6.248617070177711619e-02,6.248617070177710925e-02
6.517500000000000959e+00,2.484419517180889514e+01,4.150824419517198839e+04,6.701056627137506050e-01,6.248326425049851446e-02,6.248326425049851446e-02
6.525000000000000355e+00,2.516821961098357363e+01,4.155836821961116220e+04,6.705425409365647349e-01,6.248237647491503011e-02,6.248237647491502317e-02
6.532500000000000639e+00,2.549243769475870280e+01,4.160849243769494205e+04,6.707723318335455653e-01,6.248016385976611770e-02,6.248016385976611076e-02
6.540000000000000924e+00,2.581679608522381031e+01,4.165861679608540726e+04,6.707962837339882523e-01,6.247752474955311358e-02,6.247752474955309970e-02
6.547500000000000320e+00,2.614127642863951095e+01,4.170874127642882377e+04,6.709006346942330001e-01,6.247441133262015417e-02,6.247441133262015417e-02
6.555000000000000604e+00,2.646557096633409856e+01,4.175886557096652541e+04,6.713470858144968689e-01,6.247366434370229399e-02,6.247366434370228011e-02
6.562500000000000888e+00,2.679002304330690265e+01,4.180899002304350142e+04,6.715825883286337117e-01,6.247179599884902790e-02,6.247179599884902790e-02
6.570000000000000284e+00,2.711462450701863602e+01,4.185911462450721592e+04,6.716085425029111322e-01,6.246934456541233804e-02,6.246934456541233111e-02
6.577500000000000568e+00,2.743934914384594848e+01,4.190923934914404526e+04,6.716960538071440334e-01,6.246653317364812136e-02,6.246653317364813524e-02
6.585000000000000853e+00,2.776395533546389771e+01,4.195936395533566974e+04,6.721426976922595387e-01,6.246545888390774709e-02,6.246545888390776097e-02
6.592500000000000249e+00,2.808864002958608452e+01,4.200948864002979099e+04,6.723746595567821061e-01,6.246394703435260987e-02,6.246394703435258905e-02
6.600000000000000533e+00,2.841348259717246805e+01,4.205961348259737861e+04,6.723935000265460760e-01,6.246170808382837253e-02,6.246170808382837947e-02
6.607500000000000817e+00,2.873844766110033433e+01,4.210973844766130787e+04,6.724889847645846297e-01,6.245921838541283050e-02,6.245921838541280968e-02
6.615000000000000213e+00,2.906335613959976172e+01,4.215986335613981646e+04,6.729264102220618993e-01,6.245785391965138350e-02,6.245785391965136962e-02
6.622500000000000497e+00,2.938827092013029940e+01,4.220998827092034480e+04,6.731455796938702330e-01,6.245672441140349279e-02,6.245672441140349973e-02
6.630000000000000782e+00,2.971335254884084165e+01,4.226011335254905862e+04,6.731482220505868863e-01,6.245471860540648817e-02,6.245471860540650205e-02
6.637500000000000178e+00,3.003855726605452503e+01,4.231023855726627517e+04,6.732753718720811964e-01,6.245251201723889256e-02,6.245251201723890644e-02
6.645000000000000462e+00,3.036375240058911729e+01,4.236036375240081543e+04,6.736942106991454793e-01,6.245095714597063974e-02,6.245095714597063974e-02
6.652500000000000746e+00,3.068889470788019835e+01,4.241048889470810536e+04,6.738914104399155169e-01,6.245022746533845925e-02,6.245022746533846619e-02
6.660000000000000142e+00,3.101421242862735639e+01,4.246061421242885990e+04,6.738688750215490186e-01,6.244847442317406905e-02,6.244847442317406905e-02
6.667500000000000426e+00,3.133965556384317352e+01,4.251073965556408075e+04,6.740501820046398418e-01,6.244650148841241616e-02,6.244650148841241616e-02
6.675000000000000711e+00,3.166511905108151481e+01,4.256086511905131920e+04,6.744411872521467455e-01,6.244488053193261029e-02,6.244488053193259641e-02
6.682500000000000107e+00,3.199048815416543334e+01,4.261099048815440619e+04,6.746073917134505216e-01,6.244451589925661267e-02,6.244451589925662655e-02
6.690000000000000391e+00,3.231603888050620554e+01,4.266111603888074751e+04,6.745508795787825695e-01,6.244301295515978373e-02,6.244301295515978373e-02
6.697500000000000675e+00,3.264171641709233995e+01,4.271124171641733847e+04,6.748075668420715489e-01,6.244126417461200174e-02,6.244126417461202255e-02
6.705000000000000959e+00,3.296742873375905702e+01,4.276136742873401090e+04,6.751616935424289423e-01,6.243970486891525784e-02,6.243970486891525090e-02
6.712500000000000355e+00,3.329302439083962639e+01,4.281149302439109306e+04,6.752881080292458815e-01,6.243963992073513214e-02,6.243963992073513908e-02
6.720000000000000639e+00,3.361880444712650728e+01,4.286161880444738199e+04,6.751890778504261448e-01,6.243837372447288286e-02,6.243837372447288286e-02
6.727500000000000924e+00,3.394471038009949382e+01,4.291174471038035699e+04,6.755410406842334847e-01,6.243686169804118363e-02,6.243686169804118363e-02
6.735000000000000320e+00,3.427065151365326301e+01,4.296187065151391289e+04,6.758495271098280410e-01,6.243548203663364105e-02,6.243548203663363411e-02
6.742500000000000604e+00,3.459647277125452547e+01,4.301199647277151962e+04,6.759276665522819805e-01,6.243564461483541717e-02,6.243564461483541717e-02
6.750000000000000888e+00,3.492247754320778341e+01,4.306212247754347482e+04,6.757779104408482285e-01,6.243459927042605689e-02,6.243459927042604302e-02
6.757500000000000284e+00,3.524860473808810468e+01,4.311224860473835724e+04,6.762436694275948401e-01,6.243333872759157521e-02,6.243333872759158215e-02
6.765000000000000568e+00,3.557475457606851421e+01,4.316237475457633991e+04,6.764981168305107539e-01,6.243224114771910721e-02,6.243224114771912109e-02
6.772500000000000853e+00,3.590079924996612704e+01,4.321250079925024329e+04,6.765198822214324448e-01,6.243256268846041068e-02,6.243256268846040374e-02
6.780000000000000249e+00,3.622702302415612508e+01,4.326262702302443358e+04,6.764783503393783093e-01,6.243172283122232213e-02,6.243172283122233601e-02
6.787500000000000533e+00,3.655336870137393390e+01,4.331275336870165484e+04,6.769082657249745338e-01,6.243062883571402766e-02,6.243062883571402766e-02
6.795000000000000817e+00,3.687970183861321516e+01,4.336287970183889411e+04,6.771007144754145335e-01,6.242999927874180732e-02,6.242999927874178651e-02
6.802500000000000213e+00,3.720596648112559990e+01,4.341300596648141072e+04,6.770584649434808755e-01,6.243041343114862779e-02,6.243041343114862779e-02
6.810000000000000497e+00,3.753240233641272994e+01,4.346313240233670513e+04,6.771652449775915628e-01,6.242976676172072581e-02,6.242976676172072581e-02
6.817500000000000782e+00,3.785895917885549267e+01,4.351325895917914750e+04,6.775275850087121299e-01,6.242881647317991001e-02,6.242881647317991001e-02
6.825000000000000178e+00,3.818545424851055259e+01,4.356338545424880431e+04,6.776505851079658305e-01,6.242875781485629494e-02,6.242875781485630882e-02
6.832500000000000462e+00,3.851193365966407356e+01,4.361351193365996005e+04,6.775372036989051328e-01,6.242920746689723660e-02,6.242920746689725048e-02
6.840000000000000746e+00,3.883857340656007295e+01,4.366363857340686081e+04,6.778069810109533799e-01,6.242874745563908867e-02,6.242874745563908867e-02
6.847500000000000142e+00,3.916533401905880396e+01,4.371376533401936467e+04,6.780945169600031130e-01,6.242789538827832330e-02,6.242789538827830942e-02
6.855000000000000426e+00,3.949197036893051660e+01,4.376389197036923724e+04,6.781411910568447832e-01,6.242849235182913042e-02,6.242849235182912349e-02
6.862500000000000711e+00,3.981865629746553736e+01,4.381401865629777603e+04,6.779501424881259064e-01,6.242895458929063890e-02,6.242895458929064584e-02
6.870000000000000995e+00,4.014549448810421950e+01,4.386414549448841717e+04,6.783961446401500783e-01,6.242860849362679571e-02,6.242860849362679571e-02
6.877500000000000391e+00,4.047244648866838190e+01,4.391427244648898341e+04,6.786022671644046378e-01,6.242785867523271276e-02,6.242785867523271276e-02
6.885000000000000675e+00,4.079920634241796762e+01,4.396439920634273585e+04,6.785663644470087963e-01,6.242915795252144961e-02,6.242915795252144961e-02
6.892500000000000959e+00,4.112608732733392003e+01,4.401452608732765657e+04,6.785607125760824143e-01,6.242965042986192009e-02,6.242965042986191315e-02
6.900000000000000355e+00,4.145311498941281059e+01,4.406465311498973460e+04,6.789257556137032745e-01,6.242937629249076248e-02,6.242937629249074860e-02
6.907500000000000639e+00,4.178023551121031431e+01,4.411478023551153456e+04,6.790445240991037634e-01,6.242879468691613781e-02,6.242879468691612393e-02
6.915000000000000924e+00,4.210711558816836941e+01,4.416490711558849580e+04,6.789204637562193945e-01,6.243070049761897250e-02,6.243070049761898638e-02
6.922500000000000320e+00,4.243417922270189280e+01,4.421503417922303197e+04,6.791163575926925100e-01,6.243124283652475709e-02,6.243124283652476403e-02
6.930000000000000604e+00,4.276138266093763463e+01,4.426516138266127382e+04,6.793894265906772478e-01,6.243104143153746510e-02,6.243104143153746510e-02
6.937500000000000888e+00,4.308858203183109481e+01,4.431528858203216805e+04,6.794156072273775937e-01,6.243129270312293422e-02,6.243129270312295503e-02
6.945000000000000284e+00,4.341564838166128482e+01,4.436541564838200429e+04,6.791985105547360124e-01,6.243306799276997915e-02,6.243306799276997915e-02
6.952500000000000568e+00,4.374288857830035226e+01,4.441554288857864594e+04,6.796052722957196535e-01,6.243355098984811058e-02,6.243355098984811058e-02
6.960000000000000853e+00,4.407024962175007943e+01,4.446567024962209689e+04,6.797815009157404109e-01,6.243350640001212037e-02,6.243350640001213425e-02
6.967500000000000249e+00,4.439750672955804589e+01,4.451579750672991213e+04,6.797105927899889100e-01,6.243467279816451027e-02,6.243467279816451720e-02
6.975000000000000533e+00,4.472475053363962871e+01,4.456592475053399539e+04,6.796956848352574410e-01,6.243623802627229491e-02,6.243623802627228797e-02
6.982500000000000817e+00,4.505215740303825811e+01,4.461605215740339190e+04,6.800218843457002116e-01,6.243661214892480549e-02,6.243661214892480549e-02
6.990000000000000213e+00,4.537966198655485073e+01,4.466617966198691283e+04,6.800971659018878457e-01,6.243670124895939894e-02,6.243670124895943363e-02
6.997500000000000497e+00,4.570695903971615337e+01,4.471630695904007734e+04,6.799254148296975941e-01,6.243884662377496841e-02,6.243884662377497535e-02
7.005000000000000782e+00,4.603436614630786750e+01,4.476643436614667007e+04,6.801399364842245499e-01,6.244019061827213446e-02,6.244019061827214834e-02
7.012500000000000178e+00,4.636192068802185418e+01,4.481656192068839300e+04,6.803615450681418375e-01,6.244053875632870482e-02,6.244053875632871869e-02
7.020000000000000462e+00,4.668951036831846579e+01,4.486668951036869112e+04,6.803325397359297755e-01,6.244104558469352334e-02,6.244104558469352334e-02
7.027500000000000746e+00,4.701688960370436376e+01,4.491681688960408064e+04,6.801382997533965691e-01,6.244363385232699903e-02,6.244363385232699903e-02
7.035000000000000142e+00,4.734444789164902545e+01,4.496694444789202680e+04,6.805064996833645186e-01,6.244472705670117002e-02,6.244472705670117002e-02
7.042500000000000426e+00,4.767212475741133204e+01,4.501707212475778942e+04,6.806206012698916563e-01,6.244520042002849047e-02,6.244520042002851129e-02
7.050000000000000711e+00,4.799971352927521906e+01,4.506719971352965513e+04,6.804847311767007190e-01,6.244670867843019751e-02,6.244670867843021139e-02
7.057500000000000995e+00,4.832724093617883909e+01,4.511732724093656725e+04,6.805342762685582247e-01,6.244898476511128588e-02,6.244898476511129282e-02
7.065000000000000391e+00,4.865493661306461348e+01,4.516745493661345245e+04,6.807919896420057126e-01,6.244982102552490422e-02,6.244982102552492503e-02
7.072500000000000675e+00,4.898272043977070211e+01,4.521758272044016485e+04,6.807964392463576875e-01,6.245039920778923392e-02,6.245039920778926168e-02
7.080000000000000959e+00,4.931029037125181702e+01,4.526771029037164408e+04,6.805518722433011591e-01,6.245300631381372342e-02,6.245300631381372342e-02
7.087500000000000355e+00,4.963795752064874023e+01,4.531783795752104925e+04,6.808485837526744300e-01,6.245480495876360588e-02,6.245480495876362670e-02
7.095000000000000639e+00,1.657633905875224856e-01,4.531816576339098538e+04,6.809941005924616819e-01,6.245559284512886000e-02,6.245559284512886000e-02
7.102500000000000924e+00,4.935809488541290091e-01,4.536829358094925556e+04,6.808875017824881359e-01,6.245667223058648521e-02,6.245667223058650602e-02
7.110000000000000320e+00,8.211925501196886135e-01,4.541842119255052239e+04,6.807917707665958051e-01,6.245968521830910086e-02,6.245968521830910086e-02
7.117500000000000604e+00,1.148980079983250135e+00,4.546854898008039163e+04,6.810792495235398203e-01,6.246108885321709908e-02,6.246108885321709908e-02
7.125000000000000888e+00,1.476871460464830088e+00,4.551867687146087701e+04,6.811116071618747991e-01,6.246194720948542584e-02,6.246194720948543971e-02
7.132500000000000284e+00,1.804634123149291947e+00,4.556880463412356039e+04,6.808932798383671159e-01,6.246409443828693925e-02,6.246409443828693231e-02
7.140000000000000568e+00,2.132365344413244213e+00,4.561893236534483003e+04,6.810529365547420833e-01,6.246661044513128480e-02,6.246661044513129174e-02
7.147500000000000853e+00,2.460253169193894252e+00,4.566906025316961313e+04,6.812253959430413230e-01,6.246771649991061243e-02,6.246771649991061937e-02
7.155000000000000249e+00,2.788210559355545737e+00,4.571918821055977605e+04,6.811443413156365034e-01,6.246864552579789454e-02,6.246864552579789454e-02
7.162500000000000533e+00,3.115908535010111891e+00,4.576931590853543457e+04,6.809157453879477462e-01,6.247190610652949422e-02,6.247190610652949422e-02
7.170000000000000817e+00,3.443746801402054469e+00,4.581944374680182955e+04,6.812295974510951257e-01,6.247382151218360685e-02,6.247382151218360685e-02
7.177500000000000213e+00,3.771702557881052797e+00,4.586957170255831443e+04,6.812872032187846649e-01,6.247490000902494039e-02,6.247490000902491264e-02
7.185000000000000497e+00,4.099600898276821503e+00,4.591969960089871165e+04,6.810931477127959432e-01,6.247671697911608146e-02,6.247671697911608146e-02
7.192500000000000782e+00,4.427358585699304960e+00,4.596982735858613887e+04,6.811244786155038478e-01,6.247980308931648519e-02,6.247980308931648519e-02
7.200000000000000178e+00,4.755281770496906368e+00,4.601995528177094093e+04,6.813222843975901277e-01,6.248125685757454501e-02,6.248125685757453807e-02
7.207500000000000462e+00,5.083285380253971475e+00,4.607008328538070054e+04,6.812658521636604236e-01,6.248235418894946408e-02,6.248235418894946408e-02
7.215000000000000746e+00,5.411082305427031613e+00,4.612021108230587561e+04,6.809598207612189702e-01,6.248529197209002489e-02,6.248529197209003877e-02
7.222500000000001030e+00,5.738930042532145670e+00,4.617033893004298443e+04,6.812495436067145249e-01,6.248768279902536249e-02,6.248768279902536249e-02
7.230000000000000426e+00,6.066908979776648891e+00,4.622046690898022644e+04,6.813325095922690977e-01,6.248892533407892497e-02,6.248892533407891109e-02
7.237500000000000711e+00,6.394893263673560035e+00,4.627059489326412586e+04,6.811634504482015906e-01,6.249041880118325759e-02,6.249041880118325759e-02
7.245000000000000995e+00,6.722642140332841798e+00,4.632072264214079041e+04,6.810684938690747536e-01,6.249392914378128910e-02,6.249392914378131686e-02
7.252500000000000391e+00,7.050558805353081659e+00,4.637085055880581785e+04,6.812927753043407364e-01,6.249571776386032146e-02,6.249571776386032146e-02
7.260000000000000675e+00,7.378565038600714665e+00,4.642097856503906223e+04,6.812626830619530338e-01,6.249694074292347357e-02,6.249694074292347357e-02
7.267500000000000959e+00,7.706419384810742734e+00,4.647110641938527988e+04,6.809829460258729483e-01,6.249952347565101984e-02,6.249952347565099903e-02
7.275000000000000355e+00,8.034237300788079850e+00,4.652123423730125796e+04,6.811458587114367358e-01,6.250234478614602462e-02,6.250234478614602462e-02
7.282500000000000639e+00,8.362197462771636225e+00,4.657136219746324787e+04,6.812568720266265476e-01,6.250374241125798702e-02,6.250374241125797314e-02
7.290000000000000924e+00,8.690208214685585020e+00,4.662149020821516024e+04,6.811160184108082660e-01,6.250498329498382910e-02,6.250498329498385686e-02
7.297500000000000320e+00,9.017933654314370884e+00,4.667161793365479389e+04,6.808905372513808230e-01,6.250863463013821286e-02,6.250863463013819898e-02
7.305000000000000604e+00,9.345805315841273497e+00,4.672174580531632091e+04,6.811449235022607462e-01,6.251072489158153445e-02,6.251072489158153445e-02
7.312500000000000888e+00,9.673776013892336323e+00,4.677187377601437765e+04,6.811452947687239856e-01,6.251202588914295255e-02,6.251202588914296643e-02
7.320000000000000284e+00,1.000164525672644977e+01,4.682200164525721630e+04,6.808964313777322586e-01,6.251428209989479123e-02,6.251428209989479123e-02
7.327500000000000568e+00,1.032939865431609938e+01,4.687212939865480439e+04,6.809253100559066185e-01,6.251743566541147212e-02,6.251743566541147212e-02
7.335000000000000853e+00,1.065730034361570944e+01,4.692225730034410662e+04,6.810693763783404187e-01,6.251899352899775719e-02,6.251899352899775719e-02
7.342500000000000249e+00,1.098526307039034577e+01,4.697238526307088614e+04,6.809621612762168930e-01,6.252024114312725034e-02,6.252024114312725034e-02
7.350000000000000533e+00,1.131297240693645278e+01,4.702251297240743588e+04,6.806084345807098535e-01,6.252358713703644322e-02,6.252358713703641546e-02
7.357500000000000817e+00,1.164076320309134793e+01,4.707264076320359163e+04,6.808864287383732394e-01,6.252595127889332138e-02,6.252595127889332138e-02
7.365000000000000213e+00,1.196866358813153930e+01,4.712276866358863481e+04,6.809235145964449565e-01,6.252728504868720893e-02,6.252728504868720893e-02
7.372500000000000497e+00,1.229651327544172901e+01,4.717289651327594765e+04,6.807121381302705387e-01,6.252917619430485574e-02,6.252917619430485574e-02
7.380000000000000782e+00,1.262417014828375628e+01,4.722302417014879757e+04,6.805941962692292346e-01,6.253257751631999262e-02,6.253257751631999262e-02
7.387500000000000178e+00,1.295197675514160274e+01,4.727315197675565287e+04,6.807783467229230334e-01,6.253431126808886575e-02,6.253431126808886575e-02
7.395000000000000462e+00,1.327985315024110413e+01,4.732327985315075784e+04,6.807121350560612072e-01,6.253555922662606958e-02,6.253555922662606958e-02
7.402500000000000746e+00,1.360752361217747186e+01,4.737340752361269551e+04,6.804003336816328851e-01,6.253847339948154227e-02,6.253847339948154227e-02
7.410000000000001030e+00,1.393519935216621697e+01,4.742353519935268559e+04,6.805240899702416080e-01,6.254111679160181958e-02,6.254111679160181958e-02
7.417500000000000426e+00,1.426299716148068875e+01,4.747366299716200592e+04,6.806059673902923324e-01,6.254245238728917133e-02,6.254245238728918521e-02
7.425000000000000711e+00,1.459080196681056840e+01,4.752379080196734139e+04,6.804404271926812742e-01,6.254387478677304879e-02,6.254387478677303491e-02
7.432500000000000995e+00,1.491833265336383185e+01,4.757391833265389141e+04,6.801577702921394186e-01,6.254746894086017639e-02,6.254746894086016251e-02
7.440000000000000391e+00,1.524601092761633936e+01,4.762404601092814846e+04,6.803907524696755083e-01,6.254940252814669699e-02,6.254940252814669699e-02
7.447500000000000675e+00,1.557376997335093094e+01,4.767417376997388783e+04,6.803745378347699768e-01,6.255062724189494605e-02,6.255062724189494605e-02
7.455000000000000959e+00,1.590137862211060238e+01,4.772430137862265110e+04,6.801138703957507747e-01,6.255305387360605984e-02,6.255305387360608760e-02
7.462500000000000355e+00,1.622890920939093107e+01,4.777442890920993523e+04,6.800632003342433896e-01,6.255596393142683065e-02,6.255596393142683065e-02
7.470000000000000639e+00,1.655657171858266352e+01,4.782455657171912753e+04,6.801994657636454278e-01,6.255734348094345310e-02,6.255734348094345310e-02
7.477500000000000924e+00,1.688427625312226610e+01,4.787468427625366894e+04,6.800895482936974989e-01,6.255848240430807172e-02,6.255848240430807172e-02
7.485000000000000320e+00,1.721169338996427101e+01,4.792481169339051849e+04,6.797381376344195925e-01,6.256189023166139340e-02,6.256189023166139340e-02
7.492500000000000604e+00,1.753921489490942065e+01,4.797493921489546483e+04,6.799116036682719688e-01,6.256402986861955839e-02,6.256402986861955839e-02
7.500000000000000888e+00,1.786683020301109437e+01,4.802506683020357013e+04,6.799557097898153435e-01,6.256521015388720464e-02,6.256521015388720464e-02
7.507500000000000284e+00,1.819435906474711828e+01,4.807519435906530998e+04,6.797566386910083303e-01,6.256710193492108496e-02,6.256710193492108496e-02
7.515000000000000568e+00,1.852172248503235608e+01,4.812532172248559800e+04,6.795069572957629367e-01,6.257017595232218510e-02,6.257017595232218510e-02
7.522500000000000853e+00,1.884921568049210450e+01,4.817544921568105929e+04,6.797084300741265128e-01,6.257173664503669352e-02,6.257173664503669352e-02
7.530000000000000249e+00,1.917676833736335595e+01,4.822557676833793084e+04,6.796650724210466787e-01,6.257279720518904575e-02,6.257279720518904575e-02
7.537500000000000533e+00,1.950409140388279639e+01,4.827570409140445554e+04,6.793815132993727968e-01,6.257561742779213509e-02,6.257561742779213509e-02
7.545000000000000817e+00,1.983142962829420242e+01,4.832583142962886632e+04,6.793433991811317352e-01,6.257800785928205323e-02,6.257800785928205323e-02
7.552500000000000213e+00,2.015887778809726427e+01,4.837595887778867473e+04,6.794591979386289671e-01,6.257913720915860012e-02,6.257913720915860012e-02
7.560000000000000497e+00,2.048631846364763831e+01,4.842608631846422941e+04,6.793331681217614770e-01,6.258037001327064475e-02,6.258037001327063087e-02
7.567500000000000782e+00,2.081348828049562272e+01,4.847621348828107875e+04,6.789698641337437168e-01,6.258366043840733750e-02,6.258366043840733750e-02
7.575000000000000178e+00,2.114078895536848535e+01,4.852634078895595303e+04,6.791343920982166882e-01,6.258542371320253983e-02,6.258542371320253983e-02
7.582500000000000462e+00,2.146816544152858341e+01,4.857646816544211470e+04,6.791694172190769763e-01,6.258641573491641186e-02,6.258641573491641186e-02
7.590000000000000746e+00,2.179539311730225748e+01,4.862659539311789558e+04,6.789655656837983999e-01,6.258850900380077964e-02,6.258850900380077964e-02
7.597500000000001030e+00,2.212252878551155533e+01,4.867672252878610743e+04,6.786856749684504475e-01,6.259112380655953989e-02,6.259112380655953989e-02
7.605000000000000426e+00,2.244977820671932278e+01,4.872684977820731729e+04,6.788853286036420354e-01,6.259239364744827172e-02,6.259239364744827172e-02
7.612500000000000711e+00,2.277707283145370454e+01,4.877697707283205818e+04,6.788445217198050274e-01,6.259326641090691423e-02,6.259326641090688648e-02
7.620000000000000995e+00,2.310409194063863225e+01,4.882710409194124077e+04,6.785677251477192362e-01,6.259623336213106237e-02,6.259623336213107625e-02
7.627500000000000391e+00,2.343118181366972408e+01,4.887723118181427708e+04,6.784756186735964034e-01,6.259820150705197594e-02,6.259820150705198982e-02
7.635000000000000675e+00,2.375836180409146436e+01,4.892735836180469778e+04,6.786014976232032092e-01,6.259917161424057019e-02,6.259917161424057019e-02
7.642500000000000959e+00,2.408549249561284000e+01,4.897748549249622738e+04,6.784898106344989799e-01,6.260047692018695653e-02,6.260047692018695653e-02
7.650000000000000355e+00,2.441240340397535036e+01,4.902761240340459335e+04,6.781449437627901089e-01,6.260337371464021194e-02,6.260337371464021194e-02
7.657500000000000639e+00,2.473943238353852436e+01,4.907773943238415814e+04,6.782309134404224116e-01,6.260487018215113442e-02,6.260487018215113442e-02
7.665000000000000924e+00,2.506652830695955814e+01,4.912786652830758248e+04,6.782880306504330825e-01,6.260566564177798277e-02,6.260566564177798277e-02
7.672500000000000320e+00,2.539344695696070886e+01,4.917799344695758191e+04,6.781103990830171790e-01,6.260773594878948911e-02,6.260773594878948911e-02
7.680000000000000604e+00,2.572030709652110758e+01,4.922812030709714600e+04,6.777268750785963025e-01,6.260999011212574350e-02,6.260999011212572962e-02
7.687500000000000888e+00,2.604726771216439829e+01,4.927824726771279529e+04,6.779565180179897288e-01,6.261106823307657776e-02,6.261106823307657776e-02
7.695000000000000284e+00,2.637426878756223303e+01,4.932837426878819679e+04,6.779498568211954623e-01,6.261174212987977161e-02,6.261174212987978549e-02
7.702500000000000568e+00,2.670098280928378998e+01,4.937850098280992097e+04,6.777111772020919522e-01,6.261458080784348956e-02,6.261458080784350344e-02
7.710000000000000853e+00,2.702778144784842596e+01,4.942862778144848562e+04,6.774890998938930542e-01,6.261625407721070624e-02,6.261625407721070624e-02
7.717500000000000249e+00,2.735465781605768143e+01,4.947875465781670209e+04,6.776571734326342078e-01,6.261709841329167470e-02,6.261709841329167470e-02
7.725000000000000533e+00,2.768148602013848603e+01,4.952888148602078581e+04,6.775916663412283603e-01,6.261818546425218512e-02,6.261818546425218512e-02
7.732500000000000817e+00,2.800809522903954729e+01,4.957900809522968484e+04,6.772967772290395816e-01,6.262085095148055280e-02,6.262085095148055280e-02
7.740000000000000213e+00,2.833481878601925175e+01,4.962913481878666789e+04,6.772259090714334295e-01,6.262212835476796413e-02,6.262212835476797801e-02
7.747500000000000497e+00,2.866160191283713132e+01,4.967926160191348754e+04,6.773373706159070418e-01,6.262280245158165226e-02,6.262280245158163838e-02
7.755000000000000782e+00,2.898822336585816117e+01,4.972938822336651356e+04,6.772178816466646323e-01,6.262456433431376479e-02,6.262456433431376479e-02
7.762500000000001066e+00,2.931476991465606474e+01,4.977951476991531672e+04,6.768715479401561375e-01,6.262663661907538759e-02,6.262663661907538759e-02
7.770000000000000462e+00,2.964141059461732652e+01,4.982964141059527901e+04,6.769415964156034748e-01,6.262760908148999606e-02,6.262760908148999606e-02
7.777500000000000746e+00,2.996809663984938155e+01,4.987976809664051689e+04,6.770013254678903802e-01,6.262809963384682876e-02,6.262809963384684264e-02
7.785000000000001030e+00,3.029451696483479495e+01,4.992989451696550532e+04,6.768326356200180527e-01,6.263055803211510508e-02,6.263055803211509120e-02
7.792500000000000426e+00,3.062099306841093593e+01,4.998002099306908349e+04,6.764395357639032547e-01,6.263208104267894982e-02,6.263208104267894982e-02
7.800000000000000711e+00,3.094754316036058128e+01,5.003014754316103790e+04,6.766401758887938822e-01,6.263283244070706746e-02,6.263283244070706746e-02
7.807500000000000995e+00,3.127409288174160551e+01,5.008027409288242052e+04,6.766529606502020844e-01,6.263339667467800187e-02,6.263339667467798799e-02
7.815000000000000391e+00,3.160036712516296120e+01,5.013040036712583969e+04,6.764397561590511643e-01,6.263603614432511346e-02,6.263603614432511346e-02
7.822500000000000675e+00,3.192676145666239407e+01,5.018052676145734586e+04,6.761272647077853915e-01,6.263717922494257961e-02,6.263717922494256574e-02
7.830000000000000959e+00,3.225321225801814506e+01,5.023065321225870139e+04,6.763253667659677726e-01,6.263779142091842334e-02,6.263779142091842334e-02
7.837500000000000355e+00,3.257956499141987194e+01,5.028077956499210995e+04,6.762958933926849214e-01,6.263892648039123823e-02,6.263892648039123823e-02
7.845000000000000639e+00,3.290576760955143953e+01,5.033090576761024568e+04,6.760427563964104269e-01,6.264105380435038006e-02,6.264105380435038006e-02
7.852500000000000924e+00,3.323207412689386331e+01,5.038103207412758638e+04,6.758424747385562981e-01,6.264189905582669138e-02,6.264189905582669138e-02
7.860000000000000320e+00,3.355842323477291700e+01,5.043115842323547258e+04,6.760005844530345698e-01,6.264238139857862542e-02,6.264238139857862542e-02
7.867500000000000604e+00,3.388458369141245186e+01,5.048128458369211148e+04,6.759334286098533928e-01,6.264410734997596930e-02,6.264410734997599706e-02
7.875000000000000888e+00,3.421071192011744699e+01,5.053141071192082018e+04,6.756448298879351722e-01,6.264570898662823184e-02,6.264570898662823184e-02
7.882500000000000284e+00,3.453692617155257238e+01,5.058153692617225897e+04,6.755462561659051346e-01,6.264632202828818164e-02,6.264632202828818164e-02
7.890000000000000568e+00,3.486317246126464653e+01,5.063166317246197286e+04,6.756689362701349122e-01,6.264663842499529345e-02,6.264663842499529345e-02
7.897500000000000853e+00,3.518915130367859945e+01,5.068178915130438691e+04,6.755685566518285778e-01,6.264888833628994014e-02,6.264888833628992626e-02
7.905000000000000249e+00,3.551519696778359503e+01,5.073191519696849718e+04,6.752488501213400607e-01,6.265008157576650027e-02,6.265008157576650027e-02
7.912500000000000533e+00,3.584131213387082227e+01,5.078204131213459186e+04,6.752415300286798150e-01,6.265056291488098339e-02,6.265056291488098339e-02
7.920000000000000817e+00,3.616743390624570509e+01,5.083216743390696502e+04,6.753332215368349489e-01,6.265082954855516473e-02,6.265082954855516473e-02
7.927500000000000213e+00,3.649327017549166641e+01,5.088229327017621836e+04,6.752039550545581026e-01,6.265324645638946366e-02,6.265324645638947754e-02
7.935000000000000497e+00,3.681922697331758343e+01,5.093241922697404516e+04,6.748573737401191153e-01,6.265413836341982012e-02,6.265413836341982012e-02
7.942500000000000782e+00,3.714523816985933991e+01,5.098254523817059089e+04,6.749309173128169581e-01,6.265454174656245878e-02,6.265454174656245878e-02
7.950000000000001066e+00,3.747118529236056617e+01,5.103267118529308937e+04,6.749959353413907959e-01,6.265520927573510479e-02,6.265520927573509091e-02
7.957500000000000462e+00,3.779694085073777643e+01,5.108279694085146912e+04,6.748419937014313863e-01,6.265723087576052786e-02,6.265723087576051398e-02
7.965000000000000746e+00,3.812280556623323235e+01,5.113292280556697369e+04,6.744726469259403334e-01,6.265787812041322125e-02,6.265787812041322125e-02
7.972500000000001030e+00,3.844871177328940348e+01,5.118304871177402674e+04,6.746167445264139584e-01,6.265821784330090349e-02,6.265821784330088962e-02
7.980000000000000426e+00,3.877449042260011680e+01,5.123317449042334192e+04,6.746592754266573788e-01,6.265927834353331172e-02,6.265927834353331172e-02
7.987500000000000711e+00,3.910016491873714273e+01,5.128330016491948481e+04,6.744847428593885308e-01,6.266089584922486522e-02,6.266089584922486522e-02
7.995000000000000995e+00,3.942593567615361394e+01,5.133342593567690346e+04,6.740966144335903687e-01,6.266133947459807951e-02,6.266133947459810727e-02
8.002500000000001279e+00,3.975173787964287442e+01,5.138355173788039247e+04,6.743010521084779052e-01,6.266160148413588149e-02,6.266160148413588149e-02
8.009999999999999787e+00,4.007735424118632039e+01,5.143367735424193961e+04,6.743251516779734667e-01,6.266305109838966880e-02,6.266305109838966880e-02
8.017500000000000071e+00,4.040294534020392092e+01,5.148380294534096174e+04,6.741339836046843503e-01,6.266429501332657082e-02,6.266429501332657082e-02
8.025000000000000355e+00,4.072862064456671760e+01,5.153392862064532528e+04,6.737590534881933158e-01,6.266457740828355882e-02,6.266457740828353107e-02
8.032500000000000639e+00,4.105432106559775463e+01,5.158405432106635999e+04,6.739856051805803716e-01,6.266471619273492055e-02,6.266471619273492055e-02
8.040000000000000924e+00,4.137978463913720617e+01,5.163417978463990585e+04,6.739951977509536230e-01,6.266648980337630181e-02,6.266648980337627406e-02
8.047500000000001208e+00,4.170528767712579565e+01,5.168430528767789656e+04,6.737912202045760468e-01,6.266745579866572768e-02,6.266745579866574156e-02
8.055000000000001492e+00,4.203086582617874001e+01,5.173443086582695105e+04,6.734577467820513919e-01,6.266762253187009579e-02,6.266762253187010967e-02
8.062500000000000000e+00,4.235646525959769093e+01,5.178455646526037162e+04,6.736719062032510141e-01,6.266760388444080065e-02,6.266760388444080065e-02
8.070000000000000284e+00,4.268178792403497113e+01,5.183468178792481194e+04,6.736707844280563906e-01,6.266961612782201430e-02,6.266961612782202817e-02
8.077500000000000568e+00,4.300720031195059079e+01,5.188480720031273086e+04,6.734576940699353864e-01,6.267036841737072539e-02,6.267036841737072539e-02
8.085000000000000853e+00,4.333268028825266072e+01,5.193493268028903549e+04,6.731556850605263653e-01,6.267044643210128996e-02,6.267044643210128996e-02
8.092500000000001137e+00,4.365817070369055131e+01,5.198505817070447665e+04,6.733612091490306373e-01,6.267035782392853249e-02,6.267035782392853249e-02
8.100000000000001421e+00,4.398337106451931788e+01,5.203518337106530817e+04,6.733530343406476382e-01,6.267245754835214233e-02,6.267245754835214233e-02
8.107499999999999929e+00,4.430869187446378987e+01,5.208530869187525968e+04,6.731343989392231109e-01,6.267303428311885027e-02,6.267303428311885027e-02
8.115000000000000213e+00,4.463407335031442358e+01,5.213543407335111260e+04,6.728540220383534276e-01,6.267304547928333192e-02,6.267304547928333192e-02
8.122500000000000497e+00,4.495942886649267223e+01,5.218555942886729463e+04,6.730545348508064629e-01,6.267315071143238214e-02,6.267315071143240990e-02
8.130000000000000782e+00,4.528454200205397484e+01,5.223568454200285487e+04,6.730428377375988758e-01,6.267503835695334424e-02,6.267503835695335812e-02
8.137500000000001066e+00,4.560977106095316458e+01,5.228580977106175851e+04,6.728220969958490505e-01,6.267546833511146442e-02,6.267546833511146442e-02
8.145000000000001350e+00,4.593505489383601059e+01,5.233593505489464587e+04,6.725536935398851446e-01,6.267542321525101934e-02,6.267542321525101934e-02
8.152499999999999858e+00,4.626028275388147648e+01,5.238606028275468998e+04,6.727526872267396429e-01,6.267569156432405142e-02,6.267569156432406530e-02
8.160000000000000142e+00,4.658530960194293158e+01,5.243618530960275530e+04,6.727408690215836984e-01,6.267737905465661785e-02,6.267737905465661785e-02
8.167500000000000426e+00,4.691044723255702564e+01,5.248631044723337254e+04,6.725213356585297841e-01,6.267768594753998779e-02,6.267768594753997391e-02
8.175000000000000711e+00,4.723563506835330372e+01,5.253643563506917417e+04,6.722554340666139217e-01,6.267758761683581148e-02,6.267758761683579760e-02
8.182500000000000995e+00,4.756074256003859091e+01,5.258656074256086140e+04,6.724562701215616167e-01,6.267799234064999614e-02,6.267799234065001002e-02
8.190000000000001279e+00,4.788568358607442832e+01,5.263668568358689663e+04,6.724476038102517039e-01,6.267949619452793664e-02,6.267949619452795051e-02
8.197499999999999787e+00,4.821073051106101559e+01,5.268681073051189014e+04,6.722324648176770667e-01,6.267969979304564843e-02,6.267969979304564843e-02
8.205000000000000071e+00,4.853582438289341638e+01,5.273693582438372687e+04,6.719597938429630046e-01,6.267954852948814937e-02,6.267954852948814937e-02
8.212500000000000355e+00,4.886081925693967065e+01,5.278706081925777107e+04,6.721657045381745910e-01,6.268005342325581875e-02,6.268005342325581875e-02
8.220000000000000639e+00,4.918567445410290162e+01,5.283718567445493682e+04,6.721633363113068693e-01,6.268140250206370723e-02,6.268140250206372110e-02
8.227500000000000924e+00,4.951063171471792401e+01,5.288731063171555434e+04,6.719556543204245891e-01,6.268151973259940279e-02,6.268151973259940279e-02
8.235000000000001208e+00,3.563384758998491136e-02,5.288763563384843292e+04,6.716671561299479842e-01,6.268131543746066625e-02,6.268131543746066625e-02
8.242500000000001492e+00,3.605244817283210779e-01,5.293776052448257542e+04,6.718812460635332773e-01,6.268187081596414412e-02,6.268187081596414412e-02
8.250000000000000000e+00,6.852933915622639871e-01,5.298788529339241359e+04,6.718881968284389217e-01,6.268310734144305618e-02,6.268310734144305618e-02
8.257500000000000284e+00,1.010162278014428150e+00,5.303801016227886430e+04,6.716909115327565072e-01,6.268315312953787188e-02,6.268315312953787188e-02
8.265000000000000568e+00,1.335074996447355833e+00,5.308813507499729894e+04,6.713777546243226979e-01,6.268289663698384251e-02,6.268289663698382863e-02
8.272500000000000853e+00,1.659869472549371672e+00,5.313825986947340425e+04,6.716030023189178966e-01,6.268345724456420021e-02,6.268345724456418633e-02
8.280000000000001137e+00,1.984552169194814697e+00,5.318838455217005685e+04,6.716221692393260501e-01,6.268461750104774299e-02,6.268461750104775687e-02
8.287500000000001421e+00,2.309334173979341376e+00,5.323850933417484339e+04,6.714380988296466679e-01,6.268460530440117529e-02,6.268460530440118916e-02
8.294999999999999929e+00,2.634159857575795627e+00,5.328863415985844040e+04,6.710916907850271729e-01,6.268429897676254525e-02,6.268429897676254525e-02
8.302500000000000213e+00,2.958866233335531337e+00,5.333875886623420229e+04,6.713309502872094603e-01,6.268481986676800732e-02,6.268481986676800732e-02
8.310000000000000497e+00,3.283463045864197571e+00,5.338888346304673905e+04,6.713651083078133741e-01,6.268593808177097548e-02,6.268593808177098936e-02
8.317500000000000782e+00,3.608159834459587323e+00,5.343900815983533539e+04,6.711969508835485820e-01,6.268588021228198304e-02,6.268588021228198304e-02
8.325000000000001066e+00,3.932900909848601412e+00,5.348913290091072849e+04,6.708291886472861343e-01,6.268552780553139636e-02,6.268552780553141024e-02
8.332500000000001350e+00,4.257527187488943987e+00,5.353925752718836884e+04,6.710649533890529206e-01,6.268596521776118036e-02,6.268596521776116648e-02
8.339999999999999858e+00,4.582038689342467386e+00,5.358938203869022254e+04,6.711167567103265563e-01,6.268707319075195183e-02,6.268707319075195183e-02
8.347500000000000142e+00,4.906652075109898981e+00,5.363950665207599377e+04,6.709670916382315387e-01,6.268698116730811454e-02,6.268698116730811454e-02
8.355000000000000426e+00,5.231311039290814868e+00,5.368963131104018248e+04,6.706186189841973899e-01,6.268658702137613892e-02,6.268658702137612504e-02
8.362500000000000711e+00,5.555865175482066043e+00,5.373975586517637566e+04,6.708047781961146150e-01,6.268689831136180224e-02,6.268689831136177448e-02
8.370000000000000995e+00,5.880292121535759975e+00,5.378988029212243418e+04,6.708767616717662419e-01,6.268802628232088281e-02,6.268802628232089669e-02
8.377500000000001279e+00,6.204824039554184267e+00,5.384000482404045033e+04,6.707480508692025278e-01,6.268791126272696412e-02,6.268791126272697800e-02
8.385000000000001563e+00,6.529403498567994291e+00,5.389012940349947166e+04,6.704212593138086929e-01,6.268747918536163310e-02,6.268747918536163310e-02
8.392500000000000071e+00,6.853893417979165292e+00,5.394025389341888513e+04,6.705501106834340641e-01,6.268762262129586038e-02,6.268762262129586038e-02
8.400000000000000355e+00,7.178236686416259005e+00,5.399037823668732017e+04,6.706446911190429017e-01,6.268880015861458266e-02,6.268880015861458266e-02
8.407500000000000639e+00,7.502689168729804514e+00,5.404050268916963978e+04,6.705392802440660605e-01,6.268867331864198811e-02,6.268867331864198811e-02
8.415000000000000924e+00,7.827191865506471835e+00,5.409062719186642062e+04,6.702364465849725006e-01,6.268820572370981115e-02,6.268820572370981115e-02
8.422500000000001208e+00,8.151625458872615582e+00,5.414075162545978674e+04,6.703005719343686497e-01,6.268814057563536213e-02,6.268814057563536213e-02
8.430000000000001492e+00,8.475886035764302662e+00,5.419087588603667973e+04,6.704200492712487636e-01,6.268939670529030672e-02,6.268939670529030672e-02
8.437500000000000000e+00,8.800261188416456548e+00,5.424100026118933602e+04,6.703401688064406505e-01,6.268926949122488601e-02,6.268926949122485826e-02
8.445000000000000284e+00,9.124689989870301332e+00,5.429112468999079283e+04,6.700634560949383367e-01,6.268876730468123104e-02,6.268876730468121716e-02
8.452500000000000568e+00,9.449075065748246516e+00,5.434124907506667660e+04,6.700557332213005202e-01,6.268845493913330347e-02,6.268845493913331735e-02
8.460000000000000853e+00,9.773254124949717792e+00,5.439137325412587961e+04,6.702022915945552439e-01,6.268981648746108082e-02,6.268981648746106694e-02
8.467500000000001137e+00,1.009755410164024525e+01,5.444149755410257058e+04,6.701500578157145727e-01,6.268970084120036035e-02,6.268970084120037423e-02
8.475000000000001421e+00,1.042191191051187715e+01,5.449162191191144666e+04,6.699015162293596726e-01,6.268916453898806806e-02,6.268916453898808194e-02
8.482499999999999929e+00,1.074625603035160459e+01,5.454174625603129243e+04,6.698151303932690093e-01,6.268857167529427732e-02,6.268857167529427732e-02
8.490000000000000213e+00,1.107035520671240114e+01,5.459187035520765494e+04,6.699908390575443073e-01,6.269005841357896958e-02,6.269005841357896958e-02
8.497500000000000497e+00,1.139458217564798481e+01,5.464199458217659412e+04,6.699682548822278871e-01,6.268996709100077558e-02,6.268996709100077558e-02
8.505000000000000782e+00,1.171887172799685217e+01,5.469211887172894058e+04,6.697498224937937783e-01,6.268939911909753027e-02,6.268939911909753027e-02
8.512500000000001066e+00,1.204318178086158930e+01,5.474224318178181420e+04,6.695782775084145877e-01,6.268850302175714428e-02,6.268850302175717204e-02
8.520000000000001350e+00,1.236720617728604488e+01,5.479236720617824176e+04,6.697850916290759571e-01,6.269007648619696893e-02,6.269007648619696893e-02
8.527499999999999858e+00,1.269135991537188168e+01,5.484249135991632647e+04,6.697940473436518882e-01,6.269006667138579680e-02,6.269006667138579680e-02
8.535000000000000142e+00,1.301558350737336767e+01,5.489261558350833366e+04,6.696075507855909770e-01,6.268947462483728805e-02,6.268947462483731581e-02
8.542500000000000426e+00,1.333984516487330829e+01,5.494273984516583732e+04,6.693446796548261357e-01,6.268844686405981859e-02,6.268844686405980471e-02
8.550000000000000711e+00,1.366381961734339434e+01,5.499286381961830921e+04,6.695844409662705665e-01,6.268990653166661708e-02,6.268990653166663096e-02
8.557500000000000995e+00,1.398790200570254783e+01,5.504298790200667281e+04,6.696267148336273456e-01,6.268999723984847172e-02,6.268999723984845784e-02
8.565000000000001279e+00,1.431206145977333577e+01,5.509311206146074255e+04,6.694738698602593630e-01,6.268939451441428445e-02,6.268939451441428445e-02
8.572500000000001563e+00,1.463626392869665693e+01,5.514323626392966980e+04,6.691282065826594794e-01,6.268837304744244443e-02,6.268837304744243055e-02
8.580000000000000071e+00,1.496021014535686078e+01,5.519336021014633297e+04,6.693882822448773418e-01,6.268954960823014400e-02,6.268954960823015787e-02
8.587500000000000355e+00,1.528422320604521367e+01,5.524348422320702230e+04,6.694655409983157890e-01,6.268975690204571516e-02,6.268975690204572904e-02
8.595000000000000639e+00,1.560832030114453950e+01,5.529360832030212623e+04,6.693479529509532844e-01,6.268915859043416861e-02,6.268915859043418248e-02
8.602500000000000924e+00,1.593246291694295103e+01,5.534373246291792748e+04,6.690377915796669184e-01,6.268818576094187245e-02,6.268818576094190020e-02
8.610000000000001208e+00,1.625639286934842787e+01,5.539385639287033700e+04,6.691960250885923278e-01,6.268899996095911309e-02,6.268899996095912697e-02
8.617500000000001492e+00,1.658033823672115759e+01,5.544398033823771402e+04,6.693098243206622167e-01,6.268934589851536676e-02,6.268934589851535288e-02
8.625000000000000000e+00,1.690437515658450351e+01,5.549410437515757803e+04,6.692289885038001929e-01,6.268876468889739151e-02,6.268876468889740539e-02
8.632500000000000284e+00,1.722845964084570625e+01,5.554422845964183944e+04,6.689557648434922843e-01,6.268785673577675910e-02,6.268785673577673134e-02
8.640000000000000568e+00,1.755238300836720811e+01,5.559435238300936908e+04,6.690071035579200354e-01,6.268825153360313429e-02,6.268825153360313429e-02
8.647500000000000853e+00,1.787626172479706455e+01,5.564447626172580203e+04,6.691588880160699304e-01,6.268876871807398110e-02,6.268876871807396722e-02
8.655000000000001137e+00,1.820024108761707993e+01,5.569460024108862126e+04,6.691161899956059589e-01,6.268821496908591473e-02,6.268821496908592861e-02
8.662500000000001421e+00,1.852427063742801749e+01,5.574472427063843497e+04,6.688812309649394550e-01,6.268736860762197383e-02,6.268736860762197383e-02
8.669999999999999929e+00,1.884819584273304471e+01,5.579484819584374782e+04,6.688209851631562453e-01,6.268729846991268062e-02,6.268729846991268062e-02
8.677500000000000213e+00,1.917200948145311656e+01,5.584497200948246609e+04,6.690120889670494453e-01,6.268801259627235223e-02,6.268801259627235223e-02
8.685000000000000497e+00,1.949593241305106517e+01,5.589509593241407129e+04,6.690088048042606150e-01,6.268752939251663603e-02,6.268752939251664991e-02
8.692500000000000782e+00,1.981991169433694111e+01,5.594521991169535613e+04,6.688133287036206465e-01,6.268671332106195981e-02,6.268671332106197369e-02
8.700000000000001066e+00,2.014384658723004762e+01,5.599534384658825002e+04,6.686371788703545649e-01,6.268613696066543950e-02,6.268613696066545338e-02
8.707500000000001350e+00,2.046759724934094393e+01,5.604546759725036827e+04,6.688688256684449662e-01,6.268706820280033065e-02,6.268706820280033065e-02
8.714999999999999858e+00,2.079146387908168592e+01,5.609559146388011141e+04,6.689061221060446094e-01,6.268671782244779334e-02,6.268671782244780721e-02
8.722500000000000142e+00,2.111539769967375690e+01,5.614571539770070376e+04,6.687512388519305517e-01,6.268589366235191584e-02,6.268589366235191584e-02
8.730000000000000426e+00,2.143934916413724068e+01,5.619583934916517319e+04,6.684552420737127632e-01,6.268478434313067005e-02,6.268478434313068393e-02
8.737500000000000711e+00,2.176303873322341076e+01,5.624596303873426223e+04,6.687285451592572816e-01,6.268596194611895933e-02,6.268596194611897321e-02
8.745000000000000995e+00,2.208685159279312060e+01,5.629608685159383458e+04,6.688074797782868064e-01,6.268575808410196959e-02,6.268575808410196959e-02
8.752500000000001279e+00,2.241074232028765323e+01,5.634621074232133105e+04,6.686941911214260292e-01,6.268492524432103807e-02,6.268492524432103807e-02
8.760000000000001563e+00,2.273468060976381011e+01,5.639633468061080930e+04,6.683907693943778039e-01,6.268361082246620697e-02,6.268361082246620697e-02
8.767500000000000071e+00,2.305835000188895734e+01,5.644645835000294028e+04,6.685907489220177524e-01,6.268467623004837785e-02,6.268467623004837785e-02
8.775000000000000355e+00,2.338211125429985415e+01,5.649658211125535308e+04,6.687122702905045069e-01,6.268463619740533010e-02,6.268463619740533010e-02
8.782500000000000639e+00,2.370595959569211431e+01,5.654670595959674392e+04,6.686414700368601416e-01,6.268381917641152601e-02,6.268381917641153989e-02
8.790000000000000924e+00,2.402985953188485624e+01,5.659682985953293974e+04,6.683804240502245753e-01,6.268258093930188790e-02,6.268258093930187402e-02
8.797500000000001208e+00,2.435354683795177877e+01,5.664695354683900950e+04,6.684549977362562734e-01,6.268319827141760614e-02,6.268319827141760614e-02
8.805000000000001492e+00,2.467725784460565563e+01,5.669707725784566719e+04,6.686199455724979313e-01,6.268334998574984218e-02,6.268334998574984218e-02
8.812500000000000000e+00,2.500106538473633933e+01,5.674720106538580148e+04,6.685924198282086062e-01,6.268256936084154463e-02,6.268256936084153075e-02
8.820000000000000284e+00,2.532492647953473508e+01,5.679732492648060725e+04,6.683744817931166482e-01,6.268144558941694811e-02,6.268144558941694811e-02
8.827500000000000568e+00,2.564864472554323171e+01,5.684744864472661720e+04,6.683209154790068496e-01,6.268151976122302016e-02,6.268151976122300628e-02
8.835000000000000853e+00,2.597230817447847073e+01,5.689757230817555683e+04,6.685300208539064482e-01,6.268186501535458199e-02,6.268186501535458199e-02
8.842500000000001137e+00,2.629607515133019291e+01,5.694769607515240932e+04,6.685464483167662397e-01,6.268117963356668876e-02,6.268117963356668876e-02
8.850000000000001421e+00,2.661990108722144655e+01,5.699781990108830360e+04,6.683722441261377156e-01,6.268015603421321635e-02,6.268015603421321635e-02
8.857499999999999929e+00,2.694365885631923874e+01,5.704794365885740262e+04,6.681881918724695835e-01,6.267963608772460227e-02,6.267963608772460227e-02
8.865000000000000213e+00,2.726727483307709576e+01,5.709806727483416762e+04,6.684420774765694739e-01,6.268023087291824114e-02,6.268023087291825501e-02
8.872500000000000497e+00,2.759100232065407710e+01,5.714819100232174242e+04,6.685030297978785674e-01,6.267969161231770614e-02,6.267969161231770614e-02
8.880000000000000782e+00,2.791479908842591939e+01,5.719831479908951587e+04,6.683730795071631814e-01,6.267870649767043334e-02,6.267870649767043334e-02
8.887500000000001066e+00,2.823860349582099971e+01,5.724843860349691386e+04,6.680565841869686716e-01,6.267755509636235844e-02,6.267755509636235844e-02
8.895000000000001350e+00,2.856217180645826659e+01,5.729856217180755630e+04,6.683557646886282289e-01,6.267846909714734627e-02,6.267846909714736015e-02
8.902499999999999858e+00,2.888586195474832863e+01,5.734868586195584794e+04,6.684617069300912151e-01,6.267810228490290625e-02,6.267810228490290625e-02
8.910000000000000142e+00,2.920963334158600588e+01,5.739880963334268745e+04,6.683764253370718667e-01,6.267712108869913368e-02,6.267712108869913368e-02
8.917500000000000426e+00,2.953345692214844576e+01,5.744893345692325238e+04,6.681018890765592078e-01,6.267564068829341306e-02,6.267564068829341306e-02
8.925000000000000711e+00,2.985701542609947978e+01,5.749905701542720635e+04,6.682708004376666233e-01,6.267655023990326146e-02,6.267655023990324759e-02
8.932500000000000995e+00,3.018067025816667481e+01,5.754918067025928030e+04,6.684220916484376884e-01,6.267637571030927612e-02,6.267637571030927612e-02
8.940000000000001279e+00,3.050441647145923696e+01,5.759930441647257248e+04,6.683817889952811120e-01,6.267542307045965988e-02,6.267542307045964600e-02
8.947500000000001563e+00,3.082821933005537929e+01,5.764942821933117375e+04,6.681518567249093987e-01,6.267404020596624437e-02,6.267404020596627212e-02
8.955000000000000071e+00,3.115182123755561250e+01,5.769955182123867417e+04,6.681869711891776920e-01,6.267445533686068215e-02,6.267445533686068215e-02
8.962500000000000355e+00,3.147544240588345943e+01,5.774967544240700954e+04,6.683838651281369669e-01,6.267449301834110420e-02,6.267449301834110420e-02
8.970000000000000639e+00,3.179916401813221327e+01,5.779979916401926312e+04,6.683887479489242223e-01,6.267360555929982202e-02,6.267360555929982202e-02
8.977500000000000924e+00,3.212294486564135099e+01,5.784992294486677565e+04,6.682035782450823636e-01,6.267236557760097471e-02,6.267236557760096083e-02
8.985000000000001208e+00,3.244660394056410979e+01,5.790004660394170060e+04,6.681041308061398398e-01,6.267217702610682062e-02,6.267217702610683450e-02
8.992500000000001492e+00,3.277019380360844991e+01,5.795017019380474812e+04,6.683467768340011217e-01,6.267243215575916959e-02,6.267243215575915571e-02
9.000000000000000000e+00,3.309389054572264399e+01,5.800029389054686180e+04,6.683969489706376166e-01,6.267167951224110467e-02,6.267167951224110467e-02
9.007500000000000284e+00,3.341765359605765440e+01,5.805041765359720011e+04,6.682565993770345214e-01,6.267055520949317560e-02,6.267055520949318947e-02
9.015000000000000568e+00,3.374137755030608332e+01,5.810054137755145348e+04,6.680221985352701175e-01,6.266971544764780855e-02,6.266971544764782243e-02
9.022500000000000853e+00,3.406493415904399313e+01,5.815066493416019512e+04,6.683106427001568317e-01,6.267028195618605524e-02,6.267028195618605524e-02
9.030000000000001137e+00,3.438860784948514038e+01,5.820078860785063443e+04,6.684061065087070208e-01,6.266970171508547127e-02,6.266970171508548515e-02
9.037500000000001421e+00,3.471235940161074041e+01,5.825091235940276238e+04,6.683105348858553452e-01,6.266861504038197250e-02,6.266861504038197250e-02
9.044999999999999929e+00,3.503615334852099750e+01,5.830103615334967617e+04,6.680258271186627628e-01,6.266710505578042267e-02,6.266710505578042267e-02
9.052500000000000213e+00,3.535967819601102491e+01,5.835115967819716752e+04,6.682753424941032527e-01,6.266802976619577359e-02,6.266802976619577359e-02
9.060000000000000497e+00,3.568333073639387720e+01,5.840128333073755493e+04,6.684160002623273922e-01,6.266764709367175779e-02,6.266764709367174391e-02
9.067500000000000782e+00,3.600707270218240552e+01,5.845140707270334678e+04,6.683650663427415095e-01,6.266658400356005243e-02,6.266658400356005243e-02
9.075000000000001066e+00,3.633087395602955638e+01,5.850153087395719922e+04,6.681244439992864992e-01,6.266503812477652868e-02,6.266503812477652868e-02
9.082500000000001350e+00,3.665444102278549110e+01,5.855165444102395850e+04,6.682408164282760410e-01,6.266564361100319946e-02,6.266564361100319946e-02
9.089999999999999858e+00,3.697807371758683814e+01,5.860177807371876406e+04,6.684264720234190937e-01,6.266548432836886728e-02,6.266548432836885341e-02
9.097500000000000142e+00,3.730180604224439378e+01,5.865190180604342459e+04,6.684199391901186615e-01,6.266447361458671317e-02,6.266447361458671317e-02
9.105000000000000426e+00,3.762559987097321823e+01,5.870202559987215500e+04,6.682231243474897608e-01,6.266307752053887348e-02,6.266307752053890123e-02
9.112500000000000711e+00,3.794923632249866330e+01,5.875214923632368300e+04,6.682070610910582076e-01,6.266311089098418330e-02,6.266311089098419718e-02
9.120000000000000995e+00,3.827285155425881413e+01,5.880227285155544814e+04,6.684374218547658453e-01,6.266317418088429569e-02,6.266317418088428182e-02
9.127500000000001279e+00,3.859657365717756505e+01,5.885239657365836320e+04,6.684749591586709450e-01,6.266227986889250090e-02,6.266227986889252866e-02
9.135000000000001563e+00,3.892036193127236032e+01,5.890252036193246749e+04,6.683215817752525822e-01,6.266103548098277132e-02,6.266103548098278520e-02
9.142500000000000071e+00,3.924407668489072165e+01,5.895264407668608328e+04,6.681741247771455505e-01,6.266043160940636125e-02,6.266043160940637513e-02
9.150000000000000355e+00,3.956767371316704640e+01,5.900276767371436290e+04,6.684488036818468926e-01,6.266077854526713731e-02,6.266077854526713731e-02
9.157500000000000639e+00,3.989138665119689620e+01,5.905289138665239443e+04,6.685299881112617415e-01,6.266004585599481425e-02,6.266004585599481425e-02
9.165000000000000924e+00,4.021517493762489437e+01,5.910301517493883148e+04,6.684195884265913268e-01,6.265889096528423630e-02,6.265889096528423630e-02
9.172500000000001208e+00,4.053897341358262452e+01,5.915313897341478878e+04,6.681421023041601570e-01,6.265761878892207870e-02,6.265761878892206482e-02
9.180000000000001492e+00,4.086255076195295288e+01,5.920326255076316011e+04,6.684606203823137971e-01,6.265833596907878500e-02,6.265833596907878500e-02
9.187500000000000000e+00,4.118625583016934399e+01,5.925338625583138491e+04,6.685849393949589992e-01,6.265780225106767909e-02,6.265780225106767909e-02
9.195000000000000284e+00,4.151004845174265512e+01,5.930351004845296120e+04,6.685169705802300744e-01,6.265667634197293057e-02,6.265667634197291669e-02
9.202500000000000568e+00,4.183390088677420948e+01,5.935363390088799497e+04,6.682585896678896464e-01,6.265504874439165039e-02,6.265504874439166427e-02
9.210000000000000853e+00,4.215749606234598446e+01,5.940375749606356840e+04,6.684729184625214371e-01,6.265581513375514944e-02,6.265581513375514944e-02
9.217500000000001137e+00,4.248119472995195167e+01,5.945388119473117695e+04,6.686397727875137420e-01,6.265550034950218006e-02,6.265550034950215230e-02
9.225000000000001421e+00,4.280499127284414129e+01,5.950400499127407238e+04,6.686136038532234371e-01,6.265442427646063239e-02,6.265442427646063239e-02
9.232499999999999929e+00,4.312885194015902357e+01,5.955412885194138653e+04,6.683962990356812073e-01,6.265291976220174752e-02,6.265291976220174752e-02
9.240000000000000213e+00,4.345252168566728557e+01,5.960425252168689622e+04,6.684857824144910809e-01,6.265319704197423734e-02,6.265319704197422346e-02
9.247500000000000497e+00,4.377621424377871762e+01,5.965437621424501413e+04,6.686944891283375103e-01,6.265313390917200131e-02,6.265313390917202907e-02
9.255000000000000782e+00,4.410001540646862850e+01,5.970450001540770609e+04,6.687094080924650408e-01,6.265213026417032482e-02,6.265213026417032482e-02
9.262500000000001066e+00,4.442388227364775588e+01,5.975462388227488555e+04,6.685324376296234439e-01,6.265079341978321836e-02,6.265079341978323224e-02
9.270000000000001350e+00,4.474763819675948895e+01,5.980474763819800137e+04,6.684993288491085650e-01,6.265048065517789255e-02,6.265048065517790643e-02
9.277500000000001634e+00,4.507132646592219771e+01,5.985487132646716782e+04,6.687491247263025462e-01,6.265067175371966113e-02,6.265067175371964725e-02
9.285000000000000142e+00,4.539513125856300491e+01,5.990499513125981321e+04,6.688043420430476171e-01,6.264981108117172182e-02,6.264981108117173569e-02
9.292500000000000426e+00,4.571900800067882642e+01,5.995511900800192961e+04,6.686668894421773368e-01,6.264860900413335432e-02,6.264860900413336819e-02
9.300000000000000711e+00,4.604285506187169830e+01,6.000524285506313026e+04,6.685137005020899137e-01,6.264767418672369248e-02,6.264767418672369248e-02
9.307500000000000995e+00,4.636653716859298413e+01,6.005536653716985165e+04,6.688037456372293299e-01,6.264819914342154017e-02,6.264819914342155405e-02
9.315000000000001279e+00,4.669034619525335472e+01,6.010549034619651502e+04,6.688983978828795252e-01,6.264752640518352067e-02,6.264752640518352067e-02
9.322500000000001563e+00,4.701423831720411783e+01,6.015561423831847060e+04,6.687995756567167716e-01,6.264637848081028304e-02,6.264637848081028304e-02
9.330000000000000071e+00,4.733817874959499505e+01,6.020573817875086388e+04,6.685290602082269995e-01,6.264482013031710816e-02,6.264482013031710816e-02
9.337500000000000355e+00,4.766185600609618689e+01,6.025586185600736644e+04,6.688584419029035555e-01,6.264571311589701985e-02,6.264571311589700597e-02
9.345000000000000639e+00,4.798567051469837708e+01,6.030598567051596910e+04,6.689915957118542922e-01,6.264524877914617873e-02,6.264524877914617873e-02
9.352500000000000924e+00,4.830957913419470628e+01,6.035610957913546736e+04,6.689304493704012478e-01,6.264414115023383967e-02,6.264414115023383967e-02
9.360000000000001208e+00,4.863355286048766857e+01,6.040623355286176957e+04,6.686769000114854977e-01,6.264255875919316763e-02,6.264255875919318151e-02
9.367500000000001492e+00,4.895729289906687143e+01,6.045635729290034942e+04,6.689133218406811965e-01,6.264318849053721050e-02,6.264318849053721050e-02
9.375000000000000000e+00,4.928111365707417946e+01,6.050648111365835939e+04,6.690839780811042026e-01,6.264295175500049495e-02,6.264295175500049495e-02
9.382500000000000284e+00,4.960503801405287305e+01,6.055660503801533923e+04,6.690594903465731935e-01,6.264191045312177131e-02,6.264191045312177131e-02
9.390000000000000568e+00,1.290295550029145755e-01,6.055692902955629688e+04,6.688417749366336595e-01,6.264048385421468190e-02,6.264048385421468190e-02
9.397500000000000853e+00,4.528560569634679234e-01,6.060705285605826066e+04,6.689685064683886795e-01,6.264061987394207998e-02,6.264061987394207998e-02
9.405000000000001137e+00,7.766827613076108250e-01,6.065717668276260520e+04,6.691756046436072580e-01,6.264064266314808838e-02,6.264064266314808838e-02
9.412500000000001421e+00,1.100623707511695804e+00,6.070730062370881205e+04,6.691866998746341944e-01,6.263968465926322837e-02,6.263968465926322837e-02
9.419999999999999929e+00,1.424633490729832586e+00,6.075742463349203172e+04,6.690037271310363964e-01,6.263841966458408295e-02,6.263841966458408295e-02
9.427500000000000213e+00,1.748552433657472482e+00,6.080754855243496422e+04,6.690241241433616537e-01,6.263801288927563216e-02,6.263801288927563216e-02
9.435000000000000497e+00,2.072384624411974574e+00,6.085767238462572277e+04,6.692665470016835316e-01,6.263833111546085464e-02,6.263833111546085464e-02
9.442500000000000782e+00,2.396342417232005584e+00,6.090779634241854365e+04,6.693120958097982243e-01,6.263749282964338472e-02,6.263749282964337084e-02
9.450000000000001066e+00,2.720374092814071609e+00,6.095792037409413024e+04,6.691627237928075012e-01,6.263634390303143840e-02,6.263634390303142452e-02
9.457500000000001350e+00,3.044387935349543550e+00,6.100804438793666486e+04,6.690803054872416222e-01,6.263537959480626471e-02,6.263537959480625084e-02
9.465000000000001634e+00,3.368225660600666416e+00,6.105816822566191695e+04,6.693568838199434046e-01,6.263602690582094346e-02,6.263602690582095733e-02
9.472500000000000142e+00,3.692198797972427560e+00,6.110829219879929587e+04,6.694357078583201837e-01,6.263537621202164285e-02,6.263537621202164285e-02
9.480000000000000426e+00,4.016256586382494831e+00,6.115841625658770499e+04,6.693187487506273570e-01,6.263427400763188491e-02,6.263427400763188491e-02
9.487500000000000711e+00,4.340365416502689477e+00,6.120854036541782989e+04,6.691371786598038218e-01,6.263276739426223982e-02,6.263276739426223982e-02
9.495000000000000995e+00,4.664210564221046518e+00,6.125866421056555555e+04,6.694466962641778540e-01,6.263375154500563924e-02,6.263375154500562536e-02
9.502500000000001279e+00,4.988199958944497858e+00,6.130878819996027596e+04,6.695575731660279306e-01,6.263329987730420489e-02,6.263329987730419102e-02
9.510000000000001563e+00,5.312284067342226024e+00,6.135891228406867594e+04,6.694717981850125677e-01,6.263224096198884150e-02,6.263224096198884150e-02
9.517500000000000071e+00,5.636434493398438050e+00,6.140903643449473748e+04,6.691948650358242601e-01,6.263071991552861262e-02,6.263071991552861262e-02
9.525000000000000355e+00,5.960345216462356710e+00,6.145916034521780239e+04,6.695360638177328960e-01,6.263148953411241948e-02,6.263148953411241948e-02
9.532500000000000639e+00,6.284351339811878212e+00,6.150928435134115716e+04,6.696777322593527870e-01,6.263124918738791069e-02,6.263124918738791069e-02
9.540000000000000924e+00,6.608460687861072991e+00,6.155940846068920655e+04,6.696218766777701781e-01,6.263025599843877189e-02,6.263025599843875801e-02
9.547500000000001208e+00,6.932638507847937781e+00,6.160953263850919757e+04,6.693704776573401460e-01,6.262887590901730639e-02,6.262887590901730639e-02
9.555000000000001492e+00,7.256634042924977379e+00,6.165965663404428051e+04,6.696250605173862391e-01,6.262923979115297968e-02,6.262923979115297968e-02
9.562500000000000000e+00,7.580656637872320580e+00,6.170978065663923189e+04,6.697962253788913856e-01,6.262923070000492309e-02,6.262923070000493697e-02
9.570000000000000284e+00,7.904791311653542429e+00,6.175990479131301254e+04,6.697689936277756440e-01,6.262831793708999173e-02,6.262831793708999173e-02
9.577500000000000568e+00,8.228995709379329782e+00,6.181002899571074522e+04,6.695453714385151134e-01,6.262709058839913134e-02,6.262709058839913134e-02
9.585000000000000853e+00,8.553080401113311027e+00,6.186015308040248055e+04,6.697137516408291358e-01,6.262700834368707670e-02,6.262700834368707670e-02
9.592500000000001137e+00,8.877118510340443081e+00,6.191027711851170898e+04,6.699130892360453116e-01,6.262726167290870449e-02,6.262726167290870449e-02
9.600000000000001421e+00,9.201279167569158091e+00,6.196040127916893834e+04,6.699131600621596183e-01,6.262644021889908486e-02,6.262644021889908486e-02
9.607499999999999929e+00,9.525512003043957066e+00,6.201052551200441667e+04,6.697159955356640770e-01,6.262533973470893467e-02,6.262533973470893467e-02
9.615000000000000213e+00,9.849686793246064553e+00,6.206064968679462618e+04,6.698021908678218894e-01,6.262480440365467138e-02,6.262480440365467138e-02
9.622500000000000497e+00,1.017373892398859248e+01,6.211077373892536707e+04,6.700283542136750148e-01,6.262536447638941683e-02,6.262536447638941683e-02
9.630000000000000782e+00,1.049792554292021407e+01,6.216089792554430460e+04,6.700543858627719951e-01,6.262465914875321726e-02,6.262465914875320339e-02
9.637500000000001066e+00,1.082219003947713887e+01,6.221102219004086510e+04,6.698823421775269571e-01,6.262362796800824416e-02,6.262362796800825804e-02
9.645000000000001350e+00,1.114645470824007312e+01,6.226114645470963296e+04,6.698904179272473502e-01,6.262264318061151747e-02,6.262264318061151747e-02
9.652500000000001634e+00,1.147052025246454221e+01,6.231127052025385638e+04,6.701420420222984342e-01,6.262353889456871714e-02,6.262353889456871714e-02
9.660000000000000142e+00,1.179473285996004961e+01,6.236139473286135762e+04,6.701926774188559088e-01,6.262296640754831667e-02,6.262296640754831667e-02
9.667500000000000426e+00,1.211903067425965652e+01,6.241151903067565581e+04,6.700444051751128782e-01,6.262197145843687029e-02,6.262197145843687029e-02
9.675000000000000711e+00,1.244338277094359313e+01,6.246164338277234492e+04,6.699784567327371487e-01,6.262057440581578205e-02,6.262057440581578205e-02
9.682500000000000995e+00,1.276746637876314239e+01,6.251176746638016630e+04,6.702541638142979208e-01,6.262174185890186096e-02,6.262174185890187483e-02
9.690000000000001279e+00,1.309170340487615469e+01,6.256189170340628334e+04,6.703280357082160856e-01,6.262134079348850857e-02,6.262134079348852245e-02
9.697500000000001563e+00,1.341603383759691148e+01,6.261201603383900510e+04,6.702021779576219362e-01,6.262038772944404641e-02,6.262038772944403253e-02
9.705000000000000071e+00,1.374042994712905852e+01,6.266214042994854390e+04,6.700663140006374308e-01,6.261899748275423505e-02,6.261899748275423505e-02
9.712500000000000355e+00,1.406457662556260502e+01,6.271226457662697794e+04,6.703647187500958449e-01,6.262000194007172338e-02,6.262000194007170950e-02
9.720000000000000639e+00,1.438883803108834591e+01,6.276238883803250792e+04,6.704604548011002807e-01,6.261977864883543077e-02,6.261977864883543077e-02
9.727500000000000924e+00,1.471319982654809522e+01,6.281251319982796849e+04,6.703556520030936605e-01,6.261888316054026182e-02,6.261888316054027570e-02
9.735000000000001208e+00,1.503762961654095420e+01,6.286263762961796601e+04,6.701539783358479996e-01,6.261760346714397019e-02,6.261760346714398406e-02
9.742500000000001492e+00,1.536185106784207299e+01,6.291276185106927005e+04,6.704736930025060326e-01,6.261832284181366448e-02,6.261832284181366448e-02
9.750000000000000000e+00,1.568613657939052253e+01,6.296288613658081886e+04,6.705899207736882861e-01,6.261828415511562496e-02,6.261828415511563883e-02
9.757500000000000284e+00,1.601052906409304200e+01,6.301301052906552650e+04,6.705048156513816471e-01,6.261745710446058044e-02,6.261745710446058044e-02
9.765000000000000568e+00,1.633499049843018369e+01,6.306313499049986422e+04,6.702414197637992510e-01,6.261630401303895643e-02,6.261630401303897031e-02
9.772500000000000853e+00,1.665928915196453275e+01,6.311325928915340046e+04,6.705810591785404950e-01,6.261670892720072601e-02,6.261670892720071213e-02
9.780000000000001137e+00,1.698359814537987589e+01,6.316338359814682190e+04,6.707164110115503286e-01,6.261686546051373203e-02,6.261686546051373203e-02
9.787500000000001421e+00,1.730802114482591136e+01,6.321350802114627004e+04,6.706496532809257394e-01,6.261611242235773367e-02,6.261611242235776142e-02
9.794999999999999929e+00,1.763251421093381310e+01,6.326363251421238238e+04,6.703829386659949652e-01,6.261507706713852206e-02,6.261507706713853594e-02
9.802500000000000213e+00,1.795688969758279896e+01,6.331375688969903422e+04,6.706867761320326471e-01,6.261516558193060134e-02,6.261516558193060134e-02
9.810000000000000497e+00,1.828122121070889960e+01,6.336388122121216293e+04,6.708398938778646903e-01,6.261553369255141999e-02,6.261553369255140611e-02
9.817500000000000782e+00,1.860567461366431630e+01,6.341400567461512401e+04,6.707901448255584320e-01,6.261485951320480692e-02,6.261485951320480692e-02
9.825000000000001066e+00,1.893020011598019181e+01,6.346413020011744084e+04,6.705397105491298637e-01,6.261391871889758487e-02,6.261391871889758487e-02
9.832500000000001350e+00,1.925465096339322812e+01,6.351425465096485277e+04,6.707907891354982777e-01,6.261369850846761065e-02,6.261369850846762453e-02
9.840000000000001634e+00,1.957900391317889088e+01,6.356437900391464063e+04,6.709603287165786245e-01,6.261429699799769821e-02,6.261429699799769821e-02
9.847500000000000142e+00,1.990348719780977760e+01,6.361450348719927570e+04,6.709262656032868311e-01,6.261371366779237835e-02,6.261371366779236447e-02
9.855000000000000426e+00,2.022804642308118872e+01,6.366462804642455012e+04,6.706908097794930246e-01,6.261283155772656706e-02,6.261283155772656706e-02
9.862500000000000711e+00,2.055257064277862966e+01,6.371475257064425386e+04,6.708930303758112723e-01,6.261231443278307551e-02,6.261231443278306164e-02
9.870000000000000995e+00,2.087694434683225708e+01,6.376487694434831064e+04,6.710776661571151713e-01,6.261315338790472695e-02,6.261315338790475471e-02
9.877500000000001279e+00,2.120145705544588921e+01,6.381500145705692557e+04,6.710579864256838167e-01,6.261266723866412698e-02,6.261266723866412698e-02
9.885000000000001563e+00,2.152605058688680728e+01,6.386512605058836925e+04,6.708362290861857868e-01,6.261182041892324190e-02,6.261182041892324190e-02
9.892500000000000071e+00,2.185064567025423798e+01,6.391525064567173831e+04,6.709934197354430196e-01,6.261102545570780553e-02,6.261102545570781941e-02
9.900000000000000355e+00,2.217504026535494077e+01,6.396537504026684474e+04,6.711918486846594201e-01,6.261209725416948257e-02,6.261209725416949645e-02
9.907500000000000639e+00,2.249958200402443254e+01,6.401549958200551919e+04,6.711852739541366297e-01,6.261170912792000942e-02,6.261170912792002330e-02
9.915000000000000924e+00,2.282420949419029554e+01,6.406562420949568332e+04,6.709759608706109546e-01,6.261089049480599023e-02,6.261089049480600410e-02
9.922500000000001208e+00,2.314887202592757376e+01,6.411574887202742684e+04,6.710918658192575048e-01,6.260985135085181397e-02,6.260985135085181397e-02
9.930000000000001492e+00,2.347328884160035756e+01,6.416587328884310409e+04,6.713028114384222977e-01,6.261112527326018196e-02,6.261112527326018196e-02
9.937500000000000000e+00,2.379785913323843971e+01,6.421599785913473897e+04,6.713080912677987788e-01,6.261083484954317602e-02,6.261083484954316214e-02
9.945000000000000284e+00,2.412251962861051524e+01,6.426612251963011659e+04,6.711099975427300413e-01,6.261004600373029638e-02,6.261004600373029638e-02
9.952500000000000568e+00,2.444723770547120623e+01,6.431624723770697892e+04,6.711882671860250893e-01,6.260887296840270122e-02,6.260887296840268734e-02
9.960000000000000853e+00,2.477168670645432513e+01,6.436637168670796382e+04,6.714104831996383638e-01,6.261023642896147712e-02,6.261023642896147712e-02
9.967500000000001137e+00,2.509628498700434562e+01,6.441649628498851962e+04,6.714263986074811008e-01,6.261004288876076407e-02,6.261004288876077795e-02
9.975000000000001421e+00,2.542097725348032355e+01,6.446662097725499916e+04,6.712383320207881976e-01,6.260928884602823263e-02,6.260928884602824651e-02
9.982499999999999929e+00,2.574573160380929338e+01,6.451674573160533328e+04,6.712825137439241141e-01,6.260815279296645663e-02,6.260815279296645663e-02
9.990000000000000213e+00,2.607023004096626551e+01,6.456687023004249204e+04,6.715147875311864301e-01,6.260943086676960811e-02,6.260943086676960811e-02
9.997500000000000497e+00,2.639485566887725909e+01,6.461699485567040392e+04,6.715401542599783724e-01,6.260933295107785901e-02,6.260933295107785901e-02
1.000500000000000078e+01,2.671957846818700233e+01,6.466711957846971927e+04,6.713609583615012255e-01,6.260861853145478773e-02,6.260861853145478773e-02
1.001250000000000107e+01,2.704436515118924689e+01,6.471724436515272100e+04,6.713744882701637717e-01,6.260754662522875769e-02,6.260754662522875769e-02
1.002000000000000135e+01,2.736891464952688580e+01,6.476736891465105873e+04,6.716156440316493059e-01,6.260870911094233715e-02,6.260870911094233715e-02
1.002750000000000163e+01,2.769356691108031399e+01,6.481749356691262074e+04,6.716493155482543553e-01,6.260870520645603343e-02,6.260870520645603343e-02
1.003500000000000014e+01,2.801831912147913073e+01,6.486761831912302296e+04,6.714778724886611982e-01,6.260803347988540268e-02,6.260803347988543044e-02
1.004250000000000043e+01,2.834313597608623070e+01,6.491774313597763103e+04,6.714640680164991604e-01,6.260703387703334122e-02,6.260703387703332734e-02
1.005000000000000071e+01,2.866773601456912957e+01,6.496786773601611640e+04,6.717129696682057061e-01,6.260807163914050566e-02,6.260807163914047790e-02
1.005750000000000099e+01,2.899241413130928535e+01,6.501799241413285927e+04,6.717538398944482569e-01,6.260815986622147999e-02,6.260815986622149387e-02
1.006500000000000128e+01,2.931719474287036675e+01,6.506811719474442361e+04,6.715890729896175637e-01,6.260753204011242079e-02,6.260753204011240691e-02
1.007250000000000156e+01,2.964204039323440298e+01,6.511824204039479082e+04,6.715511263645455031e-01,6.260660413837727811e-02,6.260660413837727811e-02
1.008000000000000007e+01,2.996668934012635432e+01,6.516836668934168847e+04,6.718066801548771005e-01,6.260751866485714245e-02,6.260751866485714245e-02
1.008750000000000036e+01,3.029139247927001577e+01,6.521849139248082793e+04,6.718536859247246085e-01,6.260769694057063961e-02,6.260769694057063961e-02
1.009500000000000064e+01,3.061620054967518101e+01,6.526861620055123785e+04,6.716945619510814591e-01,6.260711268854821099e-02,6.260711268854819711e-02
1.010250000000000092e+01,3.094107394392648303e+01,6.531874107394549355e+04,6.716355344975111219e-01,6.260625194956760675e-02,6.260625194956757900e-02
1.011000000000000121e+01,3.126576958888473712e+01,6.536886576959045487e+04,6.718966913451975831e-01,6.260705003327865503e-02,6.260705003327865503e-02
1.011750000000000149e+01,3.159049687528738204e+01,6.541899049687686056e+04,6.719488145874582541e-01,6.260731607938407883e-02,6.260731607938407883e-02
1.012500000000000000e+01,3.191533148758929883e+01,6.546911533148916351e+04,6.717943458080357644e-01,6.260677393093795617e-02,6.260677393093795617e-02
1.013250000000000028e+01,3.224023169339108819e+01,6.551924023169496650e+04,6.717171630579695796e-01,6.260597407449156049e-02,6.260597407449154661e-02
1.014000000000000057e+01,3.256497151519375421e+01,6.556936497151677031e+04,6.719829206113111519e-01,6.260666518025576055e-02,6.260666518025576055e-02
1.014750000000000085e+01,3.288972204635231833e+01,6.561948972204793245e+04,6.720391902589968325e-01,6.260701639802902785e-02,6.260701639802901397e-02
1.015500000000000114e+01,3.321458226942848313e+01,6.566961458227100957e+04,6.718884361821592099e-01,6.260651431207767126e-02,6.260651431207768514e-02
1.016250000000000142e+01,3.353950838703361370e+01,6.571973950838862220e+04,6.717958837646045289e-01,6.260576821501824540e-02,6.260576821501824540e-02
1.017000000000000171e+01,3.386428969532627065e+01,6.576986428969691042e+04,6.720652881845955440e-01,6.260636312743149412e-02,6.260636312743149412e-02
1.017750000000000021e+01,3.418906256038010838e+01,6.581998906256197370e+04,6.721247818142132013e-01,6.260679631326337979e-02,6.260679631326337979e-02
1.018500000000000050e+01,3.451394741226610563e+01,6.587011394741386175e+04,6.719768506889953752e-01,6.260633238475982187e-02,6.260633238475984963e-02
1.019250000000000078e+01,3.483889854001907338e+01,6.592023889854161825e+04,6.718715709642925082e-01,6.260563240333255619e-02,6.260563240333257007e-02
1.020000000000000107e+01,3.516371855569243365e+01,6.597036371855728794e+04,6.721437184361943595e-01,6.260614249811803644e-02,6.260614249811803644e-02
1.020750000000000135e+01,3.548851285322020033e+01,6.602048851285481942e+04,6.722055636421454539e-01,6.260665353421719648e-02,6.260665353421718260e-02
1.021500000000000163e+01,3.581342129064229596e+01,6.607061342129224795e+04,6.720596136959449129e-01,6.260622621290663770e-02,6.260622621290662382e-02
1.022250000000000014e+01,3.613839649532913967e+01,6.612073839649693400e+04,6.719441030994122155e-01,6.260556471197141482e-02,6.260556471197140094e-02
1.023000000000000043e+01,3.646325239942091656e+01,6.617086325240103179e+04,6.722181410791584488e-01,6.260600154422041319e-02,6.260600154422042707e-02
1.023750000000000071e+01,3.678806724663162697e+01,6.622098806724823953e+04,6.722815165901192547e-01,6.260658525107579142e-02,6.260658525107580530e-02
1.024500000000000099e+01,3.711299818756674540e+01,6.627111299818918633e+04,6.721367570161012051e-01,6.260619286426621910e-02,6.260619286426621910e-02
1.025250000000000128e+01,3.743799646583539698e+01,6.632123799646744737e+04,6.720133640737462333e-01,6.260556312062864892e-02,6.260556312062864892e-02
1.026000000000000156e+01,3.776288543155926192e+01,6.637136288543317642e+04,6.722884922771470428e-01,6.260593817778921377e-02,6.260593817778921377e-02
1.026750000000000007e+01,3.808771996304348306e+01,6.642148771996467258e+04,6.723526288228351966e-01,6.260658838731039677e-02,6.260658838731036901e-02
1.027500000000000036e+01,3.841267230878755612e+01,6.647161267231040983e+04,6.722083205258071459e-01,6.260622872809350203e-02,6.260622872809350203e-02
1.028250000000000064e+01,3.873769256754737000e+01,6.652173769256917876e+04,6.720792445037522267e-01,6.260562546407009987e-02,6.260562546407011375e-02
1.029000000000000092e+01,3.906261178301742376e+01,6.657186261178464338e+04,6.723547156478461018e-01,6.260595000357492557e-02,6.260595000357492557e-02
1.029750000000000121e+01,3.938746514282066613e+01,6.662198746514445520e+04,6.724188965858189926e-01,6.260665978153039102e-02,6.260665978153039102e-02
1.030500000000000149e+01,3.971243778293337812e+01,6.667211243778456992e+04,6.722743526965190286e-01,6.260633012891161919e-02,6.260633012891161919e-02
1.031250000000000000e+01,4.003747884757042641e+01,6.672223747884921613e+04,6.721416428452039460e-01,6.260574942260649367e-02,6.260574942260649367e-02
1.032000000000000028e+01,4.036242553325618587e+01,6.677236242553489865e+04,6.724167631522678379e-01,6.260603435182683640e-02,6.260603435182686416e-02
1.032750000000000057e+01,4.068729686492262232e+01,6.682248729686657316e+04,6.724803248655047971e-01,6.260679627226503619e-02,6.260679627226503619e-02
1.033500000000000085e+01,4.101228867480389795e+01,6.687261228867644968e+04,6.723349110342110579e-01,6.260649359140937897e-02,6.260649359140936510e-02
1.034250000000000114e+01,4.133734930864086721e+01,6.692273734931029321e+04,6.722004663882605868e-01,6.260593253408806846e-02,6.260593253408806846e-02
1.035000000000000142e+01,4.166232073163247662e+01,6.697286232073328574e+04,6.724745958639105625e-01,6.260618831279234076e-02,6.260618831279235463e-02
1.035750000000000171e+01,4.198720916914499668e+01,6.702298720917080936e+04,6.725369279407588108e-01,6.260699472064684690e-02,6.260699472064684690e-02
1.036500000000000021e+01,4.231221900824100857e+01,6.707311221900989767e+04,6.723900624218934752e-01,6.260671584245838805e-02,6.260671584245838805e-02
1.037250000000000050e+01,4.263729793127030376e+01,6.712323729793293751e+04,6.722556321168021709e-01,6.260617221558392731e-02,6.260617221558392731e-02
1.038000000000000078e+01,4.296229141730877643e+01,6.717336229141897638e+04,6.725281846143639219e-01,6.260640877472908872e-02,6.260640877472910260e-02
1.038750000000000107e+01,4.328719607815604320e+01,6.722348719607983367e+04,6.725887298230699418e-01,6.260725200790172307e-02,6.260725200790172307e-02
1.039500000000000135e+01,4.361222279026203097e+01,6.727361222279194044e+04,6.724398833630245154e-01,6.260699374907698067e-02,6.260699374907696679e-02
1.040250000000000163e+01,4.393731869408216539e+01,6.732373731869575568e+04,6.723070674304170158e-01,6.260646578816156382e-02,6.260646578816156382e-02
1.041000000000000014e+01,4.426233163772186430e+01,6.737386233163940778e+04,6.725775105142451915e-01,6.260669246550536193e-02,6.260669246550536193e-02
1.041750000000000043e+01,4.458725161835710793e+01,6.742398725162004121e+04,6.726357645847496070e-01,6.260756502825809422e-02,6.260756502825809422e-02
1.042500000000000071e+01,4.491229403336531334e+01,6.747411229403504694e+04,6.724844601255297594e-01,6.260732426688891961e-02,6.260732426688891961e-02
1.043250000000000099e+01,4.523740559266972383e+01,6.752423740559435100e+04,6.723547107296484748e-01,6.260681050128345804e-02,6.260681050128345804e-02
1.044000000000000128e+01,4.556243546572611081e+01,6.757436243546741025e+04,6.726225653504263047e-01,6.260703599536925068e-02,6.260703599536926456e-02
1.044750000000000156e+01,4.588736983922091639e+01,6.762448736984092102e+04,6.726780765763513692e-01,6.260793068514404480e-02,6.260793068514404480e-02
1.045500000000000007e+01,4.621242677561105694e+01,6.767461242677731207e+04,6.725238887878265404e-01,6.260770440953668248e-02,6.260770440953669635e-02
1.046250000000000036e+01,4.653755265716078782e+01,6.772473755265885848e+04,6.723985118670893213e-01,6.260720355515279889e-02,6.260720355515279889e-02
1.047000000000000064e+01,4.686259701559689717e+01,6.777486259701730160e+04,6.726633518622774366e-01,6.260743589708901713e-02,6.260743589708901713e-02
1.047750000000000092e+01,4.718754483107296238e+01,6.782498754483278026e+04,6.727157205361320447e-01,6.260834589217352530e-02,6.260834589217352530e-02
1.048500000000000121e+01,4.751261509873427968e+01,6.787511261510044278e+04,6.725582751897000167e-01,6.260813123392476587e-02,6.260813123392476587e-02
1.049250000000000149e+01,4.783775396859264362e+01,6.792523775397030113e+04,6.724384324685497294e-01,6.260764212037503440e-02,6.260764212037503440e-02
1.050000000000000000e+01,4.816281045806434946e+01,6.797536281045977375e+04,6.726998839011618658e-01,6.260788866018991705e-02,6.260788866018991705e-02
1.050750000000000028e+01,4.848777074140321730e+01,6.802548777074311511e+04,6.727487615957165046e-01,6.260880757801866314e-02,6.260880757801866314e-02
1.051500000000000057e+01,4.881285314458600055e+01,6.807561285314630368e+04,6.725877347920822258e-01,6.260860183528142719e-02,6.260860183528139944e-02
1.052250000000000085e+01,4.913800367415788628e+01,6.812573800367588410e+04,6.724744461299005938e-01,6.260812335485813063e-02,6.260812335485814450e-02
1.053000000000000114e+01,4.946307003447618911e+01,6.817586307003619731e+04,6.727321864786193206e-01,6.260839075780892660e-02,6.260839075780894047e-02
1.053750000000000142e+01,4.978804178982804984e+01,6.822598804179155559e+04,6.727772751872242996e-01,6.260931269367761565e-02,6.260931269367761565e-02
1.054500000000000171e+01,3.131351301289857503e-01,6.822631313513185887e+04,6.726123924507282359e-01,6.260911334775649817e-02,6.260911334775651205e-02
1.055250000000000021e+01,6.382960013611601591e-01,6.827643829600309255e+04,6.725065384963059278e-01,6.260864441814836812e-02,6.260864441814838199e-02
1.056000000000000050e+01,9.633700701110574638e-01,6.832656337007184629e+04,6.727602957096981973e-01,6.260893866658731599e-02,6.260893866658731599e-02
1.056750000000000078e+01,1.288352281822692236e+00,6.837668835228355601e+04,6.728013468579739920e-01,6.260985822073883433e-02,6.260985822073883433e-02
1.057500000000000107e+01,1.613455361153071532e+00,6.842681345536289155e+04,6.726323821095819833e-01,6.260966294783384956e-02,6.260966294783386343e-02
1.058250000000000135e+01,1.938625271121481752e+00,6.847693862527287274e+04,6.725347072314047381e-01,6.260920248350412831e-02,6.260920248350412831e-02
1.059000000000000163e+01,2.263704986615551196e+00,6.852706370498836623e+04,6.727842586585947027e-01,6.260952888125215221e-02,6.260952888125215221e-02
1.059750000000000014e+01,2.588696621334132697e+00,6.857718869662308134e+04,6.728210719995343370e-01,6.261044117952017929e-02,6.261044117952017929e-02
1.060500000000000043e+01,2.913808244834377614e+00,6.862731380824658845e+04,6.726478464201081087e-01,6.261024785887669974e-02,6.261024785887668587e-02
1.061250000000000071e+01,3.238985909856257006e+00,6.867743898591161997e+04,6.725589618845860818e-01,6.260979474802294553e-02,6.260979474802293165e-02
1.062000000000000099e+01,3.564069313527131744e+00,6.872756406931528181e+04,6.728041330942942100e-01,6.261015792590975126e-02,6.261015792590975126e-02
1.062750000000000128e+01,3.889069322373685633e+00,6.877768906932414393e+04,6.728365554983007923e-01,6.261105863624534529e-02,6.261105863624534529e-02
1.063500000000000156e+01,4.214188301239214063e+00,6.882781418830300390e+04,6.726589362932962057e-01,6.261086535575445533e-02,6.261086535575446921e-02
1.064250000000000007e+01,4.539372460589458314e+00,6.887793937246236601e+04,6.725793236649417750e-01,6.261041844110111498e-02,6.261041844110111498e-02
1.065000000000000036e+01,4.864457698862397983e+00,6.892806445770063146e+04,6.728199871642412955e-01,6.261082236377202292e-02,6.261082236377202292e-02
1.065750000000000064e+01,5.189465019677938606e+00,6.897818946502145263e+04,6.728479113150793722e-01,6.261170770866014701e-02,6.261170770866014701e-02
1.066500000000000092e+01,5.514590173860813849e+00,6.902831459017563611e+04,6.726658103912079856e-01,6.261151276883950012e-02,6.261151276883948624e-02
1.067250000000000121e+01,5.839779593132468527e+00,6.907843977959491895e+04,6.725958251306535240e-01,6.261107083145352192e-02,6.261107083145353580e-02
1.068000000000000149e+01,6.164864918782525294e+00,6.912856486492056865e+04,6.728318989942265738e-01,6.261151880635730527e-02,6.261151880635730527e-02
1.068750000000000000e+01,6.489878478517820071e+00,6.917868987848030520e+04,6.728552620012566710e-01,6.261238556969039859e-02,6.261238556969038471e-02
1.069500000000000028e+01,6.815008639272665647e+00,6.922881500864106056e+04,6.726686345650475518e-01,6.261218748679107937e-02,6.261218748679109325e-02
1.070250000000000057e+01,7.140202113391645788e+00,6.927894020211519091e+04,6.726085098026539644e-01,6.261174923286735861e-02,6.261174923286737248e-02
1.071000000000000085e+01,7.465285886381289870e+00,6.932906528588818037e+04,6.728399562226752284e-01,6.261224392246399206e-02,6.261224392246399206e-02
1.071750000000000114e+01,7.790304603726409205e+00,6.937919030460552312e+04,6.728587381590985794e-01,6.261308944891870454e-02,6.261308944891870454e-02
1.072500000000000142e+01,8.115438615984531978e+00,6.942931543861779210e+04,6.726675812466667015e-01,6.261288695749432642e-02,6.261288695749434030e-02
1.073250000000000171e+01,8.440634971860045965e+00,6.947944063497366733e+04,6.726174317112830758e-01,6.261245100881723813e-02,6.261245100881723813e-02
1.074000000000000021e+01,8.765715659665257675e+00,6.952956571566147613e+04,6.728442554774437534e-01,6.261299444665636982e-02,6.261299444665638370e-02
1.074750000000000050e+01,9.090738448005854622e+00,6.957969073844981904e+04,6.728584778536500499e-01,6.261381663183866741e-02,6.261381663183868129e-02
1.075500000000000078e+01,9.415875172594814657e+00,6.962981587517440494e+04,6.726628288003100309e-01,6.261360868632664944e-02,6.261360868632662169e-02
1.076250000000000107e+01,9.741073271352025387e+00,6.967994107327316306e+04,6.726226548845003483e-01,6.261317357602996791e-02,6.261317357602995404e-02
1.077000000000000135e+01,1.006614944880506535e+01,6.973006614945062029e+04,6.728449018029986073e-01,6.261376718675315534e-02,6.261376718675315534e-02
1.077750000000000163e+01,1.039117521956138468e+01,6.978019117522137822e+04,6.728546259834464749e-01,6.261456445705293472e-02,6.261456445705293472e-02
1.078500000000000014e+01,1.071631353534162834e+01,6.983031631353717239e+04,6.726545608411973465e-01,6.261435023068541439e-02,6.261435023068541439e-02
1.079250000000000043e+01,1.104151227403879254e+01,6.988044151227586553e+04,6.726242527858793396e-01,6.261391440705904587e-02,6.261391440705904587e-02
1.080000000000000071e+01,1.136658262273254572e+01,6.993056658262456767e+04,6.728420080455835839e-01,6.261455902985493815e-02,6.261455902985493815e-02
1.080750000000000099e+01,1.169161028909534927e+01,6.998069161029093084e+04,6.728473336170179842e-01,6.261533031183232068e-02,6.261533031183232068e-02
1.081500000000000128e+01,1.201674909515310219e+01,7.003081674909699359e+04,6.726429655272714303e-01,6.261510918969880046e-02,6.261510918969878658e-02
1.082250000000000156e+01,1.234194740784050381e+01,7.008094194740967941e+04,6.726223077103224979e-01,6.261467103191113714e-02,6.261467103191112327e-02
1.083000000000000007e+01,1.266701071514602894e+01,7.013106701071698626e+04,6.728356942036631816e-01,6.261536694666387792e-02,6.261536694666387792e-02
1.083750000000000036e+01,1.299203919617736780e+01,7.018119203919802385e+04,6.728367573018433356e-01,6.261611162673155762e-02,6.261611162673155762e-02
1.084500000000000064e+01,1.331717741426168722e+01,7.023131717741611646e+04,6.726282348301891867e-01,6.261588318881254611e-02,6.261588318881253223e-02
1.085250000000000092e+01,1.364237427222634658e+01,7.028144237427407643e+04,6.726169101449684939e-01,6.261544103876244549e-02,6.261544103876245937e-02
1.086000000000000121e+01,1.396742942997178716e+01,7.033156742943183053e+04,6.728260867505235776e-01,6.261618799409951475e-02,6.261618799409952862e-02
1.086750000000000149e+01,1.429245765499096343e+01,7.038169245765684173e+04,6.728230583520622421e-01,6.261690587020854459e-02,6.261690587020853072e-02
1.087500000000000178e+01,1.461759423235041133e+01,7.043181759423420590e+04,6.726105637912971336e-01,6.261666986113877120e-02,6.261666986113877120e-02
1.088250000000000028e+01,1.494278864346836855e+01,7.048194278864533408e+04,6.726081581023912737e-01,6.261622207381560556e-02,6.261622207381560556e-02
1.089000000000000057e+01,1.526783464631731135e+01,7.053206783464818727e+04,6.728133179355633153e-01,6.261701931640585583e-02,6.261701931640585583e-02
1.089750000000000085e+01,1.559286155944656826e+01,7.058219286156131420e+04,6.728064021209175793e-01,6.261771054432796468e-02,6.261771054432799244e-02
1.090500000000000114e+01,1.591799547204966991e+01,7.063231799547391711e+04,6.725901497680224495e-01,6.261746683087389409e-02,6.261746683087388021e-02
1.091250000000000142e+01,1.624318647938754623e+01,7.068244318648126500e+04,6.725961564327224140e-01,6.261701184037435364e-02,6.261701184037436752e-02
1.092000000000000171e+01,1.656822242294331815e+01,7.073256822242481576e+04,6.727975250703673860e-01,6.261785814504566838e-02,6.261785814504568226e-02
1.092750000000000021e+01,1.689324698765135224e+01,7.078269324698952551e+04,6.727869572635373219e-01,6.261852318253971483e-02,6.261852318253970096e-02
1.093500000000000050e+01,1.721837724349854071e+01,7.083281837724537763e+04,6.725671916758305668e-01,6.261827170642855767e-02,6.261827170642855767e-02
1.094250000000000078e+01,1.754356392362223716e+01,7.088294356392550981e+04,6.725810161208938265e-01,6.261780809725576991e-02,6.261780809725578378e-02
1.095000000000000107e+01,1.786858900227575830e+01,7.093306858900416410e+04,6.727788498052967858e-01,6.261870179770182010e-02,6.261870179770183398e-02
1.095750000000000135e+01,1.819361020573959919e+01,7.098319361020762881e+04,6.727648949953071167e-01,6.261934135015663483e-02,6.261934135015662095e-02
1.096500000000000163e+01,1.851873584778046578e+01,7.103331873584967980e+04,6.725418892305627949e-01,6.261908208849556456e-02,6.261908208849556456e-02
1.097250000000000014e+01,1.884391730943995569e+01,7.108344391731133510e+04,6.725628535747747438e-01,6.261860865670848542e-02,6.261860865670849929e-02
1.098000000000000043e+01,1.916893081397519083e+01,7.113356893081587623e+04,6.727574374019282821e-01,6.261954767668224953e-02,6.261954767668223565e-02
1.098750000000000071e+01,1.949394767109113147e+01,7.118369394767298945e+04,6.727403883507834248e-01,6.262016264757859496e-02,6.262016264757858108e-02
1.099500000000000099e+01,1.981906777935479624e+01,7.123381906778126722e+04,6.725144421957279794e-01,6.261989559075638312e-02,6.261989559075639700e-02
1.100250000000000128e+01,2.014424316310372021e+01,7.128394424316500954e+04,6.725417899095484930e-01,6.261941138205891211e-02,6.261941138205889823e-02
1.101000000000000156e+01,2.046924447807778336e+01,7.133406924447999336e+04,6.727334360063137453e-01,6.262039326698330688e-02,6.262039326698329300e-02
1.101750000000000007e+01,2.079425603499023367e+01,7.138419425603690615e+04,6.727136114477634266e-01,6.262098471570282099e-02,6.262098471570282099e-02
1.102500000000000036e+01,2.111936972788543088e+01,7.143431936972979747e+04,6.724850496390365473e-01,6.262070986418513674e-02,6.262070986418513674e-02
1.103250000000000064e+01,2.144453820679513711e+01,7.148444453820871422e+04,6.725179502332994108e-01,6.262021418535262951e-02,6.262021418535262951e-02
1.104000000000000092e+01,2.176952680771929494e+01,7.153456952680964605e+04,6.727069959277077738e-01,6.262123613422032609e-02,6.262123613422032609e-02
1.104750000000000121e+01,2.209453214479380279e+01,7.158469453214672103e+04,6.726847387608381190e-01,6.262180524254401526e-02,6.262180524254401526e-02
1.105500000000000149e+01,2.241963857985923170e+01,7.163481963858178642e+04,6.724539092022431275e-01,6.262152261601813819e-02,6.262152261601812431e-02
1.106250000000000178e+01,2.274479936108778588e+01,7.168494479936301650e+04,6.724914629384028952e-01,6.262101502529436592e-02,6.262101502529433816e-02
1.107000000000000028e+01,2.306977481145033337e+01,7.173506977481338254e+04,6.726782689270723870e-01,6.262207392259387662e-02,6.262207392259389049e-02
1.107750000000000057e+01,2.339477304567756022e+01,7.178519477304760949e+04,6.726539444085186670e-01,6.262262197000341424e-02,6.262262197000341424e-02
1.108500000000000085e+01,2.371987142014697625e+01,7.183531987142209255e+04,6.724212163881433391e-01,6.262233162005595433e-02,6.262233162005596820e-02
1.109250000000000114e+01,2.404502374695822553e+01,7.188544502374890726e+04,6.724624590029799620e-01,6.262181190580591583e-02,6.262181190580592971e-02
1.110000000000000142e+01,2.436998569514808111e+01,7.193556998569708958e+04,6.726474075193953350e-01,6.262290435302651781e-02,6.262290435302651781e-02
1.110750000000000171e+01,2.469497598201483868e+01,7.198569497598396265e+04,6.726214014577466260e-01,6.262343269994993800e-02,6.262343269994993800e-02
1.111500000000000021e+01,2.502006553343841233e+01,7.203582006553538668e+04,6.723871638683794894e-01,6.262313472012757953e-02,6.262313472012757953e-02
1.112250000000000050e+01,2.534520868731755527e+01,7.208594520868927066e+04,6.724310713063517131e-01,6.262260287551030258e-02,6.262260287551030258e-02
1.113000000000000078e+01,2.567015686352684156e+01,7.213607015686549130e+04,6.726145642935870139e-01,6.262372522157493016e-02,6.262372522157495791e-02
1.113750000000000107e+01,2.599513839841949547e+01,7.218619513840037689e+04,6.725872812494033681e-01,6.262423529916785747e-02,6.262423529916785747e-02
1.114500000000000135e+01,2.632021840540892299e+01,7.223632021840737434e+04,6.723519408155285149e-01,6.262392983022738169e-02,6.262392983022739557e-02
1.115250000000000163e+01,2.664535170804639819e+01,7.228644535171001917e+04,6.723974339621704432e-01,6.262338602840725188e-02,6.262338602840725188e-02
1.116000000000000014e+01,2.697028592124688373e+01,7.233657028592321149e+04,6.725798912534723950e-01,6.262453439819719303e-02,6.262453439819717915e-02
1.116750000000000043e+01,2.729525794046188381e+01,7.238669525794243964e+04,6.725517527482183233e-01,6.262502770311249856e-02,6.262502770311248468e-02
1.117500000000000071e+01,2.762032772350632825e+01,7.243682032772547973e+04,6.723157322627755228e-01,6.262471493404019041e-02,6.262471493404016265e-02
1.118250000000000099e+01,2.794545053851942384e+01,7.248694545054050104e+04,6.723616816725811463e-01,6.262415950592388481e-02,6.262415950592389868e-02
1.119000000000000128e+01,2.827037067361882805e+01,7.253707037067560304e+04,6.725435391831576792e-01,6.262532982592972086e-02,6.262532982592973474e-02
1.119750000000000156e+01,2.859533245504946564e+01,7.258719533245703497e+04,6.725149819202744794e-01,6.262580791868753438e-02,6.262580791868753438e-02
1.120500000000000007e+01,2.892039137730196430e+01,7.263732039137929678e+04,6.722787184943070926e-01,6.262548808521212207e-02,6.262548808521212207e-02
1.121250000000000036e+01,2.924550311161378957e+01,7.268744550311360217e+04,6.723239491065747808e-01,6.262492150040455119e-02,6.262492150040456507e-02
1.122000000000000064e+01,2.957040912689899415e+01,7.273757040912889352e+04,6.725056570398341149e-01,6.262610952050634561e-02,6.262610952050634561e-02
1.122750000000000092e+01,2.989535999045352099e+01,7.278769535999244545e+04,6.724771311411118502e-01,6.262657402638327486e-02,6.262657402638327486e-02
1.123500000000000121e+01,3.022040745838955189e+01,7.283782040746038547e+04,6.722410744694112816e-01,6.262624740875478990e-02,6.262624740875478990e-02
1.124250000000000149e+01,3.054550756320741556e+01,7.288794550756520766e+04,6.722843703054075526e-01,6.262567025995201264e-02,6.262567025995201264e-02
1.125000000000000178e+01,3.087039948816969570e+01,7.293807039949017053e+04,6.724663913768684775e-01,6.262687157042860775e-02,6.262687157042860775e-02
1.125750000000000028e+01,3.119533879595958936e+01,7.298819533879797382e+04,6.724383586372721933e-01,6.262732418212867136e-02,6.262732418212867136e-02
1.126500000000000057e+01,3.152037425983488461e+01,7.303832037426184979e+04,6.722029692830818748e-01,6.262699110349236042e-02,6.262699110349236042e-02
1.127250000000000085e+01,3.184546223118716668e+01,7.308844546223319776e+04,6.722430781177392012e-01,6.262640409436574795e-02,6.262640409436576183e-02
1.128000000000000114e+01,3.217034016479762926e+01,7.313857034016681428e+04,6.724258857998068883e-01,6.262761413747670869e-02,6.262761413747670869e-02
1.128750000000000142e+01,3.249526732111903726e+01,7.318869526732314262e+04,6.723988179638717977e-01,6.262805661915318844e-02,6.262805661915318844e-02
1.129500000000000171e+01,3.282029027518535003e+01,7.323882029027720273e+04,6.721645656657474488e-01,6.262771744529775642e-02,6.262771744529772866e-02
1.130250000000000021e+01,3.314536565400090495e+01,7.328894536565602175e+04,6.722002036669127989e-01,6.262712138176068644e-02,6.262712138176068644e-02
1.131000000000000050e+01,3.347022976346322309e+01,7.333907022976549342e+04,6.723842804577045973e-01,6.262833545763130116e-02,6.262833545763131504e-02
1.131750000000000078e+01,3.379514421458139850e+01,7.338919514421661734e+04,6.723586575206442761e-01,6.262876965007932450e-02,6.262876965007932450e-02
1.132500000000000107e+01,3.412015419704859909e+01,7.343932015419908566e+04,6.721260195245721825e-01,6.262842479084743119e-02,6.262842479084744507e-02
1.133250000000000135e+01,3.444521656879858540e+01,7.348944521657083533e+04,6.721558758525584265e-01,6.262782057532487179e-02,6.262782057532487179e-02
1.134000000000000163e+01,3.477006708875368446e+01,7.353957006709079724e+04,6.723417115719565462e-01,6.262903384236065407e-02,6.262903384236064019e-02
1.134750000000000014e+01,3.509496832248963472e+01,7.358969496832453297e+04,6.723180201086252916e-01,6.262946166939326043e-02,6.262946166939328818e-02
1.135500000000000043e+01,3.541996491524773205e+01,7.363981996491728933e+04,6.720874795285004533e-01,6.262911158166074854e-02,6.262911158166074854e-02
1.136250000000000071e+01,3.574501390921275856e+01,7.368994501391125959e+04,6.721102208884387474e-01,6.262850020961188702e-02,6.262850020961188702e-02
1.137000000000000099e+01,3.606985114131337156e+01,7.374006985114335839e+04,6.722983110045708255e-01,6.262970768021675072e-02,6.262970768021675072e-02
1.137750000000000128e+01,3.639473868642298271e+01,7.379019473868847126e+04,6.722770425294252172e-01,6.263013115638950412e-02,6.263013115638951800e-02
1.138500000000000156e+01,3.671972151455792499e+01,7.384031972151661466e+04,6.720490867390421785e-01,6.262977634823957418e-02,6.262977634823957418e-02
1.139250000000000007e+01,3.704475680282652661e+01,7.389044475680489268e+04,6.720633618782292373e-01,6.262915890578341083e-02,6.262915890578341083e-02
1.140000000000000036e+01,3.736958111554542938e+01,7.394056958111761196e+04,6.722542058675567977e-01,6.263035543867474797e-02,6.263035543867476185e-02
1.140750000000000064e+01,3.769445454087484393e+01,7.399069445454294328e+04,6.722358552287868161e-01,6.263077667865425691e-02,6.263077667865424303e-02
1.141500000000000092e+01,3.801942327202690564e+01,7.404081942327409342e+04,6.720109742884632364e-01,6.263041771418179082e-02,6.263041771418179082e-02
1.142250000000000121e+01,3.834444456836613568e+01,7.409094444457044301e+04,6.720154184306303957e-01,6.262979537532641083e-02,6.262979537532641083e-02
1.143000000000000149e+01,3.866925639686026983e+01,7.414106925639892870e+04,6.722095181748355408e-01,6.263097566614800327e-02,6.263097566614798939e-02
1.143750000000000178e+01,3.899411531025460675e+01,7.419119411531233345e+04,6.721945819858039517e-01,6.263139689614441452e-02,6.263139689614441452e-02
1.144500000000000028e+01,3.931906965387857156e+01,7.424131906965596136e+04,6.719732671067950580e-01,6.263103440020688362e-02,6.263103440020688362e-02
1.145250000000000057e+01,3.964407671263716537e+01,7.429144407671471708e+04,6.719665063149220519e-01,6.263040842195993774e-02,6.263040842195995161e-02
1.146000000000000085e+01,3.996887655846779808e+01,7.434156887656055915e+04,6.721643645377570753e-01,6.263156699411165373e-02,6.263156699411165373e-02
1.146750000000000114e+01,4.029372060540521971e+01,7.439169372060749447e+04,6.721533396489002277e-01,6.263199056592705372e-02,6.263199056592705372e-02
1.147500000000000142e+01,4.061866031199579652e+01,7.444181866031409299e+04,6.719360816987125506e-01,6.263162522812054656e-02,6.263162522812054656e-02
1.148250000000000171e+01,4.094365292720048899e+01,7.449194365292930161e+04,6.719167371578037562e-01,6.263099694168516862e-02,6.263099694168516862e-02
1.149000000000000021e+01,4.126844135771197131e+01,7.454206844135980646e+04,6.721188559050393918e-01,6.263212813927239442e-02,6.263212813927239442e-02
1.149750000000000050e+01,4.159327021963017756e+01,7.459219327022173093e+04,6.721122379193170682e-01,6.263255654765702285e-02,6.263255654765705061e-02
1.150500000000000078e+01,4.191819507997239924e+01,7.464231819508207263e+04,6.718995259710173196e-01,6.263218912487224233e-02,6.263218912487224233e-02
1.151250000000000107e+01,4.224317308476150856e+01,7.469244317308686732e+04,6.718662181819949897e-01,6.263155992118686621e-02,6.263155992118686621e-02
1.152000000000000135e+01,4.256795073194840739e+01,7.474256795073405374e+04,6.720730973475554926e-01,6.263265790573027680e-02,6.263265790573027680e-02
1.152750000000000163e+01,4.289276412422796625e+01,7.479269276412634645e+04,6.720713791825116967e-01,6.263309380988037189e-02,6.263309380988035802e-02
1.153500000000000014e+01,4.321767396871636890e+01,7.484281767397082876e+04,6.718636991110417123e-01,6.263272512707004913e-02,6.263272512707003525e-02
1.154250000000000043e+01,4.354263723522633001e+01,7.489294263723734184e+04,6.718150519867988057e-01,6.263209643501790880e-02,6.263209643501790880e-02
1.155000000000000071e+01,4.386740479396821968e+01,7.494306740479609289e+04,6.720271878880934580e-01,6.263315518708975627e-02,6.263315518708977014e-02
1.155750000000000099e+01,4.419220246353776105e+01,7.499319220246566692e+04,6.720308583874915476e-01,6.263360143721785622e-02,6.263360143721785622e-02
1.156500000000000128e+01,4.451709716157136398e+01,7.504331709716370096e+04,6.718286915159578099e-01,6.263323238666733406e-02,6.263323238666733406e-02
1.157250000000000156e+01,4.484204560136744533e+01,7.509344204560350045e+04,6.717633363704598182e-01,6.263260564215215875e-02,6.263260564215214488e-02
1.158000000000000007e+01,4.516680382697328611e+01,7.514356680382910417e+04,6.719812203758303015e-01,6.263361896848873567e-02,6.263361896848874955e-02
1.158750000000000036e+01,4.549158554951112166e+01,7.519369158555164177e+04,6.719907629737424948e-01,6.263407863836903400e-02,6.263407863836903400e-02
1.159500000000000064e+01,4.581646500889974050e+01,7.524381646501104115e+04,6.717945847724966502e-01,6.263371017914227956e-02,6.263371017914226568e-02
1.160250000000000092e+01,4.614139857403925760e+01,7.529394139857617847e+04,6.717111641938225963e-01,6.263308678256178375e-02,6.263308678256178375e-02
1.161000000000000121e+01,4.646614827911155032e+01,7.534406614828125748e+04,6.719352814049111000e-01,6.263404832853278204e-02,6.263404832853278204e-02
1.161750000000000149e+01,4.679091385584318630e+01,7.539419091385799402e+04,6.719511728450038301e-01,6.263452475458547442e-02,6.263452475458547442e-02
1.162500000000000178e+01,4.711577802203281351e+01,7.544431577802418906e+04,6.717614516862340235e-01,6.263415791642749919e-02,6.263415791642749919e-02
1.163250000000000028e+01,4.744069670689096085e+01,7.549444069670904719e+04,6.716586232844401483e-01,6.263353917445130259e-02,6.263353917445128871e-02
1.164000000000000057e+01,4.776543875758261493e+01,7.554456543875974603e+04,6.718894512761343085e-01,6.263444244114192705e-02,6.263444244114191317e-02
1.164750000000000085e+01,4.809018801172771873e+01,7.559469018801389029e+04,6.719121603887542316e-01,6.263493926769111986e-02,6.263493926769111986e-02
1.165500000000000114e+01,4.841503686645612703e+01,7.564481503686861834e+04,6.717293563591372196e-01,6.263457516783521584e-02,6.263457516783521584e-02
1.166250000000000142e+01,4.873994071053903809e+01,7.569493994071270572e+04,6.716057963799660913e-01,6.263396221268816011e-02,6.263396221268816011e-02
1.167000000000000171e+01,4.906467602232675063e+01,7.574506467602449993e+04,6.718438040004128808e-01,6.263480057735623663e-02,6.263480057735623663e-02
1.167750000000000021e+01,4.938940879534659700e+01,7.579518940879752336e+04,6.718737905398978194e-01,6.263532180578962327e-02,6.263532180578963715e-02
1.168500000000000050e+01,4.971424235413513770e+01,7.584531424235631130e+04,6.716983543136754164e-01,6.263496169144036618e-02,6.263496169144036618e-02
1.169250000000000078e+01,2.391314461800461422e-01,7.584563913144836260e+04,6.715527611093168314e-01,6.263435536883565913e-02,6.263435536883565913e-02
1.170000000000000107e+01,5.638609793104045753e-01,7.589576386098148942e+04,6.717984073423122204e-01,6.263512210721501605e-02,6.263512210721501605e-02
1.170750000000000135e+01,8.885771272587074110e-01,7.594588857712944446e+04,6.718361208867559276e-01,6.263567214362009139e-02,6.263567214362010527e-02
1.171500000000000163e+01,1.213395435229196906e+00,7.599601339543741778e+04,6.716684926614053808e-01,6.263531747039260966e-02,6.263531747039260966e-02
1.172250000000000014e+01,1.538269918643221379e+00,7.604613826992083341e+04,6.714995900097733283e-01,6.263471819304071431e-02,6.263471819304072818e-02
1.173000000000000043e+01,1.862995163217609829e+00,7.609626299516540894e+04,6.717533229016187102e-01,6.263539755687087818e-02,6.263539755687089206e-02
1.173750000000000071e+01,2.187694063887895890e+00,7.614638769406608480e+04,6.717992018171043966e-01,6.263599019369377185e-02,6.263599019369377185e-02
1.174500000000000099e+01,2.512497190374690437e+00,7.619651249719256884e+04,6.716398103135298170e-01,6.263564272659555288e-02,6.263564272659556675e-02
1.175250000000000128e+01,2.837357268898937690e+00,7.624663735727110179e+04,6.714463505779147967e-01,6.263505031788567379e-02,6.263505031788565991e-02
1.176000000000000156e+01,3.162079512452524277e+00,7.629676207951465040e+04,6.717086062306067973e-01,6.263563085406465003e-02,6.263563085406465003e-02
1.176750000000000185e+01,3.486760791271747539e+00,7.634688676079348079e+04,6.717630767016763427e-01,6.263627598503669625e-02,6.263627598503669625e-02
1.177500000000000036e+01,3.811548825663209517e+00,7.639701154882786795e+04,6.716123382306357081e-01,6.263593786180789158e-02,6.263593786180790546e-02
1.178250000000000064e+01,4.136394766052062799e+00,7.644713639476826938e+04,6.713931053520012515e-01,6.263535146417566202e-02,6.263535146417566202e-02
1.179000000000000092e+01,4.461115083606914666e+00,7.649726111508582835e+04,6.716643069843597491e-01,6.263582612785946468e-02,6.263582612785946468e-02
1.179750000000000121e+01,4.785778619073432161e+00,7.654738577862129023e+04,6.717277821122535908e-01,6.263652962967811155e-02,6.263652962967811155e-02
1.180500000000000149e+01,5.110551671001009488e+00,7.659751055167321465e+04,6.715860997084268647e-01,6.263620331042141220e-02,6.263620331042141220e-02
1.181250000000000178e+01,5.435383798856699755e+00,7.664763538380108366e+04,6.713399120231728912e-01,6.263562144851012037e-02,6.263562144851012037e-02
1.182000000000000028e+01,5.760103288174895475e+00,7.669776010329040582e+04,6.716204691012700456e-01,6.263598324555008645e-02,6.263598324555008645e-02
1.182750000000000057e+01,6.084748974604928584e+00,7.674788474897683773e+04,6.716933480711686499e-01,6.263675128244852730e-02,6.263675128244851342e-02
1.183500000000000085e+01,6.409507178285045015e+00,7.679800950718051172e+04,6.715611106960455157e-01,6.263643938933557975e-02,6.263643938933556587e-02
1.184250000000000114e+01,6.734325866789919068e+00,7.684813432586903218e+04,6.712868235726510147e-01,6.263586019238628899e-02,6.263586019238627511e-02
1.185000000000000142e+01,7.059045643639769274e+00,7.689825904564587108e+04,6.715771310106060099e-01,6.263610221326054717e-02,6.263610221326056104e-02
1.185750000000000171e+01,7.383673396406733147e+00,7.694838367339865363e+04,6.716597983288662421e-01,6.263694110411038851e-02,6.263694110411038851e-02
1.186500000000000021e+01,7.708416914816053733e+00,7.699850841691705864e+04,6.715373801433145440e-01,6.263664625499837380e-02,6.263664625499838767e-02
1.187250000000000050e+01,8.033222570710760735e+00,7.704863322257295658e+04,6.712338884319437593e-01,6.263606773257766880e-02,6.263606773257765492e-02
1.188000000000000078e+01,8.357943763033357953e+00,7.709875794376528938e+04,6.715343258638791779e-01,6.263618321975909786e-02,6.263618321975909786e-02
1.188750000000000107e+01,8.682553526947488720e+00,7.714888255352919805e+04,6.716271506659361457e-01,6.263709923765084508e-02,6.263709923765084508e-02
1.189500000000000135e+01,9.007282552105007056e+00,7.719900728255436115e+04,6.715149103730332358e-01,6.263682396564676513e-02,6.263682396564677901e-02
1.190250000000000163e+01,9.332075603097701233e+00,7.724913207560536102e+04,6.712001070116757617e-01,6.263624423276753506e-02,6.263624423276753506e-02
1.191000000000000014e+01,9.656799342214085868e+00,7.729925679934448272e+04,6.714920817866103508e-01,6.263622672532026536e-02,6.263622672532025148e-02
1.191750000000000043e+01,9.981391104266174708e+00,7.734938139110653719e+04,6.715954172159394053e-01,6.263722580224578840e-02,6.263722580224580228e-02
1.192500000000000071e+01,1.030610585355561781e+01,7.739950610585582035e+04,6.714936974743543896e-01,6.263697256771583177e-02,6.263697256771583177e-02
1.193250000000000099e+01,1.063088673779400395e+01,7.744963088674006576e+04,6.711894205734807439e-01,6.263638999708819044e-02,6.263638999708817656e-02
1.194000000000000128e+01,1.095561414358199848e+01,7.749975561414584809e+04,6.714504221470011247e-01,6.263623362074444145e-02,6.263623362074445533e-02
1.194750000000000156e+01,1.128018795270668306e+01,7.754988018795498647e+04,6.715646048052438255e-01,6.263732090261368846e-02,6.263732090261366070e-02
1.195500000000000185e+01,1.160488866331229829e+01,7.760000488866558590e+04,6.714737317131546090e-01,6.263709215327112334e-02,6.263709215327112334e-02
1.196250000000000036e+01,1.192965781911257928e+01,7.765012965782139509e+04,6.711802970332874096e-01,6.263650548727105194e-02,6.263650548727109357e-02
1.197000000000000064e+01,1.225438997657688844e+01,7.770025438997885794e+04,6.714093658379871599e-01,6.263620543578816979e-02,6.263620543578816979e-02
1.197750000000000092e+01,1.257894597309342188e+01,7.775037894597537525e+04,6.715347153060376995e-01,6.263738464739110334e-02,6.263738464739110334e-02
1.198500000000000121e+01,1.290363289650315437e+01,7.780050363289879169e+04,6.714549979552845160e-01,6.263718288350275665e-02,6.263718288350274277e-02
1.199250000000000149e+01,1.322839075016295851e+01,7.785062839075246302e+04,6.711727042616296712e-01,6.263659134555009389e-02,6.263659134555009389e-02
1.200000000000000178e+01,1.355312868128204151e+01,7.790075312868357287e+04,6.713689275691689939e-01,6.263614441951538547e-02,6.263614441951538547e-02
1.200750000000000028e+01,1.387766713271088470e+01,7.795087766713500605e+04,6.715057459987441302e-01,6.263741716996314157e-02,6.263741716996312769e-02
1.201500000000000057e+01,1.420234053027439991e+01,7.800100234053257736e+04,6.714374760986225876e-01,6.263724499218568942e-02,6.263724499218567554e-02
1.202250000000000085e+01,1.452708748062991795e+01,7.805112708748293517e+04,6.711666048163479337e-01,6.263664842238488017e-02,6.263664842238488017e-02
1.203000000000000114e+01,1.485183212385405938e+01,7.810125183212615957e+04,6.713291181651589445e-01,6.263605322488687011e-02,6.263605322488687011e-02
1.203750000000000142e+01,1.517635345535293645e+01,7.815137635345765739e+04,6.714776899400792809e-01,6.263741864729818754e-02,6.263741864729818754e-02
1.204500000000000171e+01,1.550101359498509623e+01,7.820150101359729888e+04,6.714211415099055058e-01,6.263727878288290196e-02,6.263727878288290196e-02
1.205250000000000021e+01,1.582574999533620286e+01,7.825162574999764911e+04,6.711619564473515487e-01,6.263667779718976036e-02,6.263667779718976036e-02
1.206000000000000050e+01,1.615050218858797493e+01,7.830175050219090190e+04,6.712899448669772395e-01,6.263593443843126773e-02,6.263593443843126773e-02
1.206750000000000078e+01,1.647500701159242098e+01,7.835187500701392128e+04,6.714505363331370047e-01,6.263738931476563188e-02,6.263738931476563188e-02
1.207500000000000107e+01,1.679965416511115350e+01,7.840199965416743362e+04,6.714059654624472406e-01,6.263728462921210050e-02,6.263728462921210050e-02
1.208250000000000135e+01,1.712438030666135802e+01,7.845212438030898920e+04,6.711587126010093440e-01,6.263668076221763636e-02,6.263668076221765024e-02
1.209000000000000163e+01,1.744914073620389772e+01,7.850224914073853870e+04,6.712514116332984893e-01,6.263579070116080671e-02,6.263579070116080671e-02
1.209750000000000014e+01,1.777362990933898956e+01,7.855237362991167174e+04,6.714242708960165285e-01,6.263732947660559380e-02,6.263732947660559380e-02
1.210500000000000043e+01,1.809826434960836039e+01,7.860249826435194700e+04,6.713919155710075248e-01,6.263726298344221566e-02,6.263726298344220178e-02
1.211250000000000071e+01,1.842298045445377142e+01,7.865262298045679927e+04,6.711568229202194980e-01,6.263665873337363743e-02,6.263665873337362355e-02
1.212000000000000099e+01,1.874774243410911012e+01,7.870274774243644788e+04,6.712135194384922787e-01,6.263568982880329816e-02,6.263568982880329816e-02
1.212750000000000128e+01,1.907222428470899800e+01,7.875287222428705718e+04,6.713988762257145915e-01,6.263723951255664724e-02,6.263723951255664724e-02
1.213500000000000156e+01,1.939684628169009883e+01,7.880299684628403338e+04,6.713789562202949757e-01,6.263721439541712621e-02,6.263721439541712621e-02
1.214250000000000185e+01,1.972155251328487680e+01,7.885312155251562945e+04,6.711562337363657926e-01,6.263661309061117899e-02,6.263661309061117899e-02
1.215000000000000036e+01,2.004630857952952283e+01,7.890324630858188902e+04,6.711762665646391346e-01,6.263563978097119733e-02,6.263563978097119733e-02
1.215750000000000064e+01,2.037079229321444984e+01,7.895337079229556548e+04,6.713743321542233744e-01,6.263711988140209519e-02,6.263711988140212295e-02
1.216500000000000092e+01,2.069540210819148740e+01,7.900349540211055137e+04,6.713670489838257094e-01,6.263713954113868387e-02,6.263713954113868387e-02
1.217250000000000121e+01,2.102009859956844195e+01,7.905362009860192484e+04,6.711568885496993486e-01,6.263654502659700418e-02,6.263654502659699030e-02
1.218000000000000149e+01,2.134484744054775263e+01,7.910374484744291112e+04,6.711396488849254993e-01,6.263558542801127282e-02,6.263558542801127282e-02
1.218750000000000178e+01,2.166933610127475518e+01,7.915386933610364213e+04,6.713506160940292400e-01,6.263697112216384810e-02,6.263697112216384810e-02
1.219500000000000028e+01,2.199393397890910151e+01,7.920399393398128450e+04,6.713561530301268565e-01,6.263703925842847853e-02,6.263703925842846465e-02
1.220250000000000057e+01,2.231862086863218764e+01,7.925411862087101326e+04,6.711587284949199761e-01,6.263645550704034781e-02,6.263645550704036169e-02
1.221000000000000085e+01,2.264336174373504562e+01,7.930424336174610653e+04,6.711036601360873544e-01,6.263552197339011807e-02,6.263552197339011807e-02
1.221750000000000114e+01,2.296785787805714918e+01,7.935436785788043926e+04,6.713277033704956320e-01,6.263679385354262164e-02,6.263679385354262164e-02
1.222500000000000142e+01,2.329244403645380856e+01,7.940449244403884222e+04,6.713462255135821399e-01,6.263691458689608915e-02,6.263691458689608915e-02
1.223250000000000171e+01,2.361712149927862114e+01,7.945461712150166568e+04,6.711616927890980966e-01,6.263634536625377336e-02,6.263634536625377336e-02
1.224000000000000021e+01,2.394185410860344021e+01,7.950474185411099461e+04,6.710682921778582388e-01,6.263544570554155366e-02,6.263544570554153978e-02
1.224750000000000050e+01,2.426635978765366985e+01,7.955486635979004495e+04,6.713055675389018040e-01,6.263658877207907427e-02,6.263658877207907427e-02
1.225500000000000078e+01,2.459093440704278777e+01,7.960499093440943398e+04,6.713372219475439717e-01,6.263676681294642890e-02,6.263676681294642890e-02
1.226250000000000107e+01,2.491560267232938486e+01,7.965511560267473396e+04,6.711657191593756178e-01,6.263621546557306130e-02,6.263621546557306130e-02
1.227000000000000135e+01,2.524032702997193311e+01,7.970524032703237026e+04,6.710335352376607387e-01,6.263535410513935975e-02,6.263535410513935975e-02
1.227750000000000163e+01,2.556484449060345909e+01,7.975536484449300042e+04,6.712841806842404502e-01,6.263634735173882750e-02,6.263634735173881363e-02
1.228500000000000014e+01,2.588940719218031461e+01,7.980548940719458915e+04,6.713290965576443892e-01,6.263659752625821975e-02,6.263659752625823363e-02
1.229250000000000043e+01,2.621406655070461156e+01,7.985561406655311293e+04,6.711707442482907071e-01,6.263606683698333399e-02,6.263606683698333399e-02
1.230000000000000071e+01,2.653878289109195165e+01,7.990573878289350250e+04,6.709993781390733991e-01,6.263524565273131950e-02,6.263524565273131950e-02
1.230750000000000099e+01,2.686331419237389895e+01,7.995586331419479393e+04,6.712635137021615295e-01,6.263606910634333946e-02,6.263606910634335334e-02
1.231500000000000128e+01,2.718786446119058198e+01,8.000598786446360464e+04,6.713218026136038574e-01,6.263640868191550082e-02,6.263640868191551470e-02
1.232250000000000156e+01,2.751251526166280925e+01,8.005611251526408887e+04,6.711767039948665081e-01,6.263590084681688874e-02,6.263590084681688874e-02
1.233000000000000185e+01,2.783722398187012459e+01,8.010623722398429527e+04,6.709658085129370786e-01,6.263511958884458719e-02,6.263511958884458719e-02
1.233750000000000036e+01,2.816177037409739725e+01,8.015636177037651942e+04,6.712435365598240500e-01,6.263576635643465507e-02,6.263576635643466894e-02
1.234500000000000064e+01,2.848630824738062017e+01,8.020648630824980501e+04,6.713152927381681456e-01,6.263620258844543320e-02,6.263620258844546096e-02
1.235250000000000092e+01,2.881095087048273840e+01,8.025661095087291324e+04,6.711835339900362740e-01,6.263571963142056109e-02,6.263571963142056109e-02
1.236000000000000121e+01,2.913565251160639846e+01,8.030673565251404943e+04,6.709328129902158988e-01,6.263497572984351447e-02,6.263497572984351447e-02
1.236750000000000149e+01,2.946021510760069262e+01,8.035686021511003491e+04,6.712242185356678270e-01,6.263544009307749072e-02,6.263544009307749072e-02
1.237500000000000178e+01,2.978474055519776442e+01,8.040698474055764382e+04,6.713095191921301108e-01,6.263598164054084982e-02,6.263598164054084982e-02
1.238250000000000028e+01,3.010937534558537720e+01,8.045710937534802360e+04,6.711911698052803743e-01,6.263552677858361117e-02,6.263552677858361117e-02
1.239000000000000057e+01,3.043407061546386316e+01,8.050723407061790931e+04,6.709003773760581213e-01,6.263481434645104540e-02,6.263481434645103152e-02
1.239750000000000085e+01,3.075865042471329502e+01,8.055735865042716614e+04,6.712055284375085806e-01,6.263509139451774177e-02,6.263509139451772789e-02
1.240500000000000114e+01,3.108316337975504595e+01,8.060748316338220320e+04,6.713044341347597088e-01,6.263574775735059053e-02,6.263574775735059053e-02
1.241250000000000142e+01,3.140779060547021118e+01,8.065760779060792993e+04,6.711995472937481999e-01,6.263532608311163374e-02,6.263532608311163374e-02
1.242000000000000171e+01,3.173248035640617104e+01,8.070773248035887082e+04,6.708932782531510375e-01,6.263463608565586482e-02,6.263463608565586482e-02
1.242750000000000021e+01,3.205707830813350512e+01,8.075785707831059699e+04,6.711874347985804512e-01,6.263472149886167850e-02,6.263472149886169238e-02
1.243500000000000050e+01,3.238157872020731531e+01,8.080798157872266893e+04,6.712999898592432180e-01,6.263550193510232511e-02,6.263550193510232511e-02
1.244250000000000078e+01,3.270619864212778083e+01,8.085810619864460023e+04,6.712086028634249857e-01,6.263511848844253993e-02,6.263511848844252605e-02
1.245000000000000107e+01,3.303088372418974217e+01,8.090823088372666098e+04,6.709156860774679876e-01,6.263444191723237242e-02,6.263444191723237242e-02
1.245750000000000135e+01,3.335550067556644649e+01,8.095835550067803706e+04,6.711699060514961790e-01,6.263433202933037236e-02,6.263433202933035848e-02
1.246500000000000163e+01,3.367998856859555445e+01,8.100847998857106722e+04,6.712961390030599551e-01,6.263524432985896617e-02,6.263524432985896617e-02
1.247250000000000014e+01,3.400460148487205458e+01,8.105860460148735729e+04,6.712182737222867068e-01,6.263490283090235311e-02,6.263490283090233923e-02
1.248000000000000043e+01,3.432928263205094765e+01,8.110872928263453650e+04,6.709387244746716217e-01,6.263423309711800557e-02,6.263423309711801945e-02
1.248750000000000071e+01,3.465391934747058400e+01,8.115885391934996005e+04,6.711529106803186817e-01,6.263392556708187453e-02,6.263392556708188841e-02
1.249500000000000099e+01,3.497839488307009503e+01,8.120897839488556201e+04,6.712928347334985446e-01,6.263497469306449073e-02,6.263497469306447685e-02
1.250250000000000128e+01,3.530300110533124780e+01,8.125910300110782555e+04,6.712284980956140235e-01,6.263467800491140380e-02,6.263467800491141768e-02
1.251000000000000156e+01,3.562767891084125438e+01,8.130922767891333206e+04,6.709623170930270053e-01,6.263401115389448381e-02,6.263401115389448381e-02
1.251750000000000185e+01,3.595233599604839014e+01,8.135935233599854109e+04,6.711364173512096576e-01,6.263350654034459397e-02,6.263350654034458009e-02
1.252500000000000036e+01,3.627679956443215303e+01,8.140947679956693901e+04,6.712900309087826978e-01,6.263469275627717159e-02,6.263469275627717159e-02
1.253250000000000064e+01,3.660139939165931366e+01,8.145960139939415967e+04,6.712392154159784186e-01,6.263444349280719581e-02,6.263444349280719581e-02
1.254000000000000092e+01,3.692607430130565405e+01,8.150972607430380594e+04,6.709863893123464429e-01,6.263377790073745843e-02,6.263377790073745843e-02
1.254750000000000121e+01,3.725075212568747673e+01,8.155985075212820084e+04,6.711203950223160186e-01,6.263308105548379134e-02,6.263308105548377747e-02
1.255500000000000149e+01,3.757520444263575143e+01,8.160997520444514521e+04,6.712876822154941747e-01,6.263439842052638540e-02,6.263439842052638540e-02
1.256250000000000178e+01,3.789979815096973681e+01,8.166009979815348925e+04,6.712503664866114050e-01,6.263419921657749356e-02,6.263419921657747969e-02
1.257000000000000028e+01,3.822447045032506452e+01,8.171022447045284207e+04,6.710108684317248606e-01,6.263353542315826250e-02,6.263353542315826250e-02
1.257750000000000057e+01,3.854916911372222899e+01,8.176034916911624896e+04,6.711048130337748940e-01,6.263265467329820479e-02,6.263265467329820479e-02
1.258500000000000085e+01,3.887361127057122445e+01,8.181047361127308977e+04,6.712857442832111943e-01,6.263409180498767659e-02,6.263409180498769047e-02
1.259250000000000114e+01,3.919819911132154999e+01,8.186059819911385421e+04,6.712618936191210306e-01,6.263394538647663878e-02,6.263394538647662491e-02
1.260000000000000142e+01,3.952286892320177003e+01,8.191072286892573175e+04,6.710356838287945269e-01,6.263328592158112773e-02,6.263328592158114161e-02
1.260750000000000171e+01,3.984758530593250470e+01,8.196084758530846739e+04,6.710896411788712657e-01,6.263225784225047443e-02,6.263225784225048831e-02
1.261500000000000021e+01,4.017202172141008276e+01,8.201097202172395191e+04,6.712841737774482009e-01,6.263377323228626337e-02,6.263377323228627724e-02
1.262250000000000050e+01,4.049660391958746430e+01,8.206109660392212390e+04,6.712737407467083139e-01,6.263368243926165091e-02,6.263368243926165091e-02
1.263000000000000078e+01,4.082127123665321022e+01,8.211122127123919199e+04,6.710607670917048129e-01,6.263303135678226219e-02,6.263303135678227607e-02
1.263750000000000107e+01,4.114599026213555533e+01,8.216134599026468641e+04,6.710748497575357296e-01,6.263199924952861375e-02,6.263199924952861375e-02
1.264500000000000135e+01,4.147043738735909102e+01,8.221147043738990033e+04,6.712829284721409939e-01,6.263344319461724985e-02,6.263344319461723597e-02
1.265250000000000163e+01,4.179501413713352065e+01,8.226159501413968974e+04,6.712858535141825733e-01,6.263341103414274413e-02,6.263341103414273026e-02
1.266000000000000192e+01,4.211967889091447859e+01,8.231171967889346706e+04,6.710860521252151045e-01,6.263277311680993942e-02,6.263277311680992554e-02
1.266750000000000043e+01,4.244439821029747861e+01,8.236184439821285196e+04,6.710604096134727969e-01,6.263176345949736379e-02,6.263176345949737767e-02
1.267500000000000071e+01,4.276885977891172530e+01,8.241196885978146747e+04,6.712819673030535617e-01,6.263310231880057921e-02,6.263310231880057921e-02
1.268250000000000099e+01,4.309343123554298671e+01,8.246209343123809958e+04,6.712981793462410307e-01,6.263313207124769633e-02,6.263313207124769633e-02
1.269000000000000128e+01,4.341809337079586584e+01,8.251221809337336163e+04,6.711114752324325305e-01,6.263251201396752288e-02,6.263251201396750900e-02
1.269750000000000156e+01,4.374281172188423739e+01,8.256234281172444753e+04,6.710462921563281613e-01,6.263154011985905267e-02,6.263154011985905267e-02
1.270500000000000185e+01,4.406729032428829385e+01,8.261246729032685107e+04,6.712812504035754468e-01,6.263275133590753829e-02,6.263275133590752441e-02
1.271250000000000036e+01,4.439185659395806027e+01,8.266259185659652576e+04,6.713106674955584552e-01,6.263284671262792092e-02,6.263284671262792092e-02
1.272000000000000064e+01,4.471651611679204308e+01,8.271271651611936977e+04,6.711369751738472944e-01,6.263224859256312504e-02,6.263224859256313892e-02
1.272750000000000092e+01,4.504123294516923437e+01,8.276284123294774326e+04,6.710324693703499932e-01,6.263132231833680452e-02,6.263132231833679064e-02
1.273500000000000121e+01,4.536573036899167732e+01,8.281296573037157941e+04,6.712807391244685062e-01,6.263239105634432757e-02,6.263239105634432757e-02
1.274250000000000149e+01,4.569029149839529680e+01,8.286309029150097922e+04,6.713232690723375251e-01,6.263255640599500740e-02,6.263255640599500740e-02
1.275000000000000178e+01,4.601494849241920804e+01,8.291321494849500596e+04,6.711624932053970038e-01,6.263198346449729004e-02,6.263198346449726228e-02
1.275750000000000028e+01,4.633966367118708263e+01,8.296333966367377434e+04,6.710189138110356222e-01,6.263110592210441308e-02,6.263110592210441308e-02
1.276500000000000057e+01,4.666418219510192955e+01,8.301346418219769839e+04,6.712803960391421354e-01,6.263200372852943676e-02,6.263200372852945064e-02
1.277250000000000085e+01,4.698873714197632268e+01,8.306358873714457150e+04,6.713359370570026741e-01,6.263226292468412892e-02,6.263226292468412892e-02
1.278000000000000114e+01,4.731339176422118697e+01,8.311371339176682523e+04,6.711879730973502323e-01,6.263171751214438587e-02,6.263171751214437200e-02
1.278750000000000142e+01,4.763810542486112354e+01,8.316383810542746505e+04,6.710055985913199184e-01,6.263088866917347619e-02,6.263088866917346231e-02
1.279500000000000171e+01,4.796264596318685136e+01,8.321396264596578840e+04,6.712801849360990891e-01,6.263160888781753310e-02,6.263160888781756086e-02
1.280250000000000021e+01,4.828719462613315017e+01,8.326408719462873705e+04,6.713486262977672592e-01,6.263196839240454949e-02,6.263196839240454949e-02
1.281000000000000050e+01,4.861184708776332997e+01,8.331421184709038062e+04,6.712133611358424012e-01,6.263145212919452032e-02,6.263145212919450644e-02
1.281750000000000078e+01,4.893655953301139760e+01,8.336433655953562993e+04,6.709924973588020647e-01,6.263066949006698692e-02,6.263066949006697304e-02
1.282500000000000107e+01,4.926112271612594640e+01,8.341446112271874154e+04,6.712800708001722683e-01,6.263120844735452220e-02,6.263120844735449444e-02
1.283250000000000135e+01,4.958566496917849520e+01,8.346458566497180436e+04,6.713612934948068878e-01,6.263167512023024019e-02,6.263167512023026795e-02
1.284000000000000163e+01,1.103154794750333123e-01,8.346491031548209139e+04,6.712386061088975175e-01,6.263118989817437199e-02,6.263118989817437199e-02
1.284750000000000192e+01,4.350271660188548828e-01,8.351503502716864750e+04,6.709795842655434939e-01,6.263044809008594394e-02,6.263044809008594394e-02
1.285500000000000043e+01,7.596134679229988862e-01,8.356515961347054690e+04,6.712800197841692906e-01,6.263080335298000512e-02,6.263080335298000512e-02
1.286250000000000071e+01,1.084149129978069670e+00,8.361528414913261076e+04,6.713738971727583049e-01,6.263138507477633565e-02,6.263138507477633565e-02
1.287000000000000099e+01,1.408797814896475264e+00,8.366540879781753756e+04,6.712636592787628587e-01,6.263093467064760611e-02,6.263093467064759223e-02
1.287750000000000128e+01,1.733509362300807100e+00,8.371553350936493371e+04,6.709668339319050379e-01,6.263022470030341071e-02,6.263022470030341071e-02
1.288500000000000156e+01,2.058119147078382838e+00,8.376565811914972437e+04,6.712799991725045823e-01,6.263039462310632244e-02,6.263039462310630856e-02
1.289250000000000185e+01,2.382648033932604825e+00,8.381578264803657657e+04,6.713863976432262737e-01,6.263109926775926872e-02,6.263109926775928260e-02
1.290000000000000036e+01,2.707294961005394907e+00,8.386590729496364656e+04,6.712884743423492839e-01,6.263068845747710167e-02,6.263068845747708779e-02
1.290750000000000064e+01,3.032007043006231584e+00,8.391603200704565097e+04,6.709886350369383967e-01,6.262999992179607567e-02,6.262999992179607567e-02
1.291500000000000092e+01,3.356640591129160800e+00,8.396615664059377741e+04,6.712799773383535396e-01,6.262998347216673645e-02,6.262998347216673645e-02
1.292250000000000121e+01,3.681162574205634197e+00,8.401628116257686634e+04,6.713987569589369153e-01,6.263081767829260793e-02,6.263081767829260793e-02
1.293000000000000149e+01,4.005807836267816668e+00,8.406640580783892074e+04,6.713130073815115617e-01,6.263045002824416119e-02,6.263045002824416119e-02
1.293750000000000178e+01,4.330521021085501410e+00,8.411653052102374204e+04,6.710251399888428336e-01,6.262977462096765147e-02,6.262977462096765147e-02
1.294500000000000028e+01,4.655178531580501655e+00,8.416665517853424535e+04,6.712799236957937010e-01,6.262957164333571303e-02,6.262957164333572690e-02
1.295250000000000057e+01,4.979693588865974796e+00,8.421677969359152485e+04,6.714109388611179119e-01,6.263053971344380300e-02,6.263053971344380300e-02
1.296000000000000085e+01,5.304337303726024189e+00,8.426690433730639052e+04,6.713372168048681310e-01,6.263021748847562298e-02,6.263021748847562298e-02
1.296750000000000114e+01,5.629052006510181450e+00,8.431702905200918030e+04,6.710611744452252836e-01,6.262954986123493717e-02,6.262954986123492329e-02
1.297500000000000142e+01,5.953733563669731943e+00,8.436715373356634518e+04,6.712798086483326987e-01,6.262916204333839054e-02,6.262916204333840442e-02
1.298250000000000171e+01,6.278241837716497464e+00,8.441727824184039491e+04,6.714229087215942693e-01,6.263026469889294845e-02,6.263026469889294845e-02
1.299000000000000021e+01,6.602884117485284143e+00,8.446740288412016525e+04,6.713610632827363700e-01,6.262998959668311660e-02,6.262998959668311660e-02
1.299750000000000050e+01,6.927600608558241113e+00,8.451752760061123990e+04,6.710966946993986992e-01,6.262932686901880042e-02,6.262932686901881429e-02
1.300500000000000078e+01,7.252306121642576819e+00,8.456765230612433515e+04,6.712796035351245028e-01,6.262875911496293413e-02,6.262875911496294801e-02
1.301250000000000107e+01,7.576807990979955498e+00,8.461777680799366499e+04,6.714346334810192829e-01,6.262999213285565248e-02,6.262999213285565248e-02
1.302000000000000135e+01,7.901448926594765609e+00,8.466790144892928947e+04,6.713845096767127041e-01,6.262976571086371902e-02,6.262976571086371902e-02
1.302750000000000163e+01,8.226167337624740838e+00,8.471802616734031471e+04,6.711316598480355777e-01,6.262910701648503886e-02,6.262910701648503886e-02
1.303500000000000192e+01,8.550896513712091362e+00,8.476815089651641028e+04,6.712792805760993131e-01,6.262836753977892024e-02,6.262836753977892024e-02
1.304250000000000043e+01,8.875392627463124740e+00,8.481827539263016661e+04,6.714460815845417763e-01,6.262972174878884968e-02,6.262972174878884968e-02
1.305000000000000071e+01,9.200032285760741502e+00,8.486840003228846763e+04,6.714075209653002085e-01,6.262954555995169093e-02,6.262954555995170480e-02
1.305750000000000099e+01,9.524752612348709846e+00,8.491852475261504878e+04,6.711660317061273195e-01,6.262889176425702475e-02,6.262889176425701088e-02
1.306500000000000128e+01,9.849504959298357676e+00,8.496864950496201345e+04,6.712788128171153224e-01,6.262799053520168302e-02,6.262799053520168302e-02
1.307250000000000156e+01,1.017399623710420897e+01,8.501877399623981910e+04,6.714572229161396288e-01,6.262945349228674075e-02,6.262945349228674075e-02
1.308000000000000185e+01,1.049863466174586435e+01,8.506889863466446695e+04,6.714300641668873304e-01,6.262932910853466484e-02,6.262932910853465096e-02
1.308750000000000036e+01,1.082335677779268401e+01,8.511902335678051168e+04,6.711997747180754592e-01,6.262868250144461302e-02,6.262868250144462690e-02
1.309500000000000064e+01,1.114812688502587257e+01,8.516914812688775419e+04,6.712781740761395444e-01,6.262767277010469757e-02,6.262767277010469757e-02
1.310250000000000092e+01,1.147261922487261643e+01,8.521927261922760226e+04,6.714680287327083885e-01,6.262918747459048086e-02,6.262918747459046698e-02
1.311000000000000121e+01,1.179725643653645761e+01,8.526939725643926067e+04,6.714521082612873171e-01,6.262911649745578346e-02,6.262911649745578346e-02
1.311750000000000149e+01,1.212198013081401804e+01,8.531952198013354791e+04,6.712328558661802003e-01,6.262848031714117469e-02,6.262848031714117469e-02
1.312500000000000178e+01,1.244675615135761326e+01,8.536964675615409215e+04,6.712773388913749750e-01,6.262747228517726028e-02,6.262747228517726028e-02
1.313250000000000028e+01,1.277126191479763762e+01,8.541977126191752905e+04,6.714784715989056130e-01,6.262892392730572133e-02,6.262892392730572133e-02
1.314000000000000057e+01,1.309589790928538378e+01,8.546989589791202161e+04,6.714736241108967274e-01,6.262890802147709490e-02,6.262890802147708103e-02
1.314750000000000085e+01,1.342062293702970699e+01,8.552002062293977360e+04,6.712652445777104182e-01,6.262828586107066497e-02,6.262828586107067885e-02
1.315500000000000114e+01,1.374540281403388420e+01,8.557014540281677910e+04,6.712762824721165700e-01,6.262729983541909240e-02,6.262729983541907852e-02
1.316250000000000142e+01,1.406992455376435913e+01,8.562026992455651634e+04,6.714885253236261287e-01,6.262866316508323983e-02,6.262866316508323983e-02
1.317000000000000171e+01,1.439455929833387771e+01,8.567039455930108670e+04,6.714945843824582372e-01,6.262870412009970134e-02,6.262870412009971521e-02
1.317750000000000021e+01,1.471928542825299324e+01,8.572051928543100075e+04,6.712969126315716517e-01,6.262809940635558070e-02,6.262809940635556682e-02
1.318500000000000050e+01,1.504406791774914254e+01,8.577064406792051159e+04,6.712749806530157182e-01,6.262714734850184650e-02,6.262714734850184650e-02
1.319250000000000078e+01,1.536860731503297295e+01,8.582076860731779016e+04,6.714981648988768148e-01,6.262840555659934805e-02,6.262840555659936193e-02
1.320000000000000107e+01,1.569324074392148205e+01,8.587089324074667820e+04,6.715149634702533010e-01,6.262850537121864014e-02,6.262850537121862626e-02
1.320750000000000135e+01,1.601796778657983467e+01,8.592101796778934659e+04,6.713278340655250975e-01,6.262792104693831741e-02,6.262792104693831741e-02
1.321500000000000163e+01,1.634275218170836652e+01,8.597114275218447438e+04,6.712734098523392978e-01,6.262700929772910263e-02,6.262700929772908875e-02
1.322250000000000192e+01,1.666731030152947923e+01,8.602126731030430528e+04,6.715073664417045007e-01,6.262815150243272733e-02,6.262815150243272733e-02
1.323000000000000043e+01,1.699194231158158885e+01,8.607139194231435249e+04,6.715347374214696297e-01,6.262831248725179989e-02,6.262831248725181377e-02
1.323750000000000071e+01,1.731667012881221623e+01,8.612151667013159022e+04,6.713579850847387620e-01,6.262775088397450063e-02,6.262775088397450063e-02
1.324500000000000099e+01,1.764145605609873257e+01,8.617164145605887461e+04,6.712715470346752866e-01,6.262688216293275933e-02,6.262688216293277321e-02
1.325250000000000128e+01,1.796603354896763705e+01,8.622176603355174302e+04,6.715161071397109938e-01,6.262790141830315571e-02,6.262790141830315571e-02
1.326000000000000156e+01,1.829066399576761270e+01,8.627189066399855074e+04,6.715538838643436703e-01,6.262812631788226836e-02,6.262812631788226836e-02
1.326750000000000185e+01,1.861539249838722299e+01,8.632201539250116912e+04,6.713873439723572201e-01,6.262758912974694669e-02,6.262758912974694669e-02
1.327500000000000036e+01,1.894017978825787907e+01,8.637214017979105120e+04,6.712693696784605146e-01,6.262676379726841991e-02,6.262676379726840603e-02
1.328250000000000064e+01,1.926477702884803378e+01,8.642226477703163982e+04,6.715243652005949970e-01,6.262765572250034163e-02,6.262765572250034163e-02
1.329000000000000092e+01,1.958940572350510223e+01,8.647238940572629508e+04,6.715723819395902350e-01,6.262794785313939572e-02,6.262794785313942347e-02
1.329750000000000121e+01,1.991413486299035185e+01,8.652251413486579258e+04,6.714158910026724048e-01,6.262743617214575065e-02,6.262743617214575065e-02
1.330500000000000149e+01,2.023892347429605820e+01,8.657263892347710498e+04,6.712668557485675924e-01,6.262665293921138021e-02,6.262665293921136633e-02
1.331250000000000178e+01,2.056354146779750280e+01,8.662276354147060192e+04,6.715321198060419938e-01,6.262739991591471933e-02,6.262739991591470545e-02
1.332000000000000028e+01,2.088816735937576397e+01,8.667288816736217996e+04,6.715902122355034143e-01,6.262777818728150481e-02,6.262777818728149093e-02
1.332750000000000057e+01,2.121289711051276683e+01,8.672301289711332356e+04,6.714436083573311898e-01,6.262729273507533501e-02,6.262729273507533501e-02
1.333500000000000085e+01,2.153768709353868971e+01,8.677313768709635769e+04,6.712639836741387533e-01,6.262654889443228234e-02,6.262654889443228234e-02
1.334250000000000114e+01,2.186232588152541467e+01,8.682326232588433777e+04,6.715393510702033497e-01,6.262714967717027126e-02,6.262714967717027126e-02
1.335000000000000142e+01,2.218694871457286055e+01,8.687338694871739426e+04,6.716073567270323119e-01,6.262761837834050771e-02,6.262761837834052159e-02
1.335750000000000171e+01,2.251167903933345471e+01,8.692351167904215981e+04,6.714704800449502464e-01,6.262716019438877013e-02,6.262716019438877013e-02
1.336500000000000021e+01,2.283647053082517431e+01,8.697363647053364548e+04,6.712607323317192343e-01,6.262645133754952964e-02,6.262645133754952964e-02
1.337250000000000050e+01,2.316113004757851002e+01,8.702376113005040679e+04,6.715460400028701038e-01,6.262690572580778547e-02,6.262690572580777160e-02
1.338000000000000078e+01,2.348574956017413129e+01,8.707388574956300727e+04,6.716237987190031289e-01,6.262746920211979818e-02,6.262746920211979818e-02
1.338750000000000107e+01,2.381048036877185226e+01,8.712401048037160945e+04,6.714964918243681025e-01,6.262704041585731574e-02,6.262704041585731574e-02
1.339500000000000135e+01,2.413527359135411388e+01,8.717413527359419095e+04,6.712570810336719873e-01,6.262636018711724428e-02,6.262636018711724428e-02
1.340250000000000163e+01,2.445995370983137107e+01,8.722425995371266617e+04,6.715521684774193867e-01,6.262666841326292033e-02,6.262666841326292033e-02
1.341000000000000192e+01,2.478456963828788062e+01,8.727438456964112993e+04,6.716395227936189372e-01,6.262733094502885567e-02,6.262733094502885567e-02
1.341750000000000043e+01,2.510930080147622334e+01,8.732450930080431863e+04,6.715216311317188103e-01,6.262693435328506308e-02,6.262693435328507696e-02
1.342500000000000071e+01,2.543409601111774165e+01,8.737463409601396415e+04,6.712530095217958959e-01,6.262627552340671588e-02,6.262627552340671588e-02
1.343250000000000099e+01,2.575879655934513224e+01,8.742475879656219331e+04,6.715577192034662968e-01,6.262643812717558212e-02,6.262643812717558212e-02
1.344000000000000128e+01,2.608340866392738278e+01,8.747488340866677754e+04,6.716545147622210443e-01,6.262720339811991832e-02,6.262720339811990444e-02
1.344750000000000156e+01,2.640814005812362097e+01,8.752500814006097789e+04,6.715458870113701906e-01,6.262684129803333666e-02,6.262684129803333666e-02
1.345500000000000185e+01,2.673293746467658849e+01,8.757513293746754061e+04,6.712484979659536499e-01,6.262619753160071634e-02,6.262619753160071634e-02
1.346250000000000036e+01,2.705765823354533239e+01,8.762525765823641268e+04,6.715626757041263106e-01,6.262621536852024107e-02,6.262621536852024107e-02
1.347000000000000064e+01,2.738226631879077999e+01,8.767538226632165606e+04,6.716687616212834167e-01,6.262708603199983182e-02,6.262708603199984569e-02
1.347750000000000092e+01,2.770699783895886625e+01,8.772550699784183234e+04,6.715692500507358664e-01,6.262675986683817475e-02,6.262675986683818863e-02
1.348500000000000121e+01,2.803179757119447402e+01,8.777563179757406760e+04,6.712665964373686345e-01,6.262612646184990972e-02,6.262612646184990972e-02
1.349250000000000149e+01,2.835653831224381705e+01,8.782575653831512318e+04,6.715670222976892756e-01,6.262600089624485722e-02,6.262600089624487110e-02
1.350000000000000178e+01,2.868114224392789424e+01,8.787588114224681340e+04,6.716822515124835080e-01,6.262697820306226126e-02,6.262697820306224739e-02
