t,A,Iuv
7.500000000000000590e-03,8.555325392006942753e-01,5.922753948083601949e-02
1.500000000000000118e-02,8.551644850472294168e-01,5.924865710194618384e-02
2.250000000000000264e-02,8.557389489874467348e-01,5.925761254224668623e-02
3.000000000000000236e-02,8.556591250404387283e-01,5.924085421957085706e-02
3.750000000000000555e-02,8.549919721756500390e-01,5.924760495614843359e-02
4.500000000000000527e-02,8.556572897137165734e-01,5.926273452382345430e-02
5.250000000000000500e-02,8.557393592914482872e-01,5.925288274591340720e-02
6.000000000000000472e-02,8.552183456619699697e-01,5.924498098481883329e-02
6.750000000000000444e-02,8.555239506569678465e-01,5.926582611832589831e-02
7.500000000000001110e-02,8.557752113310003184e-01,5.926263540418486020e-02
8.250000000000000389e-02,8.554067459809611140e-01,5.924047998121430292e-02
9.000000000000001055e-02,8.553422373086606578e-01,5.926668056217614805e-02
9.750000000000000333e-02,8.557688541663049930e-01,5.926990168094610489e-02
1.050000000000000100e-01,8.555580932943699368e-01,5.924709364904862108e-02
1.125000000000000028e-01,8.551119944943049722e-01,5.926536377944167933e-02
1.200000000000000094e-01,8.557192805314570716e-01,5.927477621538732727e-02
1.275000000000000022e-01,8.556708397217746009e-01,5.925849839422091953e-02
1.350000000000000089e-01,8.550335970762737992e-01,5.926209717563706014e-02
1.425000000000000155e-01,8.556245744059985947e-01,5.927750184575625997e-02
1.500000000000000222e-01,8.557430799093216356e-01,5.926809862986520683e-02
1.575000000000000011e-01,8.552557420091299045e-01,5.925717799106562655e-02
1.650000000000000078e-01,8.554829441861604433e-01,5.927838304906161287e-02
1.725000000000000144e-01,8.557731739900759083e-01,5.927580490270883268e-02
1.800000000000000211e-01,8.554400324821449519e-01,5.925117624161995583e-02
1.875000000000000278e-01,8.552928039467717625e-01,5.927769256629169398e-02
1.950000000000000067e-01,8.557596950920841605e-01,5.928177271459048742e-02
2.025000000000000133e-01,8.555851938665643974e-01,5.925989690763173307e-02
2.100000000000000200e-01,8.550526643385361059e-01,5.927559856728169263e-02
2.175000000000000266e-01,8.557013029287995343e-01,5.928610156018419841e-02
2.250000000000000056e-01,8.556900254521004889e-01,5.927114638568690280e-02
2.325000000000000122e-01,8.550861604327897325e-01,5.927216717222694858e-02
2.400000000000000189e-01,8.555966709758833222e-01,5.928881748232644328e-02
2.475000000000000255e-01,8.557533352622807010e-01,5.928091285880601052e-02
2.550000000000000044e-01,8.553002622919677611e-01,5.926741580780497953e-02
2.625000000000000111e-01,8.554444548654193126e-01,5.928992140162891306e-02
2.700000000000000178e-01,8.557739129360972807e-01,5.928889044315446138e-02
2.775000000000000244e-01,8.554759973922544392e-01,5.926345892990233372e-02
2.850000000000000311e-01,8.552432800331764007e-01,5.928942669948025074e-02
2.925000000000000377e-01,8.557505192366791080e-01,5.929501611260799138e-02
3.000000000000000444e-01,8.556122524358087400e-01,5.927469189127791693e-02
3.075000000000000511e-01,8.549917369411300649e-01,5.928736991269751427e-02
3.150000000000000022e-01,8.556818819222861139e-01,5.929930270716552571e-02
3.225000000000000089e-01,8.557078833162775622e-01,5.928595936614871470e-02
3.300000000000000155e-01,8.551374898351913334e-01,5.928380632186171229e-02
3.375000000000000222e-01,8.555666939065985632e-01,5.930179797663492902e-02
3.450000000000000289e-01,8.557617134620041366e-01,5.929545460451934868e-02
3.525000000000000355e-01,8.553430801341067591e-01,5.927880252600607053e-02
3.600000000000000422e-01,8.554036122237581585e-01,5.930256628388080181e-02
3.675000000000000488e-01,8.557725328308830592e-01,5.930302833594375267e-02
3.750000000000000555e-01,8.555100537000586147e-01,5.927809199752855779e-02
3.825000000000000067e-01,8.551912572807209845e-01,5.930167941322862790e-02
3.900000000000000133e-01,8.557390971334708496e-01,5.930869272646079743e-02
3.975000000000000200e-01,8.556372922628471267e-01,5.928988322256421861e-02
4.050000000000000266e-01,8.549521465676589438e-01,5.929921217481524953e-02
4.125000000000000333e-01,8.556601271411181653e-01,5.931250154686341924e-02
4.200000000000000400e-01,8.557236451274031763e-01,5.930071387556842127e-02
4.275000000000000466e-01,8.551869369136381183e-01,5.929524049846045253e-02
4.350000000000000533e-01,8.555343080322483917e-01,5.931452286503826471e-02
4.425000000000000600e-01,8.557679284855388424e-01,5.930969945775012991e-02
4.500000000000000111e-01,8.553839558240616814e-01,5.928984156291154661e-02
4.575000000000000178e-01,8.553602887629419005e-01,5.931483018619310155e-02
4.650000000000000244e-01,8.557689247411282008e-01,5.931675768988608349e-02
4.725000000000000311e-01,8.555421097443979273e-01,5.929290097911492363e-02
4.800000000000000377e-01,8.551366814591955245e-01,5.931349906551487000e-02
4.875000000000000444e-01,8.557253818463618211e-01,5.932191700489953395e-02
4.950000000000000511e-01,8.556602732088426366e-01,5.930464381450359368e-02
5.025000000000000577e-01,8.550080753941790013e-01,5.931060574263388729e-02
5.100000000000000089e-01,8.556360126499366059e-01,5.932523658326047805e-02
5.175000000000000711e-01,8.557372881584174307e-01,5.931499977340342483e-02
5.250000000000000222e-01,8.552344818574982854e-01,5.930622664358682627e-02
5.325000000000000844e-01,8.554994942592207829e-01,5.932678648156985285e-02
5.400000000000000355e-01,8.557719632642257768e-01,5.932347320882108005e-02
5.475000000000000977e-01,8.554228741650983237e-01,5.930047857578170378e-02
5.550000000000000488e-01,8.553144674190552577e-01,5.932664092663655908e-02
5.625000000000000000e-01,8.557630732578990207e-01,5.933002254876110909e-02
5.700000000000000622e-01,8.555721516625037770e-01,5.930748473572432927e-02
5.775000000000000133e-01,8.550795359100761273e-01,5.932487569445361181e-02
5.850000000000000755e-01,8.557093582713153346e-01,5.933468637433042536e-02
5.925000000000000266e-01,8.556811816299593199e-01,5.931896516250707158e-02
6.000000000000000888e-01,8.550621435530075809e-01,5.932156705379239281e-02
6.075000000000000400e-01,8.556095231880689322e-01,5.933752726353400120e-02
6.150000000000001021e-01,8.557487986018142978e-01,5.932883664070342372e-02
6.225000000000000533e-01,8.552801122131451494e-01,5.931679140700207159e-02
6.300000000000000044e-01,8.554622370092875849e-01,5.933861653327549696e-02
6.375000000000000666e-01,8.557738036913566937e-01,5.933680367613344137e-02
6.450000000000000178e-01,8.554598224252081273e-01,5.931154744876068058e-02
6.525000000000000799e-01,8.552661322366117425e-01,5.933802886067889026e-02
6.600000000000000311e-01,8.557549639231988303e-01,5.934285317503710383e-02
6.675000000000000933e-01,8.556001663989000194e-01,5.932175039228410052e-02
6.750000000000000444e-01,8.550198042754353356e-01,5.933584014361881209e-02
6.825000000000001066e-01,8.556910115754740032e-01,5.934703149510080905e-02
6.900000000000000577e-01,8.557000041254275713e-01,5.933286996490060028e-02
6.975000000000000089e-01,8.551143389741008294e-01,5.933212664952595278e-02
7.050000000000000711e-01,8.555806435343354943e-01,5.934940391602271104e-02
7.125000000000000222e-01,8.557581626979701150e-01,5.934225292554357045e-02
7.200000000000000844e-01,8.553238155820112043e-01,5.932696475805814690e-02
7.275000000000000355e-01,8.554225206633759848e-01,5.935004276452558042e-02
7.350000000000000977e-01,8.557734356380135576e-01,5.934971986091535506e-02
7.425000000000000488e-01,8.554947878663569094e-01,5.932434696277072428e-02
7.500000000000001110e-01,8.552152671908804793e-01,5.934902307003726840e-02
7.575000000000000622e-01,8.557445822297458093e-01,5.935527824434387589e-02
7.650000000000000133e-01,8.556261408661761658e-01,5.933567333645897723e-02
7.725000000000000755e-01,8.549574701180002734e-01,5.934642081617971104e-02
7.800000000000000266e-01,8.556703268647533056e-01,5.935898048837540825e-02
7.875000000000000888e-01,8.557167272489853982e-01,5.934638088174922638e-02
7.950000000000000400e-01,8.551646495553577587e-01,5.934231226155908118e-02
8.025000000000001021e-01,8.555493583995735785e-01,5.936089403957323096e-02
8.100000000000000533e-01,8.557653666323733477e-01,5.935527464312922996e-02
8.175000000000001155e-01,8.553655795218569891e-01,5.933677389732554264e-02
8.250000000000000666e-01,8.553803295288002762e-01,5.936109203580436366e-02
8.325000000000000178e-01,8.557708449119145744e-01,5.936224800121696343e-02
8.400000000000000799e-01,8.555277576961427544e-01,5.933776179845868387e-02
8.475000000000000311e-01,8.551618561766778370e-01,5.935964978033546335e-02
8.550000000000000933e-01,8.557319135976385605e-01,5.936732363239311666e-02
8.625000000000000444e-01,8.556500619116607087e-01,5.934925217686515264e-02
8.700000000000001066e-01,8.549828312877357783e-01,5.935664331454230253e-02
8.775000000000000577e-01,8.556472891613609022e-01,5.937055870932158447e-02
8.850000000000001199e-01,8.557313374775263881e-01,5.935951942079865928e-02
8.925000000000000711e-01,8.552130631250897119e-01,5.935214888426922075e-02
9.000000000000000222e-01,8.555156523974716265e-01,5.937202242127272156e-02
9.075000000000000844e-01,8.557703965013274683e-01,5.936792541439263327e-02
9.150000000000000355e-01,8.554053915104026240e-01,5.934624981393033655e-02
9.225000000000000977e-01,8.553356477999224383e-01,5.937178855529567228e-02
9.300000000000000488e-01,8.557660172187727676e-01,5.937441178826086130e-02
9.375000000000001110e-01,8.555587190328683977e-01,5.935116588084832223e-02
9.450000000000000622e-01,8.551058829584491372e-01,5.936993262421812884e-02
9.525000000000001243e-01,8.557169433323628116e-01,5.937901267078549844e-02
9.600000000000000755e-01,8.556719162858322791e-01,5.936249460344898699e-02
9.675000000000000266e-01,8.550377489076529391e-01,5.936653070527584536e-02
9.750000000000000888e-01,8.556218833615323316e-01,5.938178900594805187e-02
9.825000000000000400e-01,8.557438211856865928e-01,5.937230562945163687e-02
9.900000000000001021e-01,8.552595674342153842e-01,5.936165903057292331e-02
9.975000000000000533e-01,8.554795100068243174e-01,5.938281138664974063e-02
1.005000000000000115e+00,8.557732382960120399e-01,5.938022663354646652e-02
1.012500000000000178e+00,8.554432389503001666e-01,5.935566655340157594e-02
1.020000000000000018e+00,8.552884595309719895e-01,5.938215411710737190e-02
1.027500000000000080e+00,8.557589381590399169e-01,5.938623258176979613e-02
1.035000000000000142e+00,8.555876589235461571e-01,5.936438469642735249e-02
1.042499999999999982e+00,8.550473311598787429e-01,5.937989286796736821e-02
1.050000000000000044e+00,8.556996566367067736e-01,5.939036636426768545e-02
1.057500000000000107e+00,8.556916906722884519e-01,5.937541189377166378e-02
1.065000000000000169e+00,8.550907990388952884e-01,5.937610373652809498e-02
1.072500000000000009e+00,8.555940942637545454e-01,5.939269193210632014e-02
1.080000000000000071e+00,8.557541646855110207e-01,5.938475796919753802e-02
1.087500000000000133e+00,8.553041502023407405e-01,5.937086294390278574e-02
1.095000000000000195e+00,8.554409156154887395e-01,5.939328100960334506e-02
1.102500000000000036e+00,8.557738779485002389e-01,5.939219762325096547e-02
1.110000000000000098e+00,8.554791092123809060e-01,5.936660213205943032e-02
1.117500000000000160e+00,8.552387486931015692e-01,5.939220831077205581e-02
1.125000000000000000e+00,8.557495932763290458e-01,5.939772960636081900e-02
1.132500000000000062e+00,8.556145643798771516e-01,5.937736140291120096e-02
1.140000000000000124e+00,8.549861843295980535e-01,5.938954962278725908e-02
1.147500000000000187e+00,8.556800386574491268e-01,5.940140359885532489e-02
1.155000000000000027e+00,8.557093717133648081e-01,5.938801651712813379e-02
1.162500000000000089e+00,8.551419697092382810e-01,5.938538105204133055e-02
1.170000000000000151e+00,8.555639066098847945e-01,5.940328596114376192e-02
1.177499999999999991e+00,8.557623542401568972e-01,5.939689331948760226e-02
1.185000000000000053e+00,8.553467991049270580e-01,5.937977883347309721e-02
1.192500000000000115e+00,8.553998535527009839e-01,5.940344932860076171e-02
1.200000000000000178e+00,8.557723013335996054e-01,5.940385581237509621e-02
1.207500000000000018e+00,8.555129896097898312e-01,5.937883115829020730e-02
1.215000000000000080e+00,8.551864991956930062e-01,5.940196873703242758e-02
1.222500000000000142e+00,8.557379680486432161e-01,5.940892015594333164e-02
1.230000000000000204e+00,8.556394223436725177e-01,5.939007699240599764e-02
1.237500000000000044e+00,8.549572029471153023e-01,5.939892005699615868e-02
1.245000000000000107e+00,8.556580744680218897e-01,5.941214134836240307e-02
1.252500000000000169e+00,8.557249459713918149e-01,5.940032101875279691e-02
1.260000000000000009e+00,8.551912488606653318e-01,5.939437939676822653e-02
1.267500000000000071e+00,8.555313050616312198e-01,5.941358768695797349e-02
1.275000000000000133e+00,8.557683760250501814e-01,5.940872703773266567e-02
1.282500000000000195e+00,8.553875017238243839e-01,5.938842412777353696e-02
1.290000000000000036e+00,8.553563080617999637e-01,5.941333253890162397e-02
1.297500000000000098e+00,8.557684942329264466e-01,5.941521689560874675e-02
1.305000000000000160e+00,8.555448673575006824e-01,5.939131459239667399e-02
1.312500000000000000e+00,8.551316948574642085e-01,5.941145118987851970e-02
1.320000000000000062e+00,8.557240478572094577e-01,5.941981976304696461e-02
1.327500000000000124e+00,8.556622196565073502e-01,5.940252714717214610e-02
1.335000000000000187e+00,8.550129672360047284e-01,5.940801956788544641e-02
1.342500000000000027e+00,8.556337490428754800e-01,5.942259483912086526e-02
1.350000000000000089e+00,8.557383999081003001e-01,5.941233745639665914e-02
1.357500000000000151e+00,8.552386243350622586e-01,5.940311377950919375e-02
1.365000000000000213e+00,8.554962741803875392e-01,5.942361198180473592e-02
1.372500000000000053e+00,8.557722161155728591e-01,5.942027302106928088e-02
1.380000000000000115e+00,8.554262455431277390e-01,5.939686618726285061e-02
1.387500000000000178e+00,8.553102632849209908e-01,5.942294514401810085e-02
1.395000000000000018e+00,8.557624423289100779e-01,5.942629496109102377e-02
1.402500000000000080e+00,8.555747295751240378e-01,5.940373669502679171e-02
1.410000000000000142e+00,8.550743193951869658e-01,5.942066980294348488e-02
1.417500000000000204e+00,8.557078179848042199e-01,5.943044233667901105e-02
1.425000000000000044e+00,8.556829430665929825e-01,5.941471385513053677e-02
1.432500000000000107e+00,8.550668695028638133e-01,5.941686192431217678e-02
1.440000000000000169e+00,8.556070472583986453e-01,5.943277768875611378e-02
1.447500000000000009e+00,8.557497198931907079e-01,5.942407711501816042e-02
1.455000000000000071e+00,8.552840838891724307e-01,5.941159761270370376e-02
1.462500000000000133e+00,8.554587984294342862e-01,5.943337213408307618e-02
1.470000000000000195e+00,8.557738604956738326e-01,5.943154377934523058e-02
1.477500000000000036e+00,8.554630179628749387e-01,5.940606504143608468e-02
1.485000000000000098e+00,8.552617032656143481e-01,5.943230009202618569e-02
1.492500000000000160e+00,8.557541312124570254e-01,5.943710261026549646e-02
1.500000000000000222e+00,8.556025632984255447e-01,5.941599669115391752e-02
1.507500000000000062e+00,8.550143564262477902e-01,5.942963718406194668e-02
1.515000000000000124e+00,8.556892636220364556e-01,5.944080029120787922e-02
1.522500000000000187e+00,8.557015792377705710e-01,5.942664187003730142e-02
1.530000000000000027e+00,8.551188977773630517e-01,5.942545939919554460e-02
1.537500000000000089e+00,8.555779538977376086e-01,5.944270203615777126e-02
1.545000000000000151e+00,8.557588922109092833e-01,5.943555037641751887e-02
1.552500000000000213e+00,8.553276152022986079e-01,5.941984284549105266e-02
1.560000000000000053e+00,8.554188621774687640e-01,5.944287997693741693e-02
1.567500000000000115e+00,8.557732950623910817e-01,5.944255051777145443e-02
1.575000000000000178e+00,8.554978063041421832e-01,5.941710699701761855e-02
1.582500000000000240e+00,8.552106119513619431e-01,5.944140890176687758e-02
1.590000000000000080e+00,8.557435463858775737e-01,5.944765107121341430e-02
1.597500000000000142e+00,8.556283554823952420e-01,5.942805603888825366e-02
1.605000000000000204e+00,8.549517894704170562e-01,5.943836453854995511e-02
1.612500000000000044e+00,8.556683698691175399e-01,5.945090466465300511e-02
1.620000000000000107e+00,8.557181147511355723e-01,5.943831705030096224e-02
1.627500000000000169e+00,8.551690400141598314e-01,5.943382288960384618e-02
1.635000000000000231e+00,8.555464536518229135e-01,5.945237865898173740e-02
1.642500000000000071e+00,8.557659030607323025e-01,5.944676666933696590e-02
1.650000000000000133e+00,8.553692058765900441e-01,5.942786025241487968e-02
1.657500000000000195e+00,8.553764496991700383e-01,5.945214600330436111e-02
1.665000000000000036e+00,8.557705056259587995e-01,5.945330321817958452e-02
1.672500000000000098e+00,8.555305978086819030e-01,5.942880128976315429e-02
1.680000000000000160e+00,8.551569731938840624e-01,5.945028177490096349e-02
1.687500000000000222e+00,8.557306732626860368e-01,5.945795030029745604e-02
1.695000000000000062e+00,8.556520930005550030e-01,5.943989895796919498e-02
1.702500000000000124e+00,8.549877996493718824e-01,5.944686177811808747e-02
1.710000000000000187e+00,8.556451217355321992e-01,5.946076522321925434e-02
1.717500000000000249e+00,8.557325361042172895e-01,5.944974551926635042e-02
1.725000000000000089e+00,8.552172840916688612e-01,5.944196202253292094e-02
1.732500000000000151e+00,8.555125311189910597e-01,5.946181707702475477e-02
1.740000000000000213e+00,8.557707385565196390e-01,5.945773446136388279e-02
1.747500000000000053e+00,8.554088434358014803e-01,5.943566849567687854e-02
1.755000000000000115e+00,8.553315451748516596e-01,5.946117946698021434e-02
1.762500000000000178e+00,8.557654779090108077e-01,5.946381071491913667e-02
1.770000000000000240e+00,8.555613796377546931e-01,5.944057544433992146e-02
1.777500000000000080e+00,8.551007707488752496e-01,5.945892769432763875e-02
1.785000000000000142e+00,8.557154971668865517e-01,5.946800907225048560e-02
1.792500000000000204e+00,8.556737626438907229e-01,5.945151936436023771e-02
1.800000000000000044e+00,8.550425514999229204e-01,5.945513761656451290e-02
1.807500000000000107e+00,8.556195041394109024e-01,5.947039055330503171e-02
1.815000000000000169e+00,8.557448297100073153e-01,5.946093321993282943e-02
1.822500000000000231e+00,8.552636178107998477e-01,5.944988524789747431e-02
1.830000000000000071e+00,8.554761708044773538e-01,5.947102564311647355e-02
1.837500000000000133e+00,8.557733847256557835e-01,5.946846127339418253e-02
1.845000000000000195e+00,8.554465153241658237e-01,5.944360448758000126e-02
1.852500000000000258e+00,8.552841326900649799e-01,5.946998847148567829e-02
1.860000000000000098e+00,8.557581975458423695e-01,5.947408076471707994e-02
1.867500000000000160e+00,8.555901388711212308e-01,5.945225927044690134e-02
1.875000000000000222e+00,8.550419882756816747e-01,5.946735451072879264e-02
1.882500000000000062e+00,8.556980033323313695e-01,5.947783506002733006e-02
1.890000000000000124e+00,8.556933511199523723e-01,5.946291565701701531e-02
1.897500000000000187e+00,8.550954347999083494e-01,5.946319965391610313e-02
1.905000000000000249e+00,8.555915019070060579e-01,5.947978814254649416e-02
1.912500000000000089e+00,8.557549818961793786e-01,5.947188567267949755e-02
1.920000000000000151e+00,8.553080288939852727e-01,5.945759992071943806e-02
1.927500000000000213e+00,8.554373571199700432e-01,5.948001162303564321e-02
1.935000000000000053e+00,8.557738275083789370e-01,5.947895370576738311e-02
1.942500000000000115e+00,8.554822089055189593e-01,5.945327103776789496e-02
1.950000000000000178e+00,8.552341962352231208e-01,5.947858004812524302e-02
1.957500000000000240e+00,8.557486500818058950e-01,5.948412011016730033e-02
1.965000000000000080e+00,8.556168625062626765e-01,5.946378890400553369e-02
1.972500000000000142e+00,8.549806093370095894e-01,5.947556901852535383e-02
1.980000000000000204e+00,8.556781769021990502e-01,5.948743490532663880e-02
1.987500000000000266e+00,8.557108450521506704e-01,5.947408834610069112e-02
1.995000000000000107e+00,8.551464375451903743e-01,5.947105445020726966e-02
2.002499999999999947e+00,8.555610997722141731e-01,5.948896445096958641e-02
2.010000000000000231e+00,8.557629789044602919e-01,5.948260784272797058e-02
2.017500000000000071e+00,8.553505049844196684e-01,5.946511240012539862e-02
2.025000000000000355e+00,8.553960743831970914e-01,5.948878126551416373e-02
2.032500000000000195e+00,8.557720527571964775e-01,5.948921746954784207e-02
2.040000000000000036e+00,8.555159114626075256e-01,5.946418694059295296e-02
2.047500000000000320e+00,8.551817197052421493e-01,5.948696022426101099e-02
2.055000000000000160e+00,8.557368209727977959e-01,5.949393453667265602e-02
2.062500000000000000e+00,8.556415374577422961e-01,5.947513596597745617e-02
2.070000000000000284e+00,8.549622470313811284e-01,5.948357702222206722e-02
2.077500000000000124e+00,8.556560029285370517e-01,5.949681428047529086e-02
2.084999999999999964e+00,8.557262309791878740e-01,5.948503886746784458e-02
2.092500000000000249e+00,8.551955476536087231e-01,5.947870758983901662e-02
2.100000000000000089e+00,8.555282823761768407e-01,5.949792497310126688e-02
2.107500000000000373e+00,8.557688068900914935e-01,5.949310406892574510e-02
2.115000000000000213e+00,8.553910336454373375e-01,5.947242961463080485e-02
2.122500000000000053e+00,8.553523068175702404e-01,5.949733986319759999e-02
2.130000000000000338e+00,8.557680462364040119e-01,5.949925741903605569e-02
2.137500000000000178e+00,8.555476101965072688e-01,5.947538124655192548e-02
2.145000000000000018e+00,8.551266868992332126e-01,5.949513408266247916e-02
2.152500000000000302e+00,8.557226955848014072e-01,5.950352892286679685e-02
2.160000000000000142e+00,8.556641505566529027e-01,5.948628648819640624e-02
2.167499999999999982e+00,8.550178459589097280e-01,5.949138339398618580e-02
2.175000000000000266e+00,8.556314663718338487e-01,5.950597794231216042e-02
2.182500000000000107e+00,8.557394953545390814e-01,5.949576894775449737e-02
2.190000000000000391e+00,8.552427529643757964e-01,5.948616373734043339e-02
2.197500000000000231e+00,8.554930342668947141e-01,5.950667429179241907e-02
2.205000000000000071e+00,8.557724519213493197e-01,5.950337802742398235e-02
2.212500000000000355e+00,8.554296023599667897e-01,5.947962902660924867e-02
2.220000000000000195e+00,8.553060385518234110e-01,5.950569180533638730e-02
2.227500000000000036e+00,8.557617936216268539e-01,5.950907758317793700e-02
2.235000000000000320e+00,8.555772922261063451e-01,5.948656170790918990e-02
2.242500000000000160e+00,8.550690815201645867e-01,5.950310581269579319e-02
2.250000000000000000e+00,8.557062591934879725e-01,5.951290728468436320e-02
2.257500000000000284e+00,8.556846885501552258e-01,5.949723310327944409e-02
2.265000000000000124e+00,8.550715817735791147e-01,5.949899212320572395e-02
2.272499999999999964e+00,8.556045521006440113e-01,5.951492977865741052e-02
2.280000000000000249e+00,8.557506245459876038e-01,5.950628024627910989e-02
2.287500000000000089e+00,8.552880412376003827e-01,5.949342668533219580e-02
2.295000000000000373e+00,8.554553398988520296e-01,5.951521612443348014e-02
2.302500000000000213e+00,8.557738999791048018e-01,5.951343271522768763e-02
2.310000000000000053e+00,8.554661985300290317e-01,5.948780662399917596e-02
2.317500000000000338e+00,8.552572536196573205e-01,5.951384062291909666e-02
2.325000000000000178e+00,8.557532804993835951e-01,5.951868119453156830e-02
2.332500000000000018e+00,8.556049445876101611e-01,5.949762719265141997e-02
2.340000000000000302e+00,8.550088871744693231e-01,5.951087875411396194e-02
2.347500000000000142e+00,8.556874969836866240e-01,5.952207281344745748e-02
2.354999999999999982e+00,8.557031381008866067e-01,5.950797165980033915e-02
2.362500000000000266e+00,8.551234425078498846e-01,5.950640635893384572e-02
2.370000000000000107e+00,8.555752448908430230e-01,5.952367284825094140e-02
2.377500000000000391e+00,8.557596048348081741e-01,5.951657414530050344e-02
2.385000000000000231e+00,8.553314001533767197e-01,5.950049940015313121e-02
2.392500000000000071e+00,8.554151836315722068e-01,5.952355336310159728e-02
2.400000000000000355e+00,8.557731369552007417e-01,5.952327044608585194e-02
2.407500000000000195e+00,8.555008094750016223e-01,5.949781106259079133e-02
2.415000000000000036e+00,8.552059359560674201e-01,5.952178902939148780e-02
2.422500000000000320e+00,8.557424923630208013e-01,5.952807071851532600e-02
2.430000000000000160e+00,8.556305542301563261e-01,5.950853355731040850e-02
2.437500000000000000e+00,8.549460873618316414e-01,5.951845544080197614e-02
2.445000000000000284e+00,8.556663940381975531e-01,5.953102791757867301e-02
2.452500000000000124e+00,8.557194857749531591e-01,5.951849959263486034e-02
2.460000000000000409e+00,8.551734161037529702e-01,5.951362846348022539e-02
2.467500000000000249e+00,8.555435293940254482e-01,5.953220943890862732e-02
2.475000000000000089e+00,8.557664223820294902e-01,5.952665165662637120e-02
2.482500000000000373e+00,8.553728172768043647e-01,5.950738434819054928e-02
2.490000000000000213e+00,8.553725496409824158e-01,5.953168817104813326e-02
2.497500000000000053e+00,8.557701485582058787e-01,5.953289293755720940e-02
2.505000000000000338e+00,8.555334223340927968e-01,5.950841955949839890e-02
2.512500000000000178e+00,8.551520691528891049e-01,5.952953911224268674e-02
2.520000000000000018e+00,8.557294143536686715e-01,5.953724809164287479e-02
2.527500000000000302e+00,8.556541077483602598e-01,5.951925844407587873e-02
2.535000000000000142e+00,8.549927536753331170e-01,5.952583802451797551e-02
2.542500000000000426e+00,8.556429346389782253e-01,5.953977477788494066e-02
2.550000000000000266e+00,8.557337173218143578e-01,5.952881576402355851e-02
2.557500000000000107e+00,8.552214896958303392e-01,5.952066099074296290e-02
2.565000000000000391e+00,8.555093882888241685e-01,5.954054236284838514e-02
2.572500000000000231e+00,8.557710613268587618e-01,5.953651503224634267e-02
2.580000000000000071e+00,8.554122781648905161e-01,5.951409841464459088e-02
2.587500000000000355e+00,8.553274171229958700e-01,5.953962499555631727e-02
2.595000000000000195e+00,8.557649153884866466e-01,5.954230527078381574e-02
2.602500000000000036e+00,8.555640191643320014e-01,5.951911902457350523e-02
2.610000000000000320e+00,8.550956242500570292e-01,5.953709926535065422e-02
2.617500000000000160e+00,8.557140187457030756e-01,5.954622383816917525e-02
2.625000000000000000e+00,8.556755789287828762e-01,5.952980121857021079e-02
2.632500000000000284e+00,8.550473265376293819e-01,5.953304399367349148e-02
2.640000000000000124e+00,8.556170710560038195e-01,5.954833592453281921e-02
2.647500000000000409e+00,8.557457866236606314e-01,5.953894684154108219e-02
2.655000000000000249e+00,8.552676199379258826e-01,5.952754175464543968e-02
2.662500000000000089e+00,8.554727258563687986e-01,5.954872061524451449e-02
2.670000000000000373e+00,8.557734277811804846e-01,5.954622702192893802e-02
2.677500000000000213e+00,8.554496935936513058e-01,5.952114495915425407e-02
2.685000000000000053e+00,8.552795765126961491e-01,5.954747015722084563e-02
2.692500000000000338e+00,8.557572302475983106e-01,5.955164453889557480e-02
2.700000000000000178e+00,8.555924017366608458e-01,5.952992431316515842e-02
2.707500000000000018e+00,8.550361256528922205e-01,5.954469760337560702e-02
2.715000000000000302e+00,8.556958337079968446e-01,5.955529112746984349e-02
2.722500000000000142e+00,8.556945146634350463e-01,5.954052920980757585e-02
2.730000000000000426e+00,8.550996145495660672e-01,5.954055502509321418e-02
2.737500000000000266e+00,8.555877240748892554e-01,5.955732686986309199e-02
2.745000000000000107e+00,8.557546552367759629e-01,5.954967572032651008e-02
2.752500000000000391e+00,8.553108529282564820e-01,5.953526853480746450e-02
2.760000000000000231e+00,8.554310949669605701e-01,5.955801027737243208e-02
2.767500000000000071e+00,8.557711653873831814e-01,5.955738914027296910e-02
2.775000000000000355e+00,8.554828925530857386e-01,5.953213468142799780e-02
2.782500000000000195e+00,8.552235640154037810e-01,5.955776567617387940e-02
2.790000000000000036e+00,8.557418347676178927e-01,5.956409802466922088e-02
2.797500000000000320e+00,8.556137182448532164e-01,5.954475185587378150e-02
2.805000000000000160e+00,8.549616167370625019e-01,5.955728925602834373e-02
2.812500000000000444e+00,8.556633755459691626e-01,5.957059347146394235e-02
2.820000000000000284e+00,8.557003247965900838e-01,5.955901937265398877e-02
2.827500000000000124e+00,8.551404486259088777e-01,5.955768200713909555e-02
2.835000000000000409e+00,8.555304735824493800e-01,5.957813114274417704e-02
2.842500000000000249e+00,8.557378714870956804e-01,5.957484244939461465e-02
2.850000000000000089e+00,8.553317660017345503e-01,5.956056266091817875e-02
2.857500000000000373e+00,8.553342276713609138e-01,5.958850975497811953e-02
2.865000000000000213e+00,8.557183321925547759e-01,5.959400170360942134e-02
2.872500000000000053e+00,8.554723171183088448e-01,5.957482489700743206e-02
2.880000000000000338e+00,8.550598717444439778e-01,5.960401091948919899e-02
2.887500000000000178e+00,8.556285919086544789e-01,5.961883491542896429e-02
2.895000000000000018e+00,8.555510013729841212e-01,5.960900817914588368e-02
2.902500000000000302e+00,8.548942823180617490e-01,5.962711033813423989e-02
2.910000000000000142e+00,8.554480882488656457e-01,5.965176367996851553e-02
2.917500000000000426e+00,8.555506750768835378e-01,5.965274824856920538e-02
2.925000000000000266e+00,8.550610296963108148e-01,5.965996515111804399e-02
2.932500000000000107e+00,8.551461381065538214e-01,5.969470867599833280e-02
2.940000000000000391e+00,8.554459327296474180e-01,5.970685806562524983e-02
2.947500000000000231e+00,8.551416857972273800e-01,5.970381498995606245e-02
2.955000000000000071e+00,8.546788495821924236e-01,5.974849846313650542e-02
2.962500000000000355e+00,8.552002122063917522e-01,5.977158045972782996e-02
2.970000000000000195e+00,8.551070879982052286e-01,5.977009619862961448e-02
2.977500000000000036e+00,8.544660117885332085e-01,5.981246756835002787e-02
2.985000000000000320e+00,8.547616021883039927e-01,5.984571498750623775e-02
2.992500000000000160e+00,8.549142312945563482e-01,5.985437028246981539e-02
3.000000000000000444e+00,8.545111494161963250e-01,5.988437771482688771e-02
3.007500000000000284e+00,8.540566874984885093e-01,5.992658889599464245e-02
3.015000000000000124e+00,8.544996841417573652e-01,5.994474808258785231e-02
3.022500000000000409e+00,8.543792295877075116e-01,5.996067316152155213e-02
3.030000000000000249e+00,8.537578582561708984e-01,6.001038846967902268e-02
3.037500000000000089e+00,8.537707051327567687e-01,6.003678161761637211e-02
3.045000000000000373e+00,8.539872009618778570e-01,6.003901424503814421e-02
3.052500000000000213e+00,8.536949079413630459e-01,6.009268280807309598e-02
3.060000000000000053e+00,8.529507684755837094e-01,6.012599655848079039e-02
3.067500000000000338e+00,8.532120683097462743e-01,6.013340386728687620e-02
3.075000000000000178e+00,8.533109666449644193e-01,6.016896430684163383e-02
3.082500000000000462e+00,8.529483623926197300e-01,6.020808916486121432e-02
3.090000000000000302e+00,8.521758724656720574e-01,6.022224203103562074e-02
3.097500000000000142e+00,8.524400556036586529e-01,6.023507084762431962e-02
3.105000000000000426e+00,8.525274153556883228e-01,6.027920827572794127e-02
3.112500000000000266e+00,8.521921715188033319e-01,6.029995507195191201e-02
3.120000000000000107e+00,8.514810856261043615e-01,6.029540260610305458e-02
3.127500000000000391e+00,8.514661233403568730e-01,6.033608584695820259e-02
3.135000000000000231e+00,8.516424679915518547e-01,6.036336642098993899e-02
3.142500000000000071e+00,8.514263355462612370e-01,6.036616031284428030e-02
3.150000000000000355e+00,8.508602363506319044e-01,6.037600192532935339e-02
3.157500000000000195e+00,8.502368512973990100e-01,6.040986705617857472e-02
3.165000000000000480e+00,8.505967923552137933e-01,6.042170279682641115e-02
3.172500000000000320e+00,8.505857027821130956e-01,6.040973017981995236e-02
3.180000000000000160e+00,8.502425016295043214e-01,6.043711439793450491e-02
3.187500000000000444e+00,8.496021519087262330e-01,6.045842163642124734e-02
3.195000000000000284e+00,8.492563429203925374e-01,6.045802390764436207e-02
3.202500000000000124e+00,8.495322993259363242e-01,6.044299684514498755e-02
3.210000000000000409e+00,8.494863396952648804e-01,6.047366313252992842e-02
3.217500000000000249e+00,8.491508910098515273e-01,6.048594431697249668e-02
3.225000000000000089e+00,8.485551509591846564e-01,6.047768088724225083e-02
3.232500000000000373e+00,8.480509913387325183e-01,6.046496450754242080e-02
3.240000000000000213e+00,8.483762756480676126e-01,6.048939558718623155e-02
3.247500000000000053e+00,8.484130445502493512e-01,6.049682519382677814e-02
3.255000000000000338e+00,8.481888231929984867e-01,6.048544978318282084e-02
3.262500000000000178e+00,8.477284793972416077e-01,6.046554315935073060e-02
3.270000000000000462e+00,8.470544658656632420e-01,6.048731134126682230e-02
3.277500000000000302e+00,8.471013269446396876e-01,6.049398886185393398e-02
3.285000000000000142e+00,8.473139383469191488e-01,6.048400321886839709e-02
3.292500000000000426e+00,8.472828147023839795e-01,6.045724019391905679e-02
3.300000000000000266e+00,8.470296196161080093e-01,6.046867835648339629e-02
3.307500000000000107e+00,8.465739987181680748e-01,6.047806504057019750e-02
3.315000000000000391e+00,8.459337596324203457e-01,6.047319979526342287e-02
3.322500000000000231e+00,8.460451620721287647e-01,6.045301963771659848e-02
3.330000000000000071e+00,8.462759293253512283e-01,6.043288278111789286e-02
3.337500000000000355e+00,8.462904740666526981e-01,6.044739003723784143e-02
3.345000000000000195e+00,8.461064216636913216e-01,6.045018796595558880e-02
3.352500000000000480e+00,8.457398333077085217e-01,6.044019700366275866e-02
3.360000000000000320e+00,8.452053403908561524e-01,6.041668946740884338e-02
3.367500000000000160e+00,8.449531047731463351e-01,6.039898625337754984e-02
3.375000000000000444e+00,8.452913729333626502e-01,6.041058203442844360e-02
3.382500000000000284e+00,8.454286507458445010e-01,6.041202169100755304e-02
3.390000000000000124e+00,8.453798108198739003e-01,6.040242257089668831e-02
3.397500000000000409e+00,8.451584859529777116e-01,6.038110663286876123e-02
3.405000000000000249e+00,8.447771704040838436e-01,6.035145988689434582e-02
3.412500000000000089e+00,8.442473138252171161e-01,6.036270051485899402e-02
3.420000000000000373e+00,8.442915564022671626e-01,6.036679984857167003e-02
3.427500000000000213e+00,8.446066236449211173e-01,6.036167886852635694e-02
3.435000000000000497e+00,8.447400478251321232e-01,6.034666675794000262e-02
3.442500000000000338e+00,8.447038652970040307e-01,6.032145922048666453e-02
3.450000000000000178e+00,8.445091841703694646e-01,6.030456946571942367e-02
3.457500000000000462e+00,8.441662559953454492e-01,6.031388645556516603e-02
3.465000000000000302e+00,8.436845424544199279e-01,6.031576033492279387e-02
3.472500000000000142e+00,8.437012876748503087e-01,6.030955892726860140e-02
3.480000000000000426e+00,8.440535056996605334e-01,6.029471923714115056e-02
3.487500000000000266e+00,8.442336090623604461e-01,6.027097633467490279e-02
3.495000000000000107e+00,8.442518764325150915e-01,6.025093167959857943e-02
3.502500000000000391e+00,8.441178663413607675e-01,6.026082749058815635e-02
3.510000000000000231e+00,8.438404685073632727e-01,6.026436651694316166e-02
3.517500000000000071e+00,8.434279518337662873e-01,6.026098242489260487e-02
3.525000000000000355e+00,8.431918432922829165e-01,6.025014914995001358e-02
3.532500000000000195e+00,8.436152283413864694e-01,6.023146100163306871e-02
3.540000000000000480e+00,8.438696803772374189e-01,6.020557601368263512e-02
3.547500000000000320e+00,8.439644503075011128e-01,6.020661351913596943e-02
3.555000000000000160e+00,8.439082070432101235e-01,6.021423757817361000e-02
3.562500000000000444e+00,8.437090745131804459e-01,6.021600978910846003e-02
3.570000000000000284e+00,8.433746665577801505e-01,6.021142265185214920e-02
3.577500000000000124e+00,8.429121197510255348e-01,6.020000279411015509e-02
3.585000000000000409e+00,8.432521210177819082e-01,6.018142659078760948e-02
3.592500000000000249e+00,8.435952293643178557e-01,6.015719324930204892e-02
3.600000000000000089e+00,8.437772456828537271e-01,6.016434182278056209e-02
3.607500000000000373e+00,8.438063987189518000e-01,6.017234107634812645e-02
3.615000000000000213e+00,8.436904512797944733e-01,6.017496107440323261e-02
3.622500000000000497e+00,8.434367258550791169e-01,6.017171834192173302e-02
3.630000000000000338e+00,8.430521290229484599e-01,6.016215346947118708e-02
3.637500000000000178e+00,8.429276340722509087e-01,6.014592233276756794e-02
3.645000000000000462e+00,8.433658215222085142e-01,6.012377353940303454e-02
3.652500000000000302e+00,8.436393140152055325e-01,6.012741749971149685e-02
3.660000000000000142e+00,8.437562025190491477e-01,6.013729917643195061e-02
3.667500000000000426e+00,8.437241592537958468e-01,6.014220139126823933e-02
3.675000000000000266e+00,8.435504568090265165e-01,6.014164834594518116e-02
3.682500000000000107e+00,8.432419867097648014e-01,6.013517658466231014e-02
3.690000000000000391e+00,8.428052773892950045e-01,6.012238599689364443e-02
3.697500000000000231e+00,8.431519082646854457e-01,6.010330990462486866e-02
3.705000000000000515e+00,8.435172886985596863e-01,6.009610152368344976e-02
3.712500000000000355e+00,8.437212462050602824e-01,6.010854447828530012e-02
3.720000000000000195e+00,8.437715368965560403e-01,6.011634007242509792e-02
3.727500000000000480e+00,8.436755376090332437e-01,6.011901274075143881e-02
3.735000000000000320e+00,8.434402605426950528e-01,6.011609153235013270e-02
3.742500000000000160e+00,8.430723677829335960e-01,6.010713359201153710e-02
3.750000000000000444e+00,8.429377026693927188e-01,6.009186263618725155e-02
3.757500000000000284e+00,8.433930795476347608e-01,6.007251755440682489e-02
3.765000000000000124e+00,8.436816672460303312e-01,6.008456986321889653e-02
3.772500000000000409e+00,8.438114120648831928e-01,6.009537043958754210e-02
3.780000000000000249e+00,8.437898877314123913e-01,6.010132666829115511e-02
3.787500000000000089e+00,8.436243075149101323e-01,6.010196092350082731e-02
3.795000000000000373e+00,8.433215365835395882e-01,6.009680556510300226e-02
3.802500000000000213e+00,8.428881044941679557e-01,6.008545871042272196e-02
3.810000000000000497e+00,8.432595999254084429e-01,6.006799354224343079e-02
3.817500000000000338e+00,8.436292655982811084e-01,6.006386087668248025e-02
3.825000000000000178e+00,8.438347623557417299e-01,6.007751471388725339e-02
3.832500000000000462e+00,8.438839117641605547e-01,6.008656709199942242e-02
3.840000000000000302e+00,8.437841714477931632e-01,6.009053408271124164e-02
3.847500000000000142e+00,8.435426461692614453e-01,6.008893401218532576e-02
3.855000000000000426e+00,8.431660992845979585e-01,6.008131074232937047e-02
3.862500000000000266e+00,8.431167197188070839e-01,6.006736635573617367e-02
3.870000000000000107e+00,8.435631453777145961e-01,6.004905226734461726e-02
3.877500000000000391e+00,8.438401045682637491e-01,6.006149979194377181e-02
3.885000000000000231e+00,8.439556908110117384e-01,6.007335941196571827e-02
3.892500000000000515e+00,8.439176257581441076e-01,6.008034589375783191e-02
3.900000000000000355e+00,8.437332695702990382e-01,6.008196830124611781e-02
3.907500000000000195e+00,8.434096318499592071e-01,6.007774445828894389e-02
3.915000000000000480e+00,8.429682004239832382e-01,6.006725551312665917e-02
3.922500000000000320e+00,8.434864841923797041e-01,6.005054034365259197e-02
3.930000000000000160e+00,8.438301407605756088e-01,6.004655015065947510e-02
3.937500000000000444e+00,8.440075433664739890e-01,6.006090453597932866e-02
3.945000000000000284e+00,8.440266831082791077e-01,6.007057982378344319e-02
3.952500000000000124e+00,8.438951789621719213e-01,6.007507716885811949e-02
3.960000000000000409e+00,8.436202884987715755e-01,6.007389977222721972e-02
3.967500000000000249e+00,8.432089191293493657e-01,6.006657776927979558e-02
3.975000000000000533e+00,8.434044054873118812e-01,6.005281014038784532e-02
3.982500000000000373e+00,8.438095753538263910e-01,6.003499073692161042e-02
3.990000000000000213e+00,8.440438125110246714e-01,6.004882326878049903e-02
3.997500000000000497e+00,8.441153746602675367e-01,6.006087206441412113e-02
4.004999999999999893e+00,8.440321358623159576e-01,6.006791338754295662e-02
4.012500000000000178e+00,8.438015972072805404e-01,6.006944028541104375e-02
4.020000000000000462e+00,8.434308981129281513e-01,6.006495701196711695e-02
4.027500000000000746e+00,8.433226921519895170e-01,6.005404429925977755e-02
4.035000000000000142e+00,8.437838079046328099e-01,6.003688472532826143e-02
4.042500000000000426e+00,8.440695534228194186e-01,6.003700333949404250e-02
4.050000000000000711e+00,8.441884454491525025e-01,6.005113671041930473e-02
4.057500000000000107e+00,8.441486052934529249e-01,6.006041766995271619e-02
4.065000000000000391e+00,8.439577695488323927e-01,6.006433057842498063e-02
4.072500000000000675e+00,8.436233015213217001e-01,6.006236401458983631e-02
4.080000000000000071e+00,8.432470585699243237e-01,6.005404483180401543e-02
4.087500000000000355e+00,8.437582002538593917e-01,6.003914680340498300e-02
4.095000000000000639e+00,8.440898044027151936e-01,6.002554119764966223e-02
4.102500000000000036e+00,8.442506364615168790e-01,6.004143713314555320e-02
4.110000000000000320e+00,8.442490546937539975e-01,6.005268043566928254e-02
4.117500000000000604e+00,8.440930209965181730e-01,6.005868658079377420e-02
4.125000000000000000e+00,8.437901125058533403e-01,6.005893282156499202e-02
4.132500000000000284e+00,8.433475337982669906e-01,6.005291662142011461e-02
4.140000000000000568e+00,8.437376865452682617e-01,6.004026174507964830e-02
4.147499999999999964e+00,8.441092028016089488e-01,6.002201598161904794e-02
4.155000000000000249e+00,8.443063100478848115e-01,6.003190273082603667e-02
4.162500000000000533e+00,8.443375915835507062e-01,6.004485517036869946e-02
4.169999999999999929e+00,8.442112229262834777e-01,6.005268488686691525e-02
4.177500000000000213e+00,8.439349836226607282e-01,6.005485962842004033e-02
4.185000000000000497e+00,8.435162697118380182e-01,6.005085821704007204e-02
4.192500000000000782e+00,8.437265737055146264e-01,6.004023263978729152e-02
4.200000000000000178e+00,8.441317907490000216e-01,6.002310650118590496e-02
4.207500000000000462e+00,8.443592625073050861e-01,6.002268063726304281e-02
4.215000000000000746e+00,8.444177841885850411e-01,6.003710949121168067e-02
4.222500000000000142e+00,8.443157321072977117e-01,6.004651289141361981e-02
4.230000000000000426e+00,8.440610757257996921e-01,6.005034976207920816e-02
4.237500000000000711e+00,8.436613904003787967e-01,6.004808540818942775e-02
4.245000000000000107e+00,8.437284424770009617e-01,6.003923136468377469e-02
4.252500000000000391e+00,8.441609201245781069e-01,6.002360989980157213e-02
4.260000000000000675e+00,8.444126336297894664e-01,6.001391268638239795e-02
4.267500000000000071e+00,8.444925759797872189e-01,6.002960041893334181e-02
4.275000000000000355e+00,8.444093104980678888e-01,6.004034419396871852e-02
4.282500000000000639e+00,8.441709831433955591e-01,6.004559231361705079e-02
4.290000000000000036e+00,8.437853355590302362e-01,6.004479913125851387e-02
4.297500000000000320e+00,8.437461004434685385e-01,6.003745038976811971e-02
4.305000000000000604e+00,8.441992083203371244e-01,6.002322977757666711e-02
4.312500000000000000e+00,8.444688653891706531e-01,6.000642387970622077e-02
4.320000000000000284e+00,8.445642473993404398e-01,6.002246362544556152e-02
4.327500000000000568e+00,8.444940900351700641e-01,6.003432818938461007e-02
4.334999999999999964e+00,8.442667015015521415e-01,6.004074966489254817e-02
4.342500000000000249e+00,8.438899758993286815e-01,6.004117278141370834e-02
4.350000000000000533e+00,8.437815627104562344e-01,6.003506508786453366e-02
4.357499999999999929e+00,8.442485207252010682e-01,6.002203470303319605e-02
4.365000000000000213e+00,8.445296862499785950e-01,6.000354632676927619e-02
4.372500000000000497e+00,8.446344019702189954e-01,6.001580997468524553e-02
4.380000000000000782e+00,8.445715604972326984e-01,6.002858688748677340e-02
4.387500000000000178e+00,8.443496172731714822e-01,6.003595439622624180e-02
4.395000000000000462e+00,8.439766042980432204e-01,6.003734832168671626e-02
4.402500000000000746e+00,8.438360487640662599e-01,6.003222227412579465e-02
4.410000000000000142e+00,8.443099686769326429e-01,6.002013869423886844e-02
4.417500000000000426e+00,8.445961101705837804e-01,6.000178224502841079e-02
4.425000000000000711e+00,8.447039662952281480e-01,6.000972545874114911e-02
4.432500000000000107e+00,8.446425704351693264e-01,6.002321502111943041e-02
4.440000000000000391e+00,8.444205095687089546e-01,6.003130947947535323e-02
4.447500000000000675e+00,8.440459383743544874e-01,6.003343616430949214e-02
4.455000000000000071e+00,8.439099902786409979e-01,6.002903730817876066e-02
4.462500000000000355e+00,8.443839177910258398e-01,6.001764600194552796e-02
4.470000000000000639e+00,8.446684453997044262e-01,5.999962609561414889e-02
4.477500000000000036e+00,8.447731992645330923e-01,6.000427246418985061e-02
4.485000000000000320e+00,8.447073367330074634e-01,6.001828140425014002e-02
4.492500000000000604e+00,8.444795599928581753e-01,6.002688969300200295e-02
4.500000000000000000e+00,8.440981305865068451e-01,6.002951645694830363e-02
4.507500000000000284e+00,8.440030474270856509e-01,6.002559422713415332e-02
4.515000000000000568e+00,8.444700043045957338e-01,6.001463687450517281e-02
4.522499999999999964e+00,8.447463108082227112e-01,5.999686217722604437e-02
4.530000000000000249e+00,8.448417083312373954e-01,5.999949136373318448e-02
4.537500000000000533e+00,8.447654607853620767e-01,6.001383056865903370e-02
4.544999999999999929e+00,8.445263686849714402e-01,6.002274329379827383e-02
4.552500000000000213e+00,8.441327840994117260e-01,6.002564070219875564e-02
4.560000000000000497e+00,8.441141324026723014e-01,6.002194685144739139e-02
4.567500000000000782e+00,8.445671582058990046e-01,6.001116366096861249e-02
4.575000000000000178e+00,8.448286585963459272e-01,5.999345865178362658e-02
4.582500000000000462e+00,8.449084717695057867e-01,5.999540197564370153e-02
4.590000000000000746e+00,8.448159502833638701e-01,6.000988424518981929e-02
4.597500000000000142e+00,8.445599756132525782e-01,6.001889352174242381e-02
4.605000000000000426e+00,8.441489735712446318e-01,6.002183324375997414e-02
4.612500000000000711e+00,8.442414393458632649e-01,6.001812004109418480e-02
4.620000000000000107e+00,8.446736323981064443e-01,6.000725013854858736e-02
4.627500000000000391e+00,8.449138026811321422e-01,5.998941650216074728e-02
4.635000000000000675e+00,8.449718662765199895e-01,5.999200468894035077e-02
4.642500000000000071e+00,8.448572460255188155e-01,6.000644250127124685e-02
4.650000000000000355e+00,8.445788865925263345e-01,6.001533975382524616e-02
4.657500000000000639e+00,8.441452703793536072e-01,6.001809241996386435e-02
4.665000000000000036e+00,8.443824801105512812e-01,6.001411076410117368e-02
4.672500000000000320e+00,8.447870373770264285e-01,6.000289194525352393e-02
4.680000000000000604e+00,8.449994522866229874e-01,5.998474336105122373e-02
4.687500000000000000e+00,8.450296994798427441e-01,5.998928116614033607e-02
4.695000000000000284e+00,8.448872533506454063e-01,6.000348445531119429e-02
4.702500000000000568e+00,8.445811036542028027e-01,6.001205823372265935e-02
4.709999999999999964e+00,8.441197719414955669e-01,6.001439130493282231e-02
4.717500000000000249e+00,8.445341254305360756e-01,6.000988885028403497e-02
4.725000000000000533e+00,8.449043810081526829e-01,5.999805749801209731e-02
4.732500000000000817e+00,8.450827503422367881e-01,5.997946948261734940e-02
4.740000000000000213e+00,8.450792469718870770e-01,5.998719459506492158e-02
4.747500000000000497e+00,8.449033778264959382e-01,6.000096854631797871e-02
4.755000000000000782e+00,8.445641594101032101e-01,6.000900235980310971e-02
4.762500000000000178e+00,8.441613699555723382e-01,6.001067802354616287e-02
4.770000000000000462e+00,8.446926510607559724e-01,6.000539742190284104e-02
4.777500000000000746e+00,8.450221129765612682e-01,5.999268949769013398e-02
4.785000000000000142e+00,8.451603162592427054e-01,5.997374778076663276e-02
4.792500000000000426e+00,8.451172934352177979e-01,5.998568950556779772e-02
4.800000000000000711e+00,8.449025647499610603e-01,5.999883237872860597e-02
4.807500000000000107e+00,8.445251549567770466e-01,6.000610255586018293e-02
4.815000000000000391e+00,8.443705724424209746e-01,6.000687567490455010e-02
4.822500000000000675e+00,8.448537883620969025e-01,6.000055309430384065e-02
4.830000000000000071e+00,8.451361733614757288e-01,5.998670794888819047e-02
4.837500000000000355e+00,8.452282925212122322e-01,5.996849919051625705e-02
4.845000000000000639e+00,8.451401772802907830e-01,5.998469119994373489e-02
4.852500000000000036e+00,8.448813418680025666e-01,5.999699219213526502e-02
4.860000000000000320e+00,8.444608007193706856e-01,6.000326577729880873e-02
4.867500000000000604e+00,8.445840476827937149e-01,6.000288193784222845e-02
4.875000000000000000e+00,8.450127786177064060e-01,5.999524617059729531e-02
4.882500000000000284e+00,8.452420446112040020e-01,5.998001767731169637e-02
4.890000000000000568e+00,8.452823943567541187e-01,5.996731839524515467e-02
4.897499999999999964e+00,8.451438380613686130e-01,5.998410486123196411e-02
4.905000000000000249e+00,8.448358645873285111e-01,5.999534201632247127e-02
4.912500000000000533e+00,8.443674595100342239e-01,6.000037471628443669e-02
4.920000000000000817e+00,8.447963227292524246e-01,5.999856846580280123e-02
4.927500000000000213e+00,8.451644302005001386e-01,5.998934130810078258e-02
4.935000000000000497e+00,8.453348060501466588e-01,5.997253107786786747e-02
4.942500000000000782e+00,8.453179616445386513e-01,5.996812190300941647e-02
4.950000000000000178e+00,8.451238658445971996e-01,5.998381439644807217e-02
4.957500000000000462e+00,8.447619628759507338e-01,5.999375256129065720e-02
4.965000000000000746e+00,8.444932064381803771e-01,5.999728676514968356e-02
4.972500000000000142e+00,8.450015218993779387e-01,5.999378023124481846e-02
4.980000000000000426e+00,8.453031776361361604e-01,5.998267980803838328e-02
4.987500000000000711e+00,8.454091900057985054e-01,5.996425990734446931e-02
4.995000000000000107e+00,8.453300121865112704e-01,5.996932168668350771e-02
5.002500000000000391e+00,8.450755517156697261e-01,5.998368104682311880e-02
5.010000000000000675e+00,8.446551890981993660e-01,5.999206986842969824e-02
5.017500000000000071e+00,8.447595634259535968e-01,5.999383279578584388e-02
5.025000000000000355e+00,8.451934300685148838e-01,5.998833512342958280e-02
5.032500000000000639e+00,8.454231416503166230e-01,5.997508688952197381e-02
5.040000000000000036e+00,8.454596387109571953e-01,5.995601344491247042e-02
5.047500000000000320e+00,8.453132955716730068e-01,5.997076003983436293e-02
5.055000000000000604e+00,8.449939387164240312e-01,5.998354176788172482e-02
5.062500000000000000e+00,8.445108661385609672e-01,5.999011373046488765e-02
5.070000000000000284e+00,8.450116186188018075e-01,5.998981584938708339e-02
5.077500000000000568e+00,8.453655563246359472e-01,5.998202453526441102e-02
5.085000000000000853e+00,8.455181894175919366e-01,5.996639641418400474e-02
5.092500000000000249e+00,8.454803612702560534e-01,5.995552838982635968e-02
5.100000000000000533e+00,8.452623469884017471e-01,5.997226667491970670e-02
5.107500000000000817e+00,8.448738726337260418e-01,5.998320736292077349e-02
5.115000000000000213e+00,8.447639098713126682e-01,5.998767589612823831e-02
5.122500000000000497e+00,8.452422736083551325e-01,5.998500997288735981e-02
5.130000000000000782e+00,8.455111972817107580e-01,5.997461704563278317e-02
5.137500000000000178e+00,8.455819943737087341e-01,5.995656039798832188e-02
5.145000000000000462e+00,8.454653901140336547e-01,5.995874996724293027e-02
5.152500000000000746e+00,8.451715404645561147e-01,5.997364496776806664e-02
5.160000000000000142e+00,8.447100521712028742e-01,5.998246035497657030e-02
5.167500000000000426e+00,8.450592101562646175e-01,5.998451813929597809e-02
5.175000000000000711e+00,8.454442630739521514e-01,5.997915985294485081e-02
5.182500000000000107e+00,8.456234994697762186e-01,5.996587240976323369e-02
5.190000000000000391e+00,8.456080950575177724e-01,5.994669424178033362e-02
5.197500000000000675e+00,8.454086364486181893e-01,5.996190330021891612e-02
5.205000000000000071e+00,8.450351410829004539e-01,5.997466956578021563e-02
5.212500000000000355e+00,8.448223357812058021e-01,5.998105261551321676e-02
5.220000000000000639e+00,8.453230331013202870e-01,5.998037045157087604e-02
5.227500000000000036e+00,8.456102194598079658e-01,5.997198314592133012e-02
5.235000000000000320e+00,8.456955202802785010e-01,5.995559894400690620e-02
5.242500000000000604e+00,8.455899524918230048e-01,5.994840812135791841e-02
5.250000000000000000e+00,8.453039442399022940e-01,5.996475407651800232e-02
5.257500000000000284e+00,8.448473557330397066e-01,5.997508373295164924e-02
5.265000000000000568e+00,8.451531760529665815e-01,5.997870285859781270e-02
5.272500000000000853e+00,8.455475140130522815e-01,5.997493009185989737e-02
5.280000000000000249e+00,8.457327356988908473e-01,5.996318188878443922e-02
5.287500000000000533e+00,8.457202869526045941e-01,5.994403077993960133e-02
5.295000000000000817e+00,8.455210056106975403e-01,5.995311669287143458e-02
5.302500000000000213e+00,8.451451422576786721e-01,5.996703763633092626e-02
5.310000000000000497e+00,8.449403591448499951e-01,5.997459645573515602e-02
5.317500000000000782e+00,8.454407373641328327e-01,5.997509433597410233e-02
5.325000000000000178e+00,8.457248020292577051e-01,5.996786364373158512e-02
5.332500000000000462e+00,8.458044254337738765e-01,5.995249133502100758e-02
5.340000000000000746e+00,8.456908530737181628e-01,5.994012164872125625e-02
5.347500000000000142e+00,8.453947242261984352e-01,5.995729631187752401e-02
5.355000000000000426e+00,8.449260936941437317e-01,5.996845390495751660e-02
5.362500000000000711e+00,8.452952156412001372e-01,5.997287945944079074e-02
5.370000000000000107e+00,8.456767496886347102e-01,5.996987368275400604e-02
5.377500000000000391e+00,8.458471211591660488e-01,5.995881946346471453e-02
5.385000000000000675e+00,8.458179801755203453e-01,5.993998762828196825e-02
5.392500000000000071e+00,8.456003520582466848e-01,5.994620046603148233e-02
5.400000000000000355e+00,8.452046590278670113e-01,5.996063788235586611e-02
5.407500000000000639e+00,8.451162239210066041e-01,5.996866404707881099e-02
5.415000000000000036e+00,8.455935574364485952e-01,5.996956460523492766e-02
5.422500000000000320e+00,8.458530751019871508e-01,5.996265379558483183e-02
5.430000000000000604e+00,8.459068276541976683e-01,5.994748480884807412e-02
5.437500000000000888e+00,8.457662228575757446e-01,5.993406501364343525e-02
5.445000000000000284e+00,8.454420470992328740e-01,5.995147265370439488e-02
5.452500000000000568e+00,8.449444881375298699e-01,5.996279217477235024e-02
5.460000000000000853e+00,8.454801309407483645e-01,5.996728710966075376e-02
5.467500000000000249e+00,8.458269160383981022e-01,5.996424306370454899e-02
5.475000000000000533e+00,8.459617648893625885e-01,5.995303129131036857e-02
5.482500000000000817e+00,8.458964631726411110e-01,5.993398806455722122e-02
5.490000000000000213e+00,8.456421572882252269e-01,5.994124696129508878e-02
5.497500000000000497e+00,8.452093771315040138e-01,5.995557282467969124e-02
5.505000000000000782e+00,8.453412814589827962e-01,5.996336599101576015e-02
5.512500000000000178e+00,8.457731807024213566e-01,5.996389740606111740e-02
5.520000000000000462e+00,8.459870714432756733e-01,5.995647078789389378e-02
5.527500000000000746e+00,8.459951118403141734e-01,5.994067372217188466e-02
5.535000000000000142e+00,8.458088032696140512e-01,5.993021797145103857e-02
5.542500000000000426e+00,8.454390130761789690e-01,5.994728183452323333e-02
5.550000000000000711e+00,8.451817048192161730e-01,5.995809532446968321e-02
5.557500000000000107e+00,8.456962942165907604e-01,5.996191856417362048e-02
5.565000000000000391e+00,8.459869188565692921e-01,5.995802499748083270e-02
5.572500000000000675e+00,8.460661030660485693e-01,5.994579874711784134e-02
5.580000000000000071e+00,8.459456973005951008e-01,5.992615321258365491e-02
5.587500000000000355e+00,8.456369008291464429e-01,5.993816453310894798e-02
5.595000000000000639e+00,8.451502856889953064e-01,5.995173879792545929e-02
5.602500000000000036e+00,8.456005509673528708e-01,5.995858466586911212e-02
5.610000000000000320e+00,8.459653528574473391e-01,5.995795950667211910e-02
5.617500000000000604e+00,8.461132498897726562e-01,5.994916762325575021e-02
5.625000000000000888e+00,8.460564348693870862e-01,5.993194820242508936e-02
5.632500000000000284e+00,8.458064326474621364e-01,5.992843845107108380e-02
5.640000000000000568e+00,8.453741241485334124e-01,5.994453160000447201e-02
5.647500000000000853e+00,8.454900960860349812e-01,5.995414719461764075e-02
5.655000000000000249e+00,8.459262761356690641e-01,5.995653201137778748e-02
5.662500000000000533e+00,8.461402281798104941e-01,5.995095286140245117e-02
5.670000000000000817e+00,8.461444798385713284e-01,5.993685468489397261e-02
5.677500000000000213e+00,8.459508744125802115e-01,5.991881864056532864e-02
5.685000000000000497e+00,8.455705949533867116e-01,5.993668272839651479e-02
5.692500000000000782e+00,8.453689076860193552e-01,5.994883151042876279e-02
5.700000000000000178e+00,8.458734318232683513e-01,5.995398013110354168e-02
5.707500000000000462e+00,8.461505612884991923e-01,5.995137513443818400e-02
5.715000000000000746e+00,8.462131502088905410e-01,5.994034583806658739e-02
5.722500000000000142e+00,8.460733524377782588e-01,5.992116869397286216e-02
5.730000000000000426e+00,8.457426456444848695e-01,5.992837731974382659e-02
5.737500000000000711e+00,8.452407799950683032e-01,5.994283849894206651e-02
5.745000000000000107e+00,8.458103878131737474e-01,5.995051880767393593e-02
5.752500000000000391e+00,8.461476054930756607e-01,5.995065201158885498e-02
5.760000000000000675e+00,8.462656046197479798e-01,5.994251212352109254e-02
5.767500000000000071e+00,8.461768409673876556e-01,5.992574433611297380e-02
5.775000000000000355e+00,8.458930785906946248e-01,5.991977887052339635e-02
5.782500000000000639e+00,8.454254153641547198e-01,5.993634653541413809e-02
5.790000000000000036e+00,8.457405220352713915e-01,5.994634064412653063e-02
5.797500000000000320e+00,8.461345363345792459e-01,5.994898534536411555e-02
5.805000000000000604e+00,8.463048296926137803e-01,5.994352451678458538e-02
5.812500000000000888e+00,8.462641504675720849e-01,5.992938218371623299e-02
5.820000000000000284e+00,8.460245401714534541e-01,5.991144819415093054e-02
5.827500000000000568e+00,8.455973591510791421e-01,5.992951346371844928e-02
5.835000000000000853e+00,8.456670087973103822e-01,5.994161722319899660e-02
5.842500000000000249e+00,8.461143359562484090e-01,5.994655816152993921e-02
5.850000000000000533e+00,8.463336283129057058e-01,5.994356172474722688e-02
5.857500000000000817e+00,8.463379167985627394e-01,5.993194977409385671e-02
5.865000000000000213e+00,8.461395107874564170e-01,5.991227688494371595e-02
5.872500000000000497e+00,8.457500239129397412e-01,5.992247847766270924e-02
5.880000000000000782e+00,8.455928062855159189e-01,5.993650072151354702e-02
5.887500000000000178e+00,8.460897815310598480e-01,5.994353452729431903e-02
5.895000000000000462e+00,8.463546089349154311e-01,5.994279262935501423e-02
5.902500000000000746e+00,8.464005913479093479e-01,5.993354205931698819e-02
5.910000000000000142e+00,8.462402957740147169e-01,5.991558649861591923e-02
5.917500000000000426e+00,8.458855793205379836e-01,5.991536386608471015e-02
5.925000000000000711e+00,8.455206453069890049e-01,5.993112555716997164e-02
5.932500000000000107e+00,8.460634348562398044e-01,5.994006045307751634e-02
5.940000000000000391e+00,8.463701759832819027e-01,5.994137137981695590e-02
5.947500000000000675e+00,8.464544321939163618e-01,5.993429261577954553e-02
5.955000000000000071e+00,8.463290172820833179e-01,5.991834738311038050e-02
5.962500000000000355e+00,8.460060214185192162e-01,5.990827698596108697e-02
5.970000000000000639e+00,8.454968386943485514e-01,5.992560996661777661e-02
5.977500000000000924e+00,8.460376331805059547e-01,5.993626513975368331e-02
5.985000000000000320e+00,8.463825214131274199e-01,5.993943635322761948e-02
5.992500000000000604e+00,8.465014963577421891e-01,5.993433643556136947e-02
6.000000000000000888e+00,8.464076071817823177e-01,5.992035160353224865e-02
6.007500000000000284e+00,8.461131661405240090e-01,5.990188506194406293e-02
6.015000000000000568e+00,8.456297763803323209e-01,5.992005747111545794e-02
6.022500000000000853e+00,8.460144813177062906e-01,5.993226230093446488e-02
6.030000000000000249e+00,8.463936174796297118e-01,5.993711047949921988e-02
6.037500000000000533e+00,8.465436331920299651e-01,5.993379951082961066e-02
6.045000000000000817e+00,8.464778010333244840e-01,5.992163834501677833e-02
6.052500000000000213e+00,8.462086438262474974e-01,5.990157117727885894e-02
6.060000000000000497e+00,8.457479627104815822e-01,5.991455822049764068e-02
6.067500000000000782e+00,8.459958450885742831e-01,5.992815144802188243e-02
6.075000000000000178e+00,8.464052107565623873e-01,5.993450206339897418e-02
6.082500000000000462e+00,8.465824789431749542e-01,5.993279567747708536e-02
6.090000000000000746e+00,8.465411331601015998e-01,5.992229320676648735e-02
6.097500000000000142e+00,8.462938947728129158e-01,5.990310172555619872e-02
6.105000000000000426e+00,8.458527513565595735e-01,5.990919021364961988e-02
6.112500000000000711e+00,8.459833461205037430e-01,5.992401909123808157e-02
6.120000000000000107e+00,8.464188174320141922e-01,5.993170576357946533e-02
6.127500000000000391e+00,8.466194525138562854e-01,5.993142590313710327e-02
6.135000000000000675e+00,8.465989328487386611e-01,5.992240820480072144e-02
6.142500000000000071e+00,8.463701658434630293e-01,5.990440823664448800e-02
6.150000000000000355e+00,8.459453134861358858e-01,5.990402039979051546e-02
6.157500000000000639e+00,8.459783580236615030e-01,5.991993983851141847e-02
6.165000000000000924e+00,8.464357198987164654e-01,5.992880358443739702e-02
6.172500000000000320e+00,8.466557524419616731e-01,5.992977849194017215e-02
6.180000000000000604e+00,8.466523216910664118e-01,5.992207019342062763e-02
6.187500000000000888e+00,8.464385081472278749e-01,5.990524858895435178e-02
6.195000000000000284e+00,8.460266357551924354e-01,5.989910567427804422e-02
6.202500000000000568e+00,8.459820039506462663e-01,5.991597738699748488e-02
6.210000000000000853e+00,8.464569646455517571e-01,5.992586581730715428e-02
6.217500000000000249e+00,8.466923551019955863e-01,5.992792963651809995e-02
6.225000000000000533e+00,8.467022120732979884e-01,5.992135699522820741e-02
6.232500000000000817e+00,8.464997757941169487e-01,5.990560696165574128e-02
6.240000000000000213e+00,8.460975193080469969e-01,5.989449442214326430e-02
6.247500000000000497e+00,8.459951555359709330e-01,5.991218540777154544e-02
6.255000000000000782e+00,8.464833614466547029e-01,5.992295190316544728e-02
6.262500000000000178e+00,8.467300141251294932e-01,5.992594408079731511e-02
6.270000000000000462e+00,8.467493068084421814e-01,5.992033615130892138e-02
6.277500000000000746e+00,8.465546257215215142e-01,5.990551575758331498e-02
6.285000000000000142e+00,8.461585797799350273e-01,5.989025016407193563e-02
6.292500000000000426e+00,8.460184332014810682e-01,5.990860832666027730e-02
6.300000000000000711e+00,8.465154838345725352e-01,5.992011120558095316e-02
6.307500000000000107e+00,8.467692610247480323e-01,5.992387578829471567e-02
6.315000000000000391e+00,8.467940998989549328e-01,5.991906467860617924e-02
6.322500000000000675e+00,8.466035185790499185e-01,5.990501711993329731e-02
6.330000000000000959e+00,8.462102482896282085e-01,5.988670422888733857e-02
6.337500000000000355e+00,8.460522078038960059e-01,5.990528200504807027e-02
6.345000000000000639e+00,8.465536708345514638e-01,5.991738369052836133e-02
6.352500000000000924e+00,8.468104070052646648e-01,5.992176856724824863e-02
6.360000000000000320e+00,8.468368784080781975e-01,5.991758923130192233e-02
6.367500000000000604e+00,8.466467206508109244e-01,5.990415113600699309e-02
6.375000000000000888e+00,8.462527734016301872e-01,5.988438595135232856e-02
6.382500000000000284e+00,8.460966035915412631e-01,5.990223432466978276e-02
6.390000000000000568e+00,8.465980299281984367e-01,5.991480051347621016e-02
6.397500000000000853e+00,8.468535459235511098e-01,5.991965663007781107e-02
6.405000000000000249e+00,8.468777254102441976e-01,5.991594641363265361e-02
6.412500000000000533e+00,8.466843067865071903e-01,5.990295153497512265e-02
6.420000000000000817e+00,8.462862240302778671e-01,5.988270200458888776e-02
6.427500000000000213e+00,8.461515024285597431e-01,5.989948568029224846e-02
6.435000000000000497e+00,8.466484412063438603e-01,5.991238451594489006e-02
6.442500000000000782e+00,8.468985583642860693e-01,5.991756507737597964e-02
6.450000000000000178e+00,8.469165239832824321e-01,5.991416312998583404e-02
6.457500000000000462e+00,8.467161643054643694e-01,5.990144400789441242e-02
6.465000000000000746e+00,8.463104932512156564e-01,5.988104033090634049e-02
6.472500000000000142e+00,8.462165492369494446e-01,5.989704938400446099e-02
6.480000000000000426e+00,8.467045626632996314e-01,5.991015063454231682e-02
6.487500000000000711e+00,8.469451167832113825e-01,5.991551030303663566e-02
6.495000000000000107e+00,8.469529621981283229e-01,5.991225691839609235e-02
6.502500000000000391e+00,8.467419978309802531e-01,5.989964558126024963e-02
6.510000000000000675e+00,8.463253029793071924e-01,5.987918555442971191e-02
6.517500000000000959e+00,8.462911585993165842e-01,5.989493198467306379e-02
6.525000000000000355e+00,8.467658365774766160e-01,5.990810622581639600e-02
6.532500000000000639e+00,8.469926916653229831e-01,5.991350032044553270e-02
6.540000000000000924e+00,8.469865390551790663e-01,5.991023624199263986e-02
6.547500000000000320e+00,8.467613350062495048e-01,5.989756445811877245e-02
6.555000000000000604e+00,8.463302094662629171e-01,5.987708718245268041e-02
6.562500000000000888e+00,8.463745224583704152e-01,5.989313350600476704e-02
6.570000000000000284e+00,8.468314969168218020e-01,5.990625131037859846e-02
6.577500000000000568e+00,8.470405586388966013e-01,5.991153501143743620e-02
6.585000000000000853e+00,8.470165713105701766e-01,5.990810072748421061e-02
6.592500000000000249e+00,8.467735330374615010e-01,5.989520009400711720e-02
6.600000000000000533e+00,8.463246095659645585e-01,5.987478882287815274e-02
6.607500000000000817e+00,8.464656188431557426e-01,5.989164760659434344e-02
6.615000000000000213e+00,8.469005777016602732e-01,5.990457873976915565e-02
6.622500000000000497e+00,8.470878064805659191e-01,5.990960630072840465e-02
6.630000000000000782e+00,8.470422011302481957e-01,5.990584134806611200e-02
6.637500000000000178e+00,8.467777860046460381e-01,5.989254343009011577e-02
6.645000000000000462e+00,8.463077477106959456e-01,5.987247976786286285e-02
6.652500000000000746e+00,8.465632215463612109e-01,5.989046166532097787e-02
6.660000000000000142e+00,8.469719222522253954e-01,5.990307428952954677e-02
6.667500000000000426e+00,8.471333459416686695e-01,5.990769825920469471e-02
6.675000000000000711e+00,8.470624045050566542e-01,5.990344055393530265e-02
6.682500000000000107e+00,8.467731328764426246e-01,5.988957730236475763e-02
6.690000000000000391e+00,8.462787235373736561e-01,5.987070026082649127e-02
6.697500000000000675e+00,8.466659106722529415e-01,5.988955679545269334e-02
6.705000000000000959e+00,8.470441932435307519e-01,5.990171668193653570e-02
6.712500000000000355e+00,8.471759193217682782e-01,5.990578714004417965e-02
6.720000000000000639e+00,8.470760003559315576e-01,5.990087235920849712e-02
6.727500000000000924e+00,8.467584661611121666e-01,5.988627715265314871e-02
6.735000000000000320e+00,8.462365000993663511e-01,5.987009697111829454e-02
6.742500000000000604e+00,8.467720839705591418e-01,5.988890779083087118e-02
6.750000000000000888e+00,8.471158834862978493e-01,5.990047754187415030e-02
6.757500000000000284e+00,8.472141107114627978e-01,5.990384135241771935e-02
6.765000000000000568e+00,8.470816602548530971e-01,5.989810240164328975e-02
6.772500000000000853e+00,8.467325411229416066e-01,5.988261236498808315e-02
6.780000000000000249e+00,8.463144963724155145e-01,5.987023804608569699e-02
6.787500000000000533e+00,8.468799688680120896e-01,5.988848300749863296e-02
6.795000000000000817e+00,8.471853273493419323e-01,5.989932128938992018e-02
6.802500000000000213e+00,8.472463568236320297e-01,5.990182137875210699e-02
6.810000000000000497e+00,8.470779186843927500e-01,5.989508800445393633e-02
6.817500000000000782e+00,8.466939854906027074e-01,5.987854903617418484e-02
6.825000000000000178e+00,8.464659866609564043e-01,5.987073260798273650e-02
6.832500000000000462e+00,8.469876351063956310e-01,5.988824418411293343e-02
6.840000000000000746e+00,8.472507127360966450e-01,5.989820497265648663e-02
6.847500000000000142e+00,8.472709583297648450e-01,5.989967964373935777e-02
6.855000000000000426e+00,8.470631837565386624e-01,5.989177829418931148e-02
6.862500000000000711e+00,8.466413095821274659e-01,5.987405642106032738e-02
6.870000000000000995e+00,8.466191591410414663e-01,5.987150451510787202e-02
6.877500000000000391e+00,8.470930078936868002e-01,5.988814620444549847e-02
6.885000000000000675e+00,8.473100935260566846e-01,5.989707804546019060e-02
6.892500000000000959e+00,8.472860916163480471e-01,5.989736034738013526e-02
6.900000000000000355e+00,8.470357483099388851e-01,5.988811447993842851e-02
6.907500000000000639e+00,8.465729167697801927e-01,5.986912446896924811e-02
6.915000000000000924e+00,8.467716625983323642e-01,5.987250637117722679e-02
6.922500000000000320e+00,8.471938814733079859e-01,5.988813680523152883e-02
6.930000000000000604e+00,8.473614023905606807e-01,5.989588209415071945e-02
6.937500000000000888e+00,8.472898208751421523e-01,5.989479928219391958e-02
6.945000000000000284e+00,8.469938013038547098e-01,5.988403051448910885e-02
6.952500000000000568e+00,8.464871142075659494e-01,5.986382490600156148e-02
6.960000000000000853e+00,8.469210190232623336e-01,5.987368524645311080e-02
6.967500000000000249e+00,8.472879330156420918e-01,5.988815623263744198e-02
6.975000000000000533e+00,8.474024638916588525e-01,5.989455052067192697e-02
6.982500000000000817e+00,8.472801104408106410e-01,5.989192367025891750e-02
6.990000000000000213e+00,8.469354394268754360e-01,5.987945464311290877e-02
6.997500000000000497e+00,8.464903586128015300e-01,5.985864601068666829e-02
7.005000000000000782e+00,8.470646385890276964e-01,5.987498106419372051e-02
7.012500000000000178e+00,8.473727367357096751e-01,5.988813685078615834e-02
7.020000000000000462e+00,8.474310077729148016e-01,5.989300819168279222e-02
7.027500000000000746e+00,8.472548372895578606e-01,5.988865208774686588e-02
7.035000000000000142e+00,8.468586788388625664e-01,5.987431314099135593e-02
7.042500000000000426e+00,8.466906268561612547e-01,5.985718429911274924e-02
7.050000000000000711e+00,8.471998347929473594e-01,5.987632613097809003e-02
7.057500000000000995e+00,8.474457781414620472e-01,5.988800270634478395e-02
7.065000000000000391e+00,8.474446823516356142e-01,5.989117107061632528e-02
7.072500000000000675e+00,8.472118036133255981e-01,5.988489461438224748e-02
7.080000000000000959e+00,8.467614669656450266e-01,5.986854016046010835e-02
7.087500000000000355e+00,8.468831025866987439e-01,5.985984556935353140e-02
7.095000000000000639e+00,8.473238396614198864e-01,5.987764464306947337e-02
7.102500000000000924e+00,8.475044683182914040e-01,5.988766905464199680e-02
7.110000000000000320e+00,8.474410679234573029e-01,5.988894586348923743e-02
7.117500000000000604e+00,8.471487493856973972e-01,5.988055350916354769e-02
7.125000000000000888e+00,8.466416942676313617e-01,5.986210861564520563e-02
7.132500000000000284e+00,8.470647555769428294e-01,5.986263545091643351e-02
7.140000000000000568e+00,8.474338189204979610e-01,5.987885215218935464e-02
7.147500000000000853e+00,8.475461581572645287e-01,5.988704185614866088e-02
7.155000000000000249e+00,8.474176900922391065e-01,5.988622973854942216e-02
7.162500000000000533e+00,8.470633648377617897e-01,5.987552513959430722e-02
7.170000000000000817e+00,8.466682458716252579e-01,5.985516617174637538e-02
7.177500000000000213e+00,8.472324985819437160e-01,5.986539701399379992e-02
7.185000000000000497e+00,8.475268870364000007e-01,5.987985499327251604e-02
7.192500000000000782e+00,8.475681524371985187e-01,5.988601725952993893e-02
7.200000000000000178e+00,8.473720329409548668e-01,5.988291024407182972e-02
7.207500000000000462e+00,8.469533027650217871e-01,5.986970516124708042e-02
7.215000000000000746e+00,8.469004228073945262e-01,5.984935705522460847e-02
7.222500000000001030e+00,8.473832031763526285e-01,5.986803764939919309e-02
7.230000000000000426e+00,8.476001220334986597e-01,5.988054967840802933e-02
7.237500000000000711e+00,8.475677236738597964e-01,5.988448110336178076e-02
7.245000000000000995e+00,8.473015519624718106e-01,5.987886569931444997e-02
7.252500000000000391e+00,8.468161905896084418e-01,5.986300354264556534e-02
7.260000000000000675e+00,8.471152003431471345e-01,5.985220476756137470e-02
7.267500000000000959e+00,8.475137152877573188e-01,5.987045496748286122e-02
7.275000000000000355e+00,8.476505800007032576e-01,5.988082226534614111e-02
7.282500000000000639e+00,8.475421256530730751e-01,5.988230850317104170e-02
7.290000000000000924e+00,8.472036866725554116e-01,5.987396672256807550e-02
7.297500000000000320e+00,8.467231263438100841e-01,5.985539852531875094e-02
7.305000000000000604e+00,8.473091876117352372e-01,5.985632715527196279e-02
7.312500000000000888e+00,8.476208703345847750e-01,5.987253607740708472e-02
7.320000000000000284e+00,8.476753092005403500e-01,5.988054771908773305e-02
7.327500000000000568e+00,8.474886065676586755e-01,5.987936366845728747e-02
7.335000000000000853e+00,8.470758728303920959e-01,5.986808070628684558e-02
7.342500000000000249e+00,8.469869412561249478e-01,5.984725092978269295e-02
7.350000000000000533e+00,8.474789957849689914e-01,5.986019660263546677e-02
7.357500000000000817e+00,8.477015078788852076e-01,5.987415687079878507e-02
7.365000000000000213e+00,8.476713636970102383e-01,5.987958930819654857e-02
7.372500000000000497e+00,8.474044216798152229e-01,5.987550028206287817e-02
7.380000000000000782e+00,8.469155541934103582e-01,5.986108513095304146e-02
7.387500000000000178e+00,8.472254970183983325e-01,5.984438173605244327e-02
7.395000000000000462e+00,8.476212532292092261e-01,5.986369022228718584e-02
7.402500000000000746e+00,8.477524857030787064e-01,5.987518128781739446e-02
7.410000000000001030e+00,8.476358164170766374e-01,5.987779812961643855e-02
7.417500000000000426e+00,8.472868454293532858e-01,5.987056327249561799e-02
7.425000000000000711e+00,8.468610606724232825e-01,5.985291507487100482e-02
7.432500000000000995e+00,8.474352090164291029e-01,5.984966945940924099e-02
7.440000000000000391e+00,8.477326199742990509e-01,5.986667324746797886e-02
7.447500000000000675e+00,8.477706932132095252e-01,5.987546059839914114e-02
7.455000000000000959e+00,8.475657715550145577e-01,5.987501297652268045e-02
7.462500000000000355e+00,8.471331829037443972e-01,5.986439433478089184e-02
7.470000000000000639e+00,8.471441767136378420e-01,5.984382927592488133e-02
7.477500000000000924e+00,8.476125387420192503e-01,5.985457032582278125e-02
7.485000000000000320e+00,8.478098013773252006e-01,5.986899805021064780e-02
7.492500000000000604e+00,8.477530640595766220e-01,5.987483277573656809e-02
7.500000000000000888e+00,8.474583762204118687e-01,5.987106106323199922e-02
7.507500000000000284e+00,8.469407805815939438e-01,5.985684931206751436e-02
7.515000000000000568e+00,8.473931436461409339e-01,5.983941460079343633e-02
7.522500000000000853e+00,8.477540075979039802e-01,5.985889932567256544e-02
7.530000000000000249e+00,8.478495608452085719e-01,5.987050339377377600e-02
7.537500000000000533e+00,8.476965878554086897e-01,5.987312213560515989e-02
7.545000000000000817e+00,8.473108312288447630e-01,5.986576095587435586e-02
7.552500000000000213e+00,8.470754696047536614e-01,5.984786592392270926e-02
7.560000000000000497e+00,8.476042995365699051e-01,5.984562364671306561e-02
7.567500000000000782e+00,8.478562095588186853e-01,5.986249658713854727e-02
7.575000000000000178e+00,8.478487314759179938e-01,5.987101379734637713e-02
7.582500000000000462e+00,8.475983208850456085e-01,5.987013963739837991e-02
7.590000000000000746e+00,8.471204009612701702e-01,5.985893183051477218e-02
7.597500000000001030e+00,8.473617885173022612e-01,5.983793515128915663e-02
7.605000000000000426e+00,8.477740700764417880e-01,5.985125815623822815e-02
7.612500000000000711e+00,8.479158225385104997e-01,5.986518791834338077e-02
7.620000000000000995e+00,8.478042265215134377e-01,5.987033917838367053e-02
7.627500000000000391e+00,8.474553957622636968e-01,5.986568481746293302e-02
7.635000000000000675e+00,8.470277109049592079e-01,5.985042517628087061e-02
7.642500000000000959e+00,8.476043157558208474e-01,5.983720730725707038e-02
7.650000000000000355e+00,8.478989794329105933e-01,5.985607713959944370e-02
7.657500000000000639e+00,8.479296184228228839e-01,5.986678434900957746e-02
7.665000000000000924e+00,8.477130487224950883e-01,5.986827511487694681e-02
7.672500000000000320e+00,8.472650301819779628e-01,5.985955209221307388e-02
7.680000000000000604e+00,8.473482328804048391e-01,5.984027663324614776e-02
7.687500000000000888e+00,8.477994229366697665e-01,5.984408834367255237e-02
7.695000000000000284e+00,8.479756596784310263e-01,5.985989363850086065e-02
7.702500000000000568e+00,8.478944719991757806e-01,5.986708199037736600e-02
7.710000000000000853e+00,8.475722988762357524e-01,5.986460451173146458e-02
7.717500000000000249e+00,8.470245352630549895e-01,5.985155106444321749e-02
7.725000000000000533e+00,8.476184732231409891e-01,5.983091514128530825e-02
7.732500000000000817e+00,8.479436034142502354e-01,5.985006394340171981e-02
7.740000000000000213e+00,8.480008593485165447e-01,5.986250605276367126e-02
7.747500000000000497e+00,8.478073695027161794e-01,5.986586248223288442e-02
7.755000000000000782e+00,8.473791845293945357e-01,5.985910278933866818e-02
7.762500000000001066e+00,8.473575434213612700e-01,5.984158936941653961e-02
7.770000000000000462e+00,8.478347868498479212e-01,5.983766845083708652e-02
7.777500000000000746e+00,8.480334807245167861e-01,5.985493425441550108e-02
7.785000000000001030e+00,8.479714523767528656e-01,5.986369824705869286e-02
7.792500000000000426e+00,8.476654182180191066e-01,5.986289465295702161e-02
7.800000000000000711e+00,8.471310304130753588e-01,5.985155373211054064e-02
7.807500000000000995e+00,8.476506210616171488e-01,5.983035121139052698e-02
7.815000000000000391e+00,8.479936729738286605e-01,5.984473265362420802e-02
7.822500000000000675e+00,8.480658186986961278e-01,5.985848679581627640e-02
7.830000000000000959e+00,8.478844495451265395e-01,5.986324004808331323e-02
7.837500000000000355e+00,8.474658594332838968e-01,5.985793917372263934e-02
7.845000000000000639e+00,8.473925751910941218e-01,5.984180916294023350e-02
7.852500000000000924e+00,8.478828254926448205e-01,5.983224615170299604e-02
7.860000000000000320e+00,8.480917877012986716e-01,5.985058746474484354e-02
7.867500000000000604e+00,8.480375361839151971e-01,5.986049504189958764e-02
7.875000000000000888e+00,8.477370154740913044e-01,5.986088861732070943e-02
7.882500000000000284e+00,8.472060878278599994e-01,5.985076237011367067e-02
7.890000000000000568e+00,8.477023596996405841e-01,5.983018231085968780e-02
7.897500000000000853e+00,8.480507082413064612e-01,5.984034009834837686e-02
7.905000000000000249e+00,8.481259639905285308e-01,5.985501071351067431e-02
7.912500000000000533e+00,8.479457300483725923e-01,5.986071834310287276e-02
7.920000000000000817e+00,8.475264947445309005e-01,5.985639238487541064e-02
7.927500000000000213e+00,8.474537013307409383e-01,5.984118734985116594e-02
7.935000000000000497e+00,8.479439339407266463e-01,5.982806611413169634e-02
7.942500000000000782e+00,8.481510249648712696e-01,5.984712186648456084e-02
7.950000000000001066e+00,8.480932430526173516e-01,5.985776537302940625e-02
7.957500000000000462e+00,8.477877102643995855e-01,5.985890234105865904e-02
7.965000000000000746e+00,8.472504506203841768e-01,5.984950373255180922e-02
7.972500000000001030e+00,8.477727912935770771e-01,5.982940973695068804e-02
7.980000000000000426e+00,8.481139888986650721e-01,5.983714424025589340e-02
7.987500000000000711e+00,8.481807778551888610e-01,5.985235740341955657e-02
7.995000000000000995e+00,8.479909206807629829e-01,5.985859815527849737e-02
8.002500000000001279e+00,8.475610500003714076e-01,5.985478187239816339e-02
8.009999999999999787e+00,8.475385406468263216e-01,5.984002889672534325e-02
8.017500000000000071e+00,8.480160685907149887e-01,5.982537813583841541e-02
8.025000000000000355e+00,8.482095105604456897e-01,5.984480442863234634e-02
8.032500000000000639e+00,8.481372752398167458e-01,5.985579438605708597e-02
8.040000000000000924e+00,8.478166102185880071e-01,5.985723864351500528e-02
8.047500000000001208e+00,8.472636516469943535e-01,5.984809359162893833e-02
8.055000000000001492e+00,8.478583790721644364e-01,5.982814557107009323e-02
8.062500000000000000e+00,8.481805337675912826e-01,5.983539589452953333e-02
8.070000000000000284e+00,8.482278541437715536e-01,5.985079220253940874e-02
8.077500000000000568e+00,8.480182081202976008e-01,5.985715948802789593e-02
8.085000000000000853e+00,8.475683209849314004e-01,5.985340176445999583e-02
8.092500000000001137e+00,8.476418919238863925e-01,5.983863163450838657e-02
8.100000000000001421e+00,8.480948157028841417e-01,5.982440225686772028e-02
8.107499999999999929e+00,8.482636321128950163e-01,5.984387218011118226e-02
8.115000000000000213e+00,8.481668336869844227e-01,5.985483010840301349e-02
8.122500000000000497e+00,8.478217397736164118e-01,5.985615719243130017e-02
8.130000000000000782e+00,8.473673863980754062e-01,5.984680293390053779e-02
8.137500000000001066e+00,8.479531561631353798e-01,5.982663639467980521e-02
8.145000000000001350e+00,8.482454386816329350e-01,5.983529131886016622e-02
8.152499999999999858e+00,8.482633542254656156e-01,5.985051850876878243e-02
8.160000000000000142e+00,8.480248200881460585e-01,5.985661423428098593e-02
8.167500000000000426e+00,8.475466007854073336e-01,5.985247404405383970e-02
8.175000000000000711e+00,8.477561411829246385e-01,5.983722978535651466e-02
8.182500000000000995e+00,8.481739168428039655e-01,5.982528193410357326e-02
8.190000000000001279e+00,8.483084764792065968e-01,5.984446868675944581e-02
8.197499999999999787e+00,8.481783381296699176e-01,5.985502162319769615e-02
8.205000000000000071e+00,8.478008372542510385e-01,5.985581513343832261e-02
8.212500000000000355e+00,8.475040986485916639e-01,5.984580089600904235e-02
8.220000000000000639e+00,8.480494819605663981e-01,5.982512300776696851e-02
8.227500000000000924e+00,8.483027083164268456e-01,5.983689815625756886e-02
8.235000000000001208e+00,8.482828981948168368e-01,5.985160708143818370e-02
8.242500000000001492e+00,8.480079604843864249e-01,5.985703975576482649e-02
8.250000000000000000e+00,8.474946440719569596e-01,5.985208722506843437e-02
8.257500000000000284e+00,8.478722829950423590e-01,5.983593759709907034e-02
8.265000000000000568e+00,8.482463218102639368e-01,5.982799723178759688e-02
8.272500000000000853e+00,8.483388971538201595e-01,5.984657227835266796e-02
8.280000000000001137e+00,8.481684928858885808e-01,5.985635341354105660e-02
8.287500000000001421e+00,8.477524039949855261e-01,5.985620845731029482e-02
8.294999999999999929e+00,8.476421679960344235e-01,5.984510418833573903e-02
8.302500000000000213e+00,8.481393195079389713e-01,5.982390372726677924e-02
8.310000000000000497e+00,8.483464911153927313e-01,5.984009157710488275e-02
8.317500000000000782e+00,8.482827423234239328e-01,5.985393998140498689e-02
8.325000000000001066e+00,8.479659157382958279e-01,5.985833138370742074e-02
8.332500000000001350e+00,8.474126900599237011e-01,5.985215824338110252e-02
8.339999999999999858e+00,8.479814054902997666e-01,5.983472720018277041e-02
8.347500000000000142e+00,8.483055658435081359e-01,5.983231268708299327e-02
8.355000000000000426e+00,8.483507716634589579e-01,5.984995812178368207e-02
8.362500000000000711e+00,8.481354140721633073e-01,5.985861701329032308e-02
8.370000000000000995e+00,8.476766925485771376e-01,5.985715372068820678e-02
8.377500000000001279e+00,8.477719624773998319e-01,5.984457039861820760e-02
8.385000000000001563e+00,8.482157122327192988e-01,5.982428111857962527e-02
8.392500000000000071e+00,8.483723725273861760e-01,5.984454144494819050e-02
8.400000000000000355e+00,8.482608834275134901e-01,5.985720764031852992e-02
8.407500000000000639e+00,8.478989665152887323e-01,5.986020948894470173e-02
8.415000000000000924e+00,8.475100357865518186e-01,5.985244983218915987e-02
8.422500000000001208e+00,8.480762077795129805e-01,5.983347705925094739e-02
8.430000000000001492e+00,8.483470443282742357e-01,5.983780047972104416e-02
8.437500000000000000e+00,8.483420345716060629e-01,5.985422424223246773e-02
8.445000000000000284e+00,8.480794233459842957e-01,5.986144614086510995e-02
8.452500000000000568e+00,8.475762648737573679e-01,5.985833197069767575e-02
8.460000000000000853e+00,8.478860045529599265e-01,5.984395292957741391e-02
8.467500000000001137e+00,8.482739792841863524e-01,5.982982848116719793e-02
8.475000000000001421e+00,8.483782868650382447e-01,5.984976754386271691e-02
8.482499999999999929e+00,8.482176965414114367e-01,5.986097153560056283e-02
8.490000000000000213e+00,8.478097614028741180e-01,5.986228881851674705e-02
8.497500000000000497e+00,8.476437237174517803e-01,5.985264616371983870e-02
8.505000000000000782e+00,8.481520536775815078e-01,5.983213398954764090e-02
8.512500000000001066e+00,8.483687565682980214e-01,5.984392064413689843e-02
8.520000000000001350e+00,8.483131273757061885e-01,5.985887806219972185e-02
8.527499999999999858e+00,8.480032203976658467e-01,5.986440724324317009e-02
8.535000000000000142e+00,8.474559041153889583e-01,5.985938217854336330e-02
8.542500000000000426e+00,8.479798252116270696e-01,5.984300236595118533e-02
8.550000000000000711e+00,8.483122512426705120e-01,5.983675234416072075e-02
8.557500000000000995e+00,8.483647567176426652e-01,5.985524370092266261e-02
8.565000000000001279e+00,8.481558999076960204e-01,5.986476937026474765e-02
8.572500000000001563e+00,8.477030289889644354e-01,5.986418329139134298e-02
8.580000000000000071e+00,8.477555359385584577e-01,5.985245665090040829e-02
8.587500000000000355e+00,8.482072698923966980e-01,5.983133993406997836e-02
8.595000000000000639e+00,8.483713228039727605e-01,5.985013448223181626e-02
8.602500000000000924e+00,8.482667602269926554e-01,5.986344822734413623e-02
8.610000000000001208e+00,8.479114142756263295e-01,5.986710785337830132e-02
8.617500000000001492e+00,8.474771199328831051e-01,5.986000464155805112e-02
8.625000000000000000e+00,8.480520081574458580e-01,5.984158010209886247e-02
8.632500000000000284e+00,8.483312643817113585e-01,5.984360742515850567e-02
8.640000000000000568e+00,8.483344653799609336e-01,5.986050791320062653e-02
8.647500000000000853e+00,8.480799321423985182e-01,5.986821905610612005e-02
8.655000000000001137e+00,8.475847847980229055e-01,5.986560226434602811e-02
8.662500000000001421e+00,8.478443676142767282e-01,5.985170448560264006e-02
8.669999999999999929e+00,8.482427283453629618e-01,5.983572860197953341e-02
8.677500000000000213e+00,8.483573894706636365e-01,5.985600529301606659e-02
8.685000000000000497e+00,8.482071665325607857e-01,5.986757713276074505e-02
8.692500000000000782e+00,8.478096518154771832e-01,5.986927947338312878e-02
8.700000000000001066e+00,8.475819680895001484e-01,5.986003291189710002e-02
8.707500000000001350e+00,8.481035808042238777e-01,5.983977450409670024e-02
8.714999999999999858e+00,8.483336268425795135e-01,5.984999217614937056e-02
8.722500000000000142e+00,8.482914227172783095e-01,5.986523792171825203e-02
8.730000000000000426e+00,8.479950401384409586e-01,5.987108355098108570e-02
8.737500000000000711e+00,8.474613615265917943e-01,5.986640342963672756e-02
8.745000000000000995e+00,8.479114204304463165e-01,5.985036940112671566e-02
8.752500000000001279e+00,8.482610048835423910e-01,5.984251757166171581e-02
8.760000000000001563e+00,8.483307398084836137e-01,5.986125351539547945e-02
8.767500000000000071e+00,8.481391843718588675e-01,5.987106504893210945e-02
8.775000000000000355e+00,8.477036866827650785e-01,5.987080980407248620e-02
8.782500000000000639e+00,8.476635929543044901e-01,5.985945335837018072e-02
8.790000000000000924e+00,8.481370983050595669e-01,5.983819887781995084e-02
8.797500000000001208e+00,8.483229050206361199e-01,5.985567362522922069e-02
8.805000000000001492e+00,8.482400684539492808e-01,5.986927400493945867e-02
8.812500000000000000e+00,8.479064118237715775e-01,5.987328255093151558e-02
8.820000000000000284e+00,8.473572057742015939e-01,5.986659281410087324e-02
8.827500000000000568e+00,8.479592438120550080e-01,5.984858167420181729e-02
8.835000000000000853e+00,8.482654685463211219e-01,5.984854716207710368e-02
8.842500000000001137e+00,8.482954408555677395e-01,5.986575939199076379e-02
8.850000000000001421e+00,8.480674691525814657e-01,5.987386303715035163e-02
8.857499999999999929e+00,8.475986640678838668e-01,5.987172568818429491e-02
8.865000000000000213e+00,8.477245542352830343e-01,5.985837794144262952e-02
8.872500000000000497e+00,8.481557580634073723e-01,5.984005091265784393e-02
8.880000000000000782e+00,8.483028295366648042e-01,5.986056973388773766e-02
8.887500000000001066e+00,8.481845729102719389e-01,5.987259610069773502e-02
8.895000000000001350e+00,8.478185737351077167e-01,5.987486166336377508e-02
8.902499999999999858e+00,8.474299313987370130e-01,5.986628596315679562e-02
8.910000000000000142e+00,8.479908920921250814e-01,5.984659040647483108e-02
8.917500000000000426e+00,8.482595558316066153e-01,5.985375416655536185e-02
8.925000000000000711e+00,8.482552338115434409e-01,5.986952801475020625e-02
8.932500000000000995e+00,8.479959982077003300e-01,5.987603215197678103e-02
8.940000000000001279e+00,8.474987369357288580e-01,5.987214674546847970e-02
8.947500000000001563e+00,8.477677916419598114e-01,5.985699240606247307e-02
8.955000000000000071e+00,8.481627466619306999e-01,5.984536393109720492e-02
8.962500000000000355e+00,8.482767718216110975e-01,5.986470633869699076e-02
8.970000000000000639e+00,8.481284380270420753e-01,5.987527691997310275e-02
8.977500000000000924e+00,8.477351109057867928e-01,5.987594216829844607e-02
8.985000000000001208e+00,8.474831898067056724e-01,5.986565462264799298e-02
8.992500000000001492e+00,8.480093446997117868e-01,5.984475197197038771e-02
9.000000000000000000e+00,8.482463268708271276e-01,5.985818052317375820e-02
9.007500000000000284e+00,8.482132183433830352e-01,5.987263994794702476e-02
9.015000000000000568e+00,8.479278753486301223e-01,5.987769260993213577e-02
9.022500000000000853e+00,8.474069829935430009e-01,5.987223360203263595e-02
9.030000000000001137e+00,8.477961163079728024e-01,5.985550359986314267e-02
9.037500000000001421e+00,8.481608673126943554e-01,5.985000284695466549e-02
9.044999999999999929e+00,8.482474978607584815e-01,5.986816833943788690e-02
9.052500000000000213e+00,8.480743679320671413e-01,5.987743320350081416e-02
9.060000000000000497e+00,8.476586450948246920e-01,5.987667294005021706e-02
9.067500000000000782e+00,8.475196572536994877e-01,5.986487966438172603e-02
9.075000000000001066e+00,8.480171961052211937e-01,5.984365554487219158e-02
9.082500000000001350e+00,8.482282754565911853e-01,5.986191241789777517e-02
9.089999999999999858e+00,8.481717723240840279e-01,5.987520654672071757e-02
9.097500000000000142e+00,8.478653504614360736e-01,5.987898090046159250e-02
9.105000000000000426e+00,8.473255148214947630e-01,5.987214732774612247e-02
9.112500000000000711e+00,8.478119548287657015e-01,5.985410068710429049e-02
9.120000000000000995e+00,8.481523945828629563e-01,5.985392635022204755e-02
9.127500000000001279e+00,8.482171229492475595e-01,5.987106034122840342e-02
9.135000000000001563e+00,8.480243137319014579e-01,5.987918886417895742e-02
9.142500000000000071e+00,8.475909602768811890e-01,5.987719662035810575e-02
9.150000000000000355e+00,8.475416257448324941e-01,5.986412055479752720e-02
9.157500000000000639e+00,8.480165456494191956e-01,5.984465157612022662e-02
9.165000000000000924e+00,8.482073076774373499e-01,5.986504685909317669e-02
9.172500000000001208e+00,8.481326095900043605e-01,5.987733939181237586e-02
9.180000000000001492e+00,8.478099474309381822e-01,5.988002254341288910e-02
9.187500000000000000e+00,8.472556697048145846e-01,5.987202595794460791e-02
9.195000000000000284e+00,8.478172666449041994e-01,5.985293381464086571e-02
9.202500000000000568e+00,8.481390687002196005e-01,5.985722320130116431e-02
9.210000000000000853e+00,8.481871738850204068e-01,5.987348218170331082e-02
9.217500000000001137e+00,8.479795953092529315e-01,5.988065383491366495e-02
9.225000000000001421e+00,8.475331764717838334e-01,5.987763217687785966e-02
9.232499999999999929e+00,8.475509422736080545e-01,5.986350182266701042e-02
9.240000000000000213e+00,8.480090018729847801e-01,5.984766538796871399e-02
9.247500000000000497e+00,8.481848031792007525e-01,5.986767277139786597e-02
9.255000000000000782e+00,8.480968907123802580e-01,5.987913449834927904e-02
9.262500000000001066e+00,8.477626176902116617e-01,5.988091972286928993e-02
9.270000000000001350e+00,8.472138018852898300e-01,5.987197589017614896e-02
9.277500000000001634e+00,8.478135547993759236e-01,5.985210621523891911e-02
9.285000000000000142e+00,8.481221529991916919e-01,5.985997238726226133e-02
9.292500000000000426e+00,8.481586866411231496e-01,5.987551765100768142e-02
9.300000000000000711e+00,8.479410334015556883e-01,5.988191580986695906e-02
9.307500000000000995e+00,8.474859110024810516e-01,5.987806992266034994e-02
9.315000000000001279e+00,8.475490239163818718e-01,5.986311161507194140e-02
9.322500000000001563e+00,8.479957350489726320e-01,5.985044909802394314e-02
9.330000000000000071e+00,8.481616996553338339e-01,5.986986335387672192e-02
9.337500000000000355e+00,8.480653345436940382e-01,5.988066724227820992e-02
9.345000000000000639e+00,8.477238744511063073e-01,5.988174896190193164e-02
9.352500000000000924e+00,8.472115508109695492e-01,5.987207258202762589e-02
9.360000000000001208e+00,8.478019136136030198e-01,5.985167376435487213e-02
9.367500000000001492e+00,8.481025063938899544e-01,5.986223803779640307e-02
9.375000000000000000e+00,8.481322996088869193e-01,5.987723177776987232e-02
9.382500000000000284e+00,8.479090600469165739e-01,5.988303976956332875e-02
9.390000000000000568e+00,8.474494029931516348e-01,5.987857344537956400e-02
9.397500000000000853e+00,8.475369013508259330e-01,5.986300651326414285e-02
9.405000000000001137e+00,8.479775394503860086e-01,5.985271477860919925e-02
9.412500000000001421e+00,8.481385706349889864e-01,5.987167502639286626e-02
9.419999999999999929e+00,8.480383086854177410e-01,5.988199308584273017e-02
9.427500000000000213e+00,8.476938933602110593e-01,5.988256372400622279e-02
9.435000000000000497e+00,8.471967546361984791e-01,5.987236528043168166e-02
9.442500000000000782e+00,8.477830827668421110e-01,5.985164892302368561e-02
9.450000000000001066e+00,8.480806486888439188e-01,5.986406946840608367e-02
9.457500000000001350e+00,8.481083279327810143e-01,5.987867225601332249e-02
9.465000000000001634e+00,8.478838000215015436e-01,5.988407084832570587e-02
9.472500000000000142e+00,8.474236002425679093e-01,5.987918402632240455e-02
9.480000000000000426e+00,8.475152666784288025e-01,5.986321829794198635e-02
9.487500000000000711e+00,8.479548889709123127e-01,5.985449447452594746e-02
9.495000000000000995e+00,8.481156872309291161e-01,5.987314919555630777e-02
9.502500000000001279e+00,8.480158959198398350e-01,5.988315043350257716e-02
9.510000000000001563e+00,8.476725823735059562e-01,5.988339841040506151e-02
9.517500000000000071e+00,8.471700627180706045e-01,5.987288239817058211e-02
9.525000000000000355e+00,8.477574956454303479e-01,5.985201116350444273e-02
9.532500000000000639e+00,8.480568128024332797e-01,5.986550303799197809e-02
9.540000000000000924e+00,8.480868185557423056e-01,5.987987211825936823e-02
9.547500000000001208e+00,8.478651278108643163e-01,5.988503784741652791e-02
9.555000000000001492e+00,8.474082173630056447e-01,5.987992507077929266e-02
9.562500000000000000e+00,8.474845164804848396e-01,5.986376030491345063e-02
9.570000000000000284e+00,8.479279823349238354e-01,5.985581999510918016e-02
9.577500000000000568e+00,8.480930647628729391e-01,5.987431465465365560e-02
9.585000000000000853e+00,8.479979416242421353e-01,5.988416364998520869e-02
9.592500000000001137e+00,8.476596294418820010e-01,5.988427202360518953e-02
9.600000000000001421e+00,8.471318373680500891e-01,5.987363602057892142e-02
9.607499999999999929e+00,8.477253195097955718e-01,5.985272703622641216e-02
9.615000000000000213e+00,8.480309853003656917e-01,5.986656424225954287e-02
9.622500000000000497e+00,8.480675907081361986e-01,5.988085228605029287e-02
9.630000000000000782e+00,8.478527077186546190e-01,5.988595625233584380e-02
9.637500000000001066e+00,8.474027752376395162e-01,5.988080563983581156e-02
9.645000000000001350e+00,8.474447884296114619e-01,5.986463238683758376e-02
9.652500000000001634e+00,8.478967793112823781e-01,5.985671428235079389e-02
9.660000000000000142e+00,8.480704983228017912e-01,5.987518971693809450e-02
9.667500000000000426e+00,8.479840884901972409e-01,5.988504553884061582e-02
9.675000000000000711e+00,8.476545362322003285e-01,5.988519100353066615e-02
9.682500000000000995e+00,8.470977231423096887e-01,5.987462521532671555e-02
9.690000000000001279e+00,8.476864886896673390e-01,5.985377362070198187e-02
9.697500000000001563e+00,8.480029385137841658e-01,5.986726948976760915e-02
9.705000000000000071e+00,8.480502668531223476e-01,5.988162360868562462e-02
9.712500000000000355e+00,8.478460235739833095e-01,5.988683053682299084e-02
9.720000000000000639e+00,8.474066294499538188e-01,5.988182303577586907e-02
9.727500000000000924e+00,8.473959923949747619e-01,5.986582423156409233e-02
9.735000000000001208e+00,8.478610304436369205e-01,5.985719244011554474e-02
9.742500000000001492e+00,8.480475911080975759e-01,5.987578390233418146e-02
9.750000000000000000e+00,8.479738034566611793e-01,5.988579923587811910e-02
9.757500000000000284e+00,8.476566436730603726e-01,5.988615132807181829e-02
9.765000000000000568e+00,8.471119863731467747e-01,5.987583834604484623e-02
9.772500000000000853e+00,8.476407326677286580e-01,5.985514887658949928e-02
9.780000000000001137e+00,8.479722570756123012e-01,5.986762751113944986e-02
9.787500000000001421e+00,8.480342977165075125e-01,5.988218844122629447e-02
9.794999999999999929e+00,8.478444023041858957e-01,5.988765590805227024e-02
9.802500000000000213e+00,8.474189924550999953e-01,5.988296469917170350e-02
9.810000000000000497e+00,8.473378373864054458e-01,5.986731720207823237e-02
9.817500000000000782e+00,8.478203023501064139e-01,5.985726292005911359e-02
9.825000000000001066e+00,8.480237781475359338e-01,5.987609927405122129e-02
9.832500000000001350e+00,8.479663999366319205e-01,5.988641968835089341e-02
9.840000000000001634e+00,8.476651527584020407e-01,5.988714012544103793e-02
9.847500000000000142e+00,8.471359223704000296e-01,5.987725471756463053e-02
9.855000000000000426e+00,8.475876005205699171e-01,5.985686154233925416e-02
9.862500000000000711e+00,8.479383607478383489e-01,5.986764051079255383e-02
9.870000000000000995e+00,8.480189835911848828e-01,5.988254192262739556e-02
9.877500000000001279e+00,8.478470338062723544e-01,5.988841970684084803e-02
9.885000000000001563e+00,8.474389521062953845e-01,5.988420969075210210e-02
9.892500000000000071e+00,8.472698553883528660e-01,5.986908514962988731e-02
9.900000000000000355e+00,8.477739999220658129e-01,5.985692881881656685e-02
9.907500000000000639e+00,8.479983469662940587e-01,5.987613156294727124e-02
9.915000000000000924e+00,8.479610570467498443e-01,5.988689489296419866e-02
9.922500000000001208e+00,8.476791424365740513e-01,5.988813700980773203e-02
9.930000000000001492e+00,8.471685174868713863e-01,5.987884583894439311e-02
9.937500000000000000e+00,8.475264826680194430e-01,5.985891304630671511e-02
9.945000000000000284e+00,8.479005246342328217e-01,5.986730517158005138e-02
9.952500000000000568e+00,8.480034931167983459e-01,5.988267308706687886e-02
9.960000000000000853e+00,8.478529883924236232e-01,5.988910261999231405e-02
9.967500000000001137e+00,8.474654878602410069e-01,5.988552995073649632e-02
9.975000000000001421e+00,8.471914227788231999e-01,5.987109477372695027e-02
9.982499999999999929e+00,8.477213862086864227e-01,5.985619349590885763e-02
9.990000000000000213e+00,8.479704560424652371e-01,5.987587117737839387e-02
9.997500000000000497e+00,8.479568367369039184e-01,5.988720700511637046e-02
1.000500000000000078e+01,8.476975855087115486e-01,5.988911527137246588e-02
1.001250000000000107e+01,8.472086621399183004e-01,5.988057650597337217e-02
1.002000000000000135e+01,8.474566305130658561e-01,5.986128664811799643e-02
1.002750000000000163e+01,8.478578973986518053e-01,5.986661358097401797e-02
1.003500000000000014e+01,8.479868801784878896e-01,5.988256588581408052e-02
1.004250000000000043e+01,8.478612324655367960e-01,5.988967979231794164e-02
1.005000000000000071e+01,8.474974853200442082e-01,5.988689144632352440e-02
1.005750000000000099e+01,8.471017797829133444e-01,5.987330600712657824e-02
1.006500000000000128e+01,8.476616004555905803e-01,5.985516492061286609e-02
1.007250000000000156e+01,8.479391515331275997e-01,5.987530414947686563e-02
1.008000000000000007e+01,8.479526993001058610e-01,5.988733337584838112e-02
1.008750000000000036e+01,8.477193630129372659e-01,5.989004298691661538e-02
1.009500000000000064e+01,8.472551641548524692e-01,5.988240582457772521e-02
1.010250000000000092e+01,8.473771743433139436e-01,5.986394666320431907e-02
1.011000000000000121e+01,8.478095178600811854e-01,5.986555411057569581e-02
1.011750000000000149e+01,8.479680992916152071e-01,5.988220015437610566e-02
1.012500000000000000e+01,8.478706427838438309e-01,5.989012187735714282e-02
1.013250000000000028e+01,8.475337494642568581e-01,5.988825526118216058e-02
1.014000000000000057e+01,8.470000482699607813e-01,5.987567267257817155e-02
1.014750000000000085e+01,8.475936746007131095e-01,5.985507017106436733e-02
1.015500000000000114e+01,8.479033825645581057e-01,5.987441303775307283e-02
1.016250000000000142e+01,8.479475175468318415e-01,5.988724753833704617e-02
1.017000000000000171e+01,8.477432773669402177e-01,5.989088407763562549e-02
1.017750000000000021e+01,8.473067609542539458e-01,5.988428823313584476e-02
1.018500000000000050e+01,8.472871397538950244e-01,5.986684276454733167e-02
1.019250000000000078e+01,8.477543302132835024e-01,5.986411225905734906e-02
1.020000000000000107e+01,8.479460197094780272e-01,5.988155253582017751e-02
1.020750000000000135e+01,8.478800195393402239e-01,5.989039603946379187e-02
1.021500000000000163e+01,8.475730167741607479e-01,5.988957864732304820e-02
1.022250000000000014e+01,8.470406237491502344e-01,5.987814343804660072e-02
1.023000000000000043e+01,8.475165484471740562e-01,5.985709217629959361e-02
1.023750000000000071e+01,8.478620152938114440e-01,5.987317779009027757e-02
1.024500000000000099e+01,8.479400898385606178e-01,5.988692014860101664e-02
1.025250000000000128e+01,8.477680644512617381e-01,5.989159932108647361e-02
1.026000000000000156e+01,8.473621307636389766e-01,5.988617453753843772e-02
1.026750000000000007e+01,8.471854627926261871e-01,5.986991495001708213e-02
1.027500000000000036e+01,8.476911980630745802e-01,5.986227146660930837e-02
1.028250000000000064e+01,8.479194384295889453e-01,5.988059736038327252e-02
1.029000000000000092e+01,8.478880984136161203e-01,5.989046690790691269e-02
1.029750000000000121e+01,8.476139664114987760e-01,5.989081604171895418e-02
1.030500000000000149e+01,8.471127536247631262e-01,5.988066297471317939e-02
1.031250000000000000e+01,8.474290836882590883e-01,5.986020100055969989e-02
1.032000000000000028e+01,8.478138459046238307e-01,5.987157656471343847e-02
1.032750000000000057e+01,8.479291521319325398e-01,5.988631987804938356e-02
1.033500000000000085e+01,8.477924047739319180e-01,5.989214731506295464e-02
1.034250000000000114e+01,8.474199029638217473e-01,5.988801294692038674e-02
1.035000000000000142e+01,8.470710039934062907e-01,5.987309750130007796e-02
1.035750000000000171e+01,8.476189174264390225e-01,5.986001521853297896e-02
1.036500000000000021e+01,8.478870922417449663e-01,5.987930747755951244e-02
1.037250000000000050e+01,8.478935617439946615e-01,5.989029747899604628e-02
1.038000000000000078e+01,8.476552305699612821e-01,5.989192004117749324e-02
1.038750000000000107e+01,8.471879230280813244e-01,5.988317319436232272e-02
1.039500000000000135e+01,8.473300769323234283e-01,5.986379890067518306e-02
1.040250000000000163e+01,8.477576126749504226e-01,5.986958650474284022e-02
1.041000000000000014e+01,8.479133891610626250e-01,5.988541425328153950e-02
1.041750000000000043e+01,8.478149338348359709e-01,5.989248538769995078e-02
1.042500000000000071e+01,8.474786677000504254e-01,5.988975008691315577e-02
1.043250000000000099e+01,8.469425614404505476e-01,5.987632180499687790e-02
1.044000000000000128e+01,8.475362288351686590e-01,5.985756936699837549e-02
1.044750000000000156e+01,8.478476689412347556e-01,5.987765503603444811e-02
1.045500000000000007e+01,8.478950489147021319e-01,5.988984996101948122e-02
1.046250000000000036e+01,8.476954041071036450e-01,5.989284232555062287e-02
1.047000000000000064e+01,8.472646857779293494e-01,5.988561446656763543e-02
1.047750000000000092e+01,8.472182718561691583e-01,5.986763273331794505e-02
1.048500000000000121e+01,8.476920072358861136e-01,5.986718446195335441e-02
1.049250000000000149e+01,8.478914448695080708e-01,5.988417043844797977e-02
1.050000000000000000e+01,8.478342517937066392e-01,5.989257044736098073e-02
1.050750000000000028e+01,8.475369848445623022e-01,5.989133196624765731e-02
1.051500000000000057e+01,8.470151391575797550e-01,5.987951833729181911e-02
1.052250000000000085e+01,8.474418286553870860e-01,5.985848904335314136e-02
1.053000000000000114e+01,8.477998178157143405e-01,5.987561220732591505e-02
1.053750000000000142e+01,8.478911660742614043e-01,5.988908655712494450e-02
1.054500000000000171e+01,8.477330535510474441e-01,5.989353451925086974e-02
1.055250000000000021e+01,8.473415719249693945e-01,5.988792675315382508e-02
1.056000000000000050e+01,8.470923706001471931e-01,5.987155299119700791e-02
1.056750000000000078e+01,8.476156851275984394e-01,5.986434767219914882e-02
1.057500000000000107e+01,8.478619321904533601e-01,5.988255595630984779e-02
1.058250000000000135e+01,8.478489325336143745e-01,5.989235976659503663e-02
1.059000000000000163e+01,8.475933923983801632e-01,5.989270487689987710e-02
1.059750000000000014e+01,8.471109514226107251e-01,5.988261810470092705e-02
1.060500000000000043e+01,8.473343797267435251e-01,5.986225622625228338e-02
1.061250000000000071e+01,8.477421595016114697e-01,5.987315185006258228e-02
1.062000000000000099e+01,8.478804952684740881e-01,5.988797018237542596e-02
1.062750000000000128e+01,8.477667255653356104e-01,5.989394898281508173e-02
1.063500000000000156e+01,8.474170955997605281e-01,5.989005062863531070e-02
1.064250000000000007e+01,8.469510445048906710e-01,5.987544874238152903e-02
1.065000000000000036e+01,8.475272757454541672e-01,5.986105911510496841e-02
1.065750000000000064e+01,8.478234422619331800e-01,5.988053934538597328e-02
1.066500000000000092e+01,8.478575322008925497e-01,5.989181169595527571e-02
1.067250000000000121e+01,8.476464144076238938e-01,5.989381621423460478e-02
1.068000000000000149e+01,8.472058856846403918e-01,5.988555373650331776e-02
1.068750000000000000e+01,8.472125214117824932e-01,5.986666174620818015e-02
1.069500000000000028e+01,8.476732952943467625e-01,5.987024811312713357e-02
1.070250000000000057e+01,8.478616030674391846e-01,5.988646511264286709e-02
1.071000000000000085e+01,8.477949549448137168e-01,5.989403952887838167e-02
1.071750000000000114e+01,8.474897624259060125e-01,5.989192817594412438e-02
1.072500000000000142e+01,8.469613863014745503e-01,5.987922747069251983e-02
1.073250000000000171e+01,8.474253917580021334e-01,5.985876983417667135e-02
1.074000000000000021e+01,8.477745531529885525e-01,5.987809075192222080e-02
1.074750000000000050e+01,8.478585972919422398e-01,5.989088630526102214e-02
1.075500000000000078e+01,8.476945684597498865e-01,5.989461520964788066e-02
1.076250000000000107e+01,8.472984329659966063e-01,5.988826034439002910e-02
1.077000000000000135e+01,8.470748791345241724e-01,5.987118525237235950e-02
1.077750000000000163e+01,8.475918159857364076e-01,5.986687697758391602e-02
1.078500000000000014e+01,8.478330487546769101e-01,5.988453756446725923e-02
1.079250000000000043e+01,8.478162722056521439e-01,5.989376205966016886e-02
1.080000000000000071e+01,8.475580765566956831e-01,5.989350375839784524e-02
1.080750000000000099e+01,8.470739948732399771e-01,5.988280769717205937e-02
1.081500000000000128e+01,8.473086380678228613e-01,5.986211497192280018e-02
1.082250000000000156e+01,8.477138381665739741e-01,5.987518245669801176e-02
1.083000000000000007e+01,8.478506723478147489e-01,5.988954595162966632e-02
1.083750000000000036e+01,8.477363728159652556e-01,5.989505357311344230e-02
1.084500000000000064e+01,8.473870874184693536e-01,5.989067621487520476e-02
1.085250000000000092e+01,8.469200734769611882e-01,5.987561892739066277e-02
1.086000000000000121e+01,8.474963102922248304e-01,5.986301769299940539e-02
1.086750000000000149e+01,8.477933921371354486e-01,5.988215620631595626e-02
1.087500000000000178e+01,8.478292108237873714e-01,5.989307512547167867e-02
1.088250000000000028e+01,8.476205473853127836e-01,5.989472467453869908e-02
1.089000000000000057e+01,8.471831188092157072e-01,5.988611597953448495e-02
1.089750000000000085e+01,8.471756203766401816e-01,5.986695749498596036e-02
1.090500000000000114e+01,8.476398737759310853e-01,5.987178933777016765e-02
1.091250000000000142e+01,8.478323073089615303e-01,5.988775577510586923e-02
1.092000000000000171e+01,8.477703532282014898e-01,5.989508604659272289e-02
1.092750000000000021e+01,8.474703526431892620e-01,5.989274337197740550e-02
1.093500000000000050e+01,8.469476029901541470e-01,5.987983674739081469e-02
1.094250000000000078e+01,8.473853729286298098e-01,5.985969740641126219e-02
1.095000000000000107e+01,8.477412010266617282e-01,5.987929260277771032e-02
1.095750000000000135e+01,8.478323141684223074e-01,5.989194040568827926e-02
1.096500000000000163e+01,8.476756959716108542e-01,5.989554170481518891e-02
1.097250000000000014e+01,8.472872587086467400e-01,5.988908562782029738e-02
1.098000000000000043e+01,8.470249534075032782e-01,5.987194850964459164e-02
1.098750000000000071e+01,8.475512472432550348e-01,5.986788927149774842e-02
1.099500000000000099e+01,8.478020645751861428e-01,5.988548412391883624e-02
1.100250000000000128e+01,8.477950494820944982e-01,5.989467087163810599e-02
1.101000000000000156e+01,8.475467477555016504e-01,5.989440803273443636e-02
1.101750000000000007e+01,8.470726537390098621e-01,5.988374514062647092e-02
1.102500000000000036e+01,8.472576123744737231e-01,5.986309760272084945e-02
1.103250000000000064e+01,8.476750584363412777e-01,5.987592159409512588e-02
1.104000000000000092e+01,8.478241421706423919e-01,5.989032311504515621e-02
1.104750000000000121e+01,8.477220612223754781e-01,5.989590955968095154e-02
1.105500000000000149e+01,8.473849342284057728e-01,5.989165615246611757e-02
1.106250000000000178e+01,8.468552688292182440e-01,5.987676362945971997e-02
1.107000000000000028e+01,8.474465639623685043e-01,5.986346532985910990e-02
1.107750000000000057e+01,8.477585258093818243e-01,5.988270291232172804e-02
1.108500000000000085e+01,8.478090217016607255e-01,5.989377017599337161e-02
1.109250000000000114e+01,8.476148132276922764e-01,5.989562097038157035e-02
1.110000000000000142e+01,8.471916023866009615e-01,5.988726786680263064e-02
1.110750000000000171e+01,8.471116583729251248e-01,5.986836567083603927e-02
1.111500000000000021e+01,8.475935695288104865e-01,5.987202161415532825e-02
1.112250000000000050e+01,8.478032777615192028e-01,5.988819233911615164e-02
1.113000000000000078e+01,8.477582058568575718e-01,5.989578723853424685e-02
1.113750000000000107e+01,8.474746896110239014e-01,5.989377303655271656e-02
1.114500000000000135e+01,8.469680247330890754e-01,5.988125066757235548e-02
1.115250000000000163e+01,8.473244545610112421e-01,5.986058419394232194e-02
1.116000000000000014e+01,8.477002985179983297e-01,5.987938791464921667e-02
1.116750000000000043e+01,8.478108564461380725e-01,5.989235028481453699e-02
1.117500000000000071e+01,8.476731165378322830e-01,5.989633779605554181e-02
1.118250000000000099e+01,8.473029989299684095e-01,5.989034026093795898e-02
1.119000000000000128e+01,8.469461691962523187e-01,5.987368980702802157e-02
1.119750000000000156e+01,8.474953683479897748e-01,5.986757495301611720e-02
1.120500000000000007e+01,8.477683331087854102e-01,5.988552130347640778e-02
1.121250000000000036e+01,8.477827221845350980e-01,5.989513830843163494e-02
1.122000000000000064e+01,8.475550990372442417e-01,5.989538764793800318e-02
1.122750000000000092e+01,8.471009781309378761e-01,5.988531157396297794e-02
1.123500000000000121e+01,8.471835817925178480e-01,5.986504840522335197e-02
1.124250000000000149e+01,8.476260224359640771e-01,5.987551899973906494e-02
1.125000000000000178e+01,8.477991726247877668e-01,5.989038196252611385e-02
1.125750000000000028e+01,8.477202576486273511e-01,5.989651916784745345e-02
1.126500000000000057e+01,8.474054259941193878e-01,5.989290670015564449e-02
1.127250000000000085e+01,8.468697962795844747e-01,5.987871334275143148e-02
1.128000000000000114e+01,8.473791243604237300e-01,5.986259255345307423e-02
1.128750000000000142e+01,8.477179556765499502e-01,5.988228758144325398e-02
1.129500000000000171e+01,8.477942377179039646e-01,5.989393111092383704e-02
1.130250000000000021e+01,8.476247718242643225e-01,5.989645720327006068e-02
1.131000000000000050e+01,8.472253011379490273e-01,5.988887323881172259e-02
1.131750000000000078e+01,8.470226472414559282e-01,5.987070118000029778e-02
1.132500000000000107e+01,8.475343757389820487e-01,5.987108031024580834e-02
1.133250000000000135e+01,8.477726272509894523e-01,5.988784059142193694e-02
1.134000000000000163e+01,8.477548743362479655e-01,5.989613093489688095e-02
1.134750000000000014e+01,8.474975037662961785e-01,5.989491935470530465e-02
1.135500000000000043e+01,8.470158628327257855e-01,5.988328505019415576e-02
1.136250000000000071e+01,8.472435488275243953e-01,5.986232958467301024e-02
1.137000000000000099e+01,8.476508341279201941e-01,5.987847324550038541e-02
1.137750000000000128e+01,8.477914206388190710e-01,5.989213890473647078e-02
1.138500000000000156e+01,8.476823574870365752e-01,5.989694474066154656e-02
1.139250000000000007e+01,8.473396261560250942e-01,5.989187753803751346e-02
1.140000000000000036e+01,8.468403978628005202e-01,5.987619477327466716e-02
1.140750000000000064e+01,8.474240811015512076e-01,5.986606049613341085e-02
1.141500000000000092e+01,8.477299210528648210e-01,5.988470629302430209e-02
1.142250000000000121e+01,8.477756473851820740e-01,5.989514422349551809e-02
1.143000000000000149e+01,8.475778948047234529e-01,5.989633750078147967e-02
1.143750000000000178e+01,8.471522486712791400e-01,5.988731436273325714e-02
1.144500000000000028e+01,8.470874010254308972e-01,5.986787746919168540e-02
1.145250000000000057e+01,8.475657040862394354e-01,5.987406496760429991e-02
1.146000000000000085e+01,8.477729851331787803e-01,5.988973995139474510e-02
1.146750000000000114e+01,8.477265506764554148e-01,5.989681907993500004e-02
1.147500000000000142e+01,8.474426299340944713e-01,5.989427717941966933e-02
1.148250000000000171e+01,8.469364211788718011e-01,5.988123874109523015e-02
1.149000000000000021e+01,8.472939116147542027e-01,5.986131832449768236e-02
1.149750000000000050e+01,8.476698039536300078e-01,5.988096399802914777e-02
1.150500000000000078e+01,8.477813056616292364e-01,5.989353547160965185e-02
1.151250000000000107e+01,8.476453087336017767e-01,5.989712709248693617e-02
1.152000000000000135e+01,8.472776457377984016e-01,5.989073779433006645e-02
1.152750000000000163e+01,8.469094943247537088e-01,5.987374046696582186e-02
1.153500000000000014e+01,8.474613537665823815e-01,5.986905407426930392e-02
1.154250000000000043e+01,8.477376966049167129e-01,5.988671755030711141e-02
1.155000000000000071e+01,8.477560960048033945e-01,5.989605476076687723e-02
1.155750000000000099e+01,8.475330380322270152e-01,5.989603368649603493e-02
1.156500000000000128e+01,8.470839673372697609e-01,5.988570696326087073e-02
1.157250000000000156e+01,8.471426965737830495e-01,5.986531164283331874e-02
1.158000000000000007e+01,8.475910804311791447e-01,5.987660347044366366e-02
1.158750000000000036e+01,8.477706310743849949e-01,5.989128641772414885e-02
1.159500000000000064e+01,8.476985068328424244e-01,5.989726045514977976e-02
1.160250000000000092e+01,8.473907963579955238e-01,5.989350776717101976e-02
1.161000000000000121e+01,8.468625649956328383e-01,5.987920768098893565e-02
1.161750000000000149e+01,8.473366294853141856e-01,5.986345458683522275e-02
1.162500000000000178e+01,8.476843767768117432e-01,5.988306002927611810e-02
1.163250000000000028e+01,8.477697927656500099e-01,5.989463195508221843e-02
1.164000000000000057e+01,8.476096291867984966e-01,5.989711628156089984e-02
1.164750000000000085e+01,8.472195857056896706e-01,5.988952559702966777e-02
1.165500000000000114e+01,8.469693271412338520e-01,5.987138323673556195e-02
1.166250000000000142e+01,8.474926147627310780e-01,5.987161929132583937e-02
1.167000000000000171e+01,8.477424634288979188e-01,5.988838404942783272e-02
1.167750000000000021e+01,8.477363065280244525e-01,5.989671603359738444e-02
1.168500000000000050e+01,8.474904973915325934e-01,5.989558796606356955e-02
1.169250000000000078e+01,8.470203550298659456e-01,5.988408064895136412e-02
1.170000000000000107e+01,8.471904410518710238e-01,5.986316254833148887e-02
1.170750000000000135e+01,8.476119086821953807e-01,5.987876069594698369e-02
1.171500000000000163e+01,8.477664995521687619e-01,5.989253635325565706e-02
1.172250000000000014e+01,8.476712395806642597e-01,5.989750118222191000e-02
1.173000000000000043e+01,8.473420918218103060e-01,5.989264530024491356e-02
1.173750000000000071e+01,8.467940028546268039e-01,5.987721385597098711e-02
1.174500000000000099e+01,8.473733361570089384e-01,5.986601109397900883e-02
1.175250000000000128e+01,8.476957051769963281e-01,5.988482051672507078e-02
1.176000000000000156e+01,8.477575857830988992e-01,5.989547816229193883e-02
1.176750000000000185e+01,8.475756042917491628e-01,5.989695105777551043e-02
1.177500000000000036e+01,8.471653415289011058e-01,5.988826698610030808e-02
1.178250000000000064e+01,8.470217670434480040e-01,5.986914730663187023e-02
1.179000000000000092e+01,8.475192415484417152e-01,5.987381775534378336e-02
1.179750000000000121e+01,8.477451387749692646e-01,5.988975902534553891e-02
1.180500000000000149e+01,8.477167670195199234e-01,5.989717109996029604e-02
1.181250000000000178e+01,8.474503608197702098e-01,5.989503155779491578e-02
1.182000000000000028e+01,8.469611267346606187e-01,5.988245339171249793e-02
1.182750000000000057e+01,8.472322437731124589e-01,5.986183407505704657e-02
1.183500000000000085e+01,8.476293260617749903e-01,5.988059301467454215e-02
1.184250000000000114e+01,8.477612873955703288e-01,5.989353684065498035e-02
1.185000000000000142e+01,8.476450350742071871e-01,5.989757740061563834e-02
1.185750000000000171e+01,8.472964196236436596e-01,5.989171333257718721e-02
1.186500000000000021e+01,8.468296599599938190e-01,5.987526846991454016e-02
1.187250000000000050e+01,8.474053955700903140e-01,5.986823420439021937e-02
1.188000000000000078e+01,8.477047010776198599e-01,5.988629625943291124e-02
1.188750000000000107e+01,8.477451750130103880e-01,5.989611484112719597e-02
1.189500000000000135e+01,8.475433311988158636e-01,5.989666049354656213e-02
1.190250000000000163e+01,8.471146438480852137e-01,5.988697777752982621e-02
1.191000000000000014e+01,8.470684116221639526e-01,5.986705406510965666e-02
1.191750000000000043e+01,8.475423676542184204e-01,5.987570363966460835e-02
1.192500000000000071e+01,8.477464231912517079e-01,5.989088750535399158e-02
1.193250000000000099e+01,8.476977741916154052e-01,5.989745421317903967e-02
1.194000000000000128e+01,8.474125484844650114e-01,5.989438633902871567e-02
1.194750000000000156e+01,8.469058515904747120e-01,5.988083344255017149e-02
1.195500000000000185e+01,8.472694665664655123e-01,5.986225590224564241e-02
1.196250000000000036e+01,8.476442496453907571e-01,5.988214937954614014e-02
1.197000000000000064e+01,8.477554967566013344e-01,5.989432696080706359e-02
1.197750000000000092e+01,8.476200084993432693e-01,5.989751672865144955e-02
1.198500000000000121e+01,8.472535341448546031e-01,5.989072644762254843e-02
1.199250000000000149e+01,8.468809933448744331e-01,5.987337412789930230e-02
1.200000000000000178e+01,8.474339477754554428e-01,5.987015922361210024e-02
1.200750000000000028e+01,8.477120781130834670e-01,5.988753079580486777e-02
1.201500000000000057e+01,8.477328763102136566e-01,5.989657497262459995e-02
1.202250000000000085e+01,8.475127548051871740e-01,5.989626544960701543e-02
1.203000000000000114e+01,8.470670916876568146e-01,5.988566523715403017e-02
1.203750000000000142e+01,8.471106305160032157e-01,5.986513196767204864e-02
1.204500000000000171e+01,8.475629244001783302e-01,5.987732454586513348e-02
1.205250000000000021e+01,8.477468390079334615e-01,5.989180744389543259e-02
1.206000000000000050e+01,8.476794688806521538e-01,5.989759211889162521e-02
1.206750000000000078e+01,8.473768454659507121e-01,5.989366631075579428e-02
1.207500000000000107e+01,8.468539829796309926e-01,5.987922105985211269e-02
1.208250000000000135e+01,8.473032647959515273e-01,5.986398265607081187e-02
1.209000000000000163e+01,8.476574141962174291e-01,5.988347231159014961e-02
1.209750000000000014e+01,8.477494699805594447e-01,5.989493893446583977e-02
1.210500000000000043e+01,8.475961361885941958e-01,5.989733955695882711e-02
1.211250000000000071e+01,8.472130704076628049e-01,5.988969171997510915e-02
1.212000000000000099e+01,8.469281479568397941e-01,5.987152700018596313e-02
1.212750000000000128e+01,8.474599460721444766e-01,5.987183254003854149e-02
1.213500000000000156e+01,8.477183858490624502e-01,5.988856139981187793e-02
1.214250000000000185e+01,8.477208625926621055e-01,5.989688491054179914e-02
1.215000000000000036e+01,8.474836967426868650e-01,5.989577985835933815e-02
1.215750000000000064e+01,8.470221791066653294e-01,5.988432954866542562e-02
1.216500000000000092e+01,8.471496018005598705e-01,5.986343785246342475e-02
1.217250000000000121e+01,8.475816744192421481e-01,5.987872236190053266e-02
1.218000000000000149e+01,8.477467611935329828e-01,5.989255071970817079e-02
1.218750000000000178e+01,8.476618644251796564e-01,5.989760518476873463e-02
1.219500000000000028e+01,8.473429278360000705e-01,5.989287886648636539e-02
1.220250000000000057e+01,8.468048824752144599e-01,5.987761004623703975e-02
1.221000000000000085e+01,8.473346201364528874e-01,5.986568910120970699e-02
1.221750000000000114e+01,8.476694023239708109e-01,5.988459876368941448e-02
1.222500000000000142e+01,8.477434173318643129e-01,5.989539911198181465e-02
1.223250000000000171e+01,8.475732810881775325e-01,5.989706016169400044e-02
1.224000000000000021e+01,8.471745674477432209e-01,5.988860997012360882e-02
1.224750000000000050e+01,8.469723306060981116e-01,5.986971912124881140e-02
1.225500000000000078e+01,8.474841864193575214e-01,5.987329570800482142e-02
1.226250000000000107e+01,8.477240368103712287e-01,5.988941994085374143e-02
1.227000000000000135e+01,8.477091886548112631e-01,5.989706535635146156e-02
1.227750000000000163e+01,8.474558781369273541e-01,5.989521181536044958e-02
1.228500000000000014e+01,8.469793160546723598e-01,5.988296507008201985e-02
1.229250000000000043e+01,8.471863406010775588e-01,5.986211217966629777e-02
1.230000000000000071e+01,8.475992379384319486e-01,5.987993400053608084e-02
1.230750000000000099e+01,8.477464414696369577e-01,5.989314398410618828e-02
1.231500000000000128e+01,8.476448687700647300e-01,5.989750835447513883e-02
1.232250000000000156e+01,8.473103828984169805e-01,5.989202585923292244e-02
1.233000000000000185e+01,8.467709156153224725e-01,5.987598910713055889e-02
1.233750000000000036e+01,8.473643660565438607e-01,5.986721133146331170e-02
1.234500000000000064e+01,8.476806678528586714e-01,5.988556085150599506e-02
1.235250000000000092e+01,8.477374383985368800e-01,5.989572880339681660e-02
1.236000000000000121e+01,8.475512123420073651e-01,5.989668763236234011e-02
1.236750000000000149e+01,8.471374862123933758e-01,5.988747681033804865e-02
1.237500000000000178e+01,8.470145936280173427e-01,5.986794117607654314e-02
1.238250000000000028e+01,8.475073300057772707e-01,5.987458581134737917e-02
1.239000000000000057e+01,8.477293271376040718e-01,5.989013360046174794e-02
1.239750000000000085e+01,8.476978100502444713e-01,5.989713216572883914e-02
1.240500000000000114e+01,8.474289368467066152e-01,5.989456447769931496e-02
1.241250000000000142e+01,8.469378440908136296e-01,5.988156138443492815e-02
1.242000000000000171e+01,8.472217208063951288e-01,5.986151188610739499e-02
1.242750000000000021e+01,8.476161126347055985e-01,5.988099201194486271e-02
1.243500000000000050e+01,8.477460264427967296e-01,5.989360935822921062e-02
1.244250000000000078e+01,8.476283010012332086e-01,5.989731192660602277e-02
1.245000000000000107e+01,8.472787242458739154e-01,5.989110447067898246e-02
1.245750000000000135e+01,8.468189609615593971e-01,5.987434307219534346e-02
1.246500000000000163e+01,8.473932068137983720e-01,5.986857684436325960e-02
1.247250000000000014e+01,8.476915531468908194e-01,5.988638645212536471e-02
1.248000000000000043e+01,8.477315378701347770e-01,5.989594495281066328e-02
1.248750000000000071e+01,8.475296196378221403e-01,5.989622662137587122e-02
1.249500000000000099e+01,8.471012225834303466e-01,5.988628349410429763e-02
1.250250000000000128e+01,8.470558529476467369e-01,5.986618661164159333e-02
1.251000000000000156e+01,8.475299197023126174e-01,5.987573596859860348e-02
1.251750000000000185e+01,8.477344515465526920e-01,5.989072545462052061e-02
1.252500000000000036e+01,8.476865966696570664e-01,5.989709699899085915e-02
1.253250000000000064e+01,8.474024397658451724e-01,5.989383678574911746e-02
1.254000000000000092e+01,8.468970475083215099e-01,5.988010417404664859e-02
1.254750000000000121e+01,8.472564905671866597e-01,5.986207735869029933e-02
1.255500000000000149e+01,8.476326876990649684e-01,5.988192508646143081e-02
1.256250000000000178e+01,8.477455703428552480e-01,5.989396499971663679e-02
1.257000000000000028e+01,8.476119028603644745e-01,5.989702218341629719e-02
1.257750000000000057e+01,8.472474021471190220e-01,5.989010791300541925e-02
1.258500000000000085e+01,8.468664624770635418e-01,5.987265408241496112e-02
1.259250000000000114e+01,8.474217305226543484e-01,5.986981895073253956e-02
1.260000000000000142e+01,8.477023009146159582e-01,5.988709970218827200e-02
1.260750000000000171e+01,8.477256361787400829e-01,5.989606069399768667e-02
1.261500000000000021e+01,8.475081227782733650e-01,5.989567795781398224e-02
1.262250000000000050e+01,8.470651159667080821e-01,5.988501762106201998e-02
1.263000000000000078e+01,8.470969000126484794e-01,5.986445925447438782e-02
1.263750000000000107e+01,8.475523908042446042e-01,5.987677577891112324e-02
1.264500000000000135e+01,8.477395129768728887e-01,5.989121497505154462e-02
1.265250000000000163e+01,8.476753413881912280e-01,5.989696787513777709e-02
1.266000000000000192e+01,8.473758905563167909e-01,5.989302407515380983e-02
1.266750000000000043e+01,8.468561602357083107e-01,5.987857600876633768e-02
1.267500000000000071e+01,8.472912817926554485e-01,5.986328268388753371e-02
1.268250000000000099e+01,8.476492523249836708e-01,5.988275852163215535e-02
1.269000000000000128e+01,8.477450425945767254e-01,5.989422562039141418e-02
1.269750000000000156e+01,8.475953454866484993e-01,5.989664195863347168e-02
1.270500000000000185e+01,8.472158095413483414e-01,5.988902606266732070e-02
1.271250000000000036e+01,8.469142525617903150e-01,5.987090298699577345e-02
1.272000000000000064e+01,8.474504162414420172e-01,5.987096824431376724e-02
1.272750000000000092e+01,8.477130604870144470e-01,5.988772150318664306e-02
1.273500000000000121e+01,8.477195750558114140e-01,5.989608590361535090e-02
1.274250000000000149e+01,8.474862766007434933e-01,5.989503925108605881e-02
1.275000000000000178e+01,8.470284536551673238e-01,5.988366383921428504e-02
1.275750000000000028e+01,8.471384071317143993e-01,5.986279079488269345e-02
1.276500000000000057e+01,8.475750757016707881e-01,5.987773184022546907e-02
1.277250000000000085e+01,8.477445266853528283e-01,5.989161859549023414e-02
1.278000000000000114e+01,8.476637636687833766e-01,5.989674978534249850e-02
1.278750000000000142e+01,8.473487328455223677e-01,5.989211874621602066e-02
1.279500000000000171e+01,8.468143687085699645e-01,5.987695725579070261e-02
1.280250000000000021e+01,8.473266127661936986e-01,5.986453628229931184e-02
1.281000000000000050e+01,8.476659979402837441e-01,5.988351482888824157e-02
1.281750000000000078e+01,8.477443297579476678e-01,5.989440314038553537e-02
1.282500000000000107e+01,8.475782311546578018e-01,5.989617134048436792e-02
1.283250000000000135e+01,8.471832836598530703e-01,5.988784623654629796e-02
1.284000000000000163e+01,8.469630377517212150e-01,5.986907146224379472e-02
1.284750000000000192e+01,8.474796337838566007e-01,5.987205284923161064e-02
1.285500000000000043e+01,8.477238876059554062e-01,5.988827024341110417e-02
1.286250000000000071e+01,8.477131173936385267e-01,5.989602797156274444e-02
1.287000000000000099e+01,8.474635710051268145e-01,5.989430571530453273e-02
1.287750000000000128e+01,8.469904711136503339e-01,5.988220479746542146e-02
1.288500000000000156e+01,8.471809240978743771e-01,5.986128915393727074e-02
1.289250000000000185e+01,8.475982008422052738e-01,5.987862856122534716e-02
1.290000000000000036e+01,8.477494176520917746e-01,5.989195057327274113e-02
1.290750000000000064e+01,8.476515075130869326e-01,5.989644560555568154e-02
1.291500000000000092e+01,8.473203488205759415e-01,5.989111124219070187e-02
1.292250000000000121e+01,8.467708112034733059e-01,5.987522742775593099e-02
1.293000000000000149e+01,8.473628813776380442e-01,5.986575787293779011e-02
1.293750000000000178e+01,8.476830123760740188e-01,5.988421470041747907e-02
1.294500000000000028e+01,8.477432307428889313e-01,5.989450770605289631e-02
1.295250000000000057e+01,8.475600896408743701e-01,5.989560874543441160e-02
1.296000000000000085e+01,8.471491036476466174e-01,5.988655436010302535e-02
1.296750000000000114e+01,8.470133870425282652e-01,5.986714577942118393e-02
1.297500000000000142e+01,8.475096336269851705e-01,5.987309947024801321e-02
1.298250000000000171e+01,8.477347360315539149e-01,5.988876292190335043e-02
1.299000000000000021e+01,8.477059406631660687e-01,5.989589297836881571e-02
1.299750000000000050e+01,8.474394262897227970e-01,5.989347141139932801e-02
1.300500000000000078e+01,8.469503493372155800e-01,5.988062257158210944e-02
1.301250000000000107e+01,8.472248625401280764e-01,5.986028522233254046e-02
1.302000000000000135e+01,8.476218736200790138e-01,5.987948937339330341e-02
1.302750000000000163e+01,8.477540101184137811e-01,5.989222425286302304e-02
1.303500000000000192e+01,8.476381337547869155e-01,5.989605741761452190e-02
1.304250000000000043e+01,8.472900543792416528e-01,5.988999145367400467e-02
1.305000000000000071e+01,8.468241270016902966e-01,5.987336719681979336e-02
1.305750000000000099e+01,8.474003459316432618e-01,5.986696728840815163e-02
1.306500000000000128e+01,8.477002643705647822e-01,5.988487831720606946e-02
1.307250000000000156e+01,8.477414451053313371e-01,5.989454905134235230e-02
1.308000000000000185e+01,8.475403704029368379e-01,5.989495234504168403e-02
1.308750000000000036e+01,8.471124867113387635e-01,5.988513652368621792e-02
1.309500000000000064e+01,8.470657050160661505e-01,5.986512393550837141e-02
1.310250000000000092e+01,8.475405250131458068e-01,5.987413467704511688e-02
1.311000000000000121e+01,8.477454406935336362e-01,5.988921648195975889e-02
1.311750000000000149e+01,8.476976251813365115e-01,5.989568708691873217e-02
1.312500000000000178e+01,8.474131865938425712e-01,5.989253072037318409e-02
1.313250000000000028e+01,8.469072135218050912e-01,5.987890041703092942e-02
1.314000000000000057e+01,8.472704660824800227e-01,5.986047832482592479e-02
1.314750000000000085e+01,8.476460590754767432e-01,5.988033794190288084e-02
1.315500000000000114e+01,8.477580108507452028e-01,5.989245332850136327e-02
1.316250000000000142e+01,8.476231099034114980e-01,5.989558784099271310e-02
1.317000000000000171e+01,8.472570955610494448e-01,5.988875016629111731e-02
1.317750000000000021e+01,8.468856114009333247e-01,5.987136091618171924e-02
1.318500000000000050e+01,8.474390939956588653e-01,5.986819366057129915e-02
1.319250000000000078e+01,8.477175806428567384e-01,5.988552636323189737e-02
1.320000000000000107e+01,8.477385582961646238e-01,5.989453757436844633e-02
1.320750000000000135e+01,8.475184359438705517e-01,5.989420123307036964e-02
1.321500000000000163e+01,8.470725895305463160e-01,5.988358034866541474e-02
1.322250000000000192e+01,8.471201914541779399e-01,5.986303065305905585e-02
1.323000000000000043e+01,8.475722456450264231e-01,5.987518553282850098e-02
1.323750000000000071e+01,8.477556973249049665e-01,5.988964849619221598e-02
1.324500000000000099e+01,8.476876435306975877e-01,5.989541731112370260e-02
1.325250000000000128e+01,8.473841189423793052e-01,5.989147924190033057e-02
1.326000000000000156e+01,8.468601415655993003e-01,5.987702413395076112e-02
1.326750000000000185e+01,8.473177716012725291e-01,5.986172339847968538e-02
1.327500000000000036e+01,8.476705529818983065e-01,5.988119831392553494e-02
1.328250000000000064e+01,8.477609937847235821e-01,5.989265207360986581e-02
1.329000000000000092e+01,8.476058060644385828e-01,5.989504038208418729e-02
1.329750000000000121e+01,8.472206554567500714e-01,5.988737961237303176e-02
1.330500000000000149e+01,8.469497757734304466e-01,5.986919921915985487e-02
1.331250000000000178e+01,8.474790082464266350e-01,5.986946667615162393e-02
1.332000000000000028e+01,8.477346251064146188e-01,5.988617957646056450e-02
1.332750000000000057e+01,8.477340338137933085e-01,5.989448400999094341e-02
1.333500000000000085e+01,8.474935664728807660e-01,5.989335527429045375e-02
1.334250000000000114e+01,8.470285249948835693e-01,5.988187519166098677e-02
1.335000000000000142e+01,8.471767996588347449e-01,5.986095748947360684e-02
1.335750000000000171e+01,8.476045351432824893e-01,5.987627834579973413e-02
1.336500000000000021e+01,8.477650504563348788e-01,5.989007604569858423e-02
1.337250000000000050e+01,8.476753624917762187e-01,5.989509057556453853e-02
1.338000000000000078e+01,8.473514285214314157e-01,5.989031311380239864e-02
1.338750000000000107e+01,8.468081920988518307e-01,5.987498222261505854e-02
1.339500000000000135e+01,8.473665770995570945e-01,5.986322835676220061e-02
1.340250000000000163e+01,8.476949656972775360e-01,5.988209291900364883e-02
1.341000000000000192e+01,8.477623990670556386e-01,5.989283353411549438e-02
1.341750000000000043e+01,8.475855083974401794e-01,5.989441788665973709e-02
1.342500000000000071e+01,8.471798813217276125e-01,5.988587231193290977e-02
1.343250000000000099e+01,8.470164560797499576e-01,5.986688208416623969e-02
1.344000000000000128e+01,8.475197467517744387e-01,5.987081303287183215e-02
1.344750000000000156e+01,8.477508953204598852e-01,5.988685603973600835e-02
1.345500000000000185e+01,8.477272248610125960e-01,5.989439699581784043e-02
1.346250000000000036e+01,8.474649858270554281e-01,5.989241302860167510e-02
1.347000000000000064e+01,8.469794014746265809e-01,5.988001070513628704e-02
1.347750000000000092e+01,8.472352144329641233e-01,5.985920920029458997e-02
1.348500000000000121e+01,8.476369298010025810e-01,5.987743507591635622e-02
1.349250000000000149e+01,8.477729037894848885e-01,5.989051242241537343e-02
1.350000000000000178e+01,8.476600679165450236e-01,5.989471078848391389e-02
