t,xcm,xcm_unwrapped,A,Iuv_global,Iuv_local
7.500000000000000590e-03,6.323667166585889277e+01,6.323667166585889277e+01,8.402832205677592814e-01,5.557891049533858485e-02,5.561408659507083296e-02
1.500000000000000118e-02,6.374735208587060242e+01,6.374735208587060242e+01,8.159210055209333845e-01,5.429991850213746613e-02,5.433381928826128832e-02
2.250000000000000264e-02,6.427633276591976141e+01,6.427633276591976141e+01,7.888921189065243311e-01,5.266771105023038829e-02,5.269972100062463721e-02
3.000000000000000236e-02,6.482256876556949976e+01,6.482256876556949976e+01,7.619036686307196771e-01,5.086536750031060705e-02,5.089520986920236661e-02
3.750000000000000555e-02,6.538465838591305612e+01,6.538465838591305612e+01,7.385488930229034965e-01,4.905934406998497394e-02,4.908675344253580347e-02
4.500000000000000527e-02,6.595939020090463600e+01,6.595939020090463600e+01,7.208799811765315146e-01,4.741270933275675004e-02,4.743768701507537766e-02
5.250000000000000500e-02,6.654416771344692449e+01,6.654416771344692449e+01,7.105054861447046566e-01,4.602552629334509537e-02,4.604827518906606104e-02
6.000000000000000472e-02,6.713638217038236178e+01,6.713638217038236178e+01,7.078717903583647830e-01,4.494707045664126516e-02,4.496773700887039815e-02
6.750000000000000444e-02,6.773394615589792522e+01,6.773394615589792522e+01,7.112516318137994675e-01,4.418558324729178477e-02,4.420441851799198490e-02
7.500000000000001110e-02,6.833602036856075301e+01,6.833602036856075301e+01,7.183566473002935826e-01,4.371708260381455824e-02,4.373433843119881037e-02
8.250000000000000389e-02,6.894221963573964729e+01,6.894221963573964729e+01,7.272700226634596365e-01,4.350415659516019412e-02,4.352006522733906091e-02
9.000000000000001055e-02,6.955251019068033713e+01,6.955251019068033713e+01,7.372498509939257039e-01,4.350984457192374338e-02,4.352456649066017286e-02
9.750000000000000333e-02,7.016722262734710114e+01,7.016722262734710114e+01,7.466600468106816546e-01,4.369342016774355186e-02,4.370717864351457427e-02
1.050000000000000100e-01,7.078672379327301201e+01,7.078672379327301201e+01,7.555853671238269564e-01,4.402055691745853511e-02,4.403349844341212377e-02
1.125000000000000028e-01,7.141149956999116455e+01,7.141149956999116455e+01,7.632824228357095731e-01,4.446002062287083417e-02,4.447226701736130272e-02
1.200000000000000094e-01,7.204198715466827707e+01,7.204198715466827707e+01,7.697788394321956051e-01,4.498470286363361048e-02,4.499635443467631807e-02
1.275000000000000022e-01,7.267863973514248244e+01,7.267863973514248244e+01,7.751533296771048187e-01,4.557193037672117170e-02,4.558303332934691976e-02
1.350000000000000089e-01,7.332190509056579231e+01,7.332190509056579231e+01,7.795085102016650058e-01,4.620251244324422024e-02,4.621317327230555633e-02
1.425000000000000155e-01,7.397205912320131915e+01,7.397205912320131915e+01,7.829535203655326736e-01,4.686050020065450628e-02,4.687073987147478277e-02
1.500000000000000222e-01,7.462945384527724002e+01,7.462945384527724002e+01,7.855939780871287192e-01,4.753204811191072410e-02,4.754194906281700855e-02
1.575000000000000011e-01,7.529440498972141427e+01,7.529440498972141427e+01,7.876038691953071158e-01,4.820612954033283437e-02,4.821569667041765428e-02
1.650000000000000078e-01,7.596710111457113612e+01,7.596710111457113612e+01,7.892026629024131434e-01,4.887274411834980486e-02,4.888201066039235543e-02
1.725000000000000144e-01,7.664760299520314391e+01,7.664760299520314391e+01,7.902763684654440235e-01,4.952444313838715723e-02,4.953346995697015254e-02
1.800000000000000211e-01,7.733601529895958038e+01,7.733601529895958038e+01,7.912073506814255586e-01,5.015485723726288009e-02,5.016363420437840170e-02
1.875000000000000278e-01,7.803241001297323010e+01,7.803241001297323010e+01,7.917866726190009308e-01,5.075783643645058463e-02,5.076638307817172430e-02
1.950000000000000067e-01,7.873640978330777784e+01,7.873640978330777784e+01,7.922710921616265001e-01,5.133021723784945284e-02,5.133854987329770220e-02
2.025000000000000133e-01,7.944801900198883970e+01,7.944801900198883970e+01,7.926096919146748965e-01,5.186791567214171783e-02,5.187604784404011710e-02
2.100000000000000200e-01,3.669367068066053950e-01,8.016693670680662365e+01,7.927764410532036621e-01,5.236859090622190266e-02,5.237650154802774016e-02
2.175000000000000266e-01,1.092674639638702594e+00,1.606926746396387387e+02,7.930146564328162118e-01,5.283076563861621722e-02,5.283849597920698554e-02
2.250000000000000056e-01,1.824915975341524055e+00,2.412249159753415597e+02,7.931372974669634868e-01,5.325293371327872310e-02,5.326049098728637826e-02
2.325000000000000122e-01,2.563049526725436511e+00,3.217630495267254673e+02,7.931617658380706315e-01,5.363588654821909579e-02,5.364324437161551579e-02
2.400000000000000189e-01,3.306591750440631916e+00,4.023065917504407025e+02,7.932821706679553664e-01,5.397930334314191697e-02,5.398649809346461881e-02
2.475000000000000255e-01,4.054936012980133064e+00,4.828549360129802039e+02,7.933364765842815247e-01,5.428433543513469517e-02,5.429133816940180657e-02
2.550000000000000044e-01,4.807451908489939640e+00,5.634074519084900885e+02,7.933202981228406614e-01,5.455327057950577069e-02,5.456011557485845875e-02
2.625000000000000111e-01,5.563433951556183921e+00,6.439634339515562260e+02,7.933705567573962059e-01,5.478835182152653333e-02,5.479500826607148350e-02
2.700000000000000178e-01,6.322420214951920414e+00,7.245224202149519215e+02,7.934110927961106619e-01,5.499152403071807388e-02,5.499802475179314809e-02
2.775000000000000244e-01,7.083732274391181249e+00,8.050837322743911955e+02,7.933915469409443810e-01,5.516642957826396049e-02,5.517274258340258697e-02
2.850000000000000311e-01,7.847003522709818490e+00,8.856470035227097242e+02,7.933892524216449305e-01,5.531552853685123283e-02,5.532168600748049031e-02
2.925000000000000377e-01,8.611705456215140941e+00,9.662117054562150997e+02,7.934359323676607456e-01,5.544180721343531376e-02,5.544777658168388579e-02
3.000000000000000444e-01,9.377578692136125937e+00,1.046777578692136103e+03,7.934265968769741439e-01,5.554780868747433153e-02,5.555358942813121842e-02
3.075000000000000511e-01,1.014437368445342003e+01,1.127344373684453330e+03,7.933783879055066324e-01,5.563643695255500454e-02,5.564206086602491858e-02
3.150000000000000022e-01,1.091185177541557216e+01,1.207911851775415244e+03,7.934384578999404969e-01,5.570971266473110500e-02,5.571514688987865005e-02
3.225000000000000089e-01,1.167983551506165618e+01,1.288479835515061495e+03,7.934442631532514500e-01,5.576987326510572662e-02,5.577511728861627577e-02
3.300000000000000155e-01,1.244825626063711077e+01,1.369048256260636890e+03,7.933948980938861917e-01,5.581913521041129839e-02,5.582422101756089050e-02
3.375000000000000222e-01,1.321705572737309353e+01,1.449617055727372644e+03,7.934288612637193649e-01,5.585871109537967477e-02,5.586360600137515314e-02
3.450000000000000289e-01,1.398603704229181233e+01,1.530186037042291446e+03,7.934515655146812119e-01,5.589063883042658804e-02,5.589534255109310235e-02
3.525000000000000355e-01,1.475524412123884055e+01,1.610755244121238320e+03,7.934198420267880580e-01,5.591612703420382330e-02,5.592063959187402317e-02
3.600000000000000422e-01,1.552465470390425040e+01,1.691324654703903661e+03,7.934109827770876588e-01,5.593622387757107156e-02,5.594057782175115845e-02
3.675000000000000488e-01,1.629418123643377214e+01,1.771894181236433269e+03,7.934511677842083222e-01,5.595189378429916982e-02,5.595605665811567708e-02
3.750000000000000555e-01,1.706377884695627145e+01,1.852463778846955620e+03,7.934374473735475997e-01,5.596420806008186449e-02,5.596817986163096087e-02
3.825000000000000067e-01,1.783349073537852547e+01,1.933033490735377882e+03,7.933862996217574404e-01,5.597391146859612837e-02,5.597772470273468942e-02
3.900000000000000133e-01,1.860330189282848323e+01,2.013603301892827858e+03,7.934441060581127747e-01,5.598106682526817618e-02,5.598468913664708668e-02
3.975000000000000200e-01,1.937308347700836819e+01,2.094173083477007822e+03,7.934484454770337480e-01,5.598679644207080197e-02,5.599022838158488474e-02
4.050000000000000266e-01,2.014293827160113537e+01,2.174742938271600451e+03,7.933981687708822061e-01,5.599128650581211564e-02,5.599456066633389656e-02
4.125000000000000333e-01,2.091287291278638705e+01,2.255312872912786133e+03,7.934308020355984592e-01,5.599442758882540450e-02,5.599751166396804702e-02
4.200000000000000400e-01,2.168275737699173078e+01,2.335882757376991322e+03,7.934531426107592766e-01,5.599701166303627103e-02,5.599990575725585090e-02
4.275000000000000466e-01,2.245267082579000473e+01,2.416452670825789937e+03,7.934212702430072373e-01,5.599904469759644371e-02,5.600174927194193769e-02
4.350000000000000533e-01,2.322263662162178832e+01,2.497022636621622041e+03,7.934114437762668226e-01,5.600053377133133031e-02,5.600308163834066127e-02
4.425000000000000600e-01,2.399259745678188693e+01,2.577592597456782187e+03,7.934516830406993515e-01,5.600157485072945057e-02,5.600393368259398014e-02
4.500000000000000111e-01,2.476252774043509675e+01,2.658162527740435507e+03,7.934381031005308671e-01,5.600250104055155831e-02,5.600467093881539987e-02
4.575000000000000178e-01,2.553249635493781966e+01,2.738732496354938576e+03,7.933861300168655317e-01,5.600336980408268661e-02,5.600538384866639297e-02
4.650000000000000244e-01,2.630250393310769041e+01,2.819302503933108710e+03,7.934441489945973647e-01,5.600371835616433508e-02,5.600554430978666592e-02
4.725000000000000311e-01,2.707243193022146599e+01,2.899872431930222774e+03,7.934487381629130587e-01,5.600426736115009241e-02,5.600590530375570281e-02
4.800000000000000377e-01,2.784239714973800517e+01,2.980442397149739463e+03,7.933987392235055669e-01,5.600480718052180257e-02,5.600628998541910125e-02
4.875000000000000444e-01,2.861241397597162717e+01,3.061012413975973232e+03,7.934305988380284669e-01,5.600496068856197773e-02,5.600625641270588762e-02
4.950000000000000511e-01,2.938235972163706933e+01,3.141582359721638568e+03,7.934532296500373949e-01,5.600529969689767990e-02,5.600640864375291961e-02
5.025000000000000577e-01,3.015231817862907704e+01,3.222152318178631049e+03,7.934216624906017534e-01,5.600564701528742279e-02,5.600657029545498544e-02
5.100000000000000089e-01,3.092231724925740011e+01,3.302722317249259504e+03,7.934110816940149746e-01,5.600587912182480865e-02,5.600665080448627431e-02
5.175000000000000711e-01,3.169230378263848635e+01,3.383292303782640829e+03,7.934516253355131665e-01,5.600598102528505512e-02,5.600657287425007957e-02
5.250000000000000222e-01,3.246225299609815806e+01,3.463862252996100324e+03,7.934383597278386047e-01,5.600621059885099035e-02,5.600663135880878940e-02
5.325000000000000844e-01,3.323223630308846310e+01,3.544432236303091031e+03,7.933856430481254218e-01,5.600656598613639597e-02,5.600685716206634662e-02
5.400000000000000355e-01,3.400225650565162283e+01,3.625002256505654259e+03,7.934439704395133131e-01,5.600653096203524195e-02,5.600668703643402885e-02
5.475000000000000977e-01,3.477219459860532424e+01,3.705572194598608348e+03,7.934488760377556016e-01,5.600680024472706048e-02,5.600685722686969681e-02
5.550000000000000488e-01,3.554216877470180691e+01,3.786142168774704714e+03,7.933992012389303738e-01,5.600713090878720740e-02,5.600714121426672576e-02
5.625000000000000000e-01,3.631219371698090015e+01,3.866712193716984075e+03,7.934303091190914037e-01,5.600713379993132318e-02,5.600713379993133706e-02
5.700000000000000622e-01,3.708214844510386143e+01,3.947282148445107396e+03,7.934532557630988858e-01,5.600735643302637984e-02,5.600735643302639372e-02
5.775000000000000133e-01,3.785211491244205462e+01,4.027852114912445813e+03,7.934220116137431500e-01,5.600761913913267914e-02,5.600761913913268608e-02
5.850000000000000755e-01,3.862212203456233084e+01,4.108422122034566200e+03,7.934106850360564955e-01,5.600779226065953631e-02,5.600779226065953631e-02
5.925000000000000266e-01,3.939211788314803897e+01,4.188992117883151877e+03,7.934515428783436297e-01,5.600784569582168554e-02,5.600784569582167860e-02
6.000000000000000888e-01,4.016207593554734956e+01,4.269562075935551547e+03,7.934385984289994420e-01,5.600803976612776791e-02,5.600803976612777485e-02
6.075000000000000400e-01,4.093206837800731535e+01,4.350132068378011354e+03,7.933851415569994625e-01,5.600837256276466891e-02,5.600837256276466197e-02
6.150000000000001021e-01,4.170209895755481710e+01,4.430702098957559429e+03,7.934437810646313149e-01,5.600831741613798709e-02,5.600831741613798709e-02
6.225000000000000533e-01,4.247204685771212240e+01,4.511272046857717214e+03,7.934490054318436014e-01,5.600857717268394043e-02,5.600857717268393349e-02
6.300000000000000044e-01,4.324203101979024666e+01,4.591842031019795286e+03,7.933996554758077080e-01,5.600890310268809291e-02,5.600890310268807903e-02
6.375000000000000666e-01,4.401206518650742794e+01,4.672412065186512336e+03,7.934300099359588021e-01,5.600891943581001731e-02,5.600891943581002425e-02
6.450000000000000178e-01,4.478202855099106472e+01,4.752982028550995892e+03,7.934532626094895624e-01,5.600917549548347502e-02,5.600917549548346114e-02
6.525000000000000799e-01,4.555199900116225820e+01,4.833551999001168042e+03,7.934223077652584610e-01,5.600952224036490068e-02,5.600952224036489374e-02
6.600000000000000311e-01,4.632200228548391152e+01,4.914122002285489543e+03,7.934101681135149464e-01,5.600987768644119513e-02,5.600987768644118819e-02
6.675000000000000933e-01,4.709198100978962032e+01,4.994691981009795199e+03,7.934511212830787086e-01,5.601027601115338844e-02,5.601027601115338150e-02
6.750000000000000444e-01,4.786189487368447715e+01,5.075261894873690835e+03,7.934379333240090260e-01,5.601110285681647205e-02,5.601110285681645123e-02
6.825000000000001066e-01,4.863180048186109161e+01,5.155831800481867504e+03,7.933828358702419425e-01,5.601255322288428012e-02,5.601255322288428012e-02
6.900000000000000577e-01,4.940168179480919264e+01,5.236401681794815886e+03,7.934393145963127836e-01,5.601431720824136262e-02,5.601431720824135568e-02
6.975000000000000089e-01,5.017139023187188940e+01,5.316971390231878104e+03,7.934396151701276212e-01,5.601739706389870926e-02,5.601739706389870926e-02
7.050000000000000711e-01,5.094101214901763086e+01,5.397541012149024027e+03,7.933801998947037637e-01,5.602183164018176287e-02,5.602183164018175593e-02
7.125000000000000222e-01,5.171052149435146106e+01,5.478110521494358181e+03,7.933974035088582344e-01,5.602777539950127422e-02,5.602777539950126034e-02
7.200000000000000844e-01,5.247975274128954482e+01,5.558679752741296397e+03,7.933927520495483998e-01,5.603619271237388066e-02,5.603619271237388066e-02
7.275000000000000355e-01,5.324872755951943049e+01,5.639248727559526742e+03,7.933153470951151975e-01,5.604728912294502235e-02,5.604728912294501542e-02
7.350000000000000977e-01,5.401741651202610228e+01,5.719817416512033560e+03,7.932575769011552813e-01,5.606181671521558857e-02,5.606181671521559551e-02
7.425000000000000488e-01,5.478569952058182224e+01,5.800385699520589696e+03,7.932043539039106417e-01,5.608022185928072251e-02,5.608022185928071557e-02
7.500000000000001110e-01,5.555347291530284792e+01,5.880953472915311067e+03,7.930546218038030393e-01,5.610336437763973477e-02,5.610336437763973477e-02
7.575000000000000622e-01,5.632073183355960566e+01,5.961520731833567879e+03,7.928908343682307125e-01,5.613150163374441837e-02,5.613150163374441837e-02
7.650000000000000133e-01,5.708739703719805192e+01,6.042087397037205847e+03,7.927222432940177477e-01,5.616545403673951775e-02,5.616545403673950387e-02
7.725000000000000755e-01,5.785326307772587029e+01,6.122653263077734664e+03,7.924244490890514081e-01,5.620611427055734188e-02,5.620611427055732801e-02
7.800000000000000266e-01,5.861836081223982120e+01,6.203218360812248648e+03,7.921254423620001095e-01,5.625336500282931973e-02,5.625336500282931973e-02
7.875000000000000888e-01,5.938262050960295113e+01,6.283782620509611661e+03,7.917586525965942812e-01,5.630752873920686491e-02,5.630752873920686491e-02
7.950000000000000400e-01,6.014583949107730376e+01,6.364345839491085826e+03,7.912358831354351363e-01,5.636982333416979546e-02,5.636982333416979546e-02
8.025000000000001021e-01,6.090800960666732777e+01,6.444908009606676387e+03,7.907702027316768634e-01,5.643988374360436877e-02,5.643988374360436877e-02
8.100000000000000533e-01,6.166908587937724917e+01,6.525469085879386512e+03,7.901117489375126812e-01,5.651755905684485715e-02,5.651755905684487102e-02
8.175000000000001155e-01,6.242894229414293505e+01,6.606028942294152330e+03,7.894388530973162066e-01,5.660314749944089091e-02,5.660314749944089785e-02
8.250000000000000666e-01,6.318747462731361964e+01,6.686587474627322990e+03,7.886276777360118340e-01,5.669680167454024117e-02,5.669680167454024117e-02
8.325000000000000178e-01,6.394469264252121832e+01,6.767144692642531481e+03,7.877499027348394689e-01,5.679798287560492570e-02,5.679798287560493264e-02
8.400000000000000799e-01,6.470054196161318316e+01,6.847700541961623458e+03,7.867550729957137889e-01,5.690619935919160460e-02,5.690619935919159766e-02
8.475000000000000311e-01,6.545484004461177108e+01,6.928254840044622142e+03,7.856910263592780108e-01,5.702174580315282765e-02,5.702174580315283459e-02
8.550000000000000933e-01,6.620765679758358147e+01,7.008807656797594063e+03,7.844784108821200030e-01,5.714348685631155667e-02,5.714348685631157054e-02
8.625000000000000444e-01,6.695896224193751323e+01,7.089358962241947665e+03,7.832478177979508294e-01,5.727076585221509142e-02,5.727076585221509142e-02
8.700000000000001066e-01,6.770858014452575446e+01,7.169908580144536245e+03,7.818131194956724483e-01,5.740369353105113925e-02,5.740369353105113231e-02
8.775000000000000577e-01,6.845657085755925664e+01,7.250456570857570114e+03,7.803983590218699362e-01,5.754109835767217546e-02,5.754109835767218240e-02
8.850000000000001199e-01,6.920292522958175141e+01,7.331002925229592620e+03,7.788363395994657434e-01,5.768212376263443658e-02,5.768212376263441576e-02
8.925000000000000711e-01,6.994752061248867392e+01,7.411547520612500193e+03,7.771099783779917836e-01,5.782657957801598525e-02,5.782657957801598525e-02
9.000000000000000222e-01,7.069034875906511672e+01,7.492090348759076733e+03,7.754305944840537146e-01,5.797363916752004687e-02,5.797363916752005381e-02
9.075000000000000844e-01,7.143144050161313885e+01,7.572631440501624638e+03,7.736071814483297393e-01,5.812205196922072548e-02,5.812205196922073241e-02
9.150000000000000355e-01,7.217069835422239521e+01,7.653170698354234446e+03,7.716531922495617479e-01,5.827151357319670238e-02,5.827151357319670932e-02
9.225000000000000977e-01,7.290807991908017982e+01,7.733708079919092597e+03,7.696133700279639278e-01,5.842154871962450952e-02,5.842154871962450258e-02
9.300000000000000488e-01,7.364363876798753950e+01,7.814243638767999983e+03,7.675761160070988520e-01,5.857107705764439537e-02,5.857107705764438149e-02
9.375000000000001110e-01,7.437726381932064612e+01,7.894777263819332802e+03,7.654332652873864218e-01,5.871999423346166425e-02,5.871999423346164343e-02
9.450000000000000622e-01,7.510893227499232694e+01,7.975308932275004736e+03,7.631965615233421429e-01,5.886788402642866014e-02,5.886788402642863932e-02
9.525000000000001243e-01,7.583870487123678572e+01,8.055838704871249320e+03,7.608763774670637137e-01,5.901377500872339449e-02,5.901377500872339449e-02
9.600000000000000755e-01,7.656640211797235906e+01,8.136366402117985672e+03,7.584817120971411031e-01,5.915809316824249819e-02,5.915809316824251207e-02
9.675000000000000266e-01,7.729210100932633054e+01,8.216892101009339967e+03,7.560201893860071243e-01,5.930006666310278646e-02,5.930006666310278646e-02
9.750000000000000888e-01,7.801578236860260063e+01,8.297415782368614600e+03,7.534980571311405972e-01,5.943927763531565295e-02,5.943927763531567376e-02
9.825000000000000400e-01,7.873732155911507391e+01,8.377937321559125849e+03,7.509201845160777822e-01,5.957608926045131897e-02,5.957608926045130510e-02
9.900000000000001021e-01,7.945684764663738520e+01,8.458456847646648384e+03,7.482900573307241787e-01,5.970950823678162350e-02,5.970950823678160962e-02
9.975000000000000533e-01,3.741374812356638713e-01,8.459174137481246362e+03,7.456097700598348643e-01,5.984037280909353107e-02,5.984037280909354495e-02
1.005000000000000115e+00,1.089352964436058002e+00,8.539689352964445789e+03,7.428800143390186239e-01,5.996776324853746176e-02,5.996776324853746870e-02
1.012500000000000178e+00,1.802339565697755219e+00,8.620202339565707007e+03,7.401000635793826277e-01,6.009213889607101233e-02,6.009213889607102621e-02
1.020000000000000018e+00,2.513195529594608235e+00,8.700713195529602672e+03,7.372677538814274012e-01,6.021297885531848998e-02,6.021297885531850386e-02
1.027500000000000080e+00,3.221795143590555632e+00,8.781221795143597774e+03,7.343794617084800080e-01,6.033065825827171186e-02,6.033065825827172574e-02
1.035000000000000142e+00,3.928263733568034155e+00,8.861728263733573840e+03,7.314300791867097695e-01,6.044460806873769299e-02,6.044460806873768605e-02
1.042499999999999982e+00,4.632398871125066542e+00,8.942232398871130499e+03,7.284129883614764989e-01,6.055564512022706264e-02,6.055564512022708346e-02
1.050000000000000044e+00,5.334391487350931271e+00,9.022734391487356334e+03,7.253200362862332051e-01,6.066288291820211981e-02,6.066288291820212675e-02
1.057500000000000107e+00,6.034124446120895158e+00,9.103234124446125861e+03,7.223114572755254814e-01,6.076672335464542579e-02,6.076672335464541885e-02
1.065000000000000169e+00,6.731617558456250983e+00,9.183731617558460130e+03,7.192302813752589064e-01,6.086726868948971747e-02,6.086726868948970359e-02
1.072500000000000009e+00,7.426947320198263647e+00,9.264226947320201361e+03,7.160631833617931985e-01,6.096392435596482279e-02,6.096392435596480891e-02
1.080000000000000071e+00,8.119991087040101974e+00,9.344719991087042217e+03,7.127965007281118481e-01,6.105738456542789822e-02,6.105738456542789128e-02
1.087500000000000133e+00,8.810825073620019765e+00,9.425210825073621891e+03,7.096410324451868368e-01,6.114741642745227801e-02,6.114741642745228495e-02
1.095000000000000195e+00,9.499504618956153834e+00,9.505699504618956780e+03,7.064000371092093999e-01,6.123359497555337649e-02,6.123359497555337649e-02
1.102500000000000036e+00,1.018601726783949246e+01,9.586186017267838906e+03,7.030352300081664785e-01,6.131607897731387868e-02,6.131607897731387868e-02
1.110000000000000098e+00,1.087026525721640802e+01,9.666670265257214851e+03,6.997589827841663723e-01,6.139549014069024119e-02,6.139549014069024119e-02
1.117500000000000160e+00,1.155237085263936514e+01,9.747152370852638342e+03,6.964170106690670270e-01,6.147124552085721227e-02,6.147124552085721227e-02
1.125000000000000000e+00,1.223236967447721746e+01,9.827632369674474830e+03,6.929382104136265763e-01,6.154314974245071734e-02,6.154314974245072428e-02
1.132500000000000062e+00,1.291025426027350775e+01,9.908110254260271176e+03,6.896187050432809329e-01,6.161137477344301450e-02,6.161137477344302144e-02
1.140000000000000124e+00,1.358603738844240105e+01,9.988586037388438854e+03,6.861219900108912473e-01,6.167593262478517080e-02,6.167593262478516386e-02
1.147500000000000187e+00,1.425972295493652275e+01,1.006905972295493302e+04,6.826840022562082888e-01,6.173697233653274025e-02,6.173697233653274025e-02
1.155000000000000027e+00,1.493135589924632534e+01,1.014953135589924204e+04,6.791807162497557337e-01,6.179424466012550798e-02,6.179424466012547329e-02
1.162500000000000089e+00,1.560094152202348994e+01,1.023000094152201746e+04,6.756434456607166572e-01,6.184789781218631016e-02,6.184789781218631710e-02
1.170000000000000151e+00,1.626851463125528596e+01,1.031046851463124949e+04,6.721176402048656406e-01,6.189780201321927466e-02,6.189780201321927466e-02
1.177499999999999991e+00,1.693409085671710201e+01,1.039093409085671010e+04,6.685156524837209124e-01,6.194403901618836944e-02,6.194403901618838332e-02
1.185000000000000053e+00,1.759769466732826615e+01,1.047139769466732105e+04,6.649457776800853370e-01,6.198661290483076236e-02,6.198661290483076236e-02
1.192500000000000115e+00,1.825935626434672443e+01,1.055185935626433820e+04,6.613082676506371049e-01,6.202544638320273834e-02,6.202544638320272447e-02
1.200000000000000178e+00,1.891908699260342885e+01,1.063231908699259475e+04,6.576673512753994366e-01,6.206068048814563504e-02,6.206068048814563504e-02
1.207500000000000018e+00,1.957693523576763894e+01,1.071277693523575726e+04,6.540187511161373868e-01,6.209215886073762153e-02,6.209215886073762847e-02
1.215000000000000080e+00,2.023294335970584257e+01,1.079323294335969513e+04,6.502746251515282294e-01,6.211980276943319251e-02,6.211980276943319251e-02
1.222500000000000142e+00,2.088714637428189391e+01,1.087368714637427001e+04,6.466351059202499751e-01,6.214361824126211215e-02,6.214361824126211215e-02
1.230000000000000204e+00,2.153950519943575515e+01,1.095413950519942409e+04,6.427896025299273397e-01,6.216388638447914450e-02,6.216388638447914450e-02
1.237500000000000044e+00,2.219002171471442253e+01,1.103459002171470092e+04,6.391366546628760581e-01,6.218077360722296804e-02,6.218077360722295416e-02
1.245000000000000107e+00,2.283878433680417075e+01,1.111503878433678983e+04,6.353286964861758479e-01,6.219407056188819977e-02,6.219407056188820671e-02
1.252500000000000169e+00,2.348588822795642628e+01,1.119548588822794227e+04,6.314949647854098957e-01,6.220345256760970859e-02,6.220345256760968083e-02
1.260000000000000009e+00,2.413124724414171851e+01,1.127593124724412701e+04,6.277361262985462487e-01,6.220934893009910649e-02,6.220934893009909261e-02
1.267500000000000071e+00,2.477485333805001488e+01,1.135637485333803488e+04,6.237947062048126989e-01,6.221206940466215279e-02,6.221206940466213892e-02
1.275000000000000133e+00,2.541691275335039535e+01,1.143681691275333287e+04,6.199742969703548878e-01,6.221079094592057296e-02,6.221079094592055908e-02
1.282500000000000195e+00,2.605727643484208755e+01,1.151725727643482423e+04,6.160996519661757764e-01,6.220642028424591685e-02,6.220642028424591685e-02
1.290000000000000036e+00,2.669600178444299132e+01,1.159769600178442488e+04,6.120475061917441950e-01,6.219875732430826809e-02,6.219875732430826809e-02
1.297500000000000098e+00,2.733328395087620422e+01,1.167813328395085773e+04,6.081998032314188674e-01,6.218706660789152796e-02,6.218706660789151408e-02
1.305000000000000160e+00,2.796882805243874159e+01,1.175856882805241912e+04,6.042296298213943873e-01,6.217295096208970417e-02,6.217295096208970417e-02
1.312500000000000000e+00,2.860303539699411601e+01,1.183900303539697416e+04,6.000838861560594539e-01,6.215471705340685354e-02,6.215471705340685354e-02
1.320000000000000062e+00,2.923553737554350818e+01,1.191943553737552247e+04,5.961662329292877205e-01,6.213419302859889831e-02,6.213419302859889831e-02
1.327500000000000124e+00,2.986675453047961781e+01,1.199986675453045791e+04,5.921187155935276891e-01,6.210962698332966880e-02,6.210962698332966880e-02
1.335000000000000187e+00,3.049633197724427802e+01,1.208029633197722251e+04,5.878981303158640204e-01,6.208281279510265843e-02,6.208281279510265843e-02
1.342500000000000027e+00,3.112468659017393335e+01,1.216072468659015067e+04,5.838654070877229429e-01,6.205197876399921181e-02,6.205197876399921181e-02
1.350000000000000089e+00,3.175141445017292696e+01,1.224115141445014888e+04,5.797626127833279686e-01,6.201924915790143350e-02,6.201924915790141962e-02
1.357500000000000151e+00,3.237695380292912262e+01,1.232157695380290352e+04,5.754931952640707227e-01,6.198268526546479862e-02,6.198268526546479862e-02
1.365000000000000213e+00,3.300100664425976049e+01,1.240200100664423371e+04,5.712964169947520876e-01,6.194392732380614441e-02,6.194392732380614441e-02
1.372500000000000053e+00,3.362376508716710077e+01,1.248242376508714005e+04,5.671677567744939363e-01,6.190216078851887294e-02,6.190216078851887294e-02
1.380000000000000115e+00,3.424532927055149401e+01,1.256284532927052533e+04,5.628848464199424084e-01,6.185722979489188811e-02,6.185722979489188811e-02
1.387500000000000178e+00,3.486540309796451709e+01,1.264326540309793745e+04,5.584708497672965510e-01,6.181050466820425804e-02,6.181050466820426498e-02
1.395000000000000018e+00,3.548433225784925327e+01,1.272368433225782064e+04,5.543530982291549059e-01,6.176071359566858571e-02,6.176071359566860652e-02
1.402500000000000080e+00,3.610211534663513788e+01,1.280410211534660630e+04,5.500995586698316231e-01,6.170793798423374749e-02,6.170793798423374055e-02
1.410000000000000142e+00,3.671849275023195958e+01,1.288451849275020140e+04,5.457091852904677465e-01,6.165363361405063608e-02,6.165363361405064302e-02
1.417500000000000204e+00,3.733374207356016683e+01,1.296493374207353008e+04,5.413486952732757818e-01,6.159659432011950486e-02,6.159659432011950486e-02
1.425000000000000044e+00,3.794790726577222983e+01,1.304534790726574101e+04,5.371706234676988378e-01,6.153691797506843919e-02,6.153691797506844613e-02
1.432500000000000107e+00,3.856093572012619575e+01,1.312576093572009449e+04,5.328819449564980992e-01,6.147496175232515514e-02,6.147496175232513432e-02
1.440000000000000169e+00,3.917266754341694934e+01,1.320617266754338380e+04,5.284857844556208883e-01,6.141154473998084590e-02,6.141154473998084590e-02
1.447500000000000009e+00,3.978335998617669134e+01,1.328658335998614348e+04,5.241375367978096111e-01,6.134582035410587886e-02,6.134582035410587886e-02
1.455000000000000071e+00,4.039303092076225710e+01,1.336699303092072842e+04,5.199971087188637320e-01,6.127776943787708458e-02,6.127776943787708458e-02
1.462500000000000133e+00,4.100167740659299653e+01,1.344740167740655852e+04,5.157794082209825604e-01,6.120761317932096185e-02,6.120761317932094103e-02
1.470000000000000195e+00,4.160927267484227343e+01,1.352780927267480729e+04,5.114907063848551649e-01,6.113569192221113280e-02,6.113569192221113280e-02
1.477500000000000036e+00,4.221572152926278676e+01,1.360821572152922636e+04,5.071383073154324128e-01,6.106247292826223749e-02,6.106247292826225137e-02
1.485000000000000098e+00,4.282119620653451619e+01,1.368862119620649719e+04,5.030975182953685287e-01,6.098740730897880130e-02,6.098740730897880130e-02
1.492500000000000160e+00,4.342571650109769621e+01,1.376902571650106074e+04,4.990551943450660666e-01,6.091061821286893746e-02,6.091061821286895134e-02
1.500000000000000222e+00,4.402929936286402324e+01,1.384942929936282599e+04,4.949793652758731066e-01,6.083219620426578295e-02,6.083219620426576213e-02
1.507500000000000062e+00,4.463196137966352950e+01,1.392983196137962477e+04,4.908784395109768162e-01,6.075215839024442066e-02,6.075215839024441372e-02
1.515000000000000124e+00,4.523371109842901916e+01,1.401023371109838990e+04,4.867613559521012934e-01,6.067066583318739964e-02,6.067066583318739964e-02
1.522500000000000187e+00,4.583456169127718738e+01,1.409063456169123674e+04,4.829456736000069528e-01,6.058783840382102326e-02,6.058783840382101632e-02
1.530000000000000027e+00,4.643452862313774432e+01,1.417103452862309678e+04,4.791676179655722234e-01,6.050378630862128515e-02,6.050378630862128515e-02
1.537500000000000089e+00,4.703363036965698285e+01,1.425143363036961455e+04,4.753978876831871925e-01,6.041854550542954949e-02,6.041854550542955643e-02
1.545000000000000151e+00,4.763188880754883314e+01,1.433183188880750640e+04,4.716447336559397296e-01,6.033212910106720145e-02,6.033212910106720145e-02
1.552500000000000213e+00,4.822931513513260882e+01,1.441222931513508956e+04,4.679164677287173113e-01,6.024470167258391684e-02,6.024470167258393072e-02
1.560000000000000053e+00,4.882592911224830345e+01,1.449262592911220418e+04,4.642359716700844019e-01,6.015633351999238182e-02,6.015633351999239570e-02
1.567500000000000115e+00,4.942175010490937126e+01,1.457302175010486462e+04,4.608493354119501118e-01,6.006710993592441483e-02,6.006710993592442871e-02
1.575000000000000178e+00,5.001679681591361515e+01,1.465341679681586720e+04,4.575037975421615277e-01,5.997709960944575674e-02,5.997709960944577062e-02
1.582500000000000240e+00,5.061108661754242632e+01,1.473381108661749568e+04,4.542059892934275922e-01,5.988637435146761112e-02,5.988637435146759724e-02
1.590000000000000080e+00,5.120463611203958720e+01,1.481420463611199193e+04,4.509623120569560273e-01,5.979499666666339419e-02,5.979499666666339419e-02
1.597500000000000142e+00,5.179746169062768502e+01,1.489459746169058053e+04,4.477788850033653234e-01,5.970304868670282816e-02,5.970304868670284204e-02
1.605000000000000204e+00,5.238958124943750505e+01,1.497498958124938872e+04,4.446614977843290073e-01,5.961060929922526452e-02,5.961060929922525758e-02
1.612500000000000044e+00,5.298101435457826369e+01,1.505538101435452882e+04,4.416155688204385643e-01,5.951774791552318089e-02,5.951774791552318089e-02
1.620000000000000107e+00,5.357178855772446013e+01,1.513577178855767488e+04,4.387816935609301083e-01,5.942445675153858881e-02,5.942445675153858881e-02
1.627500000000000169e+00,5.416191767941162283e+01,1.521616191767936107e+04,4.360577924647215942e-01,5.933086565859192058e-02,5.933086565859192751e-02
1.635000000000000231e+00,5.475142058019615376e+01,1.529655142058014462e+04,4.334075830630160220e-01,5.923705523175272492e-02,5.923705523175271798e-02
1.642500000000000071e+00,5.534031809882313269e+01,1.537694031809877015e+04,4.308342891146700326e-01,5.914308588978980236e-02,5.914308588978980236e-02
1.650000000000000133e+00,5.592863081695332994e+01,1.545732863081690084e+04,4.283407168490209749e-01,5.904901823470563860e-02,5.904901823470563166e-02
1.657500000000000195e+00,5.651637814064029897e+01,1.553771637814058704e+04,4.259292451746778396e-01,5.895491648563051107e-02,5.895491648563050413e-02
1.665000000000000036e+00,5.710357693493382669e+01,1.561810357693488004e+04,4.236018203217890021e-01,5.886085492330975916e-02,5.886085492330974528e-02
1.672500000000000098e+00,5.769023461553664589e+01,1.569849023461548131e+04,4.213599547211923091e-01,5.876689947734801273e-02,5.876689947734803354e-02
1.680000000000000160e+00,5.827623546471846083e+01,1.577887623546466239e+04,4.192047298911105169e-01,5.867362092022929826e-02,5.867362092022930520e-02
1.687500000000000222e+00,5.886171284018754335e+01,1.585926171284013071e+04,4.171368030792179660e-01,5.858070871357466680e-02,5.858070871357467374e-02
1.695000000000000062e+00,5.944671092554585812e+01,1.593964671092548815e+04,4.151564173924195411e-01,5.848813371838684078e-02,5.848813371838684771e-02
1.702500000000000124e+00,6.003125581577612735e+01,1.602003125581571840e+04,4.132634151362283292e-01,5.839593325299365090e-02,5.839593325299365784e-02
1.710000000000000187e+00,6.061536647180606963e+01,1.610041536647174689e+04,4.114572540783065779e-01,5.830417252882242468e-02,5.830417252882242468e-02
1.717500000000000249e+00,6.119906084206706964e+01,1.618079906084200775e+04,4.097370263449487959e-01,5.821288500292493007e-02,5.821288500292493701e-02
1.725000000000000089e+00,6.178221591866798690e+01,1.626118221591860674e+04,4.081142258971909853e-01,5.812263593707387571e-02,5.812263593707387571e-02
1.732500000000000151e+00,6.236486645688275132e+01,1.634156486645682162e+04,4.065695181267288127e-01,5.803347477565640178e-02,5.803347477565640178e-02
1.740000000000000213e+00,6.294714715906399505e+01,1.642194714715900045e+04,4.050961843253653161e-01,5.794506193097995889e-02,5.794506193097995195e-02
1.747500000000000053e+00,6.352908706665775895e+01,1.650232908706659509e+04,4.036923942207766847e-01,5.785742340802478567e-02,5.785742340802478567e-02
1.755000000000000115e+00,6.411069612815714436e+01,1.658271069612809515e+04,4.023703523083296263e-01,5.777065893104178784e-02,5.777065893104178090e-02
1.762500000000000178e+00,6.469188857135227977e+01,1.666309188857128902e+04,4.011290891260270719e-01,5.768510131608797775e-02,5.768510131608797775e-02
1.770000000000000240e+00,6.527259132617361104e+01,1.674347259132610998e+04,3.999591671815420635e-01,5.760121233253975154e-02,5.760121233253974460e-02
1.777500000000000080e+00,6.585301205631007804e+01,1.682385301205624637e+04,3.988576496378103964e-01,5.751842109675679715e-02,5.751842109675679715e-02
1.785000000000000142e+00,6.643318189875165558e+01,1.690423318189868587e+04,3.978214721444593982e-01,5.743674940975009025e-02,5.743674940975009718e-02
1.792500000000000204e+00,6.701310249589805323e+01,1.698461310249583039e+04,3.968474711078135431e-01,5.735632378078629745e-02,5.735632378078630439e-02
1.800000000000000044e+00,6.759254038512236207e+01,1.706499254038505387e+04,3.959324112039351862e-01,5.727793451045293943e-02,5.727793451045293943e-02
1.807500000000000107e+00,6.817169487295944919e+01,1.714537169487289066e+04,3.950730118651444855e-01,5.720114556777720211e-02,5.720114556777720211e-02
1.815000000000000169e+00,6.875066752316730856e+01,1.722575066752309795e+04,3.942659724934304277e-01,5.712574652908265077e-02,5.712574652908263689e-02
1.822500000000000231e+00,6.932946384855432598e+01,1.730612946384848328e+04,3.935079961811558946e-01,5.705183822327372645e-02,5.705183822327372645e-02
1.830000000000000071e+00,6.990787471913080253e+01,1.738650787471906006e+04,3.927958117499369406e-01,5.698018599912681864e-02,5.698018599912682558e-02
1.837500000000000133e+00,7.048600983268393350e+01,1.746688600983261131e+04,3.921261939519561368e-01,5.691046718701870538e-02,5.691046718701869844e-02
1.845000000000000195e+00,7.106403211443517876e+01,1.754726403211436264e+04,3.914959817134107123e-01,5.684238491414002337e-02,5.684238491414002337e-02
1.852500000000000258e+00,7.164194507975430781e+01,1.762764194507968205e+04,3.909495272903691365e-01,5.677606430619047684e-02,5.677606430619047684e-02
1.860000000000000098e+00,7.221950606986031573e+01,1.770801950606978789e+04,3.905215097160619764e-01,5.671234596339046891e-02,5.671234596339046891e-02
1.867500000000000160e+00,7.279686224237086378e+01,1.778839686224229808e+04,3.901263591489402272e-01,5.665084306741587084e-02,5.665084306741587777e-02
1.875000000000000222e+00,7.337419123189269499e+01,1.786877419123181608e+04,3.897608671007604109e-01,5.659102898851266217e-02,5.659102898851266911e-02
1.882500000000000062e+00,7.395146661594617399e+01,1.794915146661586914e+04,3.894219828878762724e-01,5.653322760360931371e-02,5.653322760360932064e-02
1.890000000000000124e+00,7.452836109719682156e+01,1.802952836109712007e+04,3.891068215330399926e-01,5.647848034694763486e-02,5.647848034694763486e-02
1.897500000000000187e+00,7.510520415508229064e+01,1.810990520415500578e+04,3.888126692994698930e-01,5.642589783770605300e-02,5.642589783770603218e-02
1.905000000000000249e+00,7.568207697442296933e+01,1.819028207697434482e+04,3.886708646777370935e-01,5.637531209228140161e-02,5.637531209228140161e-02
1.912500000000000089e+00,7.625888176099446980e+01,1.827065888176091539e+04,3.885850183163724880e-01,5.632703341924692048e-02,5.632703341924690660e-02
1.920000000000000151e+00,7.683541258025721277e+01,1.835103541258017867e+04,3.885118762263017334e-01,5.628183668306224741e-02,5.628183668306223353e-02
1.927500000000000213e+00,7.741200620720290715e+01,1.843141200620712334e+04,3.884491277337145942e-01,5.623879484470612616e-02,5.623879484470612616e-02
1.935000000000000053e+00,7.798868173699734996e+01,1.851178868173691808e+04,3.883946788198185396e-01,5.619793635099672169e-02,5.619793635099671475e-02
1.942500000000000115e+00,7.856519268289370928e+01,1.859216519268281263e+04,3.884370432361584080e-01,5.616000277399410545e-02,5.616000277399410545e-02
1.950000000000000178e+00,7.914166651319987977e+01,1.867254166651311607e+04,3.885965987126516752e-01,5.612466960318392845e-02,5.612466960318390763e-02
1.957500000000000240e+00,7.971827737791782909e+01,1.875291827737783387e+04,3.887554602309929441e-01,5.609156943675572271e-02,5.609156943675573659e-02
1.965000000000000080e+00,4.949826789145762018e-01,1.875349498267883246e+04,3.889121602871507544e-01,5.606086596409930178e-02,5.606086596409930178e-02
1.972500000000000142e+00,1.071483979476931081e+00,1.883387148397939382e+04,3.890654570529170075e-01,5.603342832214376623e-02,5.603342832214375235e-02
1.980000000000000204e+00,1.648166816825654912e+00,1.891424816681674201e+04,3.893822638271402514e-01,5.600819713802301231e-02,5.600819713802301231e-02
1.987500000000000266e+00,2.225054707971204415e+00,1.899462505470788528e+04,3.897492778603635077e-01,5.598515693148916478e-02,5.598515693148915090e-02
1.995000000000000107e+00,2.801938597676917997e+00,1.907500193859759020e+04,3.901039791490572561e-01,5.596496877553391175e-02,5.596496877553391175e-02
2.002499999999999947e+00,3.378834057404415336e+00,1.915537883405731554e+04,3.904458752586986714e-01,5.594757752715900229e-02,5.594757752715900229e-02
2.010000000000000231e+00,3.955986545951658329e+00,1.923575598654586429e+04,3.908741159392715714e-01,5.593235751462088956e-02,5.593235751462088956e-02
2.017500000000000071e+00,4.533395926018262578e+00,1.931613339592592820e+04,3.914338577799505448e-01,5.591931378437031003e-02,5.591931378437029615e-02
2.025000000000000355e+00,5.110738705579884744e+00,1.939651073870548862e+04,3.919719367168334467e-01,5.590929943214000691e-02,5.590929943213999304e-02
2.032500000000000195e+00,5.688309441288095236e+00,1.947688830944119763e+04,3.924886589565164674e-01,5.590158303164367154e-02,5.590158303164366460e-02
2.040000000000000036e+00,6.266191516763734093e+00,1.955726619151667182e+04,3.930646317392134104e-01,5.589593185337457526e-02,5.589593185337456832e-02
2.047500000000000320e+00,6.844312112699358686e+00,1.963764431211260671e+04,3.938013017963359896e-01,5.589257841799964710e-02,5.589257841799963322e-02
2.055000000000000160e+00,7.422455019603207305e+00,1.971802245501951256e+04,3.945081112457988759e-01,5.589205045315594200e-02,5.589205045315593506e-02
2.062500000000000000e+00,8.000951112752336059e+00,1.979840095111266055e+04,3.951861588270985659e-01,5.589338471079013243e-02,5.589338471079013243e-02
2.070000000000000284e+00,8.579803454227581838e+00,1.987877980345413380e+04,3.959367835016733284e-01,5.589664220568944797e-02,5.589664220568944797e-02
2.077500000000000124e+00,9.158896045512385342e+00,1.995915889604541735e+04,3.968355490225883853e-01,5.590213345516020782e-02,5.590213345516019394e-02
2.084999999999999964e+00,9.738123079323980136e+00,2.003953812307922999e+04,3.976976125260722195e-01,5.591011902428214692e-02,5.591011902428213304e-02
2.092500000000000249e+00,1.031774628516711978e+01,2.011991774628507119e+04,3.985248121941578070e-01,5.591984953247593898e-02,5.591984953247593898e-02
2.100000000000000089e+00,1.089778001397529650e+01,2.020029778001387967e+04,3.994666980614575147e-01,5.593119933442744496e-02,5.593119933442745190e-02
2.107500000000000373e+00,1.147812791104230890e+01,2.028067812791094548e+04,4.005147005896542156e-01,5.594439821811576091e-02,5.594439821811576091e-02
2.115000000000000213e+00,1.205865152867060353e+01,2.036105865152857223e+04,4.015205839373213736e-01,5.595985654021502081e-02,5.595985654021502775e-02
2.122500000000000053e+00,1.263960443372201148e+01,2.044143960443362448e+04,4.024868374285318073e-01,5.597686078496440232e-02,5.597686078496439538e-02
2.130000000000000338e+00,1.322099974447995407e+01,2.052182099974438097e+04,4.036252231726230599e-01,5.599529605053187031e-02,5.599529605053187031e-02
2.137500000000000178e+00,1.380282393819372189e+01,2.060220282393809248e+04,4.048122214826275211e-01,5.601513260667689148e-02,5.601513260667689842e-02
2.145000000000000018e+00,1.438483404950994959e+01,2.068258483404940853e+04,4.059530642279011725e-01,5.603694994921801925e-02,5.603694994921803313e-02
2.152500000000000302e+00,1.496727442802159480e+01,2.076296727442791962e+04,4.070507814485564979e-01,5.606006823307863041e-02,5.606006823307863041e-02
2.160000000000000142e+00,1.555018293103502280e+01,2.084335018293093162e+04,4.083780273222490376e-01,5.608437149029640162e-02,5.608437149029638774e-02
2.167499999999999982e+00,1.613355324100549382e+01,2.092373355324090153e+04,4.096966813524611228e-01,5.610979630255719802e-02,5.610979630255719108e-02
2.175000000000000266e+00,1.671735022430371842e+01,2.100411735022419816e+04,4.109663997605708108e-01,5.613637131349343001e-02,5.613637131349344389e-02
2.182500000000000107e+00,1.730139799428399527e+01,2.108450139799417957e+04,4.121906331824474745e-01,5.616451485621525019e-02,5.616451485621524325e-02
2.190000000000000391e+00,1.788591008113808911e+01,2.116488591008103322e+04,4.136839476758017442e-01,5.619362684296971139e-02,5.619362684296969751e-02
2.197500000000000231e+00,1.847090675654750314e+01,2.124527090675644286e+04,4.151297639210025370e-01,5.622355938508220158e-02,5.622355938508221546e-02
2.205000000000000071e+00,1.905639100785551321e+01,2.132565639100774933e+04,4.165249452609750547e-01,5.625417243680192608e-02,5.625417243680193996e-02
2.212500000000000355e+00,1.964234360895205356e+01,2.140604234360884584e+04,4.178732432946143383e-01,5.628554128143196944e-02,5.628554128143196944e-02
2.220000000000000195e+00,2.022865749810722491e+01,2.148642865749799967e+04,4.194913627168152526e-01,5.631790599266762315e-02,5.631790599266762315e-02
2.227500000000000036e+00,2.081534633231131082e+01,2.156681534633220144e+04,4.210623172511003820e-01,5.635115821190195967e-02,5.635115821190195967e-02
2.235000000000000320e+00,2.140251207447960624e+01,2.164720251207437104e+04,4.225818158747983722e-01,5.638494749226592023e-02,5.638494749226592717e-02
2.242500000000000160e+00,2.199015901720530763e+01,2.172759015901709427e+04,4.240537989110831352e-01,5.641918593624153239e-02,5.641918593624153239e-02
2.250000000000000000e+00,2.257828298442366588e+01,2.180797828298431341e+04,4.257324232651373275e-01,5.645383249794436176e-02,5.645383249794438257e-02
2.257500000000000284e+00,2.316687746078054388e+01,2.188836687746066673e+04,4.274282610334477761e-01,5.648888406606634993e-02,5.648888406606635687e-02
2.265000000000000124e+00,2.375593712483947684e+01,2.196875593712472619e+04,4.290724861185445382e-01,5.652429325855574949e-02,5.652429325855572173e-02
2.272499999999999964e+00,2.434536094538885465e+01,2.204914536094527648e+04,4.306691259887820422e-01,5.656018343687506389e-02,5.656018343687505001e-02
2.280000000000000249e+00,2.493519569374492306e+01,2.212953519569363198e+04,4.323150701520723782e-01,5.659641169822415829e-02,5.659641169822415829e-02
2.287500000000000089e+00,2.552548985025880057e+01,2.220992548985014218e+04,4.341362576990134836e-01,5.663280221420862598e-02,5.663280221420863986e-02
2.295000000000000373e+00,2.611624575272632853e+01,2.229031624575261230e+04,4.359061206212171413e-01,5.666932427718947285e-02,5.666932427718947285e-02
2.302500000000000213e+00,2.670745958040573242e+01,2.237070745958028783e+04,4.376286825071005193e-01,5.670595633584265410e-02,5.670595633584266104e-02
2.310000000000000053e+00,2.729912522480392312e+01,2.245109912522468585e+04,4.393078160630384810e-01,5.674264200854450824e-02,5.674264200854450824e-02
2.317500000000000338e+00,2.789123649256562842e+01,2.253149123649244939e+04,4.410592493265197978e-01,5.677932613707449561e-02,5.677932613707449561e-02
2.325000000000000178e+00,2.848378766725218370e+01,2.261188378766713504e+04,4.429547260988948021e-01,5.681596653304125250e-02,5.681596653304123862e-02
2.332500000000000018e+00,2.907677458840150919e+01,2.269227677458828111e+04,4.448033220678395128e-01,5.685252533371124017e-02,5.685252533371123324e-02
2.340000000000000302e+00,2.967019253044593796e+01,2.277267019253032413e+04,4.466088205974610981e-01,5.688899663922485084e-02,5.688899663922483696e-02
2.347500000000000142e+00,3.026397060753029677e+01,2.285306397060741074e+04,4.483748445911325264e-01,5.692553814369272908e-02,5.692553814369272908e-02
2.354999999999999982e+00,3.085815688402268009e+01,2.293345815688390212e+04,4.501048522016889986e-01,5.696197668018927046e-02,5.696197668018926352e-02
2.362500000000000266e+00,3.145276236025458161e+01,2.301385276236013306e+04,4.520123062351499299e-01,5.699822544489194925e-02,5.699822544489194232e-02
2.370000000000000107e+00,3.204778623002382432e+01,2.309424778622990198e+04,4.539410844049903693e-01,5.703424030675919437e-02,5.703424030675919437e-02
2.377500000000000391e+00,3.264322531214126855e+01,2.317464322531201833e+04,4.558303913376579031e-01,5.706999065081867772e-02,5.706999065081869160e-02
2.385000000000000231e+00,3.323907559621642349e+01,2.325503907559609070e+04,4.576835313717255160e-01,5.710545468830636323e-02,5.710545468830637017e-02
2.392500000000000071e+00,3.383533447255616977e+01,2.333543533447242953e+04,4.595036470305454701e-01,5.714061872470928977e-02,5.714061872470928977e-02
2.400000000000000355e+00,3.443199549360134171e+01,2.341583199549347410e+04,4.612937191341733301e-01,5.717549199588042863e-02,5.717549199588042169e-02
2.407500000000000195e+00,3.502905333302636848e+01,2.349622905333289964e+04,4.630565683555984968e-01,5.721005775322500486e-02,5.721005775322500486e-02
2.415000000000000036e+00,3.562650372083346184e+01,2.357662650372070493e+04,4.650230386149207806e-01,5.724428455908849717e-02,5.724428455908851104e-02
2.422500000000000320e+00,3.622434271726227450e+01,2.365702434271713355e+04,4.669556448528095483e-01,5.727814958895308117e-02,5.727814958895308811e-02
2.430000000000000160e+00,3.682256651520183510e+01,2.373742256651507341e+04,4.688570773619402110e-01,5.731163558135149438e-02,5.731163558135149438e-02
2.437500000000000000e+00,3.742117140820619881e+01,2.381782117140807532e+04,4.707299552405516674e-01,5.734472860233537361e-02,5.734472860233537361e-02
2.445000000000000284e+00,3.802015376643337419e+01,2.389822015376630225e+04,4.725767453822561914e-01,5.737741732287315183e-02,5.737741732287313795e-02
2.452500000000000124e+00,3.861951000608851103e+01,2.397861951000595582e+04,4.743997651625715406e-01,5.740970022039788151e-02,5.740970022039788151e-02
2.460000000000000409e+00,3.921923654078140231e+01,2.405901923654065104e+04,4.762011857237059553e-01,5.744157953419710971e-02,5.744157953419710971e-02
2.467500000000000249e+00,3.981932970800679783e+01,2.413941932970787457e+04,4.779830356861211049e-01,5.747305260887899253e-02,5.747305260887899253e-02
2.475000000000000089e+00,4.041978616775158173e+01,2.421981978616761990e+04,4.797472051427132955e-01,5.750410891557121429e-02,5.750410891557121429e-02
2.482500000000000373e+00,4.102060292121839780e+01,2.430022060292108290e+04,4.815924449389282769e-01,5.753473360836341977e-02,5.753473360836341977e-02
2.490000000000000213e+00,4.162177714171323117e+01,2.438062177714157951e+04,4.834737296417721542e-01,5.756491650170903612e-02,5.756491650170902918e-02
2.497500000000000053e+00,4.222330610860093003e+01,2.446102330610846548e+04,4.853320337955268626e-01,5.759465055109591614e-02,5.759465055109593001e-02
2.505000000000000338e+00,4.282518720086725494e+01,2.454142518720072985e+04,4.871689955161987995e-01,5.762393078890266224e-02,5.762393078890266224e-02
2.512500000000000178e+00,4.342741899372408909e+01,2.462182741899358734e+04,4.889861190587201367e-01,5.765274279798209695e-02,5.765274279798209001e-02
2.520000000000000018e+00,4.402999943994679910e+01,2.470222999943980903e+04,4.907847779991292292e-01,5.768108033753484992e-02,5.768108033753486380e-02
2.527500000000000302e+00,4.463292524166353559e+01,2.478263292524152348e+04,4.925662184472481830e-01,5.770895147614454879e-02,5.770895147614454879e-02
2.535000000000000142e+00,4.523619424695596081e+01,2.486303619424681528e+04,4.943315622301881485e-01,5.773635467369129387e-02,5.773635467369130775e-02
2.542500000000000426e+00,4.583980439530213147e+01,2.494343980439516235e+04,4.960818099993192232e-01,5.776328944826667616e-02,5.776328944826666922e-02
2.550000000000000266e+00,4.644375367292968804e+01,2.502384375367279063e+04,4.978178442238465617e-01,5.778975846721079446e-02,5.778975846721079446e-02
2.557500000000000107e+00,4.704804016190369254e+01,2.510424804016176131e+04,4.995404320430787415e-01,5.781576381774528733e-02,5.781576381774528733e-02
2.565000000000000391e+00,4.765266208518079338e+01,2.518465266208503817e+04,5.012502279570426600e-01,5.784130399403091677e-02,5.784130399403091677e-02
2.572500000000000231e+00,4.825761769658257094e+01,2.526505761769643868e+04,5.029477763414446079e-01,5.786637994991684908e-02,5.786637994991684214e-02
2.580000000000000071e+00,4.886290531570595874e+01,2.534546290531556224e+04,5.046335137783459768e-01,5.789099324250356060e-02,5.789099324250356060e-02
2.587500000000000355e+00,4.946852333941721014e+01,2.542586852333927163e+04,5.063077711983376972e-01,5.791514439096973749e-02,5.791514439096973055e-02
2.595000000000000195e+00,5.007447013409669268e+01,2.550627447013395067e+04,5.079707758336674539e-01,5.793883432300656056e-02,5.793883432300654668e-02
2.602500000000000036e+00,5.068074384275580258e+01,2.558668074384261126e+04,5.096226529847422970e-01,5.796206563233808479e-02,5.796206563233807785e-02
2.610000000000000320e+00,5.128734196642779608e+01,2.566708734196628211e+04,5.112634276048417803e-01,5.798484383662633884e-02,5.798484383662634578e-02
2.617500000000000160e+00,5.189426030918100707e+01,2.574749426030903487e+04,5.128930257097708001e-01,5.800718053887241737e-02,5.800718053887241737e-02
2.625000000000000000e+00,5.250149119424460764e+01,2.582790149119409762e+04,5.145112756206625670e-01,5.802909875961702324e-02,5.802909875961703018e-02
2.632500000000000284e+00,5.310899405778337012e+01,2.590830899405763557e+04,5.161179090492235000e-01,5.805071912611640267e-02,5.805071912611639573e-02
2.640000000000000124e+00,5.371680929537082960e+01,2.598871680929522336e+04,5.177125620355359503e-01,5.807188266390466563e-02,5.807188266390467951e-02
2.647500000000000409e+00,5.432494265526275257e+01,2.606912494265511123e+04,5.192947757490197214e-01,5.809259869035234697e-02,5.809259869035235391e-02
2.655000000000000249e+00,5.493339246954590749e+01,2.614953339246939504e+04,5.208639971634752008e-01,5.811287793848866901e-02,5.811287793848866207e-02
2.662500000000000089e+00,5.554215864337878372e+01,2.622994215864322905e+04,5.224195796172033113e-01,5.813272124991745310e-02,5.813272124991744616e-02
2.670000000000000373e+00,5.615124125471223948e+01,2.631035124125456059e+04,5.239607832691264289e-01,5.815212943034559628e-02,5.815212943034559628e-02
2.677500000000000213e+00,5.676063983417351722e+01,2.639076063983402128e+04,5.254867754616230346e-01,5.817110586220435031e-02,5.817110586220435031e-02
2.685000000000000053e+00,5.737035345904833150e+01,2.647117035345889599e+04,5.269966310004361443e-01,5.818965609919633103e-02,5.818965609919632409e-02
2.692500000000000338e+00,5.798038096435577415e+01,2.655158038096420205e+04,5.284893323615671434e-01,5.820778696870949898e-02,5.820778696870949898e-02
2.700000000000000178e+00,5.859072075689613968e+01,2.663199072075674121e+04,5.299637698345422976e-01,5.822550711704165688e-02,5.822550711704166382e-02
2.707500000000000018e+00,5.920137231389265509e+01,2.671240137231373592e+04,5.314187416108346884e-01,5.824280235490102153e-02,5.824280235490102153e-02
2.715000000000000302e+00,5.981232950402799275e+01,2.679281232950387130e+04,5.328529538255688536e-01,5.825966831039709054e-02,5.825966831039708360e-02
2.722500000000000142e+00,6.042353612593681333e+01,2.687322353612578081e+04,5.342650205599586144e-01,5.827631636266979859e-02,5.827631636266979165e-02
2.730000000000000426e+00,6.103500926075956556e+01,2.695363500926060078e+04,5.356534638112216973e-01,5.829269723617150345e-02,5.829269723617150345e-02
2.737500000000000266e+00,6.164678890116711329e+01,2.703404678890100695e+04,5.370167134360315231e-01,5.830869205144760536e-02,5.830869205144759843e-02
2.745000000000000107e+00,6.225887637379545225e+01,2.711445887637363558e+04,5.383531070728959644e-01,5.832429979349693094e-02,5.832429979349693094e-02
2.752500000000000391e+00,6.287127301798012979e+01,2.719487127301781948e+04,5.397409945622595462e-01,5.833951957889788043e-02,5.833951957889788043e-02
2.760000000000000231e+00,6.348397805588597720e+01,2.727528397805572604e+04,5.411807103420710474e-01,5.835436175573181089e-02,5.835436175573181089e-02
2.767500000000000071e+00,6.409699813008347746e+01,2.735569699812992258e+04,5.425974610598781611e-01,5.836875243503779342e-02,5.836875243503780036e-02
2.775000000000000355e+00,6.471032690402951459e+01,2.743611032690386855e+04,5.439893447925803205e-01,5.838273812713520167e-02,5.838273812713518779e-02
2.782500000000000195e+00,6.532395161546870099e+01,2.751652395161530512e+04,5.453543696873830449e-01,5.839637491812166292e-02,5.839637491812166292e-02
2.790000000000000036e+00,6.593780531350164154e+01,2.759693780531333687e+04,5.466904535703078771e-01,5.840988458434568514e-02,5.840988458434568514e-02
2.797500000000000320e+00,6.655190555662389329e+01,2.767735190555646113e+04,5.479954235638763160e-01,5.842321526601892273e-02,5.842321526601891579e-02
2.805000000000000160e+00,6.716630749790010668e+01,2.775776630749773540e+04,5.492670157116454899e-01,5.843619579038408784e-02,5.843619579038408091e-02
2.812500000000000444e+00,6.778101807562048009e+01,2.783818101807545463e+04,5.505028746068123535e-01,5.844878281555749427e-02,5.844878281555749427e-02
2.820000000000000284e+00,6.839604353689605887e+01,2.791859604353673058e+04,5.517005530219174503e-01,5.846091956398541400e-02,5.846091956398542788e-02
2.827500000000000124e+00,6.901137628905743782e+01,2.799901137628889046e+04,5.528770103915570111e-01,5.847267820027177154e-02,5.847267820027177154e-02
2.835000000000000409e+00,6.962701115210390412e+01,2.807942701115193631e+04,5.542215546814520666e-01,5.848408383581440301e-02,5.848408383581440301e-02
2.842500000000000249e+00,7.024292170275118963e+01,2.815984292170258414e+04,5.555302140593496585e-01,5.849523846382888304e-02,5.849523846382888997e-02
2.850000000000000089e+00,7.085900142225463583e+01,2.824025900142208411e+04,5.568003372996928046e-01,5.850651182016919361e-02,5.850651182016919361e-02
2.857500000000000373e+00,7.147537743773538921e+01,2.832067537743756475e+04,5.580291810606435865e-01,5.851744814924252774e-02,5.851744814924252774e-02
2.865000000000000213e+00,7.209206347026406547e+01,2.840109206347009240e+04,5.592139094259301890e-01,5.852798811821394165e-02,5.852798811821393471e-02
2.872500000000000053e+00,7.270905702188350972e+01,2.848150905702171076e+04,5.603515934078194816e-01,5.853816521179482785e-02,5.853816521179482091e-02
2.880000000000000338e+00,7.332635568433833839e+01,2.856192635568416517e+04,5.614392104025925923e-01,5.854798707824176995e-02,5.854798707824176995e-02
2.887500000000000178e+00,7.394394936478315117e+01,2.864234394936461103e+04,5.625634444310914084e-01,5.855749541183516427e-02,5.855749541183516427e-02
2.895000000000000018e+00,7.456176102589265042e+01,2.872276176102571844e+04,5.638216012707502056e-01,5.856693873428571451e-02,5.856693873428570757e-02
2.902500000000000302e+00,7.517978668103137352e+01,2.880317978668085561e+04,5.650310071445755478e-01,5.857627568111689609e-02,5.857627568111689609e-02
2.910000000000000142e+00,7.579811534824754915e+01,2.888359811534807159e+04,5.661884472779801225e-01,5.858526577714025241e-02,5.858526577714023853e-02
2.917500000000000426e+00,7.641675063536334278e+01,2.896401675063518633e+04,5.672906126784063030e-01,5.859391644564258123e-02,5.859391644564257429e-02
2.925000000000000266e+00,7.703568833006573868e+01,2.904443568832988967e+04,5.683340993195136193e-01,5.860227391600635743e-02,5.860227391600636437e-02
2.932500000000000107e+00,7.765492215126566578e+01,2.912485492215108752e+04,5.693154071843241626e-01,5.861033223552085392e-02,5.861033223552085392e-02
2.940000000000000391e+00,7.827436503552343083e+01,2.920527436503534409e+04,5.704835935060426078e-01,5.861833102857588046e-02,5.861833102857589434e-02
2.947500000000000231e+00,7.889401039845344599e+01,2.928569401039827426e+04,5.716498267228380392e-01,5.862632925324686578e-02,5.862632925324686578e-02
2.955000000000000071e+00,7.951396016695154856e+01,2.936611396016677099e+04,5.727544560379617122e-01,5.863397718269345443e-02,5.863397718269345443e-02
2.962500000000000355e+00,3.342172441576897191e-01,2.936673421724397849e+04,5.737937965389761086e-01,5.864127581478018048e-02,5.864127581478018048e-02
2.970000000000000195e+00,9.547861864633334639e-01,2.944715478618628185e+04,5.747640664497150054e-01,5.864815631274016700e-02,5.864815631274016006e-02
2.977500000000000036e+00,1.575630144632736318e+00,2.952757563014445259e+04,5.756827384514978663e-01,5.865480622176415249e-02,5.865480622176416636e-02
2.985000000000000320e+00,2.196596613332003400e+00,2.960799659661314945e+04,5.768415151334942426e-01,5.866180424548309708e-02,5.866180424548309014e-02
2.992500000000000160e+00,2.817845452455117083e+00,2.968841784545227347e+04,5.779312869233499406e-01,5.866857543504287731e-02,5.866857543504287731e-02
3.000000000000000444e+00,3.439407033965335536e+00,2.976883940703378175e+04,5.789480931380474038e-01,5.867494565335585471e-02,5.867494565335585471e-02
3.007500000000000284e+00,4.061284924091953741e+00,2.984926128492390853e+04,5.798878753986748125e-01,5.868085825791153481e-02,5.868085825791154869e-02
3.015000000000000124e+00,4.683444463280110881e+00,2.992968344446309493e+04,5.807464751172128903e-01,5.868650081910744415e-02,5.868650081910743721e-02
3.022500000000000409e+00,5.305724589069072294e+00,3.001010572458888419e+04,5.818212711163509576e-01,5.869248600107497549e-02,5.869248600107498937e-02
3.030000000000000249e+00,5.928268417524182432e+00,3.009052826841733622e+04,5.828743981597681589e-01,5.869833118788488069e-02,5.869833118788487375e-02
3.037500000000000089e+00,6.551130570455434565e+00,3.017095113057026902e+04,5.838458470049222582e-01,5.870375779360342133e-02,5.870375779360342827e-02
3.045000000000000373e+00,7.174300458601434727e+00,3.025137430045841393e+04,5.847312877408276099e-01,5.870882223896209395e-02,5.870882223896209395e-02
3.052500000000000213e+00,7.797736243727456440e+00,3.033179773624353766e+04,5.855313242084317915e-01,5.871367626527890932e-02,5.871367626527890932e-02
3.060000000000000053e+00,8.421268306956793737e+00,3.041222126830676643e+04,5.866089156334768351e-01,5.871892594271177490e-02,5.871892594271176796e-02
3.067500000000000338e+00,9.045110148547518492e+00,3.049264511014835807e+04,5.875996027863313875e-01,5.872376559599701978e-02,5.872376559599701978e-02
3.075000000000000178e+00,9.669259979253956416e+00,3.057306925997906365e+04,5.884988909271882118e-01,5.872831186892324418e-02,5.872831186892324418e-02
3.082500000000000462e+00,1.029370622479779662e+01,3.065349370622460629e+04,5.893021830294583596e-01,5.873259716092057992e-02,5.873259716092057992e-02
3.090000000000000302e+00,1.091831984740991857e+01,3.073391831984721648e+04,5.901972845204761509e-01,5.873700259367743703e-02,5.873700259367743703e-02
3.097500000000000142e+00,1.154313068859667979e+01,3.081434313068840493e+04,5.911933664808546318e-01,5.874137638014674534e-02,5.874137638014672452e-02
3.105000000000000426e+00,1.216825318884164631e+01,3.089476825318864576e+04,5.920921045205124189e-01,5.874537927620794575e-02,5.874537927620794575e-02
3.112500000000000266e+00,1.279367842408943190e+01,3.097519367842389329e+04,5.928887445912026655e-01,5.874911925821817843e-02,5.874911925821818537e-02
3.120000000000000107e+00,1.341934837973223082e+01,3.105561934837953595e+04,5.936687543829343161e-01,5.875274174702655589e-02,5.875274174702657670e-02
3.127500000000000391e+00,1.404511950917452090e+01,3.113604511950897722e+04,5.946550977196691790e-01,5.875672765670716946e-02,5.875672765670718334e-02
3.135000000000000231e+00,1.467120142391434179e+01,3.121647120142371568e+04,5.955376137406667159e-01,5.876032011960184015e-02,5.876032011960183321e-02
3.142500000000000071e+00,1.529759524572884821e+01,3.129689759524552937e+04,5.963113989287679439e-01,5.876353671426717828e-02,5.876353671426718522e-02
3.150000000000000355e+00,1.592426709441091326e+01,3.137732426709421270e+04,5.970391225901344745e-01,5.876648928022799173e-02,5.876648928022798479e-02
3.157500000000000195e+00,1.655100239715656940e+01,3.145775100239695894e+04,5.979993803171755884e-01,5.877005842424737336e-02,5.877005842424736642e-02
3.165000000000000480e+00,1.717803471319085773e+01,3.153817803471298976e+04,5.988488095882784634e-01,5.877330104561226398e-02,5.877330104561227092e-02
3.172500000000000320e+00,1.780539153838127220e+01,3.161860539153818172e+04,5.995823649820118950e-01,5.877602315266569621e-02,5.877602315266570315e-02
3.180000000000000160e+00,1.843302304070979858e+01,3.169903302304050885e+04,6.003129482637800107e-01,5.877848231629687059e-02,5.877848231629688447e-02
3.187500000000000444e+00,1.906070537538454346e+01,3.177946070537518244e+04,6.012296150393966476e-01,5.878164562033903751e-02,5.878164562033902363e-02
3.195000000000000284e+00,1.968868774331279425e+01,3.185988868774311049e+04,6.020279604701571641e-01,5.878449345558046241e-02,5.878449345558044853e-02
3.202500000000000124e+00,2.031699692023495274e+01,3.194031699692003167e+04,6.027028039545404559e-01,5.878678326656140707e-02,5.878678326656142095e-02
3.210000000000000409e+00,2.094554392738193016e+01,3.202074554392717619e+04,6.034852425678356447e-01,5.878894770010742454e-02,5.878894770010741760e-02
3.217500000000000249e+00,2.157415813816742300e+01,3.210117415813796106e+04,6.043397062225195349e-01,5.879174118602625149e-02,5.879174118602624455e-02
3.225000000000000089e+00,2.220309348304459718e+01,3.218160309348283772e+04,6.050678941879700234e-01,5.879410337557330890e-02,5.879410337557330890e-02
3.232500000000000373e+00,2.283234154947380645e+01,3.226203234154926758e+04,6.056644951973957358e-01,5.879602793949121470e-02,5.879602793949120082e-02
3.240000000000000213e+00,2.346174436343153857e+01,3.234246174436322326e+04,6.065427900126936223e-01,5.879813878198689864e-02,5.879813878198689864e-02
3.247500000000000053e+00,2.409130701547972819e+01,3.242289130701527029e+04,6.073153894418317211e-01,5.880041182215845624e-02,5.880041182215845624e-02
3.255000000000000338e+00,2.472118055514271262e+01,3.250332118055493265e+04,6.079533299373552913e-01,5.880238203451639001e-02,5.880238203451637613e-02
3.262500000000000178e+00,2.535134454424487771e+01,3.258375134454403451e+04,6.086571203761752535e-01,5.880401710475220700e-02,5.880401710475220700e-02
3.270000000000000462e+00,2.598158149221161750e+01,3.266418158149200099e+04,6.094652165533561705e-01,5.880605734573490784e-02,5.880605734573491478e-02
3.277500000000000302e+00,2.661207959410323909e+01,3.274461207959389139e+04,6.101353101960184100e-01,5.880791437814252703e-02,5.880791437814249234e-02
3.285000000000000142e+00,2.724287996390850708e+01,3.282504287996370113e+04,6.106981469480837754e-01,5.880953394723194977e-02,5.880953394723193589e-02
3.292500000000000426e+00,2.787387530850740447e+01,3.290547387530830019e+04,6.115328170335374569e-01,5.881110013993585267e-02,5.881110013993584573e-02
3.300000000000000266e+00,2.850498808905926396e+01,3.298590498808885604e+04,6.122258880214569432e-01,5.881291574323763149e-02,5.881291574323764537e-02
3.307500000000000107e+00,2.913640914380842162e+01,3.306633640914360876e+04,6.127719322280158476e-01,5.881443400554330070e-02,5.881443400554330070e-02
3.315000000000000391e+00,2.976811358021111076e+01,3.314676811358001578e+04,6.135298140725110594e-01,5.881569674514940810e-02,5.881569674514940810e-02
3.322500000000000231e+00,3.039986555825651848e+01,3.322719986555806099e+04,6.142366756477832812e-01,5.881745395631701040e-02,5.881745395631701040e-02
3.330000000000000071e+00,3.103189705305297608e+01,3.330763189705285913e+04,6.147926957598103259e-01,5.881890865866385570e-02,5.881890865866386264e-02
3.337500000000000355e+00,3.166423429753075069e+01,3.338806423429734423e+04,6.154645574125152674e-01,5.882003540133799030e-02,5.882003540133799030e-02
3.345000000000000195e+00,3.229667397139597540e+01,3.346849667397121084e+04,6.161759953336324314e-01,5.882155581468638539e-02,5.882155581468638539e-02
3.352500000000000480e+00,3.292930158312955058e+01,3.354892930158294621e+04,6.167325722111862696e-01,5.882306616760452078e-02,5.882306616760452078e-02
3.360000000000000320e+00,3.356225211554399834e+01,3.362936225211536657e+04,6.173425719720159188e-01,5.882406660261776943e-02,5.882406660261778331e-02
3.367500000000000160e+00,3.419537048251915223e+01,3.370979537048234488e+04,6.180493343069958234e-01,5.882531637478748826e-02,5.882531637478747438e-02
3.375000000000000444e+00,3.482858349014944110e+01,3.379022858348997397e+04,6.185970348831795196e-01,5.882694706665664297e-02,5.882694706665667073e-02
3.382500000000000284e+00,3.546213308001861719e+01,3.387066213307985163e+04,6.191669316384446065e-01,5.882789740135526552e-02,5.882789740135527939e-02
3.390000000000000124e+00,3.609591001223614626e+01,3.395109591001206718e+04,6.198597255482776180e-01,5.882886088649577627e-02,5.882886088649577627e-02
3.397500000000000409e+00,3.672970422602223550e+01,3.403152970422586077e+04,6.203891006013616538e-01,5.883059324487011077e-02,5.883059324487011771e-02
3.405000000000000249e+00,3.736383850031186427e+01,3.411196383850015263e+04,6.209385756567820103e-01,5.883158316412220173e-02,5.883158316412220173e-02
3.412500000000000089e+00,3.799823440594023793e+01,3.419239823440578039e+04,6.216080713764451371e-01,5.883238483239800615e-02,5.883238483239803390e-02
3.420000000000000373e+00,3.863261794741661248e+01,3.427283261794726423e+04,6.221096602064892789e-01,5.883412267080124353e-02,5.883412267080124353e-02
3.427500000000000213e+00,3.926732634648194420e+01,3.435326732634632936e+04,6.226565816104290274e-01,5.883519164463291845e-02,5.883519164463289763e-02
3.435000000000000497e+00,3.990230802859737480e+01,3.443370230802844890e+04,6.232934235053744221e-01,5.883595931695189546e-02,5.883595931695188158e-02
3.442500000000000338e+00,4.053727872408201449e+01,3.451413727872393792e+04,6.237577653490428142e-01,5.883764540843424568e-02,5.883764540843424568e-02
3.450000000000000178e+00,4.117255231551366990e+01,3.459457255231536692e+04,6.243184060947719605e-01,5.883880649424085008e-02,5.883880649424086395e-02
3.457500000000000462e+00,4.180810083160231727e+01,3.467500810083145916e+04,6.249132304163778073e-01,5.883961677822795860e-02,5.883961677822795860e-02
3.465000000000000302e+00,4.244364020962466100e+01,3.475544364020948706e+04,6.253308821535048523e-01,5.884126293098724397e-02,5.884126293098723010e-02
3.472500000000000142e+00,4.307947024960579085e+01,3.483587947024947061e+04,6.259201017543484236e-01,5.884251841330805782e-02,5.884251841330807170e-02
3.480000000000000426e+00,4.371557430805610522e+01,3.491631557430792600e+04,6.264635605027283338e-01,5.884335368432268287e-02,5.884335368432269675e-02
3.487500000000000266e+00,4.435165505783470508e+01,3.499675165505770565e+04,6.268251199775496385e-01,5.884507226939002245e-02,5.884507226939000857e-02
3.495000000000000107e+00,4.498803227238179403e+01,3.507718803227225726e+04,6.274565173129575957e-01,5.884642033743557599e-02,5.884642033743557599e-02
3.502500000000000391e+00,4.562466472349510838e+01,3.515762466472337110e+04,6.279393074206061076e-01,5.884734464318151781e-02,5.884734464318150393e-02
3.510000000000000231e+00,4.626127492341465341e+01,3.523806127492329688e+04,6.283222420759995153e-01,5.884916167375878887e-02,5.884916167375876112e-02
3.517500000000000071e+00,4.689819093507512804e+01,3.531849819093495898e+04,6.289214855006241001e-01,5.885058012152891843e-02,5.885058012152891843e-02
3.525000000000000355e+00,4.753530852175642707e+01,3.539893530852164258e+04,6.293343823677789439e-01,5.885172765262555727e-02,5.885172765262557115e-02
3.532500000000000195e+00,4.817245023409321902e+01,3.547937245023398282e+04,6.297829701672665870e-01,5.885360936888143352e-02,5.885360936888143352e-02
3.540000000000000480e+00,4.880990034611945561e+01,3.555980990034600836e+04,6.303080023138109000e-01,5.885502124754039138e-02,5.885502124754039138e-02
3.547500000000000320e+00,4.944746850036928976e+01,3.564024746850025986e+04,6.306418965562529122e-01,5.885652487952949818e-02,5.885652487952950512e-02
3.555000000000000160e+00,5.008512925115317671e+01,3.572068512925104733e+04,6.311665730192137502e-01,5.885849405984127508e-02,5.885849405984127508e-02
3.562500000000000444e+00,5.072309901743382454e+01,3.580112309901733533e+04,6.316083997928269023e-01,5.885988774666919138e-02,5.885988774666919138e-02
3.570000000000000284e+00,5.136109266180500299e+01,3.588156109266170824e+04,6.319190978289006555e-01,5.886180676452852645e-02,5.886180676452852645e-02
3.577500000000000124e+00,5.199926899091515509e+01,3.596199926899081765e+04,6.324647100033311542e-01,5.886377477621836107e-02,5.886377477621837495e-02
3.585000000000000409e+00,5.263772073369038651e+01,3.604243772073360014e+04,6.328145134347638034e-01,5.886529764444210777e-02,5.886529764444212165e-02
3.592500000000000249e+00,5.327612672209440348e+01,3.612287612672200339e+04,6.332190133746727900e-01,5.886764286102653954e-02,5.886764286102653954e-02
3.600000000000000089e+00,5.391480674405212881e+01,3.620331480674396880e+04,6.336686636136092954e-01,5.886959196360124630e-02,5.886959196360121854e-02
3.607500000000000373e+00,5.455365901199049716e+01,3.628375365901190526e+04,6.339178444654807176e-01,5.887151777584158363e-02,5.887151777584159057e-02
3.615000000000000213e+00,5.519252487792527262e+01,3.636419252487784252e+04,6.344242441057911241e-01,5.887397837147418517e-02,5.887397837147416435e-02
3.622500000000000497e+00,5.583168145781552028e+01,3.644463168145773670e+04,6.347694977694448015e-01,5.887601255856087651e-02,5.887601255856086263e-02
3.630000000000000338e+00,5.647087340051128734e+01,3.652507087340043654e+04,6.350877832910536425e-01,5.887853034310285005e-02,5.887853034310283618e-02
3.637500000000000178e+00,5.711022025663318402e+01,3.660551022025656130e+04,6.355254984154504738e-01,5.888095139792007271e-02,5.888095139792007271e-02
3.645000000000000462e+00,5.774981176565617602e+01,3.668594981176558940e+04,6.357582109774237988e-01,5.888317480606920090e-02,5.888317480606918009e-02
3.652500000000000302e+00,5.838935030342980070e+01,3.676638935030336143e+04,6.361918025125126164e-01,5.888611587808735559e-02,5.888611587808735559e-02
3.660000000000000142e+00,5.902914929392379406e+01,3.684682914929385879e+04,6.365135265275493337e-01,5.888862746180443392e-02,5.888862746180444779e-02
3.667500000000000426e+00,5.966905824434223149e+01,3.692726905824428104e+04,6.367736105866692586e-01,5.889141737207058414e-02,5.889141737207057026e-02
3.675000000000000266e+00,6.030901772268300931e+01,3.700770901772262732e+04,6.371811125148855171e-01,5.889441452402027766e-02,5.889441452402027766e-02
3.682500000000000107e+00,6.094923573361068492e+01,3.708814923573355918e+04,6.373792640617652605e-01,5.889709477422055278e-02,5.889709477422056666e-02
3.690000000000000391e+00,6.158942199109345239e+01,3.716858942199104058e+04,6.377657216591841038e-01,5.890044411564503840e-02,5.890044411564502452e-02
3.697500000000000231e+00,6.222980791627654895e+01,3.724902980791623122e+04,6.380465720792131146e-01,5.890347561343991373e-02,5.890347561343991373e-02
3.705000000000000515e+00,6.287034822185008665e+01,3.732947034822180285e+04,6.382714866445853286e-01,5.890659853720345979e-02,5.890659853720346673e-02
3.712500000000000355e+00,6.351086470176239374e+01,3.740991086470172013e+04,6.386321665596712549e-01,5.891021580838099597e-02,5.891021580838097516e-02
3.720000000000000195e+00,6.415164255808399218e+01,3.749035164255804557e+04,6.387794568189710809e-01,5.891338893874451671e-02,5.891338893874450283e-02
3.727500000000000480e+00,6.479239842682831352e+01,3.757079239842679090e+04,6.391398336092724008e-01,5.891719642305236898e-02,5.891719642305237592e-02
3.735000000000000320e+00,6.543331199806029019e+01,3.765123331199802487e+04,6.393643000154086709e-01,5.892079207549590081e-02,5.892079207549591469e-02
3.742500000000000160e+00,6.607439277569307023e+01,3.773167439277566154e+04,6.395728464966790039e-01,5.892432117896782839e-02,5.892432117896782839e-02
3.750000000000000444e+00,6.671540903443813875e+01,3.781211540903441346e+04,6.398719819168684486e-01,5.892854538411847198e-02,5.892854538411847892e-02
3.757500000000000284e+00,6.735668542975535900e+01,3.789255668542972853e+04,6.399541010950569042e-01,5.893219434746063690e-02,5.893219434746062302e-02
3.765000000000000124e+00,6.799792003164839116e+01,3.797299792003163020e+04,6.403055123656755665e-01,5.893655240600389339e-02,5.893655240600390727e-02
3.772500000000000409e+00,6.863930012695985283e+01,3.805343930012694182e+04,6.404601295178610210e-01,5.894070107441692213e-02,5.894070107441692213e-02
3.780000000000000249e+00,6.928082589863562646e+01,3.813388082589861733e+04,6.406674737997436475e-01,5.894473981931308559e-02,5.894473981931308559e-02
3.787500000000000089e+00,6.992228211785011638e+01,3.821432228211783513e+04,6.408924486821138133e-01,5.894951714470984816e-02,5.894951714470984816e-02
3.795000000000000373e+00,7.056399001296901474e+01,3.829476399001295795e+04,6.409600636050208911e-01,5.895362481878781147e-02,5.895362481878781841e-02
3.802500000000000213e+00,7.120561169611644914e+01,3.837520561169611028e+04,6.412534455846652381e-01,5.895860278684364464e-02,5.895860278684364464e-02
3.810000000000000497e+00,7.184739630970420876e+01,3.845564739630970143e+04,6.413269956703688823e-01,5.896323467562938209e-02,5.896323467562935433e-02
3.817500000000000338e+00,7.248926742492928099e+01,3.853608926742492622e+04,6.415451478535700858e-01,5.896790163224317760e-02,5.896790163224317760e-02
3.825000000000000178e+00,7.313109979343815326e+01,3.861653109979344299e+04,6.416856538413405753e-01,5.897315928108882305e-02,5.897315928108883692e-02
3.832500000000000462e+00,7.377316287967569508e+01,3.869697316287967988e+04,6.417692576954537875e-01,5.897771295315009515e-02,5.897771295315007434e-02
3.840000000000000302e+00,7.441508467029863994e+01,3.877741508467030508e+04,6.419751373794764238e-01,5.898333496248291813e-02,5.898333496248291813e-02
3.847500000000000142e+00,7.505720890241693155e+01,3.885785720890242374e+04,6.419588235011062238e-01,5.898834262638300019e-02,5.898834262638298631e-02
3.855000000000000426e+00,7.569932488036567975e+01,3.893829932488037593e+04,6.421970269790554520e-01,5.899374307757024316e-02,5.899374307757023622e-02
3.862500000000000266e+00,7.634146689054318813e+01,3.901874146689056215e+04,6.422452281931188001e-01,5.899937892200764200e-02,5.899937892200762118e-02
3.870000000000000107e+00,7.698379076952747369e+01,3.909918379076954443e+04,6.423526245353263775e-01,5.900442316970406359e-02,5.900442316970406359e-02
3.877500000000000391e+00,7.762593815037149625e+01,3.917962593815039145e+04,6.424641326437454669e-01,5.901063480106898823e-02,5.901063480106898823e-02
3.885000000000000231e+00,7.826832473973973947e+01,3.926006832473976101e+04,6.424429767212183062e-01,5.901595453278942610e-02,5.901595453278944692e-02
3.892500000000000515e+00,7.891059510840953806e+01,3.934051059510844061e+04,6.426167530927578975e-01,5.902210174319515862e-02,5.902210174319516556e-02
3.900000000000000355e+00,7.955297877680975205e+01,3.942095297877684061e+04,6.425674019331727438e-01,5.902797071958393316e-02,5.902797071958394703e-02
3.907500000000000195e+00,3.954081559037258553e-01,3.942159540815593937e+04,6.427040622066714226e-01,5.903380563769107525e-02,5.903380563769107525e-02
3.915000000000000480e+00,1.037763465435755927e+00,3.950203776346547238e+04,6.427169495580373759e-01,5.904027294660902508e-02,5.904027294660901121e-02
3.922500000000000320e+00,1.680314911565895963e+00,3.958248031491160509e+04,6.427268074536359732e-01,5.904591900761622936e-02,5.904591900761624323e-02
3.930000000000000160e+00,2.322666454398419678e+00,3.966292266645444033e+04,6.428012627748562746e-01,5.905272241030471575e-02,5.905272241030470881e-02
3.937500000000000444e+00,2.965212027138417916e+00,3.974336521202717995e+04,6.426855269947829852e-01,5.905873840667925229e-02,5.905873840667925229e-02
3.945000000000000284e+00,3.607656620034624950e+00,3.982380765662008343e+04,6.428210339122338857e-01,5.906534273343294617e-02,5.906534273343292535e-02
3.952500000000000124e+00,4.250148004885001107e+00,3.990425014800493955e+04,6.427337112697474319e-01,5.907190732301080549e-02,5.907190732301079161e-02
3.960000000000000409e+00,4.892702858959606438e+00,3.998469270285901439e+04,6.427767507744457376e-01,5.907817965001660454e-02,5.907817965001663230e-02
3.967500000000000249e+00,5.535122689961637477e+00,4.006513512269001512e+04,6.427512973214990488e-01,5.908526016744390652e-02,5.908526016744389264e-02
3.975000000000000533e+00,6.177727892140213228e+00,4.014557772789220326e+04,6.426687085699359647e-01,5.909143538412234276e-02,5.909143538412234276e-02
3.982500000000000373e+00,6.820119450070987632e+00,4.022602011945013510e+04,6.427049581142385559e-01,5.909867934050289096e-02,5.909867934050288402e-02
3.990000000000000213e+00,7.462665234594897612e+00,4.030646266523466329e+04,6.425184769557762410e-01,5.910522884923124359e-02,5.910522884923125747e-02
3.997500000000000497e+00,8.105104889809984670e+00,4.038690510488987638e+04,6.425949418382129741e-01,5.911222013475100900e-02,5.911222013475100207e-02
4.004999999999999893e+00,8.747550474842570978e+00,4.046734755047491490e+04,6.424716151490604821e-01,5.911926216234375531e-02,5.911926216234376225e-02
4.012500000000000178e+00,9.390050156209616361e+00,4.054779005015628354e+04,6.424213132274158022e-01,5.912590110653326292e-02,5.912590110653327680e-02
4.020000000000000462e+00,1.003238111945784716e+01,4.062823238111953833e+04,6.423613051297614174e-01,5.913337342064740182e-02,5.913337342064740182e-02
4.027500000000000746e+00,1.067487672716178082e+01,4.070867487672724383e+04,6.421839608637462948e-01,5.913991460764159852e-02,5.913991460764161240e-02
4.035000000000000142e+00,1.131713981574628214e+01,4.078911713981582579e+04,6.421875580268332495e-01,5.914745484556246241e-02,5.914745484556246241e-02
4.042500000000000426e+00,1.195952799187061188e+01,4.086955952799195802e+04,6.419709217473539287e-01,5.915434042102543644e-02,5.915434042102542950e-02
4.050000000000000711e+00,1.260179230790190985e+01,4.095000179230799404e+04,6.419502042978681988e-01,5.916158380601600764e-02,5.916158380601600764e-02
4.057500000000000107e+00,1.324403603217389325e+01,4.103044403603226237e+04,6.417994194033420641e-01,5.916889476155817729e-02,5.916889476155816341e-02
4.065000000000000391e+00,1.388631320721019158e+01,4.111088631320730201e+04,6.416488988542117244e-01,5.917574868850451059e-02,5.917574868850450365e-02
4.072500000000000675e+00,1.452840163297472209e+01,4.119132840163307264e+04,6.415645382550086984e-01,5.918338780901698237e-02,5.918338780901699625e-02
4.080000000000000071e+00,1.517062746941838469e+01,4.127177062746951560e+04,6.412831254853001983e-01,5.919012339701180958e-02,5.919012339701178876e-02
4.087500000000000355e+00,1.581260270863537976e+01,4.135221260270873609e+04,6.412658570694687032e-01,5.919777835342109745e-02,5.919777835342109745e-02
4.095000000000000639e+00,1.645467749054109063e+01,4.143265467749064555e+04,6.410320969183330719e-01,5.920480084708910212e-02,5.920480084708911600e-02
4.102500000000000036e+00,1.709661019825246342e+01,4.151309661019836494e+04,6.409027754663371157e-01,5.921210762209137141e-02,5.921210762209137141e-02
4.110000000000000320e+00,1.773849779879259003e+01,4.159353849779890152e+04,6.407390705381574847e-01,5.921948967898855304e-02,5.921948967898854610e-02
4.117500000000000604e+00,1.838040141201729227e+01,4.167398040141213278e+04,6.404745173308630246e-01,5.922635405526153335e-02,5.922635405526151947e-02
4.125000000000000000e+00,1.902209502136197372e+01,4.175442209502148035e+04,6.403817630852112197e-01,5.923396191120287868e-02,5.923396191120290644e-02
4.132500000000000284e+00,1.966389980932963155e+01,4.183486389980945387e+04,6.400749545082756731e-01,5.924070280146276346e-02,5.924070280146276346e-02
4.140000000000000568e+00,2.030544131502218619e+01,4.191530544131514762e+04,6.399592884578590990e-01,5.924826287940124919e-02,5.924826287940124919e-02
4.147499999999999964e+00,2.094705234900093771e+01,4.199574705234912835e+04,6.397268872948034257e-01,5.925523917789008582e-02,5.925523917789008582e-02
4.155000000000000249e+00,2.158851508317901846e+01,4.207618851508331136e+04,6.394705784558436523e-01,5.926238224513187547e-02,5.926238224513187547e-02
4.162500000000000533e+00,2.222990348182028342e+01,4.215662990348195308e+04,6.393136591011289172e-01,5.926960010779466076e-02,5.926960010779466076e-02
4.169999999999999929e+00,2.287129664569608778e+01,4.223707129664583044e+04,6.389456319868649370e-01,5.927629477006472053e-02,5.927629477006472053e-02
4.177500000000000213e+00,2.351244934735585446e+01,4.231751244934749411e+04,6.388340626443795855e-01,5.928370008681793646e-02,5.928370008681793646e-02
4.185000000000000497e+00,2.415369285030566004e+01,4.239795369285044580e+04,6.385454112099501200e-01,5.929026565273904509e-02,5.929026565273904509e-02
4.192500000000000782e+00,2.479467225374518335e+01,4.247839467225388944e+04,6.382867022572374927e-01,5.929750566997425698e-02,5.929750566997425698e-02
4.200000000000000178e+00,2.543568355906928602e+01,4.255883568355921307e+04,6.380786252180571383e-01,5.930422062851802012e-02,5.930422062851800624e-02
4.207500000000000462e+00,2.607655407579660078e+01,4.263927655407595012e+04,6.376699986111956653e-01,5.931100778216848168e-02,5.931100778216848168e-02
4.215000000000000746e+00,2.671730368906356645e+01,4.271971730368921999e+04,6.375437091721294358e-01,5.931791965834234265e-02,5.931791965834234265e-02
4.222500000000000142e+00,2.735807814587912645e+01,4.280015807814603613e+04,6.372127954753757928e-01,5.932418238891940671e-02,5.932418238891940671e-02
4.230000000000000426e+00,2.799855324272043688e+01,4.288059855324288219e+04,6.369389055736237593e-01,5.933125402144033556e-02,5.933125402144034943e-02
4.237500000000000711e+00,2.863911270368490136e+01,4.296103911270384560e+04,6.366940971506231950e-01,5.933742775676042330e-02,5.933742775676042330e-02
4.245000000000000107e+00,2.927941938629585295e+01,4.304147941938645818e+04,6.362622710133440940e-01,5.934417332142231938e-02,5.934417332142231938e-02
4.252500000000000391e+00,2.991970130808410744e+01,4.312191970130825212e+04,6.361048192916675115e-01,5.935050188689547368e-02,5.935050188689546674e-02
4.260000000000000675e+00,3.055988798470446355e+01,4.320235988798487233e+04,6.357469019778305697e-01,5.935667247091568760e-02,5.935667247091567372e-02
4.267500000000000071e+00,3.119987010028533447e+01,4.328279987010046170e+04,6.354428136341365718e-01,5.936318984762612577e-02,5.936318984762612577e-02
4.275000000000000355e+00,3.183990211625297917e+01,4.336323990211643104e+04,6.351768370911431427e-01,5.936886111281616807e-02,5.936886111281614725e-02
4.282500000000000639e+00,3.247961770177685281e+01,4.344367961770195689e+04,6.347114200707020260e-01,5.937538955391957057e-02,5.937538955391955670e-02
4.290000000000000036e+00,3.311937064207344150e+01,4.352411937064225640e+04,6.345329378165726064e-01,5.938109176783373105e-02,5.938109176783374493e-02
4.297500000000000320e+00,3.375893693823189068e+01,4.360455893693841790e+04,6.341642606718305153e-01,5.938703986989218170e-02,5.938703986989219558e-02
4.305000000000000604e+00,3.439836711917336487e+01,4.368499836711936223e+04,6.338126461034557790e-01,5.939296618230368446e-02,5.939296618230367752e-02
4.312500000000000000e+00,3.503781224291010687e+01,4.376543781224310078e+04,6.335419072062189461e-01,5.939813807104055848e-02,5.939813807104055848e-02
4.320000000000000284e+00,3.567690974998619424e+01,4.384587690975017904e+04,6.330765164559679636e-01,5.940429879032963628e-02,5.940429879032963628e-02
4.327500000000000568e+00,3.631607635645698196e+01,4.392631607635665569e+04,6.328415609121710306e-01,5.940938824202831453e-02,5.940938824202831453e-02
4.334999999999999964e+00,3.695500106505740945e+01,4.400675500106525578e+04,6.324790537457173345e-01,5.941495395002005520e-02,5.941495395002006907e-02
4.342500000000000249e+00,3.759382483437866540e+01,4.408719382483458321e+04,6.320602492430756891e-01,5.942029817307576539e-02,5.942029817307575151e-02
4.350000000000000533e+00,3.823262767041444476e+01,4.416763262767061678e+04,6.318016900706912020e-01,5.942499855142616833e-02,5.942499855142615445e-02
4.357499999999999929e+00,3.887109359342008474e+01,4.424807109359362948e+04,6.313537033338557647e-01,5.943061382765864320e-02,5.943061382765867096e-02
4.365000000000000213e+00,3.950962374570553948e+01,4.432850962374591472e+04,6.310412029221190711e-01,5.943512745351434839e-02,5.943512745351433452e-02
4.372500000000000497e+00,4.014789116271956004e+01,4.440894789116293396e+04,6.307021694407382029e-01,5.944018031120056056e-02,5.944018031120056056e-02
4.380000000000000782e+00,4.078606195331798290e+01,4.448938606195353350e+04,6.301942189578332298e-01,5.944495925696621774e-02,5.944495925696623162e-02
4.387500000000000178e+00,4.142420318406442448e+01,4.456982420318428194e+04,6.299650012441375679e-01,5.944910167354527930e-02,5.944910167354529318e-02
4.395000000000000462e+00,4.206200737600369877e+01,4.465026200737622275e+04,6.295520045012595878e-01,5.945409337327980936e-02,5.945409337327979549e-02
4.402500000000000746e+00,4.269985693487161882e+01,4.473069985693509807e+04,6.291385773436921625e-01,5.945810169706038789e-02,5.945810169706038789e-02
4.410000000000000142e+00,4.333745866844437700e+01,4.481113745866867248e+04,6.288403719593340657e-01,5.946252295409866495e-02,5.946252295409865107e-02
4.417500000000000426e+00,4.397494147354154848e+01,4.489157494147377292e+04,6.283600050524685843e-01,5.946672300945019668e-02,5.946672300945019668e-02
4.425000000000000711e+00,4.461240650310431732e+01,4.497201240650333784e+04,6.280363399957481496e-01,5.947026822622257514e-02,5.947026822622256126e-02
4.432500000000000107e+00,4.524951932874726879e+01,4.505244951932898402e+04,6.276757964170724957e-01,5.947464937598667678e-02,5.947464937598666290e-02
4.440000000000000391e+00,4.588665750378225994e+01,4.513288665750402288e+04,6.271359369347200285e-01,5.947815623566000964e-02,5.947815623565999577e-02
4.447500000000000675e+00,4.652359407170016681e+01,4.521332359407194599e+04,6.268956346314171757e-01,5.948184854583578318e-02,5.948184854583576930e-02
4.455000000000000071e+00,4.716035794289657446e+01,4.529376035794314521e+04,6.264794490893994539e-01,5.948549758137614690e-02,5.948549758137613302e-02
4.462500000000000355e+00,4.779711174323357881e+01,4.537419711174348049e+04,6.260153236532536303e-01,5.948851332832162664e-02,5.948851332832162664e-02
4.470000000000000639e+00,4.843354257016318343e+01,4.545463354257041647e+04,6.257242375849602078e-01,5.949218303328653729e-02,5.949218303328653729e-02
4.477500000000000036e+00,4.906994846317319059e+01,4.553506994846342423e+04,6.252591400716228653e-01,5.949515216702980225e-02,5.949515216702978837e-02
4.485000000000000320e+00,4.970622740074422552e+01,4.561550622740100516e+04,6.248646819286951537e-01,5.949806525994186940e-02,5.949806525994185552e-02
4.492500000000000604e+00,5.034224282212986878e+01,4.569594224282239156e+04,6.245295192979841703e-01,5.950125739897407090e-02,5.950125739897407090e-02
4.500000000000000000e+00,5.097826954627334572e+01,4.577637826954653428e+04,6.240222602288960640e-01,5.950367943214440736e-02,5.950367943214442124e-02
4.507500000000000284e+00,5.161402993253117444e+01,4.585681402993280062e+04,6.236909323829438190e-01,5.950662738636996324e-02,5.950662738636996324e-02
4.515000000000000568e+00,5.224967738410806106e+01,4.593724967738437408e+04,6.233183931685675194e-01,5.950915424408567689e-02,5.950915424408569770e-02
4.522499999999999964e+00,5.288529307139086200e+01,4.601768529307166318e+04,6.227757289184449041e-01,5.951119991059638376e-02,5.951119991059637682e-02
4.530000000000000249e+00,5.352057023614290898e+01,4.609812057023641682e+04,6.225005069141686942e-01,5.951396441657678948e-02,5.951396441657677561e-02
4.537500000000000533e+00,5.415583596597218730e+01,4.617855583596625365e+04,6.220972677930900474e-01,5.951593312040111966e-02,5.951593312040112660e-02
4.544999999999999929e+00,5.479098087036793885e+01,4.625899098087065067e+04,6.215638664041742700e-01,5.951784810259625608e-02,5.951784810259627689e-02
4.552500000000000213e+00,5.542584017746306557e+01,4.633942584017774789e+04,6.212993060129459177e-01,5.952014666427685174e-02,5.952014666427685174e-02
4.560000000000000497e+00,5.606071220867154636e+01,4.641986071220895974e+04,6.208720028788127232e-01,5.952165806899074180e-02,5.952165806899075567e-02
4.567500000000000782e+00,5.669536139591967583e+01,4.650029536139620905e+04,6.203770053214980873e-01,5.952349955654141767e-02,5.952349955654141767e-02
4.575000000000000178e+00,5.732983565326348696e+01,4.658072983565355389e+04,6.200926605364087685e-01,5.952524945859138245e-02,5.952524945859136857e-02
4.582500000000000462e+00,5.796430258109410971e+01,4.666116430258139007e+04,6.196478693308323793e-01,5.952637631040332694e-02,5.952637631040332694e-02
4.590000000000000746e+00,5.859847743763381089e+01,4.674159847743793216e+04,6.191830144888289533e-01,5.952803619277427516e-02,5.952803619277427516e-02
4.597500000000000142e+00,5.923255909765987326e+01,4.682203255909796280e+04,6.188852984296863147e-01,5.952932171952143858e-02,5.952932171952143858e-02
4.605000000000000426e+00,5.986660968766049251e+01,4.690246660968796641e+04,6.184295142018573221e-01,5.953012292265268124e-02,5.953012292265268124e-02
4.612500000000000711e+00,6.050033303516784144e+01,4.698290033303547534e+04,6.179861011307068441e-01,5.953152280293332044e-02,5.953152280293333432e-02
4.620000000000000107e+00,6.113401648144269274e+01,4.706333401648174913e+04,6.176813170177206658e-01,5.953242309173370495e-02,5.953242309173371188e-02
4.627500000000000391e+00,6.176764652188997218e+01,4.714376764652220299e+04,6.172209313194746416e-01,5.953290759952183792e-02,5.953290759952183792e-02
4.635000000000000675e+00,6.240093569667678963e+01,4.722420093569699384e+04,6.167898423238298289e-01,5.953402549975170960e-02,5.953402549975169572e-02
4.642500000000000071e+00,6.303421873796595776e+01,4.730463421873828338e+04,6.164841615660977547e-01,5.953458950567264846e-02,5.953458950567263458e-02
4.650000000000000355e+00,6.366740158178469500e+01,4.738506740158210596e+04,6.160254384612383616e-01,5.953487858286905798e-02,5.953487858286907186e-02
4.657500000000000639e+00,6.430029731540327020e+01,4.746550029731572431e+04,6.155971713419882141e-01,5.953559948654479211e-02,5.953559948654479211e-02
4.665000000000000036e+00,6.493317991466362571e+01,4.754593317991498770e+04,6.152966108192150507e-01,5.953586270822992105e-02,5.953586270822990717e-02
4.672500000000000320e+00,6.556593166557453856e+01,4.762636593166590319e+04,6.148456619277861135e-01,5.953591877024525664e-02,5.953591877024525664e-02
4.680000000000000604e+00,6.619843357996384725e+01,4.770679843358029757e+04,6.144103712212813928e-01,5.953629413554283739e-02,5.953629413554282351e-02
4.687500000000000000e+00,6.683092030429727970e+01,4.778723092030463158e+04,6.141207701664870289e-01,5.953625077993988240e-02,5.953625077993989628e-02
4.695000000000000284e+00,6.746325408535530244e+01,4.786766325408569537e+04,6.136835292699636124e-01,5.953608499009237914e-02,5.953608499009237914e-02
4.702500000000000568e+00,6.809536294515210386e+01,4.794809536294549616e+04,6.132310759982612103e-01,5.953616293833727952e-02,5.953616293833727952e-02
4.709999999999999964e+00,6.872745702758473385e+01,4.802852745702792890e+04,6.129580729667883920e-01,5.953583077955449526e-02,5.953583077955450220e-02
4.717500000000000249e+00,6.935938912738605211e+01,4.810895938912773272e+04,6.125402707653351264e-01,5.953543148388832501e-02,5.953543148388832501e-02
4.725000000000000533e+00,6.999110683093370255e+01,4.818939110683128092e+04,6.120602799361607449e-01,5.953525568101189491e-02,5.953525568101188103e-02
4.732500000000000817e+00,7.062281215872393147e+01,4.826982281215908006e+04,6.118092903874525756e-01,5.953465723393400189e-02,5.953465723393398801e-02
4.740000000000000213e+00,7.125435983975951615e+01,4.835025435984011710e+04,6.114164300252786788e-01,5.953400933265017708e-02,5.953400933265017708e-02
4.747500000000000497e+00,7.188568955746379174e+01,4.843068568955782393e+04,6.108983548757286330e-01,5.953361559820282561e-02,5.953361559820282561e-02
4.755000000000000782e+00,7.251701009472517967e+01,4.851111701009508397e+04,6.106745499001648980e-01,5.953278323794583549e-02,5.953278323794583549e-02
4.762500000000000178e+00,7.314819275368215301e+01,4.859154819275404589e+04,6.103118838621683917e-01,5.953185613902237799e-02,5.953185613902237799e-02
4.770000000000000462e+00,7.377913765487704723e+01,4.867197913765524572e+04,6.098070499048242610e-01,5.953128690844135956e-02,5.953128690844135956e-02
4.777500000000000746e+00,7.441007743635422855e+01,4.875241007743672526e+04,6.095533623374841392e-01,5.953025938673164180e-02,5.953025938673164180e-02
4.785000000000000142e+00,7.504091853392777978e+01,4.883284091853430436e+04,6.092258712746895233e-01,5.952898637126247811e-02,5.952898637126247811e-02
4.792500000000000426e+00,7.567147967614884863e+01,4.891327147967652854e+04,6.087593575320209283e-01,5.952831422136579953e-02,5.952831422136578565e-02
4.800000000000000711e+00,7.630204299745152241e+01,4.899370204299782927e+04,6.084446571668380432e-01,5.952713250070207351e-02,5.952713250070207351e-02
4.807500000000000107e+00,7.693255859987550593e+01,4.907413255860025674e+04,6.081570311359547620e-01,5.952550938495351773e-02,5.952550938495351773e-02
4.815000000000000391e+00,7.756274613938907692e+01,4.915456274613977439e+04,6.077336005117810469e-01,5.952473994378949806e-02,5.952473994378949113e-02
4.822500000000000675e+00,7.819293772839530732e+01,4.923499293772878445e+04,6.073468253992603261e-01,5.952344484001758501e-02,5.952344484001758501e-02
4.830000000000000071e+00,7.882310730848172398e+01,4.931542310730887402e+04,6.071034479101629078e-01,5.952161724719412517e-02,5.952161724719413904e-02
4.837500000000000355e+00,7.945297356155590762e+01,4.939585297356195224e+04,6.067275450072061593e-01,5.952055883520290802e-02,5.952055883520292190e-02
4.845000000000000639e+00,2.827944511094954705e-01,4.939648279445150547e+04,6.062577693317587890e-01,5.951923425250006672e-02,5.951923425250008060e-02
4.852500000000000036e+00,9.126177508354172963e-01,4.947691261775123712e+04,6.060627044931492513e-01,5.951726893561486847e-02,5.951726893561486847e-02
4.860000000000000320e+00,1.542192705836593403e+00,4.955734219270623726e+04,6.057384422409940461e-01,5.951584065972010534e-02,5.951584065972009147e-02
4.867500000000000604e+00,2.171647518636064422e+00,4.963777164751903911e+04,6.052817153984706433e-01,5.951453475024476997e-02,5.951453475024476997e-02
4.875000000000000000e+00,2.801121197740859436e+00,4.971820112119815167e+04,6.050319410810773846e-01,5.951251343734305366e-02,5.951251343734303978e-02
4.882500000000000284e+00,3.430435394298939844e+00,4.979863043539471255e+04,6.047630909806210875e-01,5.951065288047219237e-02,5.951065288047219237e-02
4.890000000000000568e+00,4.059537154453228602e+00,4.987905953715486976e+04,6.043652428359949091e-01,5.950932829045951084e-02,5.950932829045951084e-02
4.897499999999999964e+00,4.688657039602079912e+00,4.995948865704001946e+04,6.040079188273373978e-01,5.950736574604765378e-02,5.950736574604766072e-02
4.905000000000000249e+00,5.317733409514165288e+00,5.003991773340993677e+04,6.037979048555774941e-01,5.950504830703291087e-02,5.950504830703291781e-02
4.912500000000000533e+00,5.946497322243494921e+00,5.012034649732266553e+04,6.034623848508267052e-01,5.950367281529075209e-02,5.950367281529075209e-02
4.920000000000000817e+00,6.575266278358517624e+00,5.020077526627878251e+04,6.029980626724364967e-01,5.950183395659781882e-02,5.950183395659781188e-02
4.927500000000000213e+00,7.204040966107695176e+00,5.028120404096653510e+04,6.028389830656564197e-01,5.949938620846055570e-02,5.949938620846055570e-02
4.935000000000000497e+00,7.832562508411450075e+00,5.036163256250884297e+04,6.025688773132364950e-01,5.949762841469986852e-02,5.949762841469988239e-02
4.942500000000000782e+00,8.460995111736458796e+00,5.044206099511217326e+04,6.021735937515462211e-01,5.949586128858583983e-02,5.949586128858583289e-02
4.950000000000000178e+00,9.089443893518950546e+00,5.052248944389395911e+04,6.018821830099263526e-01,5.949349958708285285e-02,5.949349958708285285e-02
4.957500000000000462e+00,9.717769529503225812e+00,5.060291776952994405e+04,6.016802160034907532e-01,5.949123180438826292e-02,5.949123180438826985e-02
4.965000000000000746e+00,1.034587510772322005e+01,5.068334587510816345e+04,6.013566933895353461e-01,5.948954420492111317e-02,5.948954420492110623e-02
4.972500000000000142e+00,1.097399683243421542e+01,5.076377399683288240e+04,6.009231933885744725e-01,5.948732557728246551e-02,5.948732557728247938e-02
4.980000000000000426e+00,1.160210555303621227e+01,5.084420210555348604e+04,6.007917331007822659e-01,5.948471021076204290e-02,5.948471021076203596e-02
4.987500000000000711e+00,1.222994507675965892e+01,5.092462994507721305e+04,6.005423245806346122e-01,5.948290428200574825e-02,5.948290428200573438e-02
4.995000000000000107e+00,1.285775082459617380e+01,5.100505775082504988e+04,6.001718253507533074e-01,5.948081015622540269e-02,5.948081015622539575e-02
5.002500000000000391e+00,1.348556550280765265e+01,5.108548556550326612e+04,5.998986724202830523e-01,5.947827294698385114e-02,5.947827294698385808e-02
5.010000000000000675e+00,1.411324453363739906e+01,5.116591324453410198e+04,5.997253713390788832e-01,5.947594961724416568e-02,5.947594961724415874e-02
5.017500000000000071e+00,1.474074001237771903e+01,5.124634074001284171e+04,5.994346874197878927e-01,5.947403253119314809e-02,5.947403253119315503e-02
5.025000000000000355e+00,1.536825613427283521e+01,5.132676825613473920e+04,5.990234076829958898e-01,5.947160575600200089e-02,5.947160575600198701e-02
5.032500000000000639e+00,1.599575415469009165e+01,5.140719575415516010e+04,5.989007141161878378e-01,5.946894573401762668e-02,5.946894573401761280e-02
5.040000000000000036e+00,1.662300638809641384e+01,5.148762300638856686e+04,5.986914496482226289e-01,5.946698133850869539e-02,5.946698133850870926e-02
5.047500000000000320e+00,1.725022643201172556e+01,5.156805022643248958e+04,5.983653916936988448e-01,5.946473265851578982e-02,5.946473265851579676e-02
5.055000000000000604e+00,1.787745822752802027e+01,5.164847745822800789e+04,5.980633010348164191e-01,5.946210715432254795e-02,5.946210715432254795e-02
5.062500000000000000e+00,1.850458953660456274e+01,5.172890458953708730e+04,5.979367175559415770e-01,5.945965367005928010e-02,5.945965367005928010e-02
5.070000000000000284e+00,1.913151907209734048e+01,5.180933151907258434e+04,5.976970856319941960e-01,5.945764494678507789e-02,5.945764494678507095e-02
5.077500000000000568e+00,1.975847379508316237e+01,5.188975847379556944e+04,5.973412786543187414e-01,5.945515643108242182e-02,5.945515643108241488e-02
5.085000000000000853e+00,2.038542290688930692e+01,5.197018542290737969e+04,5.971652481829183845e-01,5.945247442631529378e-02,5.945247442631530765e-02
5.092500000000000249e+00,2.101217711867196414e+01,5.205061217711916834e+04,5.970129133473814909e-01,5.945031172781362061e-02,5.945031172781361367e-02
5.100000000000000533e+00,2.163885496506071249e+01,5.213103885496555449e+04,5.967482187884888267e-01,5.944805828081755478e-02,5.944805828081755478e-02
5.107500000000000817e+00,2.226555345227188454e+01,5.221146555345277011e+04,5.963720115517832099e-01,5.944542975838821436e-02,5.944542975838822130e-02
5.115000000000000213e+00,2.289221709483840783e+01,5.229189221709533740e+04,5.963075324342673733e-01,5.944281042564396322e-02,5.944281042564397710e-02
5.122500000000000497e+00,2.351864662145110429e+01,5.237231864662195585e+04,5.961344286995136077e-01,5.944076690249965045e-02,5.944076690249963657e-02
5.130000000000000782e+00,2.414508550287369459e+01,5.245274508550338214e+04,5.958496753417497072e-01,5.943833748273159856e-02,5.943833748273161244e-02
5.137500000000000178e+00,2.477153763890643035e+01,5.253317153763942042e+04,5.955758895413311160e-01,5.943565776807463452e-02,5.943565776807464840e-02
5.145000000000000462e+00,2.539789003660733968e+01,5.261359789003711921e+04,5.954945586723717765e-01,5.943324304998266749e-02,5.943324304998266056e-02
5.152500000000000746e+00,2.602407162023162002e+01,5.269402407162074815e+04,5.953053597622910420e-01,5.943110900476717556e-02,5.943110900476717556e-02
5.160000000000000142e+00,2.665028297787030809e+01,5.277445028297838871e+04,5.950052412799331503e-01,5.942857690074775795e-02,5.942857690074777877e-02
5.167500000000000426e+00,2.727649954145047317e+01,5.285487649954196968e+04,5.948236191506547366e-01,5.942590257163085643e-02,5.942590257163084949e-02
5.175000000000000711e+00,2.790255592634863646e+01,5.293530255592687172e+04,5.947297854703331721e-01,5.942367996776694306e-02,5.942367996776695693e-02
5.182500000000000107e+00,2.852852419915131676e+01,5.301572852419967967e+04,5.945288503987489204e-01,5.942142282338074705e-02,5.942142282338074705e-02
5.190000000000000391e+00,2.915452043739970733e+01,5.309615452043792902e+04,5.942177425786998590e-01,5.941884769040311348e-02,5.941884769040310654e-02
5.197500000000000675e+00,2.978051185384331490e+01,5.317658051185437944e+04,5.941181106083979202e-01,5.941621476492887216e-02,5.941621476492887910e-02
5.205000000000000071e+00,3.040630721136227166e+01,5.325700630721190100e+04,5.940158074040264857e-01,5.941411270646733411e-02,5.941411270646732717e-02
5.212500000000000355e+00,3.103207594108858558e+01,5.333743207594162959e+04,5.938071760985828007e-01,5.941178056026757970e-02,5.941178056026757970e-02
5.220000000000000639e+00,3.165787030854508188e+01,5.341785787030908978e+04,5.934891311080178200e-01,5.940921056426629043e-02,5.940921056426629737e-02
5.227500000000000036e+00,3.228365000680333452e+01,5.349828365000734630e+04,5.934614969989386868e-01,5.940661693324852249e-02,5.940661693324852249e-02
5.235000000000000320e+00,3.290921561599005685e+01,5.357870921561653813e+04,5.933544405339136185e-01,5.940460060727145719e-02,5.940460060727147107e-02
5.242500000000000604e+00,3.353479824793796382e+01,5.365913479824848764e+04,5.931418314172387518e-01,5.940223620717648839e-02,5.940223620717648145e-02
5.250000000000000000e+00,3.416040546598662075e+01,5.373956040546653821e+04,5.928618068453059831e-01,5.939969320135759373e-02,5.939969320135758679e-02
5.257500000000000284e+00,3.478598618274771326e+01,5.381998598618330288e+04,5.928552194536348408e-01,5.939715216825631333e-02,5.939715216825630639e-02
5.265000000000000568e+00,3.541135145195328704e+01,5.390041135145251610e+04,5.927468094313897984e-01,5.939519514584216953e-02,5.939519514584217647e-02
5.272500000000000853e+00,3.603676172512785314e+01,5.398083676172568812e+04,5.925336191418945075e-01,5.939283208387943769e-02,5.939283208387943769e-02
5.280000000000000249e+00,3.666219667815788341e+01,5.406126219667872647e+04,5.923057378877185641e-01,5.939033214412332146e-02,5.939033214412332146e-02
5.287500000000000533e+00,3.728757844940367505e+01,5.414168757844997162e+04,5.923001121249038547e-01,5.938790816939043538e-02,5.938790816939044925e-02
5.295000000000000817e+00,3.791278376627874280e+01,5.422211278376685368e+04,5.921934340563200783e-01,5.938593879194376673e-02,5.938593879194375286e-02
5.302500000000000213e+00,3.853803554882412641e+01,5.430253803554939805e+04,5.919827393387728787e-01,5.938360531928639496e-02,5.938360531928638109e-02
5.310000000000000497e+00,3.916331379677973246e+01,5.438296331379735784e+04,5.917983570541038851e-01,5.938114883025601837e-02,5.938114883025601837e-02
5.317500000000000782e+00,3.978852106775187991e+01,5.446338852106832928e+04,5.917964854094516225e-01,5.937881991313521957e-02,5.937881991313522650e-02
5.325000000000000178e+00,4.041358032610227013e+01,5.454381358032668504e+04,5.916943148335723768e-01,5.937686491138809142e-02,5.937686491138808448e-02
5.332500000000000462e+00,4.103868773005647341e+01,5.462423868773064169e+04,5.914888765063042175e-01,5.937458099109330090e-02,5.937458099109329396e-02
5.340000000000000746e+00,4.166382471430308954e+01,5.470466382471489487e+04,5.913398296854174285e-01,5.937216741416029286e-02,5.937216741416029980e-02
5.347500000000000142e+00,4.228888046507086784e+01,5.478508888046566426e+04,5.913442059913401883e-01,5.936991792494952791e-02,5.936991792494952791e-02
5.355000000000000426e+00,4.291380746464171381e+01,5.486551380746523500e+04,5.912490144072789500e-01,5.936799906629194878e-02,5.936799906629194878e-02
5.362500000000000711e+00,4.353878481900781594e+01,5.494593878481960564e+04,5.910512832205703226e-01,5.936577580335117288e-02,5.936577580335117288e-02
5.370000000000000107e+00,4.416379545733195755e+01,5.502636379545793170e+04,5.909299455612917473e-01,5.936341043242799459e-02,5.936341043242798765e-02
5.377500000000000391e+00,4.478872143222653790e+01,5.510678872143282933e+04,5.909427724454890951e-01,5.936122670736979079e-02,5.936122670736980467e-02
5.385000000000000675e+00,4.541352987801734997e+01,5.518721352987862338e+04,5.908567347482678311e-01,5.935936107689569752e-02,5.935936107689569058e-02
5.392500000000000071e+00,4.603839137748472154e+01,5.526763839137809555e+04,5.906688588859578815e-01,5.935720613384374428e-02,5.935720613384375122e-02
5.400000000000000355e+00,4.666329022114916825e+01,5.534806329022176214e+04,5.905681878701616316e-01,5.935489588131456773e-02,5.935489588131457467e-02
5.407500000000000639e+00,4.728810701642652958e+01,5.542848810701704497e+04,5.905913853559237037e-01,5.935276560756848341e-02,5.935276560756849035e-02
5.415000000000000036e+00,4.791281048166489143e+01,5.550891281048228120e+04,5.905163885284968606e-01,5.935096645626178335e-02,5.935096645626177642e-02
5.422500000000000320e+00,4.853757004342541137e+01,5.558933757004404470e+04,5.903402224688567568e-01,5.934888609187022324e-02,5.934888609187022324e-02
5.430000000000000604e+00,4.916237127112648153e+01,5.566976237127175409e+04,5.902537961234113340e-01,5.934663780242223352e-02,5.934663780242222658e-02
5.437500000000000888e+00,4.978709844348155400e+01,5.575018709844411205e+04,5.902890111401836171e-01,5.934454961536838463e-02,5.934454961536837769e-02
5.445000000000000284e+00,5.041171033595403372e+01,5.583061171033658320e+04,5.902266639346984700e-01,5.934282710210578987e-02,5.934282710210578293e-02
5.452500000000000568e+00,5.103638157945488985e+01,5.591103638158008835e+04,5.900637783728127639e-01,5.934082622521225786e-02,5.934082622521225786e-02
5.460000000000000853e+00,5.166109890636133883e+01,5.599146109890699881e+04,5.899858224544817231e-01,5.933864682361133375e-02,5.933864682361133375e-02
5.467500000000000249e+00,5.228575506192473199e+01,5.607188575506256166e+04,5.900344390141680773e-01,5.933659008212516239e-02,5.933659008212514852e-02
5.475000000000000533e+00,5.291028859913450333e+01,5.615231028859977960e+04,5.899860823535276744e-01,5.933495181863020912e-02,5.933495181863022300e-02
5.482500000000000817e+00,5.353488483312124657e+01,5.623273488483376423e+04,5.898377748910299534e-01,5.933303405591102558e-02,5.933303405591101864e-02
5.490000000000000213e+00,5.415953147052140793e+01,5.631315953147116670e+04,5.897631809652447155e-01,5.933093054199032462e-02,5.933093054199033850e-02
5.497500000000000497e+00,5.478413430465928258e+01,5.639358413430531073e+04,5.898263307662374721e-01,5.932889534523818481e-02,5.932889534523820563e-02
5.505000000000000782e+00,5.540860314939437359e+01,5.647400860315004684e+04,5.897930486082419987e-01,5.932733987499349410e-02,5.932733987499348716e-02
5.512500000000000178e+00,5.603313669499603833e+01,5.655443313669565396e+04,5.896603549328011118e-01,5.932551482911399554e-02,5.932551482911400248e-02
5.520000000000000462e+00,5.665772537687985988e+01,5.663485772537753655e+04,5.895846899881922454e-01,5.932349385309789586e-02,5.932349385309788892e-02
5.527500000000000746e+00,5.728229166924153049e+01,5.671528229166990059e+04,5.896632632253450135e-01,5.932147123816611245e-02,5.932147123816609163e-02
5.535000000000000142e+00,5.790670915457422296e+01,5.679570670915523806e+04,5.896458936522602778e-01,5.931999639073574221e-02,5.931999639073572139e-02
5.542500000000000426e+00,5.853119208021983155e+01,5.687613119208088756e+04,5.895295989546142090e-01,5.931827196164300015e-02,5.931827196164300708e-02
5.550000000000000711e+00,5.915573512351718932e+01,5.695655573512418778e+04,5.894491073168743878e-01,5.931633930874715549e-02,5.931633930874715549e-02
5.557500000000000107e+00,5.978028071082889738e+01,5.703698028071150475e+04,5.895437634984642683e-01,5.931432150918601598e-02,5.931432150918602292e-02
5.565000000000000391e+00,6.040465929203615758e+01,5.711740465929271159e+04,5.895429098215839714e-01,5.931293024062558872e-02,5.931293024062557484e-02
5.572500000000000675e+00,6.102910392362966263e+01,5.719782910392431222e+04,5.894435602287586562e-01,5.931130734514151320e-02,5.931130734514151320e-02
5.580000000000000071e+00,6.165361329119397027e+01,5.727825361329187581e+04,5.893551586142927734e-01,5.930946752519549586e-02,5.930946752519550280e-02
5.587500000000000355e+00,6.227814819174588479e+01,5.735867814819243358e+04,5.894663372138824187e-01,5.930746673278945030e-02,5.930746673278944336e-02
5.595000000000000639e+00,6.290250484074728377e+01,5.743910250484143762e+04,5.894823789127664471e-01,5.930614275611388597e-02,5.930614275611388597e-02
5.602500000000000036e+00,6.352692318221551204e+01,5.751952692318290792e+04,5.894002927496617694e-01,5.930462159372638931e-02,5.930462159372639624e-02
5.610000000000000320e+00,6.415141052962387391e+01,5.759995141053031693e+04,5.893015593378536643e-01,5.930287761299576216e-02,5.930287761299574134e-02
5.617500000000000604e+00,6.477593607407180798e+01,5.768037593607477174e+04,5.894294901376934126e-01,5.930093702246243270e-02,5.930093702246241882e-02
5.625000000000000888e+00,6.540029510721869599e+01,5.776080029510791792e+04,5.894625934852195659e-01,5.929963409903708099e-02,5.929963409903707405e-02
5.632500000000000284e+00,6.602469884461687855e+01,5.784122469884531893e+04,5.893978722109283197e-01,5.929821421419260302e-02,5.929821421419260996e-02
5.640000000000000568e+00,6.664917554193290528e+01,5.792164917554263957e+04,5.892870306201163366e-01,5.929656758492470037e-02,5.929656758492470037e-02
5.647500000000000853e+00,6.727370174211287690e+01,5.800207370174281823e+04,5.894317436317700887e-01,5.929469503685213388e-02,5.929469503685212695e-02
5.655000000000000249e+00,6.789807742909125921e+01,5.808249807742980192e+04,5.894818718872758545e-01,5.929340352980764367e-02,5.929340352980762979e-02
5.662500000000000533e+00,6.852247794296607708e+01,5.816292247794367722e+04,5.894344105857712846e-01,5.929208376323356205e-02,5.929208376323356899e-02
5.670000000000000817e+00,6.914695507434670674e+01,5.824334695507506694e+04,5.893103096184048040e-01,5.929053471009342047e-02,5.929053471009342047e-02
5.677500000000000213e+00,6.977149152494399686e+01,5.832377149152566562e+04,5.894716444943999267e-01,5.928873754733549745e-02,5.928873754733548357e-02
5.685000000000000497e+00,7.039589718223544423e+01,5.840419589718295902e+04,5.895385675769778677e-01,5.928744965580887150e-02,5.928744965580886456e-02
5.692500000000000782e+00,7.102030556039308351e+01,5.848462030556111858e+04,5.895080649131251294e-01,5.928622809927276693e-02,5.928622809927276693e-02
5.700000000000000178e+00,7.164479391386112184e+01,5.856504479391458881e+04,5.893770036196761541e-01,5.928477580027764066e-02,5.928477580027762678e-02
5.707500000000000462e+00,7.226934967921533826e+01,5.864546934967994457e+04,5.895477697726475563e-01,5.928306131849882948e-02,5.928306131849884336e-02
5.715000000000000746e+00,7.289379779442774066e+01,5.872589379779516457e+04,5.896310733542371452e-01,5.928177062817124865e-02,5.928177062817124171e-02
5.722500000000000142e+00,7.351822483364247773e+01,5.880631822483438009e+04,5.896170409348264752e-01,5.928064472470105650e-02,5.928064472470107038e-02
5.730000000000000426e+00,7.414273489357806568e+01,5.888674273489431653e+04,5.895025291258770839e-01,5.927928742807676843e-02,5.927928742807677537e-02
5.737500000000000711e+00,7.476731870843278216e+01,5.896716731870917283e+04,5.896587271615025827e-01,5.927766207362794582e-02,5.927766207362793194e-02
5.745000000000000107e+00,7.539182076834953250e+01,5.904759182076909929e+04,5.897578211444522989e-01,5.927636425822099125e-02,5.927636425822099819e-02
5.752500000000000391e+00,7.601627695533429119e+01,5.912801627695608477e+04,5.897595922496884357e-01,5.927533112318030678e-02,5.927533112318028596e-02
5.760000000000000675e+00,7.664081890375396711e+01,5.920844081890450616e+04,5.896608847654588592e-01,5.927406608517242492e-02,5.927406608517243186e-02
5.767500000000000071e+00,7.726543945201720476e+01,5.928886543945276935e+04,5.898031516125646911e-01,5.927253435278562882e-02,5.927253435278562188e-02
5.775000000000000355e+00,7.789000571197935585e+01,5.936929000571274082e+04,5.899172779784601639e-01,5.927122806232420354e-02,5.927122806232423130e-02
5.782500000000000639e+00,7.851450118497371022e+01,5.944971450118573557e+04,5.899340156519462530e-01,5.927028492033747931e-02,5.927028492033748625e-02
5.790000000000000036e+00,7.913908490589986400e+01,5.953013908490666654e+04,5.898501947303697035e-01,5.926910829552560489e-02,5.926910829552560489e-02
5.797500000000000320e+00,7.976375091348654678e+01,5.961056375091425434e+04,5.899796987677642379e-01,5.926767238411449756e-02,5.926767238411449756e-02
5.805000000000000604e+00,5.883903691054881424e-01,5.961118839036987629e+04,5.901079388035673778e-01,5.926635928418563098e-02,5.926635928418564486e-02
5.812500000000000888e+00,1.212934879748640116e+00,5.969161293488051888e+04,5.901386433082624894e-01,5.926550366499364758e-02,5.926550366499364064e-02
5.820000000000000284e+00,1.837569947009441762e+00,5.977203756994778814e+04,5.900686262788924497e-01,5.926441070740147421e-02,5.926441070740148115e-02
5.827500000000000568e+00,2.462290128035707681e+00,5.985246229012881668e+04,5.901870358146309448e-01,5.926307075869048646e-02,5.926307075869048646e-02
5.835000000000000853e+00,3.087010640444074916e+00,5.993288701064122870e+04,5.903283167384925090e-01,5.926175495045880870e-02,5.926175495045880176e-02
5.842500000000000249e+00,3.711613532674814753e+00,6.001331161353345669e+04,5.903718324024932462e-01,5.926098444820255412e-02,5.926098444820257494e-02
5.850000000000000533e+00,4.336309170811713187e+00,6.009373630917159608e+04,5.903143787584028690e-01,5.925997020283785277e-02,5.925997020283783889e-02
5.857500000000000817e+00,4.961092140393037475e+00,6.017416109214118478e+04,5.904238303317942416e-01,5.925872462467710045e-02,5.925872462467709351e-02
5.865000000000000213e+00,5.585900578111780312e+00,6.025458590057890251e+04,5.905769313544516619e-01,5.925741202516169454e-02,5.925741202516170147e-02
5.872500000000000497e+00,6.210570787004783710e+00,6.033501057078780286e+04,5.906319528438770394e-01,5.925672391498215674e-02,5.925672391498215674e-02
5.880000000000000782e+00,6.835335825064846382e+00,6.041543533582586679e+04,5.905856707303295261e-01,5.925578403574612019e-02,5.925578403574611325e-02
5.887500000000000178e+00,7.460190029911407450e+00,6.049586019003071124e+04,5.906887376592055983e-01,5.925462965775319529e-02,5.925462965775318835e-02
5.895000000000000462e+00,8.085092030991274825e+00,6.057628509203179419e+04,5.908522955277556443e-01,5.925332887496528173e-02,5.925332887496527479e-02
5.902500000000000746e+00,8.709838430533828557e+00,6.065670983843134309e+04,5.909173735946894324e-01,5.925271860673003710e-02,5.925271860673003016e-02
5.910000000000000142e+00,9.334681276988670007e+00,6.073713468127779925e+04,5.908807257637258559e-01,5.925184976890340155e-02,5.925184976890340155e-02
5.917500000000000426e+00,9.959614942880746113e+00,6.081755961494369694e+04,5.909803872891423726e-01,5.925078197314704448e-02,5.925078197314705142e-02
5.925000000000000711e+00,1.058460546016787163e+01,6.089798460546098067e+04,5.911529013683715084e-01,5.924954039055588262e-02,5.924954039055587568e-02
5.932500000000000107e+00,1.120944639356894967e+01,6.097840944639439113e+04,5.912264481298969976e-01,5.924896520762012314e-02,5.924896520762012314e-02
5.940000000000000391e+00,1.183437505147901092e+01,6.105883437505229813e+04,5.911977574177418315e-01,5.924816473391132654e-02,5.924816473391132654e-02
5.947500000000000675e+00,1.245939612044085365e+01,6.113925939612126240e+04,5.912973687330707051e-01,5.924717803073965144e-02,5.924717803073965144e-02
5.955000000000000071e+00,1.308448090745790537e+01,6.121968448090828315e+04,5.914772056856035798e-01,5.924599989931215310e-02,5.924599989931215310e-02
5.962500000000000355e+00,1.370942275602405580e+01,6.130010942275685375e+04,5.915574994956730448e-01,5.924546059069984993e-02,5.924546059069985687e-02
5.970000000000000639e+00,1.433444485447247985e+01,6.138053444485530781e+04,5.915349538851299993e-01,5.924472573978242784e-02,5.924472573978244172e-02
5.977500000000000924e+00,1.495956092058480102e+01,6.146095956092142296e+04,5.916382172772755021e-01,5.924381454406507652e-02,5.924381454406510428e-02
5.985000000000000320e+00,1.558474576070695505e+01,6.154138474576154840e+04,5.918236154076840227e-01,5.924270206345158551e-02,5.924270206345158551e-02
5.992500000000000604e+00,1.620979375795674926e+01,6.162180979375880270e+04,5.919088053870542598e-01,5.924220176018702572e-02,5.924220176018702572e-02
6.000000000000000888e+00,1.683491656102619416e+01,6.170223491656187252e+04,5.918904627201087010e-01,5.924152942980400599e-02,5.924152942980401293e-02
6.007500000000000284e+00,1.746013483507053365e+01,6.178266013483591814e+04,5.920013999978169794e-01,5.924068839447856061e-02,5.924068839447856061e-02
6.015000000000000568e+00,1.808542533961427523e+01,6.186308542534046865e+04,5.921904733277256749e-01,5.923964252209990705e-02,5.923964252209991399e-02
6.022500000000000853e+00,1.871058380920329256e+01,6.194351058381005714e+04,5.922785836186115205e-01,5.923918576947240222e-02,5.923918576947239528e-02
6.030000000000000249e+00,1.933581420713989374e+01,6.202393581420799455e+04,5.922623760254284164e-01,5.923857254528999694e-02,5.923857254528999000e-02
6.037500000000000533e+00,1.996114150228861917e+01,6.210436114150314825e+04,5.923853023634981785e-01,5.923779655050222248e-02,5.923779655050221554e-02
6.045000000000000817e+00,2.058654297632520169e+01,6.218478654297718458e+04,5.925760445047466574e-01,5.923681755657135561e-02,5.923681755657135561e-02
6.052500000000000213e+00,2.121181549704599689e+01,6.226521181549791072e+04,5.926649783163926433e-01,5.923640964567197797e-02,5.923640964567197104e-02
6.060000000000000497e+00,2.183715999519382933e+01,6.234563715999606211e+04,5.926487164259732765e-01,5.923585191078250406e-02,5.923585191078250406e-02
6.067500000000000782e+00,2.246260271687724241e+01,6.242606260271774954e+04,5.927882157147215114e-01,5.923513599302698829e-02,5.923513599302697441e-02
6.075000000000000178e+00,2.308812003340127106e+01,6.250648812003427884e+04,5.929785036058996539e-01,5.923422398792582005e-02,5.923422398792582699e-02
6.082500000000000462e+00,2.371350959286607463e+01,6.258691350959374540e+04,5.930660471150843716e-01,5.923387032373160499e-02,5.923387032373159805e-02
6.090000000000000746e+00,2.433897430299182929e+01,6.266733897430387151e+04,5.930474241101537647e-01,5.923336433704923243e-02,5.923336433704923937e-02
6.097500000000000142e+00,2.496453843639753956e+01,6.274776453843728086e+04,5.932083258664897496e-01,5.923270364867579824e-02,5.923270364867580517e-02
6.105000000000000426e+00,2.559017589024412587e+01,6.282819017589113355e+04,5.933959234348440415e-01,5.923185919252522275e-02,5.923185919252520887e-02
6.112500000000000711e+00,2.621568505938127558e+01,6.290861568506027106e+04,5.934797496014917462e-01,5.923156458354100068e-02,5.923156458354097292e-02
6.120000000000000107e+00,2.684127569164080285e+01,6.298904127569253615e+04,5.934563451759442554e-01,5.923110653850431617e-02,5.923110653850430923e-02
6.127500000000000391e+00,2.746696678453508156e+01,6.306946696678543231e+04,5.936437030455895547e-01,5.923049633690895266e-02,5.923049633690896654e-02
6.135000000000000675e+00,2.809272789644508350e+01,6.314989272789734241e+04,5.938262648514767150e-01,5.922972124612828348e-02,5.922972124612829736e-02
6.142500000000000071e+00,2.871835905961544100e+01,6.323031835906051856e+04,5.939039372042962395e-01,5.922948898552897468e-02,5.922948898552897468e-02
6.150000000000000355e+00,2.934408091182088540e+01,6.331074408091272198e+04,5.938732214758487560e-01,5.922907507950304212e-02,5.922907507950305600e-02
6.157500000000000639e+00,2.996990404860515866e+01,6.339116990404951503e+04,5.940922933351767687e-01,5.922851074340708399e-02,5.922851074340707705e-02
6.165000000000000924e+00,3.059579123086359331e+01,6.347159579123177537e+04,5.942673682500428933e-01,5.922780943772875534e-02,5.922780943772875534e-02
6.172500000000000320e+00,3.122154696761866788e+01,6.355202154696852813e+04,5.943363446905262082e-01,5.922763980744730899e-02,5.922763980744730899e-02
6.180000000000000604e+00,3.184740490928745160e+01,6.363244740491020639e+04,5.942956821142569845e-01,5.922726634038853050e-02,5.922726634038851662e-02
6.187500000000000888e+00,3.247336466548539846e+01,6.371287336466640409e+04,5.945519117644157969e-01,5.922674344764221332e-02,5.922674344764222026e-02
6.195000000000000284e+00,3.309937074728527051e+01,6.379329937074820918e+04,5.947169467259092457e-01,5.922614727218718927e-02,5.922614727218718234e-02
6.202500000000000568e+00,3.372526237971514007e+01,6.387372526238064165e+04,5.947745833912491120e-01,5.922601299227235605e-02,5.922601299227235605e-02
6.210000000000000853e+00,3.435126083017854626e+01,6.395415126083110226e+04,5.947625958883318020e-01,5.922567650051564769e-02,5.922567650051564769e-02
6.217500000000000249e+00,3.497736118172939968e+01,6.403457736118265893e+04,5.950202371465339590e-01,5.922519106761518770e-02,5.922519106761517382e-02
6.225000000000000533e+00,3.560348243781546529e+01,6.411500348243874760e+04,5.951725810258551297e-01,5.922471077898704833e-02,5.922471077898704139e-02
6.232500000000000817e+00,3.622951712433771121e+01,6.419542951712527429e+04,5.952161362426139357e-01,5.922460412173439354e-02,5.922460412173439354e-02
6.240000000000000213e+00,3.685566002513424877e+01,6.427585566002607084e+04,5.952511698057528777e-01,5.922430156502407617e-02,5.922430156502409004e-02
6.247500000000000497e+00,3.748190415395136910e+01,6.435628190415489371e+04,5.954948087354285935e-01,5.922385066592397718e-02,5.922385066592399105e-02
6.255000000000000782e+00,3.810813951176677961e+01,6.443670813951270975e+04,5.956317163426764205e-01,5.922349432163535876e-02,5.922349432163535876e-02
6.262500000000000178e+00,3.873432126848756241e+01,6.451713432126943371e+04,5.956583546934796081e-01,5.922340843567943519e-02,5.922340843567942825e-02
6.270000000000000462e+00,3.936061204862511431e+01,6.459756061204957223e+04,5.957461360850958565e-01,5.922313750039529673e-02,5.922313750039529673e-02
6.277500000000000746e+00,3.998700191596660147e+01,6.467798700191691751e+04,5.959730247388049795e-01,5.922272072239278401e-02,5.922272072239280483e-02
6.285000000000000142e+00,4.061335056987978476e+01,6.475841335057083779e+04,5.960916609819907341e-01,5.922249290402478716e-02,5.922249290402479410e-02
6.292500000000000426e+00,4.123968311837774081e+01,6.483883968311933859e+04,5.960984574974022010e-01,5.922242093957959946e-02,5.922242093957959252e-02
6.300000000000000711e+00,4.186612465225558566e+01,6.491926612465321523e+04,5.962448383926720608e-01,5.922218044427597639e-02,5.922218044427597639e-02
6.307500000000000107e+00,4.249266017210089075e+01,6.499969266017306654e+04,5.964521426946645111e-01,5.922180276540811583e-02,5.922180276540810195e-02
6.315000000000000391e+00,4.311912259567493777e+01,6.508011912259663950e+04,5.965495868974999283e-01,5.922170055038621789e-02,5.922170055038621789e-02
6.322500000000000675e+00,4.374560920919284968e+01,6.516054560921016673e+04,5.965335313747750501e-01,5.922163669713271378e-02,5.922163669713269990e-02
6.330000000000000959e+00,4.437220380328089675e+01,6.524097220380425279e+04,5.967444774638877014e-01,5.922142617093612699e-02,5.922142617093611311e-02
6.337500000000000355e+00,4.499888648714890138e+01,6.532139888648812484e+04,5.969292816878519758e-01,5.922105390517368867e-02,5.922105390517368867e-02
6.345000000000000639e+00,4.562546101425873957e+01,6.540182546101523621e+04,5.970025320606549002e-01,5.922111022431083421e-02,5.922111022431081340e-02
6.352500000000000924e+00,4.625210427839249405e+01,6.548225210427937418e+04,5.969730737692757749e-01,5.922105142031196950e-02,5.922105142031196950e-02
6.360000000000000320e+00,4.687885369821326975e+01,6.556267885369919532e+04,5.972421149334538049e-01,5.922086870809954717e-02,5.922086870809954717e-02
6.367500000000000604e+00,4.750567861719378726e+01,6.564310567861817253e+04,5.974014263544527026e-01,5.922051470249731220e-02,5.922051470249730526e-02
6.375000000000000888e+00,4.813236962535650321e+01,6.572353236962633673e+04,5.974474046017612672e-01,5.922071437623568912e-02,5.922071437623568912e-02
6.382500000000000284e+00,4.875917125487101345e+01,6.580395917125586129e+04,5.974923884290541665e-01,5.922066184235294517e-02,5.922066184235293823e-02
6.390000000000000568e+00,4.938607643034915640e+01,6.588438607643134310e+04,5.977346788975488323e-01,5.922050259159861163e-02,5.922050259159859081e-02
6.397500000000000853e+00,5.001300503223868077e+01,6.596481300503322564e+04,5.978654325942494019e-01,5.922030705787167254e-02,5.922030705787165866e-02
6.405000000000000249e+00,5.063985050286436973e+01,6.604523985050385818e+04,5.978809886323831480e-01,5.922050564014812862e-02,5.922050564014814250e-02
6.412500000000000533e+00,5.126681140954877947e+01,6.612566681141054141e+04,5.980064822157248328e-01,5.922046342839919209e-02,5.922046342839918515e-02
6.420000000000000817e+00,5.189387458739330583e+01,6.620609387458839046e+04,5.982189711126207898e-01,5.922029036383267414e-02,5.922029036383267414e-02
6.427500000000000213e+00,5.252089680360236201e+01,6.628652089680460631e+04,5.983180348855339226e-01,5.922030542124499808e-02,5.922030542124500502e-02
6.435000000000000497e+00,5.314790396441602383e+01,6.636694790396542521e+04,5.982999516336772183e-01,5.922047703497385074e-02,5.922047703497386462e-02
6.442500000000000782e+00,5.377502449570188503e+01,6.644737502449670865e+04,5.985121019808490317e-01,5.922044820187548353e-02,5.922044820187546271e-02
6.450000000000000178e+00,5.440224191947777399e+01,6.652780224192049354e+04,5.986916757107590970e-01,5.922024998137855739e-02,5.922024998137856433e-02
6.457500000000000462e+00,5.502935821691505680e+01,6.660822935821792635e+04,5.987558550726592710e-01,5.922048069395698111e-02,5.922048069395698111e-02
6.465000000000000746e+00,5.565652859328316993e+01,6.668865652859430702e+04,5.987486457933980377e-01,5.922062199646019320e-02,5.922062199646019320e-02
6.472500000000000142e+00,5.628380824278834638e+01,6.676908380824381311e+04,5.990058818414263353e-01,5.922061185168721320e-02,5.922061185168721320e-02
6.480000000000000426e+00,5.691116844461875957e+01,6.684951116844564967e+04,5.991493692888798517e-01,5.922041288753225607e-02,5.922041288753226301e-02
6.487500000000000711e+00,5.753838754427070512e+01,6.692993838754529133e+04,5.991754124752235455e-01,5.922082088917728776e-02,5.922082088917730164e-02
6.495000000000000107e+00,5.816572115035121016e+01,6.701036572115137824e+04,5.992643647685260699e-01,5.922093646191402272e-02,5.922093646191401578e-02
6.502500000000000391e+00,5.879316302090053625e+01,6.709079316302193911e+04,5.994843544726085049e-01,5.922089801542811116e-02,5.922089801542809728e-02
6.510000000000000675e+00,5.942060381513422840e+01,6.717122060381616757e+04,5.995885322088222447e-01,5.922094784524473132e-02,5.922094784524471744e-02
6.517500000000000959e+00,6.004798116920505890e+01,6.725164798117024475e+04,5.995731351491879746e-01,5.922131654019931885e-02,5.922131654019931191e-02
6.525000000000000355e+00,6.067547644148295660e+01,6.733207547644252190e+04,5.997644143574284437e-01,5.922142180246939974e-02,5.922142180246942056e-02
6.532500000000000639e+00,6.130307664126650025e+01,6.741250307664231514e+04,5.999439634966475809e-01,5.922133680064086553e-02,5.922133680064085165e-02
6.540000000000000924e+00,6.193059143287222668e+01,6.749293059143392020e+04,6.000055609283133640e-01,5.922165626268931921e-02,5.922165626268932614e-02
6.547500000000000320e+00,6.255813345332499154e+01,6.757335813345437055e+04,5.999929082374759748e-01,5.922196150275503557e-02,5.922196150275504251e-02
6.555000000000000604e+00,6.318579005472120258e+01,6.765378579005577194e+04,6.002452043875047272e-01,5.922205020756560884e-02,5.922205020756560190e-02
6.562500000000000888e+00,6.381353143330225208e+01,6.773421353143436136e+04,6.003810767787266522e-01,5.922196559377876368e-02,5.922196559377874980e-02
6.570000000000000284e+00,6.444113122651549475e+01,6.781464113122757408e+04,6.003967811691611756e-01,5.922250192261551555e-02,5.922250192261552942e-02
6.577500000000000568e+00,6.506883701786325958e+01,6.789506883701893094e+04,6.004955122970165871e-01,5.922275086284738144e-02,5.922275086284736756e-02
6.585000000000000853e+00,6.569665684759748103e+01,6.797549665684865613e+04,6.007030777614860151e-01,5.922277607385658532e-02,5.922277607385657838e-02
6.592500000000000249e+00,6.632446933986140891e+01,6.805592446934092732e+04,6.007920004283788806e-01,5.922296579113237730e-02,5.922296579113237730e-02
6.600000000000000533e+00,6.695221619488792442e+01,6.813635221619595541e+04,6.007584617194755561e-01,5.922347203488025069e-02,5.922347203488025069e-02
6.607500000000000817e+00,6.758008262460288051e+01,6.821678008262567164e+04,6.009747226164245948e-01,5.922368543969794979e-02,5.922368543969794979e-02
6.615000000000000213e+00,6.820805672656845786e+01,6.829720805672764254e+04,6.011343251868900284e-01,5.922365818071238103e-02,5.922365818071237409e-02
6.622500000000000497e+00,6.883592634483697736e+01,6.837763592634591623e+04,6.011729932974348989e-01,5.922415004319874637e-02,5.922415004319874637e-02
6.630000000000000782e+00,6.946383675873784114e+01,6.845806383675981488e+04,6.011989462356079894e-01,5.922456216227097586e-02,5.922456216227096198e-02
6.637500000000000178e+00,7.009186703750972924e+01,6.853849186703859596e+04,6.014268191494525073e-01,5.922468594975803524e-02,5.922468594975803524e-02
6.645000000000000462e+00,7.071996191863715353e+01,6.861891996191973158e+04,6.015352002643526985e-01,5.922474143686116271e-02,5.922474143686116271e-02
6.652500000000000746e+00,7.134791021147009360e+01,6.869934791021255660e+04,6.015202817623109821e-01,5.922543637960470120e-02,5.922543637960470814e-02
6.660000000000000142e+00,7.197598144360298988e+01,6.877977598144469084e+04,6.016723269897319426e-01,5.922577127383894108e-02,5.922577127383894802e-02
6.667500000000000426e+00,7.260417034433443462e+01,6.886020417034543061e+04,6.018480552751975798e-01,5.922580911896885292e-02,5.922580911896887373e-02
6.675000000000000711e+00,7.323230116369769860e+01,6.894063230116479099e+04,6.019019347198846237e-01,5.922624168490959323e-02,5.922624168490959323e-02
6.682500000000000107e+00,7.386041041018853548e+01,6.902106041041128628e+04,6.018734866306607589e-01,5.922681300756567346e-02,5.922681300756567346e-02
6.690000000000000391e+00,7.448864427483742645e+01,6.910148864427594526e+04,6.021143170379168463e-01,5.922702704491610709e-02,5.922702704491610709e-02
6.697500000000000675e+00,7.511696522436861301e+01,6.918191696522547863e+04,6.022346733789479822e-01,5.922710054110265354e-02,5.922710054110265354e-02
6.705000000000000959e+00,7.574514464781412926e+01,6.926234514464891981e+04,6.022307535699888970e-01,5.922782443705875560e-02,5.922782443705876254e-02
6.712500000000000355e+00,7.637341335175180745e+01,6.934277341335287201e+04,6.023365425666028505e-01,5.922828139159800470e-02,5.922828139159801164e-02
6.720000000000000639e+00,7.700180567420164834e+01,6.942320180567531497e+04,6.025211749186142329e-01,5.922837976445934766e-02,5.922837976445934072e-02
6.727500000000000924e+00,7.763017960615351853e+01,6.950363017960728030e+04,6.025829202275463370e-01,5.922875673739993324e-02,5.922875673739992630e-02
6.735000000000000320e+00,7.825848141458362761e+01,6.958405848141570459e+04,6.025178900176959562e-01,5.922946899644603719e-02,5.922946899644603025e-02
6.742500000000000604e+00,7.888691114034841689e+01,6.966448691114147368e+04,6.027639200198562364e-01,5.922976735657248942e-02,5.922976735657248248e-02
6.750000000000000888e+00,7.951543879015949301e+01,6.974491543879128585e+04,6.028891747425140224e-01,5.922986815151905921e-02,5.922986815151903145e-02
6.757500000000000284e+00,3.438382744594247198e-01,6.974554383827559650e+04,6.028890619398841189e-01,5.923060767076778615e-02,5.923060767076778615e-02
6.765000000000000568e+00,9.722966041675873416e-01,6.982597229660530866e+04,6.029652046099175378e-01,5.923117380008850741e-02,5.923117380008850047e-02
6.772500000000000853e+00,1.600883010237920123e+00,6.990640088301137439e+04,6.031519260815220163e-01,5.923132080671257571e-02,5.923132080671258265e-02
6.780000000000000249e+00,2.229476774362030067e+00,6.998682947677549964e+04,6.032146211470338359e-01,5.923166704435425117e-02,5.923166704435425117e-02
6.787500000000000533e+00,2.857963832433786155e+00,7.006725796383357374e+04,6.031493983695492833e-01,5.923249349312955520e-02,5.923249349312955520e-02
6.795000000000000817e+00,3.486581112699154161e+00,7.014768658111384138e+04,6.033734035731158629e-01,5.923286011252968525e-02,5.923286011252969219e-02
6.802500000000000213e+00,4.115301402276089426e+00,7.022811530140342074e+04,6.034969094809772283e-01,5.923298617839319047e-02,5.923298617839319047e-02
6.810000000000000497e+00,4.743901291719180513e+00,7.030854390129286912e+04,6.034938635373304772e-01,5.923375341528584748e-02,5.923375341528585442e-02
6.817500000000000782e+00,5.372540677115447139e+00,7.038897254067826725e+04,6.035556680070802704e-01,5.923440784253179714e-02,5.923440784253179714e-02
6.825000000000000178e+00,6.001311722876525145e+00,7.046940131172403926e+04,6.037380942438707043e-01,5.923458602505982107e-02,5.923458602505982801e-02
6.832500000000000462e+00,6.630100068361295840e+00,7.054983010006952100e+04,6.037952746051969966e-01,5.923493646474602137e-02,5.923493646474601443e-02
6.840000000000000746e+00,7.258763741131728509e+00,7.063025876374229847e+04,6.037233094596554661e-01,5.923584770706494251e-02,5.923584770706493557e-02
6.847500000000000142e+00,7.887559660683137963e+00,7.071068755966184835e+04,6.039401790850849050e-01,5.923625747403201552e-02,5.923625747403200859e-02
6.855000000000000426e+00,8.516458872207286035e+00,7.079111645887338091e+04,6.040557412807127102e-01,5.923640995364005263e-02,5.923640995364003181e-02
6.862500000000000711e+00,9.145236869157601589e+00,7.087154523687032633e+04,6.040434945392574306e-01,5.923722270931373879e-02,5.923722270931375267e-02
6.870000000000000995e+00,9.774049565944576301e+00,7.095197404956711398e+04,6.041050143707206166e-01,5.923792206608032712e-02,5.923792206608034100e-02
6.877500000000000391e+00,1.040299335752371412e+01,7.103240299335870077e+04,6.042772144104050502e-01,5.923812988657110173e-02,5.923812988657110867e-02
6.885000000000000675e+00,1.103195032238367546e+01,7.111283195032356889e+04,6.043228883243209060e-01,5.923852242481464359e-02,5.923852242481464359e-02
6.892500000000000959e+00,1.166078080362527380e+01,7.119326078080480511e+04,6.042381230111020241e-01,5.923948876145945786e-02,5.923948876145947173e-02
6.900000000000000355e+00,1.228974564876674513e+01,7.127368974564995733e+04,6.044614961011632870e-01,5.923991274499735421e-02,5.923991274499734033e-02
6.907500000000000639e+00,1.291880970873472378e+01,7.135411880970992206e+04,6.045633929649247840e-01,5.924009019829746397e-02,5.924009019829745704e-02
6.915000000000000924e+00,1.354774250867842689e+01,7.143454774250986520e+04,6.045361694484524540e-01,5.924097067089366397e-02,5.924097067089366397e-02
6.922500000000000320e+00,1.417671890358624864e+01,7.151497671890478523e+04,6.046102493150813384e-01,5.924168030669754725e-02,5.924168030669754031e-02
6.930000000000000604e+00,1.480582373461754031e+01,7.159540582373581128e+04,6.047667662622858709e-01,5.924190288708632707e-02,5.924190288708631319e-02
6.937500000000000888e+00,1.543492315504312273e+01,7.167583492315624608e+04,6.047954335756013933e-01,5.924237715673320859e-02,5.924237715673319471e-02
6.945000000000000284e+00,1.606390971747212504e+01,7.175626390971867659e+04,6.047250069400813555e-01,5.924336944708934183e-02,5.924336944708932795e-02
6.952500000000000568e+00,1.669303295699049272e+01,7.183669303295819554e+04,6.049346309942607025e-01,5.924377736268341549e-02,5.924377736268342243e-02
6.960000000000000853e+00,1.732224639693671264e+01,7.191712224639815395e+04,6.050176325403816557e-01,5.924398018411147077e-02,5.924398018411149158e-02
6.967500000000000249e+00,1.795131138110042102e+01,7.199755131138231081e+04,6.049701644822679247e-01,5.924494768048391841e-02,5.924494768048393922e-02
6.975000000000000533e+00,1.858044104897319926e+01,7.207798044105019653e+04,6.050684837216727674e-01,5.924563285936353119e-02,5.924563285936352425e-02
6.982500000000000817e+00,1.920969416934432772e+01,7.215840969417056476e+04,6.052043523943098080e-01,5.924585582048762233e-02,5.924585582048762927e-02
6.990000000000000213e+00,1.983891031660779447e+01,7.223883891031783423e+04,6.052110203678430222e-01,5.924644912463137431e-02,5.924644912463137431e-02
6.997500000000000497e+00,2.046804182101184466e+01,7.231926804182222986e+04,6.051697030857620119e-01,5.924743643785595343e-02,5.924743643785595343e-02
7.005000000000000782e+00,2.109731185849377866e+01,7.239969731185972341e+04,6.053570566206010195e-01,5.924780130599983236e-02,5.924780130599983236e-02
7.012500000000000178e+00,2.172665703334464382e+01,7.248012665703457606e+04,6.054164394371798208e-01,5.924803653462540343e-02,5.924803653462540343e-02
7.020000000000000462e+00,2.235583365489501873e+01,7.256055583365612256e+04,6.053439804174706174e-01,5.924910078996747931e-02,5.924910078996749319e-02
7.027500000000000746e+00,2.298510540324689089e+01,7.264098510540448478e+04,6.054770941624151304e-01,5.924972828453477225e-02,5.924972828453476531e-02
7.035000000000000142e+00,2.361449254859294555e+01,7.272141449254982581e+04,6.055878549824337265e-01,5.924994230207817486e-02,5.924994230207814017e-02
7.042500000000000426e+00,2.424380104468318109e+01,7.280184380104592128e+04,6.055680503942239001e-01,5.925068432944494839e-02,5.925068432944494839e-02
7.050000000000000711e+00,2.487306891753996752e+01,7.288227306891878834e+04,6.055657069670200565e-01,5.925160457887151955e-02,5.925160457887151261e-02
7.057500000000000995e+00,2.550247028005867023e+01,7.296270247028130689e+04,6.057265889073888410e-01,5.925193441637275488e-02,5.925193441637276182e-02
7.065000000000000391e+00,2.613192645745396092e+01,7.304313192645870731e+04,6.057581470799452417e-01,5.925222070231981469e-02,5.925222070231981469e-02
7.072500000000000675e+00,2.676119776252911464e+01,7.312356119776378910e+04,6.056564812211582272e-01,5.925337533577600124e-02,5.925337533577601512e-02
7.080000000000000959e+00,2.739059966427279491e+01,7.320399059966552886e+04,6.058338590070055929e-01,5.925391488727860256e-02,5.925391488727860950e-02
7.087500000000000355e+00,2.802010398067964303e+01,7.328442010398194543e+04,6.059155676119696299e-01,5.925412213753450397e-02,5.925412213753449009e-02
7.095000000000000639e+00,2.864948349091247337e+01,7.336484948349217302e+04,6.058653446693567091e-01,5.925502706094630534e-02,5.925502706094631922e-02
7.102500000000000924e+00,2.927887617604148929e+01,7.344527887617731176e+04,6.059107857943440978e-01,5.925584712302184309e-02,5.925584712302185697e-02
7.110000000000000320e+00,2.990839488734719254e+01,7.352570839488861384e+04,6.060415076721129557e-01,5.925612837854389581e-02,5.925612837854390968e-02
7.117500000000000604e+00,3.053791161240405216e+01,7.360613791161368135e+04,6.060415592987270506e-01,5.925660133648522065e-02,5.925660133648522759e-02
7.125000000000000888e+00,3.116729276107074753e+01,7.368656729276235274e+04,6.059583988961215750e-01,5.925770400471282173e-02,5.925770400471282173e-02
7.132500000000000284e+00,3.179681099981379688e+01,7.376699681100109592e+04,6.061370680614912576e-01,5.925814239532742334e-02,5.925814239532743721e-02
7.140000000000000568e+00,3.242641153343529936e+01,7.384742641153471777e+04,6.061863003252355719e-01,5.925836293529796600e-02,5.925836293529796600e-02
7.147500000000000853e+00,3.305584597846082318e+01,7.392785584597974957e+04,6.061022441215591083e-01,5.925942110137578239e-02,5.925942110137576158e-02
7.155000000000000249e+00,3.368535131005040029e+01,7.400828535131133685e+04,6.062032608586424010e-01,5.926011185919315138e-02,5.926011185919314445e-02
7.162500000000000533e+00,3.431497173359670683e+01,7.408871497173488024e+04,6.063006502575027934e-01,5.926034068317379000e-02,5.926034068317379694e-02
7.170000000000000817e+00,3.494452203707670179e+01,7.416914452203837573e+04,6.062660393693957150e-01,5.926104154628188125e-02,5.926104154628188125e-02
7.177500000000000213e+00,3.557400918911984888e+01,7.424957400919041538e+04,6.062410151834323191e-01,5.926201089378515391e-02,5.926201089378515391e-02
7.185000000000000497e+00,3.620362709986121530e+01,7.433000362710116315e+04,6.063856048217161065e-01,5.926236357401681171e-02,5.926236357401680477e-02
7.192500000000000782e+00,3.683329919734127600e+01,7.441043329919864482e+04,6.063994571751942786e-01,5.926263229776364966e-02,5.926263229776366354e-02
7.200000000000000178e+00,3.746277794137967021e+01,7.449086277794268972e+04,6.062786826204090707e-01,5.926381196460465961e-02,5.926381196460464573e-02
7.207500000000000462e+00,3.809238309311000137e+01,7.457129238309442007e+04,6.064420785084582155e-01,5.926434998567957357e-02,5.926434998567958051e-02
7.215000000000000746e+00,3.872208589197293094e+01,7.465172208589328511e+04,6.065034777369758823e-01,5.926454323155014997e-02,5.926454323155015691e-02
7.222500000000001030e+00,3.935165305104737854e+01,7.473215165305236587e+04,6.064315716261005074e-01,5.926546596609137685e-02,5.926546596609136991e-02
7.230000000000000426e+00,3.998123453936013050e+01,7.481258123454067390e+04,6.064709097642467794e-01,5.926627227301968504e-02,5.926627227301969197e-02
7.237500000000000711e+00,4.061093693363156376e+01,7.489301093693495204e+04,6.065790015359282528e-01,5.926653626497099814e-02,5.926653626497098426e-02
7.245000000000000995e+00,4.124061892363971538e+01,7.497344061892495665e+04,6.065550866593488744e-01,5.926703592696606210e-02,5.926703592696606210e-02
7.252500000000000391e+00,4.187017457579571555e+01,7.505387017457712500e+04,6.064728658507413384e-01,5.926810827527937559e-02,5.926810827527938252e-02
7.260000000000000675e+00,4.249986231575952900e+01,7.513429986231708608e+04,6.066268543355112230e-01,5.926851778548972161e-02,5.926851778548972161e-02
7.267500000000000959e+00,4.312962204490284535e+01,7.521472962204623036e+04,6.066501144655834787e-01,5.926872257141071326e-02,5.926872257141071326e-02
7.275000000000000355e+00,4.375919794346658875e+01,7.529515919794479851e+04,6.065387965787680802e-01,5.926982118833507701e-02,5.926982118833510477e-02
7.282500000000000639e+00,4.438886125597247201e+01,7.537558886125730351e+04,6.066477918646795420e-01,5.927044289610811090e-02,5.927044289610810396e-02
7.290000000000000924e+00,4.501863058016586905e+01,7.545601863058150047e+04,6.067174682210310088e-01,5.927062990192892566e-02,5.927062990192892566e-02
7.297500000000000320e+00,4.564829682033313674e+01,7.553644829682167619e+04,6.066539063254529074e-01,5.927140139671528002e-02,5.927140139671529390e-02
7.305000000000000604e+00,4.627792786701451888e+01,7.561687792786836508e+04,6.066425042074850005e-01,5.927228796187222759e-02,5.927228796187222759e-02
7.312500000000000888e+00,4.690768252119465842e+01,7.569730768252254347e+04,6.067578920509842932e-01,5.927257793224697396e-02,5.927257793224699478e-02
7.320000000000000284e+00,4.753745677423718519e+01,7.577773745677559054e+04,6.067413625941430189e-01,5.927290573869529317e-02,5.927290573869527929e-02
7.327500000000000568e+00,4.816705540367011906e+01,7.585816705540502153e+04,6.066116199208169135e-01,5.927403590509380121e-02,5.927403590509378734e-02
7.335000000000000853e+00,4.879678508964158112e+01,7.593859678509099467e+04,6.067720652709803764e-01,5.927448399765490594e-02,5.927448399765491288e-02
7.342500000000000249e+00,4.942659751370241139e+01,7.601902659751506872e+04,6.068018975439444240e-01,5.927464020208098039e-02,5.927464020208098039e-02
7.350000000000000533e+00,5.005624012661466082e+01,7.609945624012798362e+04,6.066973035690247373e-01,5.927564054349782063e-02,5.927564054349782063e-02
7.357500000000000817e+00,5.068593498186579893e+01,7.617988593498323462e+04,6.067606063719572784e-01,5.927631887673366629e-02,5.927631887673364547e-02
7.365000000000000213e+00,5.131574011793683354e+01,7.626031574011930206e+04,6.068361792256641296e-01,5.927650197336398891e-02,5.927650197336397503e-02
7.372500000000000497e+00,5.194547164126016270e+01,7.634074547164262913e+04,6.067786938154398069e-01,5.927712494891780592e-02,5.927712494891780592e-02
7.380000000000000782e+00,5.257512640196805620e+01,7.642117512640333734e+04,6.067240767697755777e-01,5.927806181335723568e-02,5.927806181335723568e-02
7.387500000000000178e+00,5.320490574216780999e+01,7.650160490574354480e+04,6.068448154470790223e-01,5.927836462350804386e-02,5.927836462350802998e-02
7.395000000000000462e+00,5.383473153181637372e+01,7.658203473153318919e+04,6.068338480539312574e-01,5.927856387653426123e-02,5.927856387653426817e-02
7.402500000000000746e+00,5.446435301713029986e+01,7.666246435301851307e+04,6.066873151773863881e-01,5.927969932914753382e-02,5.927969932914755463e-02
7.410000000000001030e+00,5.509409818788287794e+01,7.674289409818926651e+04,6.068283574178451323e-01,5.928016848651875698e-02,5.928016848651874310e-02
7.417500000000000426e+00,5.572393253171556893e+01,7.682332393253310875e+04,6.068633625654759056e-01,5.928028435927002598e-02,5.928028435927003292e-02
7.425000000000000711e+00,5.635361271281796292e+01,7.690375361271420843e+04,6.067642210706505335e-01,5.928117544647842213e-02,5.928117544647841519e-02
7.432500000000000995e+00,5.698331356529341463e+01,7.698418331356668205e+04,6.067873031927570882e-01,5.928188901067313332e-02,5.928188901067312638e-02
7.440000000000000391e+00,5.761312706256218519e+01,7.706461312706395984e+04,6.068677774249167101e-01,5.928206233320292701e-02,5.928206233320292007e-02
7.447500000000000675e+00,5.824289276960865180e+01,7.714504289277100179e+04,6.068155086373669960e-01,5.928254489567479080e-02,5.928254489567479080e-02
7.455000000000000959e+00,5.887254647714705413e+01,7.722547254647854425e+04,6.067221009311742907e-01,5.928350843528932407e-02,5.928350843528931019e-02
7.462500000000000355e+00,5.950232469401605329e+01,7.730590232469541661e+04,6.068475798669106247e-01,5.928381258976109236e-02,5.928381258976109236e-02
7.470000000000000639e+00,6.013215939364381768e+01,7.738633215939505317e+04,6.068417057082630128e-01,5.928394153089045632e-02,5.928394153089045632e-02
7.477500000000000924e+00,6.076179174792515170e+01,7.746676179174933350e+04,6.067006532231040694e-01,5.928500969666979786e-02,5.928500969666978399e-02
7.485000000000000320e+00,6.139152693752718903e+01,7.754719152693894284e+04,6.068032074813409782e-01,5.928549197491462391e-02,5.928549197491461697e-02
7.492500000000000604e+00,6.202135573864168094e+01,7.762762135574006243e+04,6.068432875399826232e-01,5.928557109331165226e-02,5.928557109331165226e-02
7.500000000000000888e+00,6.265104739311985327e+01,7.770805104739454691e+04,6.067496472785753880e-01,5.928634351771389782e-02,5.928634351771390476e-02
7.507500000000000284e+00,6.328073002844104877e+01,7.778848073002987076e+04,6.067350512540427010e-01,5.928707810291438535e-02,5.928707810291439922e-02
7.515000000000000568e+00,6.391052681815975944e+01,7.786891052681958536e+04,6.068206799588228284e-01,5.928723576762393727e-02,5.928723576762393033e-02
7.522500000000000853e+00,6.454029989573939474e+01,7.794934029989717237e+04,6.067740326761625891e-01,5.928758160221051648e-02,5.928758160221052342e-02
7.530000000000000249e+00,6.516992917006037089e+01,7.802976992917149619e+04,6.066434584676824171e-01,5.928855555914864378e-02,5.928855555914864378e-02
7.537500000000000533e+00,6.579968228084698012e+01,7.811019968228228390e+04,6.067742623616756426e-01,5.928885333973411137e-02,5.928885333973411137e-02
7.545000000000000817e+00,6.642949980177303360e+01,7.819062949980320991e+04,6.067742221729208740e-01,5.928891569340571238e-02,5.928891569340571932e-02
7.552500000000000213e+00,6.705912141234800572e+01,7.827105912141378212e+04,6.066395472725537585e-01,5.928989276697697874e-02,5.928989276697697874e-02
7.560000000000000497e+00,6.768882245836745426e+01,7.835148882245981076e+04,6.067043705879571203e-01,5.929039001431857248e-02,5.929039001431855860e-02
7.567500000000000782e+00,6.831862121353896100e+01,7.843191862121497979e+04,6.067505822692937922e-01,5.929043390344179015e-02,5.929043390344178321e-02
7.575000000000000178e+00,6.894830217528630101e+01,7.851234830217673152e+04,6.066636601264432382e-01,5.929107643319652537e-02,5.929107643319651150e-02
7.582500000000000462e+00,6.957794400438069715e+01,7.859277794400583662e+04,6.066112996752885955e-01,5.929182510775410364e-02,5.929182510775408976e-02
7.590000000000000746e+00,7.020770120387889790e+01,7.867320770120533416e+04,6.067034360627259204e-01,5.929196430437432691e-02,5.929196430437431997e-02
7.597500000000001030e+00,7.083745973044544542e+01,7.875363745973190817e+04,6.066639266168893929e-01,5.929216858789040229e-02,5.929216858789038841e-02
7.605000000000000426e+00,7.146704285484497632e+01,7.883406704285630258e+04,6.064953065106434282e-01,5.929314483846872402e-02,5.929314483846871014e-02
7.612500000000000711e+00,7.209674883573210025e+01,7.891449674883719126e+04,6.066330659941792103e-01,5.929343339327065171e-02,5.929343339327064477e-02
7.620000000000000995e+00,7.272652644869856431e+01,7.899492652645015914e+04,6.066406557544143929e-01,5.929343150585549699e-02,5.929343150585551087e-02
7.627500000000000391e+00,7.335611849977232168e+01,7.907535611850123678e+04,6.065143214415938955e-01,5.929430103360375931e-02,5.929430103360376625e-02
7.635000000000000675e+00,7.398576392674753777e+01,7.915578576392821560e+04,6.065397164982231359e-01,5.929481267714487719e-02,5.929481267714487719e-02
7.642500000000000959e+00,7.461551075970143643e+01,7.923621551076117612e+04,6.065941160775119023e-01,5.929482403697176190e-02,5.929482403697176190e-02
7.650000000000000355e+00,7.524516334325797118e+01,7.931664516334474320e+04,6.065161370492111459e-01,5.929532070483706230e-02,5.929532070483706924e-02
7.657500000000000639e+00,7.587474369511458860e+01,7.939707474369659030e+04,6.064235965663721251e-01,5.929608300883551508e-02,5.929608300883549427e-02
7.665000000000000924e+00,7.650444061239743121e+01,7.947750444061387680e+04,6.065245383098660792e-01,5.929620520844825632e-02,5.929620520844825632e-02
7.672500000000000320e+00,7.713416761510083575e+01,7.955793416761659319e+04,6.064946341230121885e-01,5.929625480031876228e-02,5.929625480031876228e-02
7.680000000000000604e+00,7.776368494743255155e+01,7.963836368494892668e+04,6.063300855164592829e-01,5.929723105690965640e-02,5.929723105690964946e-02
7.687500000000000888e+00,7.839332379280035923e+01,7.971879332379429252e+04,6.064321179370835146e-01,5.929751353066263497e-02,5.929751353066262110e-02
7.695000000000000284e+00,7.902304137372716752e+01,7.979922304137522588e+04,6.064500284295706312e-01,5.929745213612343246e-02,5.929745213612341859e-02
7.702500000000000568e+00,7.965258959978409337e+01,7.987965258960128995e+04,6.063348983741152498e-01,5.929819209038732913e-02,5.929819209038734301e-02
7.710000000000000853e+00,4.821599694319957941e-01,7.988028215997092775e+04,6.063170177106473879e-01,5.929872370272783189e-02,5.929872370272782495e-02
7.717500000000000249e+00,1.111835431669434548e+00,7.996071183543317602e+04,6.063825007746502793e-01,5.929870837139802203e-02,5.929870837139801509e-02
7.725000000000000533e+00,1.741446585623735999e+00,8.004114144658713485e+04,6.063165332019534448e-01,5.929903778973918266e-02,5.929903778973918960e-02
7.732500000000000817e+00,2.370947010474091510e+00,8.012157094701199094e+04,6.061793700858610912e-01,5.929981798220660544e-02,5.929981798220661932e-02
7.740000000000000213e+00,3.000565178259046561e+00,8.020200056517976918e+04,6.062921995311346679e-01,5.929992946443855828e-02,5.929992946443855134e-02
7.747500000000000497e+00,3.630230043568899223e+00,8.028243023004507995e+04,6.062751549983269594e-01,5.929987685992701291e-02,5.929987685992701985e-02
7.755000000000000782e+00,4.259684970786675073e+00,8.036285968497231079e+04,6.061244804467810221e-01,5.930075816974125086e-02,5.930075816974124392e-02
7.762500000000001066e+00,4.889236551705733902e+00,8.044328923655323160e+04,6.061792431044005225e-01,5.930106747037988679e-02,5.930106747037990067e-02
7.770000000000000462e+00,5.518875943972392228e+00,8.052371887594550208e+04,6.062108967231567558e-01,5.930095677658691472e-02,5.930095677658690778e-02
7.777500000000000746e+00,6.148371208730773141e+00,8.060414837121026358e+04,6.061105676860664149e-01,5.930153674441600992e-02,5.930153674441600992e-02
7.785000000000001030e+00,6.777849296118536593e+00,8.068457784929765330e+04,6.060437223401248241e-01,5.930209911940579476e-02,5.930209911940580170e-02
7.792500000000000426e+00,7.407436270130079770e+00,8.076500743627166958e+04,6.061238617938571327e-01,5.930206703769149573e-02,5.930206703769149573e-02
7.800000000000000711e+00,8.036997394468672340e+00,8.084543699739599833e+04,6.060736511702800033e-01,5.930220351010466462e-02,5.930220351010466462e-02
7.807500000000000995e+00,8.666401987274737095e+00,8.092586640198880923e+04,6.058892949089851321e-01,5.930300796282876596e-02,5.930300796282876596e-02
7.815000000000000391e+00,9.295925175588104494e+00,8.100629592517712445e+04,6.060141265253627951e-01,5.930312005710444700e-02,5.930312005710445394e-02
7.822500000000000675e+00,9.925509400383640823e+00,8.108672550940193469e+04,6.060138184805138328e-01,5.930298273038227264e-02,5.930298273038228651e-02
7.830000000000000959e+00,1.055489807006476255e+01,8.116715489807161794e+04,6.058810693743946763e-01,5.930372913841364807e-02,5.930372913841364113e-02
7.837500000000000355e+00,1.118434664554775182e+01,8.124758434664709785e+04,6.058817425176391547e-01,5.930408013545647450e-02,5.930408013545646062e-02
7.845000000000000639e+00,1.181389141664146614e+01,8.132801389141820255e+04,6.059311306633452521e-01,5.930393694345566930e-02,5.930393694345567623e-02
7.852500000000000924e+00,1.244332968949317575e+01,8.140844332969105744e+04,6.058497657853414431e-01,5.930431778328733305e-02,5.930431778328734693e-02
7.860000000000000320e+00,1.307270067696457438e+01,8.148887270067851932e+04,6.057267389933781443e-01,5.930492546584493346e-02,5.930492546584491959e-02
7.867500000000000604e+00,1.370218433098349031e+01,8.156930218433254049e+04,6.058256246514487353e-01,5.930489114808367573e-02,5.930489114808365492e-02
7.875000000000000888e+00,1.433169097102411094e+01,8.164973169097259233e+04,6.057954292951878150e-01,5.930480531876405892e-02,5.930480531876405198e-02
7.882500000000000284e+00,1.496098911640818585e+01,8.173016098911798326e+04,6.056324087017710411e-01,5.930561389189000637e-02,5.930561389189000637e-02
7.890000000000000568e+00,1.559040077894018417e+01,8.181059040078050748e+04,6.056973156336551423e-01,5.930576998464534566e-02,5.930576998464536648e-02
7.897500000000000853e+00,1.621988986004418720e+01,8.189101988986162178e+04,6.057180816652433242e-01,5.930556383276393284e-02,5.930556383276393284e-02
7.905000000000000249e+00,1.684921116144728970e+01,8.197144921116302430e+04,6.056077650520169664e-01,5.930613434188105465e-02,5.930613434188105465e-02
7.912500000000000533e+00,1.747854331957000795e+01,8.205187854332114512e+04,6.055461993758667338e-01,5.930654566047572490e-02,5.930654566047573184e-02
7.920000000000000817e+00,1.810797911935173587e+01,8.213230797912093112e+04,6.056177236650670537e-01,5.930639167444628351e-02,5.930639167444627657e-02
7.927500000000000213e+00,1.873736053193309914e+01,8.221273736053351604e+04,6.055598898467009494e-01,5.930652984744257117e-02,5.930652984744257117e-02
7.935000000000000497e+00,1.936661236581000267e+01,8.229316661236739310e+04,6.053722544937032435e-01,5.930719778882902193e-02,5.930719778882902193e-02
7.942500000000000782e+00,1.999598010312409713e+01,8.237359598010471382e+04,6.054943374214747376e-01,5.930718071421775539e-02,5.930718071421776233e-02
7.950000000000001066e+00,2.062539864544606161e+01,8.245402539864703431e+04,6.054887691896914115e-01,5.930696937412975600e-02,5.930696937412975600e-02
7.957500000000000462e+00,2.125461379722222333e+01,8.253445461379882181e+04,6.053518618188675759e-01,5.930765029273554062e-02,5.930765029273555450e-02
7.965000000000000746e+00,2.188390129097074066e+01,8.261488390129257459e+04,6.053478887165987254e-01,5.930788010112183345e-02,5.930788010112185427e-02
7.972500000000001030e+00,2.251328063535249768e+01,8.269531328063695400e+04,6.053943714446118340e-01,5.930763710543251327e-02,5.930763710543252021e-02
7.980000000000000426e+00,2.314253981816523265e+01,8.277574253981976653e+04,6.053112905811467437e-01,5.930797279374351583e-02,5.930797279374354358e-02
7.987500000000000711e+00,2.377174462452918391e+01,8.285617174462613184e+04,6.051783292349302013e-01,5.930846527551251329e-02,5.930846527551250635e-02
7.995000000000000995e+00,2.440105956719093072e+01,8.293660105956879852e+04,6.052766495534535052e-01,5.930832538720610253e-02,5.930832538720609559e-02
8.002500000000001279e+00,2.503038706381531142e+01,8.301703038706543157e+04,6.052471620021216969e-01,5.930818128733005012e-02,5.930818128733002931e-02
8.009999999999999787e+00,2.565951506300572049e+01,8.309745951506462006e+04,6.050861513167047345e-01,5.930887500679497826e-02,5.930887500679497132e-02
8.017500000000000071e+00,2.628875241668311347e+01,8.317788875241830829e+04,6.051355433004337314e-01,5.930894256439338263e-02,5.930894256439338263e-02
8.025000000000000355e+00,2.691806547612355871e+01,8.325831806547775341e+04,6.051594163320445086e-01,5.930865157780366298e-02,5.930865157780365604e-02
8.032500000000000639e+00,2.754721019881101896e+01,8.333874721020043944e+04,6.050535908579284250e-01,5.930912920121136217e-02,5.930912920121136217e-02
8.040000000000000924e+00,2.817636393700075814e+01,8.341917636393863359e+04,6.049709815203109242e-01,5.930945692965942234e-02,5.930945692965942234e-02
8.047500000000001208e+00,2.880562043303557829e+01,8.349960562043466780e+04,6.050479817185008269e-01,5.930921697262600545e-02,5.930921697262600545e-02
8.055000000000001492e+00,2.943482660333661727e+01,8.358003482660496957e+04,6.049970858429116749e-01,5.930925270432639562e-02,5.930925270432638868e-02
8.062500000000000000e+00,3.006389836058897203e+01,8.366046389836222806e+04,6.048145542273625219e-01,5.930982131066400015e-02,5.930982131066398627e-02
8.070000000000000284e+00,3.069308075183217355e+01,8.374089308075347799e+04,6.049127764203108271e-01,5.930974801811220859e-02,5.930974801811220165e-02
8.077500000000000568e+00,3.132231825686594462e+01,8.382132231825850613e+04,6.049165532063931483e-01,5.930944818822442982e-02,5.930944818822442982e-02
8.085000000000000853e+00,3.195135824624314935e+01,8.390175135824788595e+04,6.047905656373754324e-01,5.931000818252517293e-02,5.931000818252518680e-02
8.092500000000001137e+00,3.258045696617975295e+01,8.398218045696783520e+04,6.047537109601188732e-01,5.931018790893188147e-02,5.931018790893187453e-02
8.100000000000001421e+00,3.320964977664913675e+01,8.406260964977830008e+04,6.048119011645051168e-01,5.930987136798167997e-02,5.930987136798168691e-02
8.107499999999999929e+00,3.383873936560394213e+01,8.414303873936725722e+04,6.047421737230115335e-01,5.931006059679423681e-02,5.931006059679425069e-02
8.115000000000000213e+00,3.446775296170724090e+01,8.422346775296336273e+04,6.045706902142724548e-01,5.931050385602262137e-02,5.931050385602261443e-02
8.122500000000000497e+00,3.509687635393977700e+01,8.430389687635560404e+04,6.046830313595583650e-01,5.931031119600842921e-02,5.931031119600843615e-02
8.130000000000000782e+00,3.572603185729531816e+01,8.438432603185896005e+04,6.046692773519265485e-01,5.931002575214824185e-02,5.931002575214824185e-02
8.137500000000001066e+00,3.635497588967043470e+01,8.446475497589133738e+04,6.045257602003332176e-01,5.931062383466985388e-02,5.931062383466986082e-02
8.145000000000001350e+00,3.698401618789335998e+01,8.454518401618956705e+04,6.045298409370007953e-01,5.931067430679654029e-02,5.931067430679652641e-02
8.152499999999999858e+00,3.761314023033257570e+01,8.462561314023200248e+04,6.045717700808059814e-01,5.931030776607575800e-02,5.931030776607575106e-02
8.160000000000000142e+00,3.824212042648183996e+01,8.470604212042815925e+04,6.044858242910570167e-01,5.931060982722824448e-02,5.931060982722824448e-02
8.167500000000000426e+00,3.887107456468253019e+01,8.478647107456636149e+04,6.043522245530371650e-01,5.931092994501145632e-02,5.931092994501144938e-02
8.175000000000000711e+00,3.950013496961935289e+01,8.486690013497130712e+04,6.044495422095076398e-01,5.931064639561402230e-02,5.931064639561400842e-02
8.182500000000000995e+00,4.012918580694717718e+01,8.494732918580863043e+04,6.044208463860488711e-01,5.931046474550183412e-02,5.931046474550182718e-02
8.190000000000001279e+00,4.075806039705230432e+01,8.502775806039874442e+04,6.042624531667419863e-01,5.931099206507917804e-02,5.931099206507917804e-02
8.197499999999999787e+00,4.138703958422736662e+01,8.510818703958591504e+04,6.043024827606489069e-01,5.931093251970313840e-02,5.931093251970313840e-02
8.205000000000000071e+00,4.201609051712603815e+01,8.518861609051881533e+04,6.043307109808210287e-01,5.931054070997426181e-02,5.931054070997426181e-02
8.212500000000000355e+00,4.264496966037577863e+01,8.526904496966207807e+04,6.042311684315221365e-01,5.931091411487209725e-02,5.931091411487209725e-02
8.220000000000000639e+00,4.327386299332564334e+01,8.534947386299502978e+04,6.041304813832173437e-01,5.931112027573776785e-02,5.931112027573778867e-02
8.227500000000000924e+00,4.390285761706194023e+01,8.542990285761877021e+04,6.042153025835517166e-01,5.931076877067750081e-02,5.931076877067748693e-02
8.235000000000001208e+00,4.453180240861995998e+01,8.551033180241032096e+04,6.041742503049837287e-01,5.931069858370767445e-02,5.931069858370766751e-02
8.242500000000001492e+00,4.516061414009934794e+01,8.559076061414180731e+04,6.040036278702439754e-01,5.931112971974140252e-02,5.931112971974140946e-02
8.250000000000000000e+00,4.578953031217779568e+01,8.567118953031388810e+04,6.040745075747790960e-01,5.931097868514209615e-02,5.931097868514210308e-02
8.257500000000000284e+00,4.641850574587802924e+01,8.575161850574759592e+04,6.040915800477520969e-01,5.931057649050079650e-02,5.931057649050081731e-02
8.265000000000000568e+00,4.704729167539137791e+01,8.583204729167711048e+04,6.039810440529286284e-01,5.931098985166153442e-02,5.931098985166154136e-02
8.272500000000000853e+00,4.767612277464088777e+01,8.591247612277636654e+04,6.039082159850013287e-01,5.931109875286919020e-02,5.931109875286917632e-02
8.280000000000001137e+00,4.830505023362750450e+01,8.599290505023534934e+04,6.039830421020526696e-01,5.931069448945604922e-02,5.931069448945604228e-02
8.287500000000001421e+00,4.893389569430986086e+01,8.607333389569603605e+04,6.039321895150076003e-01,5.931071008168723596e-02,5.931071008168724984e-02
8.294999999999999929e+00,4.956264426862723838e+01,8.615376264427036222e+04,6.037519519506795440e-01,5.931105414541892190e-02,5.931105414541892190e-02
8.302500000000000213e+00,5.019149632891785018e+01,8.623419149633064808e+04,6.038485258092800567e-01,5.931082858456444840e-02,5.931082858456444840e-02
8.310000000000000497e+00,5.082039593370733144e+01,8.631462039593544614e+04,6.038569482269670052e-01,5.931042315988845764e-02,5.931042315988845764e-02
8.317500000000000782e+00,5.144909558964431540e+01,8.639504909559138468e+04,6.037379788408275827e-01,5.931085442907332167e-02,5.931085442907331473e-02
8.325000000000001066e+00,5.207786366986676541e+01,8.647547786367160734e+04,6.036879270403110453e-01,5.931088258316145889e-02,5.931088258316145889e-02
8.332500000000001350e+00,5.270672340472226125e+01,8.655590672340647143e+04,6.037552103548635696e-01,5.931043935228488828e-02,5.931043935228490216e-02
8.339999999999999858e+00,5.333547687268927007e+01,8.663633547687443206e+04,6.036970605443316984e-01,5.931051423611465034e-02,5.931051423611466422e-02
8.347500000000000142e+00,5.396416234084112062e+01,8.671676416234258795e+04,6.035097648473258802e-01,5.931078293046821576e-02,5.931078293046822963e-02
8.355000000000000426e+00,5.459294997368485980e+01,8.679719294997543329e+04,6.036268738148590218e-01,5.931049800433699920e-02,5.931049800433701308e-02
8.362500000000000711e+00,5.522177483093849304e+01,8.687762177483268897e+04,6.036290896882007262e-01,5.931009348787599084e-02,5.931009348787598390e-02
8.370000000000000995e+00,5.585039471028072455e+01,8.695805039471204509e+04,6.035041805836649509e-01,5.931052568381232903e-02,5.931052568381232210e-02
8.377500000000001279e+00,5.647909965081415606e+01,8.703847909965256986e+04,6.034718457366834432e-01,5.931048882674481298e-02,5.931048882674482686e-02
8.385000000000001563e+00,5.710789204853143985e+01,8.711890789205029432e+04,6.035339679004505520e-01,5.931001755347584808e-02,5.931001755347583421e-02
8.392500000000000071e+00,5.773656105142149642e+01,8.719933656105319096e+04,6.034709489770926361e-01,5.931012826275829791e-02,5.931012826275830485e-02
8.400000000000000355e+00,5.836518393059317589e+01,8.727976518393236620e+04,6.032900438360824236e-01,5.931033373247759227e-02,5.931033373247759227e-02
8.407500000000000639e+00,5.899390754399074410e+01,8.736019390754576307e+04,6.034116071829578321e-01,5.931000297762505785e-02,5.931000297762503010e-02
8.415000000000000924e+00,5.962265987377380583e+01,8.744062265987554565e+04,6.034099771405779800e-01,5.930960117897250000e-02,5.930960117897248612e-02
8.422500000000001208e+00,6.025120616377090954e+01,8.752105120616554632e+04,6.032815345330845291e-01,5.931002159477574698e-02,5.931002159477574698e-02
8.430000000000001492e+00,6.087984849029868428e+01,8.760147984849207569e+04,6.032619311911063820e-01,5.930993434793847136e-02,5.930993434793847136e-02
8.437500000000000000e+00,6.150857493577017721e+01,8.768190857493755175e+04,6.033211837343422923e-01,5.930944233103021407e-02,5.930944233103020019e-02
8.445000000000000284e+00,6.213716691588605556e+01,8.776233716691767040e+04,6.032556290186503745e-01,5.930956995096866441e-02,5.930956995096865747e-02
8.452500000000000568e+00,6.276572822123770834e+01,8.784276572822302114e+04,6.030848764209791879e-01,5.930972415875368497e-02,5.930972415875369885e-02
8.460000000000000853e+00,6.339438888168105990e+01,8.792319438888347941e+04,6.032045001414553242e-01,5.930935970051478406e-02,5.930935970051477713e-02
8.467500000000001137e+00,6.402306673656815406e+01,8.800362306673836429e+04,6.032012833657331985e-01,5.930897992462682428e-02,5.930897992462682428e-02
8.475000000000001421e+00,6.465155050001678205e+01,8.808405155050181202e+04,6.030716071362984820e-01,5.930936009815054866e-02,5.930936009815054866e-02
8.482499999999999929e+00,6.528013134148207541e+01,8.816448013134328357e+04,6.030598715500763429e-01,5.930923584488266564e-02,5.930923584488265177e-02
8.490000000000000213e+00,6.590879411038824287e+01,8.824490879411219794e+04,6.031184385565226957e-01,5.930872755356504655e-02,5.930872755356504655e-02
8.497500000000000497e+00,6.653731635647476139e+01,8.832533731635828735e+04,6.030525689927657140e-01,5.930885721872081878e-02,5.930885721872080490e-02
8.505000000000000782e+00,6.716581759183246447e+01,8.840576581759363762e+04,6.028872579437631885e-01,5.930897168182659718e-02,5.930897168182659718e-02
8.512500000000001066e+00,6.779441695653736133e+01,8.848619441695834394e+04,6.030070503282290995e-01,5.930858437041243436e-02,5.930858437041243436e-02
8.520000000000001350e+00,6.842302683388594176e+01,8.856662302683570306e+04,6.030043882409396039e-01,5.930821405217762132e-02,5.930821405217762132e-02
8.527499999999999858e+00,6.905145128400091892e+01,8.864705145128582080e+04,6.028756553794825113e-01,5.930855896030597096e-02,5.930855896030597096e-02
8.535000000000000142e+00,6.967997231382386758e+01,8.872747997231564659e+04,6.028670900482749895e-01,5.930840988534651081e-02,5.930840988534651081e-02
8.542500000000000426e+00,7.030857437322528369e+01,8.880790857437504746e+04,6.029270330892460006e-01,5.930788820238275250e-02,5.930788820238275943e-02
8.550000000000000711e+00,7.093703407666812666e+01,8.888833703407848952e+04,6.028629419884373730e-01,5.930800788364361253e-02,5.930800788364361253e-02
8.557500000000000995e+00,7.156547720029020354e+01,8.896876547720211965e+04,6.026985455002014103e-01,5.930809357383664410e-02,5.930809357383664410e-02
8.565000000000001279e+00,7.219401744290701117e+01,8.904919401744473726e+04,6.028204881814305249e-01,5.930769310949587231e-02,5.930769310949587231e-02
8.572500000000001563e+00,7.282256729571757603e+01,8.912962256729755609e+04,6.028203904570768046e-01,5.930731556720925113e-02,5.930731556720923031e-02
8.580000000000000071e+00,7.345093468295573302e+01,8.921005093468479754e+04,6.026946409099545043e-01,5.930763567857841312e-02,5.930763567857841312e-02
8.587500000000000355e+00,7.407939805219970708e+01,8.929047939805404167e+04,6.026847552595043789e-01,5.930747289699132840e-02,5.930747289699132840e-02
8.595000000000000639e+00,7.470794284483224601e+01,8.937090794284667936e+04,6.027480006448394656e-01,5.930694007493138992e-02,5.930694007493138298e-02
8.602500000000000924e+00,7.533634719076427189e+01,8.945133634719261318e+04,6.026876408190027234e-01,5.930703950999850066e-02,5.930703950999850066e-02
8.610000000000001208e+00,7.596473456764067578e+01,8.953176473456948588e+04,6.025198537421447842e-01,5.930710684420881923e-02,5.930710684420879147e-02
8.617500000000001492e+00,7.659321829728482101e+01,8.961219321829914406e+04,6.026457901481043766e-01,5.930670194999743822e-02,5.930670194999743128e-02
8.625000000000000000e+00,7.722171612073341862e+01,8.969262171612259408e+04,6.026501230964371736e-01,5.930630185760010775e-02,5.930630185760010081e-02
8.632500000000000284e+00,7.785002905425425013e+01,8.977305002905611764e+04,6.025292480625398239e-01,5.930660739468526788e-02,5.930660739468527481e-02
8.640000000000000568e+00,7.847843732254429483e+01,8.985347843732440379e+04,6.025137947503415026e-01,5.930644110888227266e-02,5.930644110888227960e-02
8.647500000000000853e+00,7.910692856912444881e+01,8.993390692857098475e+04,6.025821231180077397e-01,5.930589943195686831e-02,5.930589943195688218e-02
8.655000000000001137e+00,7.973528481821873015e+01,9.001433528482008842e+04,6.025272964292111011e-01,5.930596929784368032e-02,5.930596929784369420e-02
8.662500000000001421e+00,5.636191671303585338e-01,9.001496361916900787e+04,6.023520687945543850e-01,5.930602816912675102e-02,5.930602816912673714e-02
8.669999999999999929e+00,1.192049346422796807e+00,9.009539204934830195e+04,6.024836949016021403e-01,5.930562680289464678e-02,5.930562680289465372e-02
8.677500000000000213e+00,1.820503116469237570e+00,9.017582050311834610e+04,6.024941722231667018e-01,5.930519011555533682e-02,5.930519011555533682e-02
8.685000000000000497e+00,2.448764537947675457e+00,9.025624876453982142e+04,6.023799049023711438e-01,5.930549081315003579e-02,5.930549081315004273e-02
8.692500000000000782e+00,3.077120605590907498e+00,9.033667712060747726e+04,6.023549113488220197e-01,5.930533046487578702e-02,5.930533046487577314e-02
8.700000000000001066e+00,3.705562142519251090e+00,9.041710556214441021e+04,6.024299495785903069e-01,5.930478269509401046e-02,5.930478269509401740e-02
8.707500000000001350e+00,4.333877680140888700e+00,9.049753387768202811e+04,6.023822988872404860e-01,5.930481399843523516e-02,5.930481399843523516e-02
8.714999999999999858e+00,4.962162021378961008e+00,9.057796216202326468e+04,6.022082745165656670e-01,5.930487380811788611e-02,5.930487380811788611e-02
8.722500000000000142e+00,5.590541890726647090e+00,9.065839054189261515e+04,6.023347217723987734e-01,5.930448336624202094e-02,5.930448336624202094e-02
8.730000000000000426e+00,6.218955862237539378e+00,9.073881895586413157e+04,6.023528976536555168e-01,5.930401141507213314e-02,5.930401141507212620e-02
8.737500000000000711e+00,6.847172657210308877e+00,9.081924717265911750e+04,6.022468064116177633e-01,5.930430212209367863e-02,5.930430212209368557e-02
8.745000000000000995e+00,7.475480006660381704e+00,9.089967548000856186e+04,6.022086012660735621e-01,5.930415326604228377e-02,5.930415326604227683e-02
8.752500000000001279e+00,8.103875367332713964e+00,9.098010387536924100e+04,6.022918166673614238e-01,5.930360613496117594e-02,5.930360613496116901e-02
8.760000000000001563e+00,8.732157702277246969e+00,9.106053215770419047e+04,6.022528201265354708e-01,5.930358984820889579e-02,5.930358984820889579e-02
8.767500000000000071e+00,9.360395310343598396e+00,9.114096039531225688e+04,6.020879387151223394e-01,5.930365950958146198e-02,5.930365950958144811e-02
8.775000000000000355e+00,9.988728322849393493e+00,9.122138872832476045e+04,6.021991906342991641e-01,5.930328697914281216e-02,5.930328697914280522e-02
8.782500000000000639e+00,1.061710374111456190e+01,9.130181710374302929e+04,6.022264551134680621e-01,5.930279334106885319e-02,5.930279334106884626e-02
8.790000000000000924e+00,1.124528592953173245e+01,9.138224528593145078e+04,6.021299389891406895e-01,5.930305691735893170e-02,5.930305691735892476e-02
8.797500000000001208e+00,1.187354885750642808e+01,9.146267354885942768e+04,6.020751733558088459e-01,5.930291822120675044e-02,5.930291822120673656e-02
8.805000000000001492e+00,1.250190092632144534e+01,9.154310190092824632e+04,6.021678700467452128e-01,5.930238554213765334e-02,5.930238554213765334e-02
8.812500000000000000e+00,1.313015762828060140e+01,9.162353015763021540e+04,6.021388376543367338e-01,5.930231251729076170e-02,5.930231251729076170e-02
8.820000000000000284e+00,1.375835199250012408e+01,9.170395835199442809e+04,6.019844163085923405e-01,5.930240041147166741e-02,5.930240041147168129e-02
8.827500000000000568e+00,1.438664175965673842e+01,9.178438664176159364e+04,6.020772425460090282e-01,5.930205245333820124e-02,5.930205245333822206e-02
8.835000000000000853e+00,1.501498296158331414e+01,9.186481498296352220e+04,6.021148190484502116e-01,5.930153885581490592e-02,5.930153885581491285e-02
8.842500000000001137e+00,1.564313749118353414e+01,9.194524313749311841e+04,6.020291054965853927e-01,5.930177013333470804e-02,5.930177013333471497e-02
8.850000000000001421e+00,1.627135959592143166e+01,9.202567135959786538e+04,6.019547688617690184e-01,5.930164896180140088e-02,5.930164896180140782e-02
8.857499999999999929e+00,1.689967206333674099e+01,9.210609967206527654e+04,6.020580862269210298e-01,5.930113596161457751e-02,5.930113596161456363e-02
8.865000000000000213e+00,1.752791064751054861e+01,9.218652791064945632e+04,6.020401585162263869e-01,5.930099706681874611e-02,5.930099706681874611e-02
8.872500000000000497e+00,1.815606544142567458e+01,9.226695606544337352e+04,6.018973399128012547e-01,5.930111094536670568e-02,5.930111094536670568e-02
8.880000000000000782e+00,1.878431568657715545e+01,9.234738431568852684e+04,6.019688605227854206e-01,5.930079391903295138e-02,5.930079391903295832e-02
8.887500000000001066e+00,1.941262673435632991e+01,9.242781262673631136e+04,6.020178054364907494e-01,5.930026333656064630e-02,5.930026333656064630e-02
8.895000000000001350e+00,2.004076073721873641e+01,9.250824076073917968e+04,6.019439501678727211e-01,5.930045598506696047e-02,5.930045598506696047e-02
8.902499999999999858e+00,2.066894569731844200e+01,9.258866894569928991e+04,6.018473810827659198e-01,5.930035962507997777e-02,5.930035962507997777e-02
8.910000000000000142e+00,2.129722225218722542e+01,9.266909722225416044e+04,6.019622941716429310e-01,5.929987159220559412e-02,5.929987159220558718e-02
8.917500000000000426e+00,2.192545004364832195e+01,9.274952545004562126e+04,6.019564428945297641e-01,5.929965790006812287e-02,5.929965790006814369e-02
8.925000000000000711e+00,2.255356909983686364e+01,9.282995356910180999e+04,6.018261962599404935e-01,5.929980475209892937e-02,5.929980475209890856e-02
8.932500000000000995e+00,2.318178361520415365e+01,9.291038178361718019e+04,6.018738899002258336e-01,5.929952471447722667e-02,5.929952471447723361e-02
8.940000000000001279e+00,2.381006822250201793e+01,9.299081006822448398e+04,6.019350940385768123e-01,5.929898176323371989e-02,5.929898176323371989e-02
8.947500000000001563e+00,2.443818897902094633e+01,9.307123818898100581e+04,6.018739827963747180e-01,5.929912792641166275e-02,5.929912792641166969e-02
8.955000000000000071e+00,2.506634051842398137e+01,9.315166634052040172e+04,6.017528744744004010e-01,5.929906351704042344e-02,5.929906351704041650e-02
8.962500000000000355e+00,2.569458485402718750e+01,9.323209458485600771e+04,6.018801961823795343e-01,5.929860583559341120e-02,5.929860583559339732e-02
8.970000000000000639e+00,2.632280887510826872e+01,9.331252280887709640e+04,6.018872268180045504e-01,5.929830867200932415e-02,5.929830867200932415e-02
8.977500000000000924e+00,2.695089615308786080e+01,9.339295089615507459e+04,6.017703507791635209e-01,5.929849461523228893e-02,5.929849461523228893e-02
8.985000000000001208e+00,2.757907875707545742e+01,9.347337907875906967e+04,6.017920578474368343e-01,5.929825733004115418e-02,5.929825733004115418e-02
8.992500000000001492e+00,2.820734015146462781e+01,9.355380734015346388e+04,6.018662496282106700e-01,5.929770881574461527e-02,5.929770881574461527e-02
9.000000000000000000e+00,2.883545512130951494e+01,9.363423545512331475e+04,6.018186017201860860e-01,5.929779862787747102e-02,5.929779862787747102e-02
9.007500000000000284e+00,2.946357698685989845e+01,9.371466357698886713e+04,6.016710028014622402e-01,5.929777300949414659e-02,5.929777300949414659e-02
9.015000000000000568e+00,3.009179278777117261e+01,9.379509179278978263e+04,6.018113876594609613e-01,5.929735127627765862e-02,5.929735127627766555e-02
9.022500000000000853e+00,3.072001969218948858e+01,9.387552001969420235e+04,6.018319435658547878e-01,5.929696214677012550e-02,5.929696214677012550e-02
9.030000000000001137e+00,3.134807922410515246e+01,9.395594807922611653e+04,6.017290706791362798e-01,5.929719241562501214e-02,5.929719241562501214e-02
9.037500000000001421e+00,3.197623440297919828e+01,9.403637623440499010e+04,6.017229916853495952e-01,5.929699610664344173e-02,5.929699610664344173e-02
9.044999999999999929e+00,3.260447468000296567e+01,9.411680447468202328e+04,6.018107418421392296e-01,5.929645771175624802e-02,5.929645771175625496e-02
9.052500000000000213e+00,3.323259136092768529e+01,9.419723259136294655e+04,6.017771152355267938e-01,5.929647997385614766e-02,5.929647997385614072e-02
9.060000000000000497e+00,3.386068731338069426e+01,9.427766068731540872e+04,6.016184287071113523e-01,5.929649946099710411e-02,5.929649946099709718e-02
9.067500000000000782e+00,3.448887823931041652e+01,9.435808887824133853e+04,6.017553754399711519e-01,5.929611937750192685e-02,5.929611937750191297e-02
9.075000000000001066e+00,3.511710888350725668e+01,9.443851710888554226e+04,6.017899434556712723e-01,5.929565113620979822e-02,5.929565113620980515e-02
9.082500000000001350e+00,3.574515009161446955e+01,9.451894515009365568e+04,6.017015462121325653e-01,5.929590910742625620e-02,5.929590910742625620e-02
9.089999999999999858e+00,3.637328249529519297e+01,9.459937328249732673e+04,6.016662357631888947e-01,5.929574945444249928e-02,5.929574945444249234e-02
9.097500000000000142e+00,3.700150337949668256e+01,9.467980150338153180e+04,6.017679633978960663e-01,5.929523903604801832e-02,5.929523903604802526e-02
9.105000000000000426e+00,3.762962891147667932e+01,9.476022962891352654e+04,6.017487611764377187e-01,5.929518306873697575e-02,5.929518306873696187e-02
9.112500000000000711e+00,3.825770272747659106e+01,9.484065770272952795e+04,6.016049629578427149e-01,5.929525317486804975e-02,5.929525317486804975e-02
9.120000000000000995e+00,3.888587240261342259e+01,9.492108587240465567e+04,6.017115945097909480e-01,5.929492014574001130e-02,5.929492014574001130e-02
9.127500000000001279e+00,3.951409641273598083e+01,9.500151409641478676e+04,6.017605118078770410e-01,5.929442862605283776e-02,5.929442862605282388e-02
9.135000000000001563e+00,4.014213943321248479e+01,9.508194213943526847e+04,6.016869099077597483e-01,5.929465471429262030e-02,5.929465471429264112e-02
9.142500000000000071e+00,4.077025263605548844e+01,9.516237025263810938e+04,6.016212667382800916e-01,5.929453768834692245e-02,5.929453768834690858e-02
9.150000000000000355e+00,4.139845695244942192e+01,9.524279845695450786e+04,6.017372465207536658e-01,5.929406121705278060e-02,5.929406121705278060e-02
9.157500000000000639e+00,4.202659776149352666e+01,9.532322659776355431e+04,6.017327245012277226e-01,5.929391822255521138e-02,5.929391822255521138e-02
9.165000000000000924e+00,4.265465323759022453e+01,9.540365465323966055e+04,6.016040515041322090e-01,5.929404339580640615e-02,5.929404339580639921e-02
9.172500000000001208e+00,4.328280523114786860e+01,9.548408280523322173e+04,6.016794229778862357e-01,5.929376218550699851e-02,5.929376218550698463e-02
9.180000000000001492e+00,4.391102448232416577e+01,9.556451102448439633e+04,6.017428849747373798e-01,5.929325516400352214e-02,5.929325516400350826e-02
9.187500000000000000e+00,4.453907659443088107e+01,9.564493907659650722e+04,6.016842536649475992e-01,5.929343834427740906e-02,5.929343834427740906e-02
9.195000000000000284e+00,4.516717405633698235e+01,9.572536717405841046e+04,6.015875071881164882e-01,5.929336968340141734e-02,5.929336968340140346e-02
9.202500000000000568e+00,4.579536478796821797e+01,9.580579536479004310e+04,6.017178775108672495e-01,5.929293184539146527e-02,5.929293184539146527e-02
9.210000000000000853e+00,4.642352647954495382e+01,9.588622352648162632e+04,6.017281528189760698e-01,5.929269486093050046e-02,5.929269486093050046e-02
9.217500000000001137e+00,4.705156741776652041e+01,9.596665156741985993e+04,6.016147007121402934e-01,5.929287833467174196e-02,5.929287833467174196e-02
9.225000000000001421e+00,4.767970520762096953e+01,9.604707970520970412e+04,6.016581952814890055e-01,5.929265301817669004e-02,5.929265301817668310e-02
9.232499999999999929e+00,4.830792143101277247e+01,9.612750792143310537e+04,6.017362644067960620e-01,5.929213944169119815e-02,5.929213944169119122e-02
9.240000000000000213e+00,4.893598938479493654e+01,9.620793598938689684e+04,6.016926436800514866e-01,5.929226822082896836e-02,5.929226822082896836e-02
9.247500000000000497e+00,4.956407445651835530e+01,9.628836407445861551e+04,6.015643375564685424e-01,5.929225313796529506e-02,5.929225313796532282e-02
9.255000000000000782e+00,5.019225462782709002e+01,9.636879225462992326e+04,6.017091094580789834e-01,5.929185843599157901e-02,5.929185843599156513e-02
9.262500000000001066e+00,5.082044207964499805e+01,9.644922044208174339e+04,6.017341698700400254e-01,5.929152130734569037e-02,5.929152130734569037e-02
9.270000000000001350e+00,5.144847222242818674e+01,9.652964847222453682e+04,6.016359028562200395e-01,5.929176520757487023e-02,5.929176520757488411e-02
9.277500000000001634e+00,5.207659977589921851e+01,9.661007659977801086e+04,6.016472136593727926e-01,5.929159268233737817e-02,5.929159268233739205e-02
9.285000000000000142e+00,5.270481362243337031e+01,9.669050481362454593e+04,6.017398288017185015e-01,5.929109041980113598e-02,5.929109041980113598e-02
9.292500000000000426e+00,5.333290390266008529e+01,9.677093290390477341e+04,6.017111332646926103e-01,5.929115172215531498e-02,5.929115172215531498e-02
9.300000000000000711e+00,5.396097984240832801e+01,9.685136097984452499e+04,6.015574283825290136e-01,5.929119456323685838e-02,5.929119456323685144e-02
9.307500000000000995e+00,5.458915241186470979e+01,9.693178915241398499e+04,6.017101731754095351e-01,5.929084784888491444e-02,5.929084784888490056e-02
9.315000000000001279e+00,5.521736593587411335e+01,9.701221736593800597e+04,6.017498870413163781e-01,5.929042011136780727e-02,5.929042011136782114e-02
9.322500000000001563e+00,5.584539283017453926e+01,9.709264539283230260e+04,6.016666482059148668e-01,5.929071027980323261e-02,5.929071027980322567e-02
9.330000000000000071e+00,5.647351427258866607e+01,9.717307351427471440e+04,6.016457579855873927e-01,5.929058358664165279e-02,5.929058358664167361e-02
9.337500000000000355e+00,5.710172606188979927e+01,9.725350172606401611e+04,6.017527444384898061e-01,5.929011284235953527e-02,5.929011284235952833e-02
9.345000000000000639e+00,5.772984439287477443e+01,9.733392984439501015e+04,6.017387736678277976e-01,5.929009540906600428e-02,5.929009540906599734e-02
9.352500000000000924e+00,5.835791438452001501e+01,9.741435791438666638e+04,6.016001637093187915e-01,5.929019935465545954e-02,5.929019935465545260e-02
9.360000000000001208e+00,5.898608221864841283e+01,9.749478608222078765e+04,6.017202864718003141e-01,5.928990509068381848e-02,5.928990509068381848e-02
9.367500000000001492e+00,5.961430646559031032e+01,9.757521430646773661e+04,6.017744130490454424e-01,5.928945625711748435e-02,5.928945625711748435e-02
9.375000000000000000e+00,6.024235251657783152e+01,9.765564235251872742e+04,6.017059351031800452e-01,5.928971891116274068e-02,5.928971891116275456e-02
9.382500000000000284e+00,6.087047069461737436e+01,9.773607047069676628e+04,6.016530940975394204e-01,5.928964234418370588e-02,5.928964234418370588e-02
9.390000000000000568e+00,6.149868219048825324e+01,9.781649868219264317e+04,6.017741738435677945e-01,5.928920858288959372e-02,5.928920858288959372e-02
9.397500000000000853e+00,6.212683314406198321e+01,9.789692683314622263e+04,6.017746230623408632e-01,5.928910500721759624e-02,5.928910500721761012e-02
9.405000000000001137e+00,6.275490030352403892e+01,9.797735490030568326e+04,6.016507759132125877e-01,5.928927189946418125e-02,5.928927189946418819e-02
9.412500000000001421e+00,6.338306616600230114e+01,9.805778306616816553e+04,6.017386619203609621e-01,5.928903342066513954e-02,5.928903342066513954e-02
9.419999999999999929e+00,6.401130150451004397e+01,9.813821130150667159e+04,6.018068619593918145e-01,5.928857166162747327e-02,5.928857166162746634e-02
9.427500000000000213e+00,6.463937255540218985e+01,9.821863937255757628e+04,6.017527782150124960e-01,5.928879560241751695e-02,5.928879560241751001e-02
9.435000000000000497e+00,6.526749012909490943e+01,9.829906749013125955e+04,6.016684807805207091e-01,5.928877295239134287e-02,5.928877295239134287e-02
9.442500000000000782e+00,6.589570336900803227e+01,9.837949570337118348e+04,6.018032829652040228e-01,5.928837948815523368e-02,5.928837948815523368e-02
9.450000000000001066e+00,6.652389043345924335e+01,9.845992389043563162e+04,6.018177538874557309e-01,5.928818530551149824e-02,5.928818530551149824e-02
9.457500000000001350e+00,6.715195778451013098e+01,9.854035195778668276e+04,6.017082431824058997e-01,5.928841567623083925e-02,5.928841567623083925e-02
9.465000000000001634e+00,6.778012429629157509e+01,9.862078012429847149e+04,6.017645133007744063e-01,5.928823521020896992e-02,5.928823521020898379e-02
9.472500000000000142e+00,6.840837117912086285e+01,9.870120837118130294e+04,6.018463597405134813e-01,5.928776926321184526e-02,5.928776926321183138e-02
9.480000000000000426e+00,6.903647214775453733e+01,9.878163647214994126e+04,6.018062151712699759e-01,5.928794404124294870e-02,5.928794404124294870e-02
9.487500000000000711e+00,6.966459160895925606e+01,9.886206459161115345e+04,6.016911755866315437e-01,5.928797830482975678e-02,5.928797830482975678e-02
9.495000000000000995e+00,7.029280867603863214e+01,9.894249280867823109e+04,6.018392470488315160e-01,5.928762808742037149e-02,5.928762808742037149e-02
9.502500000000001279e+00,7.092103451884165111e+01,9.902292103452104493e+04,6.018672587557141185e-01,5.928733997354067309e-02,5.928733997354067309e-02
9.510000000000001563e+00,7.154910492018997559e+01,9.910334910492239578e+04,6.017715751137299174e-01,5.928763333088693521e-02,5.928763333088694215e-02
9.517500000000000071e+00,7.217727455675004933e+01,9.918377727455894637e+04,6.017970609050420361e-01,5.928751189210419020e-02,5.928751189210418326e-02
9.525000000000000355e+00,7.280553311050000787e+01,9.926420553311270487e+04,6.018920495508632840e-01,5.928705261652642694e-02,5.928705261652642000e-02
9.532500000000000639e+00,7.343366837938262393e+01,9.934463366838158981e+04,6.018653118088869158e-01,5.928716714126532061e-02,5.928716714126532061e-02
9.540000000000000924e+00,7.406179207189059355e+01,9.942506179207410605e+04,6.017204396710617020e-01,5.928726026220063755e-02,5.928726026220060286e-02
9.547500000000001208e+00,7.469001495024720327e+01,9.950549001495246193e+04,6.018812554116375058e-01,5.928695649730088280e-02,5.928695649730088280e-02
9.555000000000001492e+00,7.531827906862564248e+01,9.958591827907084371e+04,6.019222551386990139e-01,5.928658149612877487e-02,5.928658149612877487e-02
9.562500000000000000e+00,7.594635768133957754e+01,9.966634635768356384e+04,6.018398172812822189e-01,5.928692673345131725e-02,5.928692673345133807e-02
9.570000000000000284e+00,7.657453399608047562e+01,9.974677453399830847e+04,6.018355358958894508e-01,5.928685107138566973e-02,5.928685107138566973e-02
9.577500000000000568e+00,7.720280317912107648e+01,9.982720280318135337e+04,6.019430959686203897e-01,5.928642122567161915e-02,5.928642122567163997e-02
9.585000000000000853e+00,7.783097620711815523e+01,9.990763097620934423e+04,6.019291662437685764e-01,5.928646706255598364e-02,5.928646706255598364e-02
9.592500000000001137e+00,7.845910633821088709e+01,9.998805910634044267e+04,6.017900414332001402e-01,5.928661979882283301e-02,5.928661979882283301e-02
9.600000000000001421e+00,7.908733688903902248e+01,1.000684873368912813e+05,6.019285153100676355e-01,5.928636510160233131e-02,5.928636510160234518e-02
9.607499999999999929e+00,7.971562286586120649e+01,1.001489156228680949e+05,6.019818890410283396e-01,5.928597147696589020e-02,5.928597147696590408e-02
9.615000000000000213e+00,5.437299121687855230e-01,1.001495437299144105e+05,6.019120546871670197e-01,5.928629702410988939e-02,5.928629702410990326e-02
9.622500000000000497e+00,1.171914754675764669e+00,1.002299719147569267e+05,6.018791838989357990e-01,5.928626921149829365e-02,5.928626921149830059e-02
9.630000000000000782e+00,1.800195362170327495e+00,1.003104001953644183e+05,6.019986883584436121e-01,5.928587250807501596e-02,5.928587250807502984e-02
9.637500000000001066e+00,2.428408474956519125e+00,1.003908284084772022e+05,6.019969119824621906e-01,5.928584520317998346e-02,5.928584520317996265e-02
9.645000000000001350e+00,3.056547112309455638e+00,1.004712565471145645e+05,6.018701629610019310e-01,5.928605714088786005e-02,5.928605714088786005e-02
9.652500000000001634e+00,3.684787066972849079e+00,1.005516847870692291e+05,6.019802550819566278e-01,5.928585288693051514e-02,5.928585288693053595e-02
9.660000000000000142e+00,4.313094239056456836e+00,1.006321130942413147e+05,6.020453378594567972e-01,5.928544750389942025e-02,5.928544750389941331e-02
9.667500000000000426e+00,4.941233348386527169e+00,1.007125412333506538e+05,6.019874143070407246e-01,5.928574465454164444e-02,5.928574465454164444e-02
9.675000000000000711e+00,5.569428361008580630e+00,1.007929694283632707e+05,6.019272679949112526e-01,5.928576615071923239e-02,5.928576615071921851e-02
9.682500000000000995e+00,6.197721408978435598e+00,1.008733977214112529e+05,6.020580435562570276e-01,5.928540425688982873e-02,5.928540425688983567e-02
9.690000000000001279e+00,6.825975957868738675e+00,1.009538259759601351e+05,6.020677202693460739e-01,5.928530216263227376e-02,5.928530216263226682e-02
9.697500000000001563e+00,7.454125008174800726e+00,1.010342541250104550e+05,6.019526189434122321e-01,5.928557186385062516e-02,5.928557186385061822e-02
9.705000000000000071e+00,8.082375936508125136e+00,1.011146823759387771e+05,6.020357267272375967e-01,5.928541830986413380e-02,5.928541830986412686e-02
9.712500000000000355e+00,8.710703929958361513e+00,1.011951107039322378e+05,6.021118126052819042e-01,5.928500746428885804e-02,5.928500746428886498e-02
9.720000000000000639e+00,9.338877655989438864e+00,1.012755388776582695e+05,6.020650669235220187e-01,5.928526942649207238e-02,5.928526942649206544e-02
9.727500000000000924e+00,9.967084289207118530e+00,1.013559670842914929e+05,6.019790712588342085e-01,5.928534093101175267e-02,5.928534093101175267e-02
9.735000000000001208e+00,1.059539081410911976e+01,1.014363953908163967e+05,6.021204080323956376e-01,5.928501493005128298e-02,5.928501493005128992e-02
9.742500000000001492e+00,1.122368742870943059e+01,1.015168236874309951e+05,6.021408018436785747e-01,5.928483769206725068e-02,5.928483769206725068e-02
9.750000000000000000e+00,1.185184859649420552e+01,1.015972518485987821e+05,6.020365852516013083e-01,5.928516295629635696e-02,5.928516295629636390e-02
9.757500000000000284e+00,1.248011187538227951e+01,1.016776801118776784e+05,6.020942080696618515e-01,5.928505959107247675e-02,5.928505959107247675e-02
9.765000000000000568e+00,1.310846018674006608e+01,1.017581084601890325e+05,6.021805596456268894e-01,5.928465045647803716e-02,5.928465045647804410e-02
9.772500000000000853e+00,1.373667048894948906e+01,1.018385366704912449e+05,6.021442284167143333e-01,5.928487052714428995e-02,5.928487052714428995e-02
9.780000000000001137e+00,1.436489001394639331e+01,1.019189648900162574e+05,6.020338989708153843e-01,5.928499189240377110e-02,5.928499189240377804e-02
9.787500000000001421e+00,1.499321095014167327e+01,1.019993932109524467e+05,6.021850596700990543e-01,5.928470287411304745e-02,5.928470287411304052e-02
9.794999999999999929e+00,1.562154972553847898e+01,1.020798215497278434e+05,6.022154082562776178e-01,5.928445071981288533e-02,5.928445071981289227e-02
9.802500000000000213e+00,1.624972447000511622e+01,1.021602497244723199e+05,6.021212881657912463e-01,5.928482886634530574e-02,5.928482886634531268e-02
9.810000000000000497e+00,1.687800126663935529e+01,1.022406780012689560e+05,6.021550046182853055e-01,5.928477466950219515e-02,5.928477466950219515e-02
9.817500000000000782e+00,1.750636938432539935e+01,1.023211063693866454e+05,6.022508620943137769e-01,5.928437353920486264e-02,5.928437353920485570e-02
9.825000000000001066e+00,1.813461756384874946e+01,1.024015346175661689e+05,6.022241606549206816e-01,5.928454656057200595e-02,5.928454656057200595e-02
9.832500000000001350e+00,1.876285107842390332e+01,1.024819628510807524e+05,6.020910805995752790e-01,5.928471680037504521e-02,5.928471680037505215e-02
9.840000000000001634e+00,1.939118722736967371e+01,1.025623911872297031e+05,6.022513092715831018e-01,5.928446547479800099e-02,5.928446547479800099e-02
9.847500000000000142e+00,2.001956515963678740e+01,1.026428195651619608e+05,6.022908328695723013e-01,5.928414983342346345e-02,5.928414983342346345e-02
9.855000000000000426e+00,2.064775732409186659e+01,1.027232477573264332e+05,6.022060048398524268e-01,5.928456754178031834e-02,5.928456754178031834e-02
9.862500000000000711e+00,2.127604864051245670e+01,1.028036760486428539e+05,6.022174512231940335e-01,5.928456060403895084e-02,5.928456060403895084e-02
9.870000000000000995e+00,2.190443616660619242e+01,1.028841044361689419e+05,6.023220409574788770e-01,5.928417208097912228e-02,5.928417208097912228e-02
9.877500000000001279e+00,2.253272274906291273e+01,1.029645327227514063e+05,6.023041721017525774e-01,5.928429557639466191e-02,5.928429557639465497e-02
9.885000000000001563e+00,2.316097117725040633e+01,1.030449609711795929e+05,6.021601110818276537e-01,5.928451295312112124e-02,5.928451295312112124e-02
9.892500000000000071e+00,2.378932320621495222e+01,1.031253893232085684e+05,6.023185018791371581e-01,5.928429918902865942e-02,5.928429918902863860e-02
9.900000000000000355e+00,2.441772758521534570e+01,1.032058177275875641e+05,6.023664116387121847e-01,5.928396910183243024e-02,5.928396910183245799e-02
9.907500000000000639e+00,2.504595005007045572e+01,1.032862459500524274e+05,6.022900635142770520e-01,5.928437646929632376e-02,5.928437646929631683e-02
9.915000000000000924e+00,2.567425743871159582e+01,1.033666742574410746e+05,6.022809135961727511e-01,5.928440647919040046e-02,5.928440647919040740e-02
9.922500000000001208e+00,2.630266337197210191e+01,1.034471026633743313e+05,6.023934561141160993e-01,5.928404128445772386e-02,5.928404128445772386e-02
9.930000000000001492e+00,2.693098816553079544e+01,1.035275309881678986e+05,6.023836182295222441e-01,5.928411509951433261e-02,5.928411509951433955e-02
9.937500000000000000e+00,2.755925225303453985e+01,1.036079592522554012e+05,6.022476754400633014e-01,5.928437725735870301e-02,5.928437725735870995e-02
9.945000000000000284e+00,2.818762068477643723e+01,1.036883876206871500e+05,6.023860179749954691e-01,5.928420005557218792e-02,5.928420005557219485e-02
9.952500000000000568e+00,2.881605020380677828e+01,1.037688160502061801e+05,6.024415237464393336e-01,5.928385999121681821e-02,5.928385999121680433e-02
9.960000000000000853e+00,2.944430383891656433e+01,1.038492443038412894e+05,6.023728435594403186e-01,5.928425271482684611e-02,5.928425271482686693e-02
9.967500000000001137e+00,3.007262774520028259e+01,1.039296726277475827e+05,6.023447897447634647e-01,5.928431870731532688e-02,5.928431870731532688e-02
9.975000000000001421e+00,3.070105205598181186e+01,1.040101010520583659e+05,6.024645071882576142e-01,5.928397666267133659e-02,5.928397666267133659e-02
9.982499999999999929e+00,3.132941429594335503e+01,1.040905294142983330e+05,6.024619018041085239e-01,5.928400216614032603e-02,5.928400216614032603e-02
9.990000000000000213e+00,3.195769460394138406e+01,1.041709576946063316e+05,6.023332572856325839e-01,5.928430628240926453e-02,5.928430628240925065e-02
9.997500000000000497e+00,3.258607980317405861e+01,1.042513860798055684e+05,6.024532746019156670e-01,5.928416398143686317e-02,5.928416398143687011e-02
1.000500000000000078e+01,3.321453340340606530e+01,1.043318145334057917e+05,6.025155921414440119e-01,5.928381739790351823e-02,5.928381739790351129e-02
1.001250000000000107e+01,3.384281829337664504e+01,1.044122428182957665e+05,6.024537754067912365e-01,5.928419296541474065e-02,5.928419296541474065e-02
1.002000000000000135e+01,3.447115898969743597e+01,1.044926711589920887e+05,6.024085113480586173e-01,5.928429350221526423e-02,5.928429350221527810e-02
1.002750000000000163e+01,3.509960160994295819e+01,1.045730996016123390e+05,6.025346343483011236e-01,5.928397394205176668e-02,5.928397394205177362e-02
1.003500000000000014e+01,3.572800009967885870e+01,1.046535280001020874e+05,6.025384730840640524e-01,5.928395336950179756e-02,5.928395336950180450e-02
1.004250000000000043e+01,3.635629699945465632e+01,1.047339562970018596e+05,6.024163185926502129e-01,5.928429630390390226e-02,5.928429630390392308e-02
1.005000000000000071e+01,3.698469916544792824e+01,1.048143846991678583e+05,6.025197264270197861e-01,5.928418679159717236e-02,5.928418679159717930e-02
1.005750000000000099e+01,3.761317581441483782e+01,1.048948131758168311e+05,6.025880840094550717e-01,5.928383689702478726e-02,5.928383689702478032e-02
1.006500000000000128e+01,3.824149154652629790e+01,1.049752414915489353e+05,6.025323404040102693e-01,5.928419357263822048e-02,5.928419357263822742e-02
1.007250000000000156e+01,3.886984914152490234e+01,1.050556698491439456e+05,6.024715450850982590e-01,5.928432678307325732e-02,5.928432678307325038e-02
1.008000000000000007e+01,3.949830991313923079e+01,1.051360983099155565e+05,6.026033190505126758e-01,5.928402882519533817e-02,5.928402882519532430e-02
1.008750000000000036e+01,4.012674313145134875e+01,1.052165267431338725e+05,6.026128299572300895e-01,5.928396491593651563e-02,5.928396491593651563e-02
1.009500000000000064e+01,4.075505680199766800e+01,1.052969550568044215e+05,6.024963753638209463e-01,5.928434334404163869e-02,5.928434334404163869e-02
1.010250000000000092e+01,4.138347596871753353e+01,1.053773834759711463e+05,6.025848667549533744e-01,5.928426420972780081e-02,5.928426420972780081e-02
1.011000000000000121e+01,4.201197460762529801e+01,1.054578119746100565e+05,6.026585111888141943e-01,5.928391383959354805e-02,5.928391383959356192e-02
1.011750000000000149e+01,4.264032038496122112e+01,1.055382403203873982e+05,6.026080706116305752e-01,5.928425059751698395e-02,5.928425059751697701e-02
1.012500000000000000e+01,4.326869483143318007e+01,1.056186686948338756e+05,6.025333939121553239e-01,5.928441424647432068e-02,5.928441424647432068e-02
1.013250000000000028e+01,4.389717348644526140e+01,1.056990971734888881e+05,6.026700847282195905e-01,5.928413680599264185e-02,5.928413680599264185e-02
1.014000000000000057e+01,4.452563966158211173e+01,1.057795256396640325e+05,6.026845180216333642e-01,5.928403269218320004e-02,5.928403269218318616e-02
1.014750000000000085e+01,4.515397009248030002e+01,1.058599539700949244e+05,6.025729970823133774e-01,5.928444321148121365e-02,5.928444321148122059e-02
1.015500000000000114e+01,4.578240613436163642e+01,1.059403824061368068e+05,6.026482284828768021e-01,5.928439184483885738e-02,5.928439184483884350e-02
1.016250000000000142e+01,4.641092569080429087e+01,1.060208109256932512e+05,6.027264305279060874e-01,5.928404312764887218e-02,5.928404312764886525e-02
1.017000000000000171e+01,4.703930037495528182e+01,1.061012393003774050e+05,6.026805485433391896e-01,5.928435985675135217e-02,5.928435985675134523e-02
1.017750000000000021e+01,4.766769147725609912e+01,1.061816676914797135e+05,6.025935982735681762e-01,5.928455142693733748e-02,5.928455142693734442e-02
1.018500000000000050e+01,4.829618763523730252e+01,1.062620961876376969e+05,6.027344974158276303e-01,5.928429314325003863e-02,5.928429314325002475e-02
1.019250000000000078e+01,4.892468479708497142e+01,1.063425246847995440e+05,6.027531306042446246e-01,5.928415233984245941e-02,5.928415233984245941e-02
1.020000000000000107e+01,4.955303179814210779e+01,1.064229530318006146e+05,6.026458061063416638e-01,5.928459154178506579e-02,5.928459154178505885e-02
1.020750000000000135e+01,5.018148443932863501e+01,1.065033814844417939e+05,6.027093849792899416e-01,5.928456519849376050e-02,5.928456519849376050e-02
1.021500000000000163e+01,5.081002384040345987e+01,1.065838100238428742e+05,6.027914441705247706e-01,5.928421946904691153e-02,5.928421946904689765e-02
1.022250000000000014e+01,5.143842599010107364e+01,1.066642384259925748e+05,6.027494068401010319e-01,5.928451696997960596e-02,5.928451696997961984e-02
1.023000000000000043e+01,5.206683341189489767e+01,1.067446668334143760e+05,6.026517372220683288e-01,5.928473374656259565e-02,5.928473374656258871e-02
1.023750000000000071e+01,5.269534658266029936e+01,1.068250953465851489e+05,6.027961662873971838e-01,5.928449295775781863e-02,5.928449295775781863e-02
1.024500000000000099e+01,5.332387260547149310e+01,1.069055238726079551e+05,6.028183087010886565e-01,5.928431932267901050e-02,5.928431932267901050e-02
1.025250000000000128e+01,5.395223582128088680e+01,1.069859522358237737e+05,6.027144769936670921e-01,5.928478383835455306e-02,5.928478383835455306e-02
1.026000000000000156e+01,5.458070464671646960e+01,1.070663807046492147e+05,6.027679508611262227e-01,5.928477968911181895e-02,5.928477968911181895e-02
1.026750000000000007e+01,5.520926281728143437e+01,1.071468092628197774e+05,6.028531997471053838e-01,5.928443760318907740e-02,5.928443760318907046e-02
1.027500000000000036e+01,5.583769073914415060e+01,1.072272376907416474e+05,6.028143278594435550e-01,5.928471740750407282e-02,5.928471740750406588e-02
1.028250000000000064e+01,5.646611401204965830e+01,1.073076661140145443e+05,6.027074294186922643e-01,5.928495655734389302e-02,5.928495655734389996e-02
1.029000000000000092e+01,5.709464359940247391e+01,1.073880946436019003e+05,6.028547440830946957e-01,5.928473134486177132e-02,5.928473134486178520e-02
1.029750000000000121e+01,5.772319624141105265e+01,1.074685231962439138e+05,6.028797408151819193e-01,5.928452898025812767e-02,5.928452898025813461e-02
1.030500000000000149e+01,5.835157516762832586e+01,1.075489515751701401e+05,6.027787357355696152e-01,5.928501551343133558e-02,5.928501551343132170e-02
1.031250000000000000e+01,5.898005963499290516e+01,1.076293800596375077e+05,6.028235826387414731e-01,5.928503068649016577e-02,5.928503068649017271e-02
1.032000000000000028e+01,5.960863548731066430e+01,1.077098086354898260e+05,6.029113904443827998e-01,5.928469239084575154e-02,5.928469239084574460e-02
1.032750000000000057e+01,6.023708729290652997e+01,1.077902370872954198e+05,6.028750431553527855e-01,5.928495653774229490e-02,5.928495653774229490e-02
1.033500000000000085e+01,6.086552582628167585e+01,1.078706655258288083e+05,6.027603339790357229e-01,5.928521517922966805e-02,5.928521517922968886e-02
1.034250000000000114e+01,6.149407113291429283e+01,1.079510940711354342e+05,6.029099273930539349e-01,5.928500344786871712e-02,5.928500344786872406e-02
1.035000000000000142e+01,6.212264807361589192e+01,1.080315226480761485e+05,6.029371626645380067e-01,5.928477657336353457e-02,5.928477657336354151e-02
1.035750000000000171e+01,6.275104207327995454e+01,1.081119510420758161e+05,6.028383588751593525e-01,5.928528192864842422e-02,5.928528192864841034e-02
1.036500000000000021e+01,6.337954152524074658e+01,1.081923795415277709e+05,6.028759791960938141e-01,5.928531355047951534e-02,5.928531355047949453e-02
1.037250000000000050e+01,6.400813394776427856e+01,1.082728081339502969e+05,6.029657549233211622e-01,5.928497883799296181e-02,5.928497883799296181e-02
1.038000000000000078e+01,6.463660760934880045e+01,1.083532366076118924e+05,6.029313328210870182e-01,5.928522967358122037e-02,5.928522967358121343e-02
1.038750000000000107e+01,6.526506070121101288e+01,1.084336650607037445e+05,6.028101511316721339e-01,5.928550493574715613e-02,5.928550493574715613e-02
1.039500000000000135e+01,6.589362093537597787e+01,1.085140936209379142e+05,6.029614567668716285e-01,5.928530449697322346e-02,5.928530449697322346e-02
1.040250000000000163e+01,6.652221948311020583e+01,1.085945222194856615e+05,6.029903567307863810e-01,5.928505860254477261e-02,5.928505860254477261e-02
1.041000000000000014e+01,6.715062812921665625e+01,1.086749506281317590e+05,6.028931724828090477e-01,5.928557843463003185e-02,5.928557843463003185e-02
1.041750000000000043e+01,6.777914180576800618e+01,1.087553791418083274e+05,6.029248820733927872e-01,5.928562366968710695e-02,5.928562366968710695e-02
1.042500000000000071e+01,6.840774965534630780e+01,1.088358077496579062e+05,6.030160770548201876e-01,5.928529210074607453e-02,5.928529210074608841e-02
1.043250000000000099e+01,6.903624305593531574e+01,1.089162362430584908e+05,6.029830246665310867e-01,5.928553211687453972e-02,5.928553211687452584e-02
1.044000000000000128e+01,6.966470990485079540e+01,1.089966647099074180e+05,6.028566226556336671e-01,5.928582118798928630e-02,5.928582118798928630e-02
1.044750000000000156e+01,7.029328418881509322e+01,1.090770932841913746e+05,6.030091166177868889e-01,5.928562983218108040e-02,5.928562983218106652e-02
1.045500000000000007e+01,7.092189924948981172e+01,1.091575218992520531e+05,6.030391516194942847e-01,5.928537963422737811e-02,5.928537963422737811e-02
1.046250000000000036e+01,7.155032440257102166e+01,1.092379503244051448e+05,6.029430509617380585e-01,5.928590040919644311e-02,5.928590040919645698e-02
1.047000000000000064e+01,7.217885145338811981e+01,1.093183788514559565e+05,6.029700755213669439e-01,5.928595649799415362e-02,5.928595649799416750e-02
1.047750000000000092e+01,7.280747355207689964e+01,1.093988074735546543e+05,6.030621854443075636e-01,5.928562748959664841e-02,5.928562748959665535e-02
1.048500000000000121e+01,7.343598452855351866e+01,1.094792359845311294e+05,6.030299932030882548e-01,5.928585920048641544e-02,5.928585920048640157e-02
1.049250000000000149e+01,7.406446424623840130e+01,1.095596644642488245e+05,6.028995320667178692e-01,5.928615936716471330e-02,5.928615936716470636e-02
1.050000000000000000e+01,7.469305162614709559e+01,1.096400930516287335e+05,6.030527348932034348e-01,5.928597492178769995e-02,5.928597492178770689e-02
1.050750000000000028e+01,7.532168152823031448e+01,1.097205216815308231e+05,6.030834212056971344e-01,5.928572161611511682e-02,5.928572161611514457e-02
1.051500000000000057e+01,7.595012155389669317e+01,1.098009501215564815e+05,6.029879156589975642e-01,5.928624329379528213e-02,5.928624329379529601e-02
1.052250000000000085e+01,7.657866105067652995e+01,1.098813786610532698e+05,6.030113862998306429e-01,5.928630758803180023e-02,5.928630758803180717e-02
1.053000000000000114e+01,7.720729618671802541e+01,1.099618072961893195e+05,6.031039527197101791e-01,5.928598047808576049e-02,5.928598047808573968e-02
1.053750000000000142e+01,7.783582256630631946e+01,1.100422358225689095e+05,6.030721584123085455e-01,5.928620632748289598e-02,5.928620632748287517e-02
1.054500000000000171e+01,7.846431419065015689e+01,1.101226643141932582e+05,6.029387045267166068e-01,5.928651500562024529e-02,5.928651500562024529e-02
1.055250000000000021e+01,7.909291364734319529e+01,1.102030929136499471e+05,6.030921824874349024e-01,5.928633538072317077e-02,5.928633538072317077e-02
1.056000000000000050e+01,7.972155675281371146e+01,1.102835215567554260e+05,6.031230835421864667e-01,5.928607991452462811e-02,5.928607991452462117e-02
1.056750000000000078e+01,5.500099497926911329e-01,1.102841500099523982e+05,6.030277332609993435e-01,5.928660262785040436e-02,5.928660262785041823e-02
1.057500000000000107e+01,1.178560898553116409e+00,1.103645785609011655e+05,6.030486831981223261e-01,5.928667262149537459e-02,5.928667262149536765e-02
1.058250000000000135e+01,1.807207830567614248e+00,1.104450072078331868e+05,6.031412945620227006e-01,5.928634671576289011e-02,5.928634671576289705e-02
1.059000000000000163e+01,2.435747461559603089e+00,1.105254357474641729e+05,6.031094842790654109e-01,5.928656900725483986e-02,5.928656900725483292e-02
1.059750000000000014e+01,3.064249969790582284e+00,1.106058642499724083e+05,6.029740064551100120e-01,5.928688376613291955e-02,5.928688376613291261e-02
1.060500000000000043e+01,3.692860430173715791e+00,1.106862928604328044e+05,6.031273723778672879e-01,5.928670698947904188e-02,5.928670698947903495e-02
1.061250000000000071e+01,4.321515126681375385e+00,1.107667215151293058e+05,6.031580995133285494e-01,5.928645012881312432e-02,5.928645012881311044e-02
1.062000000000000099e+01,4.949979770319110628e+00,1.108471499797729484e+05,6.030625139578533744e-01,5.928697408078137387e-02,5.928697408078136694e-02
1.062750000000000128e+01,5.578541123606024499e+00,1.109275785411262332e+05,6.030818762608627370e-01,5.928704743645388936e-02,5.928704743645388936e-02
1.063500000000000156e+01,6.207198587053437855e+00,1.110080071985896939e+05,6.031741684635149037e-01,5.928672204357310349e-02,5.928672204357308961e-02
1.064250000000000007e+01,6.835749364690594909e+00,1.110884357493673306e+05,6.031419770757825427e-01,5.928694288848933291e-02,5.928694288848932598e-02
1.065000000000000036e+01,7.464261686435250454e+00,1.111688642616890720e+05,6.030053448291340379e-01,5.928726146924292312e-02,5.928726146924293006e-02
1.065750000000000064e+01,8.092882035094762117e+00,1.112492928820377419e+05,6.031582584720198703e-01,5.928708571310239289e-02,5.928708571310239289e-02
1.066500000000000092e+01,8.721546735002805306e+00,1.113297215467376518e+05,6.031884712233905876e-01,5.928682808823072803e-02,5.928682808823072109e-02
1.067250000000000121e+01,9.350021110717069206e+00,1.114101500211133680e+05,6.030923093669038337e-01,5.928735348149954953e-02,5.928735348149954260e-02
1.068000000000000149e+01,9.978591779651244664e+00,1.114905785917823086e+05,6.031109157091110173e-01,5.928742805184932657e-02,5.928742805184933351e-02
1.068750000000000000e+01,1.060725849481187133e+01,1.115710072584974696e+05,6.032025722051426175e-01,5.928710250975393475e-02,5.928710250975394169e-02
1.069500000000000028e+01,1.123581838304837532e+01,1.116514358183857112e+05,6.031696833907489452e-01,5.928732378898628891e-02,5.928732378898628197e-02
1.070250000000000057e+01,1.186433941308366968e+01,1.117318643394157407e+05,6.030326661650421416e-01,5.928764411841341148e-02,5.928764411841339760e-02
1.071000000000000085e+01,1.249296850391095681e+01,1.118122929685065756e+05,6.031848341598284868e-01,5.928746771952918271e-02,5.928746771952918271e-02
1.071750000000000114e+01,1.312164164743660955e+01,1.118927216416501033e+05,6.032142401151526778e-01,5.928720985681125433e-02,5.928720985681125433e-02
1.072500000000000142e+01,1.375012407701632533e+01,1.119731501240796933e+05,6.031172102126275414e-01,5.928773684523114956e-02,5.928773684523113569e-02
1.073250000000000171e+01,1.437870294309908736e+01,1.120535787029457715e+05,6.031357905540838393e-01,5.928781068932591214e-02,5.928781068932589826e-02
1.074000000000000021e+01,1.500737762402176045e+01,1.121340073776266945e+05,6.032265420517888277e-01,5.928748438487168454e-02,5.928748438487168454e-02
1.074750000000000050e+01,1.563594467370669783e+01,1.122144359446763847e+05,6.031926879004982922e-01,5.928770772235565645e-02,5.928770772235566339e-02
1.075500000000000078e+01,1.626447328424796623e+01,1.122948644732869288e+05,6.030559551806018437e-01,5.928802792283219963e-02,5.928802792283221351e-02
1.076250000000000107e+01,1.689310995189655173e+01,1.123752931099545822e+05,6.032071305726542931e-01,5.928784939664325654e-02,5.928784939664325654e-02
1.077000000000000135e+01,1.752179001273600889e+01,1.124557217900154210e+05,6.032354848216734400e-01,5.928759174120681874e-02,5.928759174120681874e-02
1.077750000000000163e+01,1.815027887517901917e+01,1.125361502788778744e+05,6.031373437670838333e-01,5.928812039755149838e-02,5.928812039755150531e-02
1.078500000000000014e+01,1.877886480177159001e+01,1.126165788648044690e+05,6.031565269078555946e-01,5.928819179246239135e-02,5.928819179246239135e-02
1.079250000000000043e+01,1.940754616579056702e+01,1.126970075461684901e+05,6.032461506711245258e-01,5.928786417522965285e-02,5.928786417522965285e-02
1.080000000000000071e+01,2.003611852965651963e+01,1.127774361185323505e+05,6.032111108933931876e-01,5.928809092163610239e-02,5.928809092163613015e-02
1.080750000000000099e+01,2.066465358206631464e+01,1.128578646535847656e+05,6.030752331461657345e-01,5.928840931770182343e-02,5.928840931770179568e-02
1.081500000000000128e+01,2.129329665310241282e+01,1.129382932966558146e+05,6.032252145577222668e-01,5.928822736761767132e-02,5.928822736761767132e-02
1.082250000000000156e+01,2.192198214557012292e+01,1.130187219821482868e+05,6.032523187612615079e-01,5.928797029888636244e-02,5.928797029888636244e-02
1.083000000000000007e+01,2.255047589348970050e+01,1.130991504758961964e+05,6.031528710622399148e-01,5.928850059553960467e-02,5.928850059553960467e-02
1.083750000000000036e+01,2.317906773688159916e+01,1.131795790677395999e+05,6.031731860026142700e-01,5.928856804342950287e-02,5.928856804342948900e-02
1.084500000000000064e+01,2.380775451440647927e+01,1.132600077545171225e+05,6.032615047890012017e-01,5.928823863432525210e-02,5.928823863432525210e-02
1.085250000000000092e+01,2.443633045915263580e+01,1.133404363304618746e+05,6.032251055585835520e-01,5.928846985986720858e-02,5.928846985986722939e-02
1.086000000000000121e+01,2.506487081498932312e+01,1.134208648708177207e+05,6.030905559387220727e-01,5.928878498189529139e-02,5.928878498189531915e-02
1.086750000000000149e+01,2.569351911862317905e+01,1.135012935191213473e+05,6.032391863837142099e-01,5.928859850424070266e-02,5.928859850424070266e-02
1.087500000000000178e+01,2.632220860568869369e+01,1.135817222086084221e+05,6.032648874926271887e-01,5.928834234552527588e-02,5.928834234552526894e-02
1.088250000000000028e+01,2.695070577796034428e+01,1.136621507057806884e+05,6.031639838923619212e-01,5.928887414598311978e-02,5.928887414598311284e-02
1.089000000000000057e+01,2.757930239794599103e+01,1.137425793024006853e+05,6.031858619369421248e-01,5.928893637706769693e-02,5.928893637706769693e-02
1.089750000000000085e+01,2.820799334229270272e+01,1.138230079933450324e+05,6.032727426010640048e-01,5.928860477228794362e-02,5.928860477228797138e-02
1.090500000000000114e+01,2.883657125799311061e+01,1.139034365712607396e+05,6.032348550612235405e-01,5.928884126763175888e-02,5.928884126763176582e-02
1.091250000000000142e+01,2.946511578934358511e+01,1.139838651157920831e+05,6.031020118200320912e-01,5.928915185288460843e-02,5.928915185288459455e-02
1.092000000000000171e+01,3.009376816764697793e+01,1.140642937681703916e+05,6.032491771998121921e-01,5.928895993803388886e-02,5.928895993803389580e-02
1.092750000000000021e+01,3.072246026945347097e+01,1.141447224602721981e+05,6.032733658536579835e-01,5.928870496109181487e-02,5.928870496109181487e-02
1.093500000000000050e+01,3.135095950057529635e+01,1.142251509595033276e+05,6.031709016310399241e-01,5.928923802058235631e-02,5.928923802058235631e-02
1.094250000000000078e+01,3.197955977046339626e+01,1.143055795597732213e+05,6.031946791739178915e-01,5.928929399236996384e-02,5.928929399236996384e-02
1.095000000000000107e+01,3.260825366753138610e+01,1.143860082536702976e+05,6.032800309665062866e-01,5.928895986334213608e-02,5.928895986334211526e-02
1.095750000000000135e+01,3.323683207457215616e+01,1.144664368320773356e+05,6.032405694309527222e-01,5.928920214757051749e-02,5.928920214757051055e-02
1.096500000000000163e+01,3.386537967363107526e+01,1.145468653796763974e+05,6.031097189660288294e-01,5.928950713887602697e-02,5.928950713887603391e-02
1.097250000000000014e+01,3.449403499115956606e+01,1.146272940349939308e+05,6.032553462764520535e-01,5.928930906904218701e-02,5.928930906904215925e-02
1.098000000000000043e+01,3.512272839372907640e+01,1.147077227283965040e+05,6.032779549131414010e-01,5.928905549441588346e-02,5.928905549441586265e-02
1.098750000000000071e+01,3.575122842025591297e+01,1.147881512284230266e+05,6.031738678931551911e-01,5.928958946812077496e-02,5.928958946812076108e-02
1.099500000000000099e+01,3.637983123624219672e+01,1.148685798312390252e+05,6.031997898214810361e-01,5.928963836135980880e-02,5.928963836135980187e-02
1.100250000000000128e+01,3.700852691386303661e+01,1.149490085269166448e+05,6.032835624153917164e-01,5.928930145136770968e-02,5.928930145136769581e-02
1.101000000000000156e+01,3.763710446760662620e+01,1.150294371044703876e+05,6.032424822959991939e-01,5.928954978586389868e-02,5.928954978586389868e-02
1.101750000000000007e+01,3.826565405547585641e+01,1.151098656540582597e+05,6.031138227799649476e-01,5.928984832811450001e-02,5.928984832811450001e-02
1.102500000000000036e+01,3.889431120822517585e+01,1.151902943112110079e+05,6.032578780611869140e-01,5.928964357222753917e-02,5.928964357222754611e-02
1.103250000000000064e+01,3.952300467212989332e+01,1.152707230046749173e+05,6.032788787696755639e-01,5.928939156612543504e-02,5.928939156612542116e-02
1.104000000000000092e+01,4.015150433647803396e+01,1.153511515043392719e+05,6.031731470769033931e-01,5.928992602358867242e-02,5.928992602358866548e-02
1.104750000000000121e+01,4.078010862631884947e+01,1.154315801086291176e+05,6.032013707302854577e-01,5.928996723536361646e-02,5.928996723536361646e-02
1.105500000000000149e+01,4.140880496311140746e+01,1.155120088049659098e+05,6.032835520055721545e-01,5.928962735361978376e-02,5.928962735361979070e-02
1.106250000000000178e+01,4.203738045649372168e+01,1.155924373804592906e+05,6.032408474997283943e-01,5.928988176067470639e-02,5.928988176067471333e-02
1.107000000000000028e+01,4.266593099118251331e+01,1.156728659309939831e+05,6.031144930261848058e-01,5.929017319534528319e-02,5.929017319534526931e-02
1.107750000000000057e+01,4.329458891481729665e+01,1.157532945889176190e+05,6.032569790872674975e-01,5.928996140143918958e-02,5.928996140143917570e-02
1.108500000000000085e+01,4.392327997756002844e+01,1.158337232799803751e+05,6.032763812361144895e-01,5.928971617897742935e-02,5.928971617897742935e-02
1.109250000000000114e+01,4.455177953552843917e+01,1.159141517795383406e+05,6.031690208248557949e-01,5.929024551427160977e-02,5.929024551427159589e-02
1.110000000000000142e+01,4.518038426645991734e+01,1.159945803842692840e+05,6.031996204480589707e-01,5.929027864869436393e-02,5.929027864869437087e-02
1.110750000000000171e+01,4.580908020003241887e+01,1.160750090802028571e+05,6.032802340688340204e-01,5.928993566264534332e-02,5.928993566264535026e-02
1.111500000000000021e+01,4.643765256431247934e+01,1.161554376525671396e+05,6.032359356398302452e-01,5.929019594755745304e-02,5.929019594755744610e-02
1.112250000000000050e+01,4.706620304792262033e+01,1.162358662030507548e+05,6.031119208248016950e-01,5.929047980544931151e-02,5.929047980544931151e-02
1.113000000000000078e+01,4.769486072522404640e+01,1.163162948607280559e+05,6.032528747757266441e-01,5.929026079096831603e-02,5.929026079096832297e-02
1.113750000000000107e+01,4.832354780565946584e+01,1.163967235478084913e+05,6.032707224507729560e-01,5.929002440710361144e-02,5.929002440710361144e-02
1.114500000000000135e+01,4.895204682943850116e+01,1.164771520468322706e+05,6.031617844457638489e-01,5.929054606283985784e-02,5.929054606283986478e-02
1.115250000000000163e+01,4.958065101529415841e+01,1.165575806510181283e+05,6.031947560722330515e-01,5.929057091978039845e-02,5.929057091978041927e-02
1.116000000000000014e+01,5.020934554963788088e+01,1.166380093455524766e+05,6.032738588884007935e-01,5.929022474641444662e-02,5.929022474641444662e-02
1.116750000000000043e+01,5.083791385353548975e+01,1.167184379138563818e+05,6.032280305726149816e-01,5.929049052185975804e-02,5.929049052185975804e-02
1.117500000000000071e+01,5.146646333861793465e+01,1.167988664633414592e+05,6.031063155498304074e-01,5.929076651429725231e-02,5.929076651429725231e-02
1.118250000000000099e+01,5.209511980610439252e+01,1.168792951198089577e+05,6.032458061737917543e-01,5.929054025472971223e-02,5.929054025472970529e-02
1.119000000000000128e+01,5.272380201608828543e+01,1.169597238020189398e+05,6.032621754584659435e-01,5.929031236179375247e-02,5.929031236179374553e-02
1.119750000000000156e+01,5.335229958768525194e+01,1.170401522995905398e+05,6.031517433403557060e-01,5.929082608750484845e-02,5.929082608750484151e-02
1.120500000000000007e+01,5.398090229517413263e+01,1.171205809022980393e+05,6.031870100442073834e-01,5.929084264979180008e-02,5.929084264979182090e-02
1.121250000000000036e+01,5.460959450710111440e+01,1.172010095945099602e+05,6.032646893512735309e-01,5.929049324666824106e-02,5.929049324666826881e-02
1.122000000000000064e+01,5.523815795456862787e+01,1.172814381579574256e+05,6.032174259259927007e-01,5.929076395816883921e-02,5.929076395816883921e-02
1.122750000000000092e+01,5.586670554964075563e+01,1.173618667055525002e+05,6.030979016745477983e-01,5.929103196689403804e-02,5.929103196689403804e-02
1.123500000000000121e+01,5.649535990332335444e+01,1.174422953599061875e+05,6.032360266733814980e-01,5.929079858314153378e-02,5.929079858314154072e-02
1.124250000000000149e+01,5.712403650110001507e+01,1.175227240365039761e+05,6.032510228050981249e-01,5.929057858595982583e-02,5.929057858595982583e-02
1.125000000000000178e+01,5.775253176180101633e+01,1.176031525317646738e+05,6.031392094747729526e-01,5.929108429933677843e-02,5.929108429933676455e-02
1.125750000000000028e+01,5.838113211591826257e+01,1.176835811321187939e+05,6.031766269291156668e-01,5.929109271883781229e-02,5.929109271883781923e-02
1.126500000000000057e+01,5.900982116040992764e+01,1.177640098211632867e+05,6.032529976191199905e-01,5.929074007548001263e-02,5.929074007548001263e-02
1.127250000000000085e+01,5.963837908728681469e+01,1.178444383790901775e+05,6.032044216646209600e-01,5.929101502689045761e-02,5.929101502689045761e-02
1.128000000000000114e+01,6.026692396150266262e+01,1.179248669239643932e+05,6.030869156078928484e-01,5.929127509291492321e-02,5.929127509291491627e-02
1.128750000000000142e+01,6.089557536174554997e+01,1.180052955753646384e+05,6.032237987532211854e-01,5.929103483780371470e-02,5.929103483780370776e-02
1.129500000000000171e+01,6.152424574883031738e+01,1.180857242457517277e+05,6.032375531889977438e-01,5.929082191902259463e-02,5.929082191902260157e-02
1.130250000000000021e+01,6.215273790308311419e+01,1.181661527379059844e+05,6.031244979444859711e-01,5.929131969687034126e-02,5.929131969687034126e-02
1.131000000000000050e+01,6.278133509163596671e+01,1.182465813350945391e+05,6.031638602243407643e-01,5.929132027982936259e-02,5.929132027982936953e-02
1.131750000000000078e+01,6.341002020599231770e+01,1.183270100202088943e+05,6.032390618604824839e-01,5.929096441002394691e-02,5.929096441002393997e-02
1.132500000000000107e+01,6.403857207578211330e+01,1.184074385720786813e+05,6.031893207495223619e-01,5.929124278808507037e-02,5.929124278808507731e-02
1.133250000000000135e+01,6.466711346275305061e+01,1.184878671134656615e+05,6.030736025647576160e-01,5.929149509976178872e-02,5.929149509976178872e-02
1.134000000000000163e+01,6.529576113821731553e+01,1.185682957611411257e+05,6.032093907868288918e-01,5.929124834409540273e-02,5.929124834409538192e-02
1.134750000000000014e+01,6.592442485513460326e+01,1.186487244248580537e+05,6.032220582106145867e-01,5.929104149023462639e-02,5.929104149023463333e-02
1.135500000000000043e+01,6.655291317364357440e+01,1.187291529131765565e+05,6.031079236696151868e-01,5.929153155815412163e-02,5.929153155815410775e-02
1.136250000000000071e+01,6.718150645088691419e+01,1.188095815064538037e+05,6.031489692383613654e-01,5.929152475012411383e-02,5.929152475012410689e-02
1.137000000000000099e+01,6.781018695759829029e+01,1.188900101869605132e+05,6.032231630851442317e-01,5.929116568555067857e-02,5.929116568555067163e-02
1.137750000000000128e+01,6.843873235658675469e+01,1.189704387323595147e+05,6.031724259321769033e-01,5.929144658272257618e-02,5.929144658272257618e-02
1.138500000000000156e+01,6.906726955735639706e+01,1.190508672695602872e+05,6.030582135109940900e-01,5.929169146329442419e-02,5.929169146329442419e-02
1.139250000000000007e+01,6.969591280801672895e+01,1.191312959128109505e+05,6.031930739563133859e-01,5.929143868182952526e-02,5.929143868182951832e-02
1.140000000000000036e+01,7.032456952903315539e+01,1.192117245695319725e+05,6.032048292596029482e-01,5.929123670942611224e-02,5.929123670942609836e-02
1.140750000000000064e+01,7.095305335108550082e+01,1.192921530533540208e+05,6.030897982597175355e-01,5.929171943042872706e-02,5.929171943042870624e-02
1.141500000000000092e+01,7.158164204047265855e+01,1.193725816420434130e+05,6.031322160789359677e-01,5.929170580109430211e-02,5.929170580109430211e-02
1.142250000000000121e+01,7.221031734877497854e+01,1.194530103173517127e+05,6.032055821185803302e-01,5.929134358657824067e-02,5.929134358657823373e-02
1.143000000000000149e+01,7.283885598067728040e+01,1.195334388559836225e+05,6.031540367199217378e-01,5.929162602155264861e-02,5.929162602155264861e-02
1.143750000000000178e+01,7.346738836586261812e+01,1.196138673883688170e+05,6.030410022210970222e-01,5.929186391641612375e-02,5.929186391641613069e-02
1.144500000000000028e+01,7.409602656509780161e+01,1.196942960265680449e+05,6.031751193087496743e-01,5.929160567411063260e-02,5.929160567411063260e-02
1.145250000000000057e+01,7.472467609208977990e+01,1.197747246760950366e+05,6.031861545748011810e-01,5.929140725536859169e-02,5.929140725536859169e-02
1.146000000000000085e+01,7.535315482713605206e+01,1.198551531548300991e+05,6.030704270822455637e-01,5.929188311764503616e-02,5.929188311764504310e-02
1.146750000000000114e+01,7.598173832320205179e+01,1.199355817383261601e+05,6.031138627861472035e-01,5.929186334578296497e-02,5.929186334578297191e-02
1.147500000000000142e+01,7.661040792931991916e+01,1.200160104079322773e+05,6.031865967506691018e-01,5.929149803632677296e-02,5.929149803632675908e-02
1.148250000000000171e+01,7.723893960960745630e+01,1.200964389396125771e+05,6.031344465454173687e-01,5.929178097181952989e-02,5.929178097181953683e-02
1.149000000000000021e+01,7.786746662072681602e+01,1.201768674666236911e+05,6.030222224828424293e-01,5.929201243571661367e-02,5.929201243571661367e-02
1.149750000000000050e+01,7.849609921649836508e+01,1.202572960992194712e+05,6.031557949879590153e-01,5.929174937454972927e-02,5.929174937454972927e-02
1.150500000000000078e+01,7.912474147208949660e+01,1.203377247414750600e+05,6.031663165084101275e-01,5.929155306199543340e-02,5.929155306199542647e-02
1.151250000000000107e+01,7.975321460060627032e+01,1.204181532146035897e+05,6.030501065644127134e-01,5.929202266605740346e-02,5.929202266605739652e-02
1.152000000000000135e+01,5.817923700112315188e-01,1.204187817923729890e+05,6.030941686417469194e-01,5.929199752483751279e-02,5.929199752483752667e-02
1.152750000000000163e+01,1.210455856136324559e+00,1.204992104558591236e+05,6.031664790884673222e-01,5.929162918445140401e-02,5.929162918445139707e-02
1.153500000000000014e+01,1.838980506153896188e+00,1.205796389805091458e+05,6.031139401682934498e-01,5.929191154207613668e-02,5.929191154207613668e-02
1.154250000000000043e+01,2.467501656171829261e+00,1.206600675016591558e+05,6.030021254788999752e-01,5.929213722639370410e-02,5.929213722639369716e-02
1.155000000000000071e+01,3.096128171320020606e+00,1.207404961281743163e+05,6.031353636699472442e-01,5.929187005299345337e-02,5.929187005299345337e-02
1.155750000000000099e+01,3.724763191415831898e+00,1.208209247631944163e+05,6.031455890208430315e-01,5.929167430274487338e-02,5.929167430274487338e-02
1.156500000000000128e+01,4.353230265083229966e+00,1.209013532302680833e+05,6.030291217530745485e-01,5.929213834814535400e-02,5.929213834814536788e-02
1.157250000000000156e+01,4.981801846853975313e+00,1.209817818018498510e+05,6.030733876815477235e-01,5.929210869093166220e-02,5.929210869093166913e-02
1.158000000000000007e+01,5.610458878944693417e+00,1.210622104588819493e+05,6.031454931378976703e-01,5.929173739316259684e-02,5.929173739316258990e-02
1.158750000000000036e+01,6.238976519892337258e+00,1.211426389765228960e+05,6.030927913318755440e-01,5.929201806537296587e-02,5.929201806537296587e-02
1.159500000000000064e+01,6.867491393020715762e+00,1.212230674913960247e+05,6.029809573706655934e-01,5.929223870569368116e-02,5.929223870569367422e-02
1.160250000000000092e+01,7.496111424722126770e+00,1.213034961114277394e+05,6.031140802252957789e-01,5.929196817993116070e-02,5.929196817993116070e-02
1.161000000000000121e+01,8.124739350559945450e+00,1.213839247393535770e+05,6.031242354274911621e-01,5.929177137331292230e-02,5.929177137331291536e-02
1.161750000000000149e+01,8.753199991791081658e+00,1.214643531999948027e+05,6.030077441517828207e-01,5.929223064513365615e-02,5.929223064513366309e-02
1.162500000000000178e+01,9.381764996807184787e+00,1.215447817649998324e+05,6.030517664325907301e-01,5.929219739190656757e-02,5.929219739190656063e-02
1.163250000000000028e+01,1.001041532132838263e+01,1.216252104153243563e+05,6.031238926339822504e-01,5.929182322186016263e-02,5.929182322186016263e-02
1.164000000000000057e+01,1.063892606814951591e+01,1.217056389260711730e+05,6.030712606924381047e-01,5.929210108111216543e-02,5.929210108111215155e-02
1.164750000000000085e+01,1.126743431895256187e+01,1.217860674343219871e+05,6.029589571045201879e-01,5.929231748512250183e-02,5.929231748512252265e-02
1.165500000000000114e+01,1.189604753739775411e+01,1.218664960475404368e+05,6.030921896265170057e-01,5.929204440975283791e-02,5.929204440975283097e-02
1.166250000000000142e+01,1.252466860721876785e+01,1.219469246686102560e+05,6.031025064131781965e-01,5.929184487311148222e-02,5.929184487311150303e-02
1.167000000000000171e+01,1.315312250808205796e+01,1.220273531225111219e+05,6.029862298484510719e-01,5.929230022838920949e-02,5.929230022838923031e-02
1.167750000000000021e+01,1.378168061786083420e+01,1.221077816806209012e+05,6.030295418915655459e-01,5.929226435287576757e-02,5.929226435287576757e-02
1.168500000000000050e+01,1.441032405760706325e+01,1.221882103240606521e+05,6.031019191337702035e-01,5.929188741044180699e-02,5.929188741044180699e-02
1.169250000000000078e+01,1.503882811279889964e+01,1.222686388281158434e+05,6.030495940327831317e-01,5.929216131586376171e-02,5.929216131586375477e-02
1.170000000000000107e+01,1.566732946465758758e+01,1.223490673294677108e+05,6.029363544555306209e-01,5.929237435168992210e-02,5.929237435168991516e-02
1.170750000000000135e+01,1.629593561102057819e+01,1.224294959356140753e+05,6.030699251130396954e-01,5.929209956304246076e-02,5.929209956304246076e-02
1.171500000000000163e+01,1.692455015145973363e+01,1.225099245501545229e+05,6.030806383245458369e-01,5.929189558573411817e-02,5.929189558573411817e-02
1.172250000000000014e+01,1.755299707203840498e+01,1.225903529970750969e+05,6.029648179414299758e-01,5.929234793997918002e-02,5.929234793997915920e-02
1.173000000000000043e+01,1.818154803687883003e+01,1.226707815480399440e+05,6.030069397557105138e-01,5.929231045754914525e-02,5.929231045754912444e-02
1.173750000000000071e+01,1.881018448604197246e+01,1.227512101844891004e+05,6.030798003807482655e-01,5.929193086147814540e-02,5.929193086147815928e-02
1.174500000000000099e+01,1.943868213338475925e+01,1.228316386821364576e+05,6.030280207663970549e-01,5.929219966344273507e-02,5.929219966344273507e-02
1.175250000000000128e+01,2.006717637638207563e+01,1.229120671763794526e+05,6.029133683184240144e-01,5.929241024845318536e-02,5.929241024845319230e-02
1.176000000000000156e+01,2.069577526016342262e+01,1.229924957752632326e+05,6.030475066211778978e-01,5.929213460810755371e-02,5.929213460810754677e-02
1.176750000000000185e+01,2.132438367744243024e+01,1.230729243836805254e+05,6.030588517451898056e-01,5.929192445873044531e-02,5.929192445873044531e-02
1.177500000000000036e+01,2.195282344367857874e+01,1.231533528234467522e+05,6.029437292661473657e-01,5.929237477267369077e-02,5.929237477267369771e-02
1.178250000000000064e+01,2.258136708022912487e+01,1.232337813670833129e+05,6.029841729122180638e-01,5.929233672903490987e-02,5.929233672903490293e-02
1.179000000000000092e+01,2.320999649888205951e+01,1.233142099965019734e+05,6.030577489442049410e-01,5.929195462147074380e-02,5.929195462147072992e-02
1.179750000000000121e+01,2.383848809706982053e+01,1.233946384881001577e+05,6.030067527330283950e-01,5.929221716454131930e-02,5.929221716454131236e-02
1.180500000000000149e+01,2.446697508536311716e+01,1.234750669750884554e+05,6.028902052506738274e-01,5.929242625462877864e-02,5.929242625462878558e-02
1.181250000000000178e+01,2.509556658119539918e+01,1.235554955665842863e+05,6.030251394813369581e-01,5.929215064196155516e-02,5.929215064196155516e-02
1.182000000000000028e+01,2.572416935219476386e+01,1.236359241693552904e+05,6.030373503531553103e-01,5.929193258298681712e-02,5.929193258298681019e-02
1.182750000000000057e+01,2.635260185326810145e+01,1.237163526018563716e+05,6.029231654192654943e-01,5.929238184967181718e-02,5.929238184967181718e-02
1.183500000000000085e+01,2.698113804158659690e+01,1.237967811380446947e+05,6.029614401872892548e-01,5.929234431037766484e-02,5.929234431037766484e-02
1.184250000000000114e+01,2.760976044975966204e+01,1.238772097604528681e+05,6.030359611320381674e-01,5.929195986142674069e-02,5.929195986142673375e-02
1.185000000000000142e+01,2.823824642590614076e+01,1.239576382464290073e+05,6.029859832814952192e-01,5.929221498619922925e-02,5.929221498619922925e-02
1.185750000000000171e+01,2.886672607465568774e+01,1.240380667260777700e+05,6.028670582677764234e-01,5.929242356553489357e-02,5.929242356553489357e-02
1.186500000000000021e+01,2.949531011866333685e+01,1.241184953101217834e+05,6.030030133799493264e-01,5.929214887098956804e-02,5.929214887098956804e-02
1.187250000000000050e+01,3.012390778194198049e+01,1.241989239077850652e+05,6.030163200556158953e-01,5.929192117200093870e-02,5.929192117200094564e-02
1.188000000000000078e+01,3.075233296723583365e+01,1.242793523329703603e+05,6.029033080724136573e-01,5.929237040431740297e-02,5.929237040431738909e-02
1.188750000000000107e+01,3.138086164741134709e+01,1.243597808616505354e+05,6.029389253514125802e-01,5.929233444508307665e-02,5.929233444508308359e-02
1.189500000000000135e+01,3.200947711893844172e+01,1.244402094771220582e+05,6.030146161709607489e-01,5.929194785699855308e-02,5.929194785699856002e-02
1.190250000000000163e+01,3.263795796192707144e+01,1.245206379579650529e+05,6.029658866309522969e-01,5.929219440137996344e-02,5.929219440137996344e-02
1.191000000000000014e+01,3.326643024385136016e+01,1.246010664302469813e+05,6.028441058865185997e-01,5.929240347261954813e-02,5.929240347261953425e-02
1.191750000000000043e+01,3.389500682965629608e+01,1.246814950068327889e+05,6.029813015792991893e-01,5.929213059153775472e-02,5.929213059153776166e-02
1.192500000000000071e+01,3.452359997648123624e+01,1.247619235999796219e+05,6.029959283912192936e-01,5.929189154132578909e-02,5.929189154132580297e-02
1.193250000000000099e+01,3.515201785219103670e+01,1.248423520178553299e+05,6.028843185632523083e-01,5.929234176005742513e-02,5.929234176005741819e-02
1.194000000000000128e+01,3.578053902059818370e+01,1.249227805390237481e+05,6.029167963733624847e-01,5.929230845786726684e-02,5.929230845786727377e-02
1.194750000000000156e+01,3.640914767690399856e+01,1.250032091476800560e+05,6.029938756439482406e-01,5.929191996844626611e-02,5.929191996844627305e-02
1.195500000000000185e+01,3.703762393055074398e+01,1.250836376239336969e+05,6.029466174977914372e-01,5.929215676889917214e-02,5.929215676889917214e-02
1.196250000000000036e+01,3.766608887217863355e+01,1.251640660888753337e+05,6.028215114081514336e-01,5.929236734381525264e-02,5.929236734381525958e-02
1.197000000000000064e+01,3.829465804663924189e+01,1.252444946580497926e+05,6.029601603845879954e-01,5.929209717067225605e-02,5.929209717067225605e-02
1.197750000000000092e+01,3.892324731208335464e+01,1.253249232473152369e+05,6.029763241868272283e-01,5.929184508844254076e-02,5.929184508844253382e-02
1.198500000000000121e+01,3.955165793752522063e+01,1.254053516579406860e+05,6.028663377479022145e-01,5.929229731087486133e-02,5.929229731087486133e-02
1.199250000000000149e+01,4.018017164278091968e+01,1.254857801716459508e+05,6.028952049118641021e-01,5.929226773585259680e-02,5.929226773585259680e-02
1.200000000000000178e+01,4.080877364676949526e+01,1.255662087736499379e+05,6.029738831713309377e-01,5.929187762069353801e-02,5.929187762069353107e-02
1.200750000000000028e+01,4.143724590277224706e+01,1.256466372459059348e+05,6.029283109719356659e-01,5.929210351392877332e-02,5.929210351392876638e-02
1.201500000000000057e+01,4.206570358046032965e+01,1.257270657035836339e+05,6.027994224301083115e-01,5.929231660444327784e-02,5.929231660444327090e-02
1.202250000000000085e+01,4.269426543922471495e+01,1.258074942654423940e+05,6.029397288443809622e-01,5.929205002735066232e-02,5.929205002735066926e-02
1.203000000000000114e+01,4.332285149338680696e+01,1.258879228514965653e+05,6.029576374522308546e-01,5.929178327330379000e-02,5.929178327330379694e-02
1.203750000000000142e+01,4.395125497706651174e+01,1.259683512549802545e+05,6.028494860957257506e-01,5.929223850240561422e-02,5.929223850240562810e-02
1.204500000000000171e+01,4.457976131575738776e+01,1.260487797613189468e+05,6.028742860309008744e-01,5.929221371040978988e-02,5.929221371040978988e-02
1.205250000000000021e+01,4.520835686594372760e+01,1.261292083568691305e+05,6.029547643190115158e-01,5.929182228375793479e-02,5.929182228375792091e-02
1.206000000000000050e+01,4.583682575660382952e+01,1.262096368257597933e+05,6.029110826235050125e-01,5.929203610927209073e-02,5.929203610927206991e-02
1.206750000000000078e+01,4.646527629238414647e+01,1.262900652762955724e+05,6.027779705721594272e-01,5.929225271886955778e-02,5.929225271886956472e-02
1.207500000000000107e+01,4.709383097532993645e+01,1.263704938309785211e+05,6.029201286679389815e-01,5.929199061424157008e-02,5.929199061424156314e-02
1.208250000000000135e+01,4.772241451472781648e+01,1.264509224145179323e+05,6.029399794939167556e-01,5.929170759976871291e-02,5.929170759976871291e-02
1.209000000000000163e+01,4.835081101023326511e+01,1.265313508110134280e+05,6.028338640050387998e-01,5.929216681392245059e-02,5.929216681392245059e-02
1.209750000000000014e+01,4.897931012247952509e+01,1.266117793101256830e+05,6.028541581222668366e-01,5.929214783982170861e-02,5.929214783982170167e-02
1.210500000000000043e+01,4.960789944747880753e+01,1.266922078994506883e+05,6.029366267150946257e-01,5.929175545384800239e-02,5.929175545384801627e-02
1.211250000000000071e+01,5.023636563819972878e+01,1.267726363656414032e+05,6.028950288187413520e-01,5.929195605757563853e-02,5.929195605757564547e-02
1.212000000000000099e+01,5.086480919551851088e+01,1.268530648091987387e+05,6.027572714008012644e-01,5.929217717308841312e-02,5.929217717308841312e-02
1.212750000000000128e+01,5.149335688214195983e+01,1.269334933568853594e+05,6.029014643409718044e-01,5.929192040041091766e-02,5.929192040041092460e-02
1.213500000000000156e+01,5.212193862132474464e+01,1.270139219386245386e+05,6.029234432271423083e-01,5.929161959813073618e-02,5.929161959813073618e-02
1.214250000000000185e+01,5.275032832310817099e+01,1.270943503283263271e+05,6.028195523166992587e-01,5.929208374134094239e-02,5.929208374134094933e-02
1.215000000000000036e+01,5.337882038802680285e+01,1.271747788203912496e+05,6.028349230172332929e-01,5.929207159291820933e-02,5.929207159291820933e-02
1.215750000000000064e+01,5.400740374148116274e+01,1.272552074037447019e+05,6.029195603545800530e-01,5.929167863542398470e-02,5.929167863542397776e-02
1.216500000000000092e+01,5.463586792307608420e+01,1.273356358679263067e+05,6.028802272226325698e-01,5.929186487461387406e-02,5.929186487461387406e-02
1.217250000000000121e+01,5.526430470247894533e+01,1.274160643047057092e+05,6.027374245340854086e-01,5.929209145838452988e-02,5.929209145838452988e-02
1.218000000000000149e+01,5.589284560728594897e+01,1.274964928456105263e+05,6.028838234199623836e-01,5.929184085507291369e-02,5.929184085507292062e-02
1.218750000000000178e+01,5.652142398598511619e+01,1.275769214239892171e+05,6.029081036643382241e-01,5.929152974282166089e-02,5.929152974282166089e-02
1.219500000000000028e+01,5.714980940982611912e+01,1.276573498094130628e+05,6.028066130014154700e-01,5.929199078137373236e-02,5.929199078137372542e-02
1.220250000000000057e+01,5.777829464095221113e+01,1.277377782946442021e+05,6.028166662679899090e-01,5.929198643380428208e-02,5.929198643380428208e-02
1.221000000000000085e+01,5.840687229693410387e+01,1.278182068723001867e+05,6.029036380708013843e-01,5.929159332451047759e-02,5.929159332451047759e-02
1.221750000000000114e+01,5.903533517780679318e+01,1.278986353351810540e+05,6.028667374648686295e-01,5.929176407375115476e-02,5.929176407375116170e-02
1.222500000000000142e+01,5.966376541261939082e+01,1.279790637654158782e+05,6.027185139081684406e-01,5.929199705619384725e-02,5.929199705619385419e-02
1.223250000000000171e+01,6.029229978056169870e+01,1.280594922997838148e+05,6.028672769844047874e-01,5.929175343257261227e-02,5.929175343257261227e-02
1.224000000000000021e+01,6.092087447413572932e+01,1.281399208744773932e+05,6.028940185572546628e-01,5.929143474835798372e-02,5.929143474835799066e-02
1.224750000000000050e+01,6.154925693463720648e+01,1.282203492569379014e+05,6.027950899962591924e-01,5.929188941692954684e-02,5.929188941692954684e-02
1.225500000000000078e+01,6.217773557535817730e+01,1.283007777355786238e+05,6.027994575789283882e-01,5.929189380777598328e-02,5.929189380777599022e-02
1.226250000000000107e+01,6.280630782424749015e+01,1.283812063078275096e+05,6.028889161518465878e-01,5.929150099351784831e-02,5.929150099351784831e-02
1.227000000000000135e+01,6.343477012254405167e+01,1.284616347701258201e+05,6.028546019455165439e-01,5.929165515165611688e-02,5.929165515165612382e-02
1.227750000000000163e+01,6.406319407459086790e+01,1.285420631940778694e+05,6.027006081863323095e-01,5.929189542425553766e-02,5.929189542425553766e-02
1.228500000000000014e+01,6.469172217658245927e+01,1.286224917221798532e+05,6.028518802260349752e-01,5.929165955873172411e-02,5.929165955873171023e-02
1.229250000000000043e+01,6.532029354722382664e+01,1.287029202935505018e+05,6.028812291702188020e-01,5.929133342700833309e-02,5.929133342700834003e-02
1.230000000000000071e+01,6.594867369497353593e+01,1.287833486736982595e+05,6.027850101659792958e-01,5.929178110382431199e-02,5.929178110382433281e-02
1.230750000000000099e+01,6.657714601402638266e+01,1.288637771460173099e+05,6.027833513676975619e-01,5.929179512849423045e-02,5.929179512849423045e-02
1.231500000000000128e+01,6.720571315882057206e+01,1.289442057131621114e+05,6.028754350802699724e-01,5.929140307776908231e-02,5.929140307776907537e-02
1.232250000000000156e+01,6.783417559467885383e+01,1.290246341755979665e+05,6.028438467571225479e-01,5.929153957531407143e-02,5.929153957531406449e-02
1.233000000000000185e+01,6.846259355007539682e+01,1.291050625935533753e+05,6.026848494335054207e-01,5.929178798411684215e-02,5.929178798411685603e-02
1.233750000000000036e+01,6.909111567861724268e+01,1.291854911156819144e+05,6.028376731543497735e-01,5.929156061864845201e-02,5.929156061864845201e-02
1.234500000000000064e+01,6.971968408602127454e+01,1.292659196840893273e+05,6.028697611622698682e-01,5.929122722886277785e-02,5.929122722886277785e-02
1.235250000000000092e+01,7.034806258581335214e+01,1.293463480625891098e+05,6.027763843653642928e-01,5.929166725884529865e-02,5.929166725884529171e-02
1.236000000000000121e+01,7.097652887288953139e+01,1.294267765288762021e+05,6.027683874362735894e-01,5.929169176646187367e-02,5.929169176646185285e-02
1.236750000000000149e+01,7.160509122587923514e+01,1.295072050912291888e+05,6.028632203749554330e-01,5.929130096384284399e-02,5.929130096384284399e-02
1.237500000000000178e+01,7.223355451392123427e+01,1.295876335545172333e+05,6.028344827006536510e-01,5.929141877035862263e-02,5.929141877035860875e-02
1.238250000000000028e+01,7.286196677896826657e+01,1.296680619667822903e+05,6.026784416338492045e-01,5.929167611002660737e-02,5.929167611002663513e-02
1.239000000000000057e+01,7.349048324390443554e+01,1.297484904832472239e+05,6.028246813982983676e-01,5.929145794599958996e-02,5.929145794599959690e-02
1.239750000000000085e+01,7.411904904336658717e+01,1.298289190490466863e+05,6.028596255567586493e-01,5.929111754526284611e-02,5.929111754526283223e-02
1.240500000000000114e+01,7.474742656560083276e+01,1.299093474265689292e+05,6.027692085799353228e-01,5.929154924918281222e-02,5.929154924918282610e-02
1.241250000000000142e+01,7.537588712709828087e+01,1.299897758871304250e+05,6.027545917329664160e-01,5.929158503882982212e-02,5.929158503882982906e-02
1.242000000000000171e+01,7.600444500682830551e+01,1.300702044450101530e+05,6.028522835148601988e-01,5.929119597973411815e-02,5.929119597973411121e-02
1.242750000000000021e+01,7.663290984904465120e+01,1.301506329098523711e+05,6.028265063738376117e-01,5.929129411071865086e-02,5.929129411071865779e-02
1.243500000000000050e+01,7.726131674624615187e+01,1.302310613167495758e+05,6.026735318203196856e-01,5.929156111922471994e-02,5.929156111922474076e-02
1.244250000000000078e+01,7.788982787067097036e+01,1.303114898278740147e+05,6.028129170849985119e-01,5.929135281384939615e-02,5.929135281384938921e-02
1.245000000000000107e+01,7.851839141081005380e+01,1.303919183914141468e+05,6.028508197781926592e-01,5.929100570290326416e-02,5.929100570290325029e-02
1.245750000000000135e+01,7.914676862394436796e+01,1.304723467686272925e+05,6.027634651236420948e-01,5.929142838322241232e-02,5.929142838322240538e-02
1.246500000000000163e+01,7.977522377889977179e+01,1.305527752237822424e+05,6.027419771872831733e-01,5.929147620053809575e-02,5.929147620053808188e-02
1.247250000000000014e+01,6.037775073390763136e-01,1.305534037775106844e+05,6.028426229255593460e-01,5.929108938672010554e-02,5.929108938672010554e-02
1.248000000000000043e+01,1.232244586503089989e+00,1.306338322445898521e+05,6.028199013118296090e-01,5.929116690955939933e-02,5.929116690955939933e-02
1.248750000000000071e+01,1.860646450723241196e+00,1.307142606464540731e+05,6.026700882338660303e-01,5.929144426361273451e-02,5.929144426361272757e-02
1.249500000000000099e+01,2.489152567057387966e+00,1.307946891525704123e+05,6.028023797775302617e-01,5.929124642693266167e-02,5.929124642693266861e-02
1.250250000000000128e+01,3.117714187132402781e+00,1.308751177141904918e+05,6.028433287374732608e-01,5.929089295909443363e-02,5.929089295909442670e-02
1.251000000000000156e+01,3.746091751280443916e+00,1.309555460917546443e+05,6.027591238738618795e-01,5.929130590266935841e-02,5.929130590266935147e-02
1.251750000000000185e+01,4.374541850412166255e+00,1.310359745418537786e+05,6.027305446007711343e-01,5.929136619298172595e-02,5.929136619298173982e-02
1.252500000000000036e+01,5.003091727371408837e+00,1.311164030917307537e+05,6.028342250109582912e-01,5.929098237271462207e-02,5.929098237271460126e-02
1.253250000000000064e+01,5.631561701094277339e+00,1.311968315617044573e+05,6.028146391617960065e-01,5.929103841147882747e-02,5.929103841147884135e-02
1.254000000000000092e+01,6.259958875863115502e+00,1.312772599588792073e+05,6.026680673889250883e-01,5.929132672277013377e-02,5.929132672277011989e-02
1.254750000000000121e+01,6.888460322115002477e+00,1.313576884603254439e+05,6.027930574552532450e-01,5.929113991534688127e-02,5.929113991534691597e-02
1.255500000000000149e+01,7.517020349018575409e+00,1.314381170203523361e+05,6.028371259483213951e-01,5.929078049726992095e-02,5.929078049726990013e-02
1.256250000000000178e+01,8.145398910656568958e+00,1.315185453989139642e+05,6.027561435257960953e-01,5.929118297596272513e-02,5.929118297596272513e-02
1.257000000000000028e+01,8.773844652444513059e+00,1.315989738446557312e+05,6.027202835783244117e-01,5.929125247885506933e-02,5.929125247885506933e-02
1.257750000000000057e+01,9.402390633304305467e+00,1.316794023906365910e+05,6.028270652140533814e-01,5.929087604682325985e-02,5.929087604682324597e-02
1.258500000000000085e+01,1.003086412880778688e+01,1.317598308641320909e+05,6.028106808747244472e-01,5.929090978590945832e-02,5.929090978590943750e-02
1.259250000000000114e+01,1.065925696278023338e+01,1.318402592569660337e+05,6.026674153980098314e-01,5.929120959826382486e-02,5.929120959826383180e-02
1.260000000000000142e+01,1.128775407900914729e+01,1.319206877540822607e+05,6.027849275216169422e-01,5.929103432956506214e-02,5.929103432956505521e-02
1.260750000000000171e+01,1.191631282411293213e+01,1.320011163128273620e+05,6.028321746593506836e-01,5.929066942197528528e-02,5.929066942197527834e-02
1.261500000000000021e+01,1.254469301175258167e+01,1.320815446930149919e+05,6.027544728502586269e-01,5.929106069292131020e-02,5.929106069292131020e-02
1.262250000000000050e+01,1.317313472991776457e+01,1.321619731347331253e+05,6.027111734859215142e-01,5.929113998858590029e-02,5.929113998858590029e-02
1.263000000000000078e+01,1.380167713231888449e+01,1.322424016771355236e+05,6.028211090923065729e-01,5.929077143479796058e-02,5.929077143479794670e-02
1.263750000000000107e+01,1.443015474196459991e+01,1.323228301547451701e+05,6.028079778996207061e-01,5.929078212166551121e-02,5.929078212166550427e-02
1.264500000000000135e+01,1.505854358553283134e+01,1.324032585435887158e+05,6.026680692860451050e-01,5.929109390918448075e-02,5.929109390918448769e-02
1.265250000000000163e+01,1.568703671052961290e+01,1.324836870367137017e+05,6.027779578260170634e-01,5.929093063666590613e-02,5.929093063666590613e-02
1.266000000000000192e+01,1.631559446661770707e+01,1.325641155944697675e+05,6.028284289880384561e-01,5.929056075308308110e-02,5.929056075308307416e-02
1.266750000000000043e+01,1.694397688722885675e+01,1.326445439768903889e+05,6.027540519408113306e-01,5.929094006055481147e-02,5.929094006055480454e-02
1.267500000000000071e+01,1.757241491255098964e+01,1.327249724149156827e+05,6.027031844222682233e-01,5.929102968243242511e-02,5.929102968243242511e-02
1.268250000000000099e+01,1.820095404914128068e+01,1.328054009540522529e+05,6.028163133948634123e-01,5.929066947515045788e-02,5.929066947515045788e-02
1.269000000000000128e+01,1.882943632672242629e+01,1.328858294363298337e+05,6.028064733671102404e-01,5.929065642257186353e-02,5.929065642257185659e-02
1.269750000000000156e+01,1.945782152877836779e+01,1.329662578215318790e+05,6.026699582812552469e-01,5.929098058883491840e-02,5.929098058883491840e-02
1.270500000000000185e+01,2.008631099697887379e+01,1.330466863110000559e+05,6.027721076878387318e-01,5.929082971767234839e-02,5.929082971767235533e-02
1.271250000000000036e+01,2.071486803551962552e+01,1.331271148680385959e+05,6.028258350445587777e-01,5.929045541972616934e-02,5.929045541972617628e-02
1.272000000000000064e+01,2.134325327145941742e+01,1.332075432532745181e+05,6.027548134380603662e-01,5.929082199996649205e-02,5.929082199996649899e-02
1.272750000000000092e+01,2.197168792905997847e+01,1.332879716879321204e+05,6.026962781932992952e-01,5.929092243163162218e-02,5.929092243163160136e-02
1.273500000000000121e+01,2.260022410521266778e+01,1.333684002241082489e+05,6.028126271304736772e-01,5.929057101582523720e-02,5.929057101582522332e-02
1.274250000000000149e+01,2.322871156299044060e+01,1.334488287115660205e+05,6.028061032512199713e-01,5.929053360411398743e-02,5.929053360411398743e-02
1.275000000000000178e+01,2.385709346783387375e+01,1.335292570934708638e+05,6.026730050713373643e-01,5.929087048248833647e-02,5.929087048248832953e-02
1.275750000000000028e+01,2.448557960647947596e+01,1.336096855796094751e+05,6.027673289123587352e-01,5.929073236588904700e-02,5.929073236588902618e-02
1.276500000000000057e+01,2.511413617546210020e+01,1.336901141361784539e+05,6.028243320351706069e-01,5.929035425497146405e-02,5.929035425497145712e-02
1.277250000000000085e+01,2.574252478168027025e+01,1.337705425247846579e+05,6.027566837208315764e-01,5.929070734426963168e-02,5.929070734426963168e-02
1.278000000000000114e+01,2.637095638856863289e+01,1.338509709563915385e+05,6.026904092799701962e-01,5.929081901681647337e-02,5.929081901681646644e-02
1.278750000000000142e+01,2.699948990031138152e+01,1.339313994899032696e+05,6.028099926166001765e-01,5.929047681151911747e-02,5.929047681151911747e-02
1.279500000000000171e+01,2.762798300676359631e+01,1.340118279830097163e+05,6.028067974998994050e-01,5.929041449107295275e-02,5.929041449107293887e-02
1.280250000000000021e+01,2.825636195115710336e+01,1.340922563619540888e+05,6.026771270155603100e-01,5.929076434613207019e-02,5.929076434613206326e-02
1.281000000000000050e+01,2.888484507771454446e+01,1.341726848450806283e+05,6.027635667896712457e-01,5.929063928613596823e-02,5.929063928613596129e-02
1.281750000000000078e+01,2.951340140023320302e+01,1.342531134014031559e+05,6.028238533364177476e-01,5.929025799214920206e-02,5.929025799214918124e-02
1.282500000000000107e+01,3.014179390155760885e+01,1.343335417939044710e+05,6.027595840556069229e-01,5.929059683743788389e-02,5.929059683743787695e-02
1.283250000000000135e+01,3.077022276443562987e+01,1.344139702227673260e+05,6.026855257910869179e-01,5.929072012744160403e-02,5.929072012744161096e-02
1.284000000000000163e+01,3.139875389661371941e+01,1.344943987538994988e+05,6.028083465016186304e-01,5.929038752189651207e-02,5.929038752189651207e-02
1.284750000000000192e+01,3.202725307484963935e+01,1.345748272530777322e+05,6.028084811263665355e-01,5.929029981615768774e-02,5.929029981615767386e-02
1.285500000000000043e+01,3.265562938523957826e+01,1.346552556293880916e+05,6.026822373051027304e-01,5.929066284611095999e-02,5.929066284611096693e-02
1.286250000000000071e+01,3.328410980509012518e+01,1.347356841098079458e+05,6.027607610691632090e-01,5.929055109478530150e-02,5.929055109478529456e-02
1.287000000000000099e+01,3.391266607880152151e+01,1.348161126660816371e+05,6.028243275329021600e-01,5.929016726314550317e-02,5.929016726314550317e-02
1.287750000000000128e+01,3.454106296715664115e+01,1.348965410629699763e+05,6.027634316972605433e-01,5.929049113401101828e-02,5.929049113401101828e-02
1.288500000000000156e+01,3.516948938047508477e+01,1.349769694893832784e+05,6.026815703942383085e-01,5.929062636212408671e-02,5.929062636212409365e-02
1.289250000000000185e+01,3.579801840515012401e+01,1.350573980184079555e+05,6.028076207534431852e-01,5.929030371100943442e-02,5.929030371100943442e-02
1.290000000000000036e+01,3.642652403192644783e+01,1.351378265240347246e+05,6.028110752549268314e-01,5.929019021970136777e-02,5.929019021970134695e-02
1.290750000000000064e+01,3.705489802188053972e+01,1.352182548980246647e+05,6.026882460655746954e-01,5.929056655958628991e-02,5.929056655958628297e-02
1.291500000000000092e+01,3.768337602628536587e+01,1.352986833760290465e+05,6.027588469033121621e-01,5.929046832051856203e-02,5.929046832051854121e-02
1.292250000000000121e+01,3.831193242378178354e+01,1.353791119324265455e+05,6.028256794127476725e-01,5.929008259843480955e-02,5.929008259843480955e-02
1.293000000000000149e+01,3.894033415527064079e+01,1.354595403341580241e+05,6.027681409355496456e-01,5.929039079957838104e-02,5.929039079957839492e-02
1.293750000000000178e+01,3.956875839952952845e+01,1.355399687584022467e+05,6.026784812189779350e-01,5.929053822980351329e-02,5.929053822980351329e-02
1.294500000000000028e+01,4.019728557459546181e+01,1.356203972855773172e+05,6.028077436090871766e-01,5.929022584814845620e-02,5.929022584814847702e-02
1.295250000000000057e+01,4.082579797985148673e+01,1.357008257979825721e+05,6.028144981161295268e-01,5.929008625047283570e-02,5.929008625047282877e-02
1.296000000000000085e+01,4.145416994779053255e+01,1.357812541699504945e+05,6.026950613970408765e-01,5.929047597572963818e-02,5.929047597572961736e-02
1.296750000000000114e+01,4.208264581213547473e+01,1.358616826458148134e+05,6.027577557556793586e-01,5.929039140573548472e-02,5.929039140573549860e-02
1.297500000000000142e+01,4.271120248215214588e+01,1.359421112024848117e+05,6.028278309160206572e-01,5.929000442854785724e-02,5.929000442854787112e-02
1.298250000000000171e+01,4.333960947405046227e+01,1.360225396094767202e+05,6.027736240830795511e-01,5.929029631196663236e-02,5.929029631196661848e-02
1.299000000000000021e+01,4.396803181433444507e+01,1.361029680318169703e+05,6.026761927274373321e-01,5.929045615162724381e-02,5.929045615162723687e-02
1.299750000000000050e+01,4.459655738232250854e+01,1.361833965573849564e+05,6.028086404807849741e-01,5.929015431015882687e-02,5.929015431015881993e-02
1.300500000000000078e+01,4.522507684915914439e+01,1.362638250768517901e+05,6.028186659873846498e-01,5.928998836752945312e-02,5.928998836752943924e-02
1.301250000000000107e+01,4.585344707645560192e+01,1.363442534470790706e+05,6.027025903481235680e-01,5.929039149757363986e-02,5.929039149757363986e-02
1.302000000000000135e+01,4.648192105877478042e+01,1.364246819210613903e+05,6.027574162689853798e-01,5.929032070855431991e-02,5.929032070855431991e-02
1.302750000000000163e+01,4.711047812801312773e+01,1.365051104781306058e+05,6.028307020324937815e-01,5.928993308687540570e-02,5.928993308687540570e-02
1.303500000000000192e+01,4.773889075585790920e+01,1.365855388907584420e+05,6.027797924016363718e-01,5.929020806306209423e-02,5.929020806306210117e-02
1.304250000000000043e+01,4.836731144059748289e+01,1.366659673114431789e+05,6.026746365484372259e-01,5.929038046346963436e-02,5.929038046346962743e-02
1.305000000000000071e+01,4.899583562764315303e+01,1.367463958356301882e+05,6.028102348152239998e-01,5.929008938504654741e-02,5.929008938504656129e-02
1.305750000000000099e+01,4.962436239270104466e+01,1.368268243623952440e+05,6.028234940760955896e-01,5.928989694290009993e-02,5.928989694290011381e-02
1.306500000000000128e+01,5.025273114217721826e+01,1.369072527311447193e+05,6.027107398218134460e-01,5.929031344444812834e-02,5.929031344444812834e-02
1.307250000000000156e+01,5.088120348195086962e+01,1.369876812034844770e+05,6.027577550899579917e-01,5.929025650535336978e-02,5.929025650535335590e-02
1.308000000000000185e+01,5.150976105720150855e+01,1.370681097610597208e+05,6.028342116459741717e-01,5.928986881384153140e-02,5.928986881384151753e-02
1.308750000000000036e+01,5.213817965225119622e+01,1.371485381796547445e+05,6.027865569646797539e-01,5.929012636120245539e-02,5.929012636120246232e-02
1.309500000000000064e+01,5.276659891220050724e+01,1.372289665989146743e+05,6.026737422718994042e-01,5.929031141899986090e-02,5.929031141899986784e-02
1.310250000000000092e+01,5.339512192715512384e+01,1.373093951219296432e+05,6.028124489032554711e-01,5.929003127655521621e-02,5.929003127655520927e-02
1.311000000000000121e+01,5.402365618137476133e+01,1.373898236561838421e+05,6.028288973432629483e-01,5.928981226487330808e-02,5.928981226487331502e-02
1.311750000000000149e+01,5.465202369618948808e+01,1.374702520236986456e+05,6.027194174115598768e-01,5.929024205493307886e-02,5.929024205493307886e-02
1.312500000000000178e+01,5.528049461340773973e+01,1.375506804946158372e+05,6.027586976483858550e-01,5.929019899380903735e-02,5.929019899380906511e-02
1.313250000000000028e+01,5.590905278364239450e+01,1.376311090527860797e+05,6.028382783232242303e-01,5.928981176238263401e-02,5.928981176238266176e-02
1.314000000000000057e+01,5.653747763099821100e+01,1.377115374776334211e+05,6.027938294546354436e-01,5.929005143407754808e-02,5.929005143407755501e-02
1.314750000000000085e+01,5.716589567842034825e+01,1.377919658956808271e+05,6.026734382009992785e-01,5.929024919321997794e-02,5.929024919321998488e-02
1.315500000000000114e+01,5.779441771210204593e+01,1.378723944177145022e+05,6.028152046381179963e-01,5.928998010935512125e-02,5.928998010935512125e-02
1.316250000000000142e+01,5.842295960185203541e+01,1.379528229596042365e+05,6.028347912662215258e-01,5.928973454175594932e-02,5.928973454175592156e-02
1.317000000000000171e+01,5.905132610474365151e+01,1.380332513261070999e+05,6.027285321669410001e-01,5.929017749026547351e-02,5.929017749026545270e-02
1.317750000000000021e+01,5.967979579922455713e+01,1.381136797958015813e+05,6.027601688884155484e-01,5.929014829638677708e-02,5.929014829638677708e-02
1.318500000000000050e+01,6.030835463739595781e+01,1.381941083546397276e+05,6.028428210461367343e-01,5.928976200444915912e-02,5.928976200444918687e-02
1.319250000000000078e+01,6.093678597500226601e+01,1.382745367859773396e+05,6.028015228943114368e-01,5.928998343208275595e-02,5.928998343208275595e-02
1.320000000000000107e+01,6.156520300305309945e+01,1.383549652030053840e+05,6.026736520600585179e-01,5.929019388640138083e-02,5.929019388640136695e-02
1.320750000000000135e+01,6.219372422764149633e+01,1.384353937242299435e+05,6.028184242207969001e-01,5.928993593453683181e-02,5.928993593453683181e-02
1.321500000000000163e+01,6.282227385618611493e+01,1.385158222738584736e+05,6.028410925397712505e-01,5.928966390605130282e-02,5.928966390605128894e-02
1.322250000000000192e+01,6.345063954903973524e+01,1.385962506395513192e+05,6.027379952888549663e-01,5.929011983814138492e-02,5.929011983814138492e-02
1.323000000000000043e+01,6.407910819998745922e+01,1.386766791082022537e+05,6.027620939506072029e-01,5.929010446424155117e-02,5.929010446424154424e-02
1.323750000000000071e+01,6.470766776439498358e+01,1.387571076677666570e+05,6.028477598863263287e-01,5.928971953808526846e-02,5.928971953808527540e-02
1.324500000000000099e+01,6.533610578301592398e+01,1.388375361057852570e+05,6.028095523122724009e-01,5.928992243207333035e-02,5.928992243207332341e-02
1.325250000000000128e+01,6.596452196531797085e+01,1.389179645219675731e+05,6.026743116565905778e-01,5.929014552835544516e-02,5.929014552835543128e-02
1.326000000000000156e+01,6.659304253390244810e+01,1.389983930425361323e+05,6.028220308115811443e-01,5.928989873519151244e-02,5.928989873519151937e-02
1.326750000000000185e+01,6.722159968211617809e+01,1.390788215996843355e+05,6.028477197154652467e-01,5.928960151759446462e-02,5.928960151759446462e-02
1.327500000000000036e+01,6.784996502687795328e+01,1.391592499650290702e+05,6.027477207547128346e-01,5.929006911685858611e-02,5.929006911685859305e-02
1.328250000000000064e+01,6.847843279266477623e+01,1.392396784327948699e+05,6.027643988037096889e-01,5.929006748148137051e-02,5.929006748148135664e-02
1.329000000000000092e+01,6.910699312786371706e+01,1.393201069931300590e+05,6.028530166217824782e-01,5.928968429462545126e-02,5.928968429462545819e-02
1.329750000000000121e+01,6.973543797201178052e+01,1.394005354379741766e+05,6.028178353425180935e-01,5.928986844147013380e-02,5.928986844147014768e-02
1.330500000000000149e+01,7.036385346240966498e+01,1.394809638534645783e+05,6.026753454963040824e-01,5.929010408298011903e-02,5.929010408298011209e-02
1.331250000000000178e+01,7.099237350870141938e+01,1.395613923735108401e+05,6.028259491272959236e-01,5.928986843195363510e-02,5.928986843195362122e-02
1.332000000000000028e+01,7.162093400059431758e+01,1.396418209340027242e+05,6.028545937791958131e-01,5.928956268779084215e-02,5.928956268779084909e-02
1.332750000000000057e+01,7.224930335589544939e+01,1.397222493033580249e+05,6.027576258744777871e-01,5.929002527974778364e-02,5.929002527974778364e-02
1.333500000000000085e+01,7.287777037405044211e+01,1.398026777703761763e+05,6.027670108254443715e-01,5.929003726974309274e-02,5.929003726974307192e-02
1.334250000000000114e+01,7.350633151137152765e+01,1.398831063315134670e+05,6.028585152955493465e-01,5.928965614565057801e-02,5.928965614565056413e-02
1.335000000000000142e+01,7.413478328107289883e+01,1.399635347832831612e+05,6.028262927591410136e-01,5.928982140267034795e-02,5.928982140267032713e-02
1.335750000000000171e+01,7.476319821356250372e+01,1.400439631982156425e+05,6.026766833501630005e-01,5.929006945302967013e-02,5.929006945302967013e-02
1.336500000000000021e+01,7.539171785177799734e+01,1.401243917178538395e+05,6.028301059839902276e-01,5.928984488845194523e-02,5.928984488845196604e-02
1.337250000000000050e+01,7.602028155224846273e+01,1.402048202815543045e+05,6.028616386675902383e-01,5.928953141294725920e-02,5.928953141294727308e-02
1.338000000000000078e+01,7.664865517824998165e+01,1.402852486551803013e+05,6.027676317787934446e-01,5.928998821984428347e-02,5.928998821984428347e-02
1.338750000000000107e+01,7.727712156563656265e+01,1.403656771215676563e+05,6.027698593318763232e-01,5.929001369302641655e-02,5.929001369302642349e-02
1.339500000000000135e+01,7.790568352342954483e+01,1.404461056835254421e+05,6.028641827167116052e-01,5.928963490949405724e-02,5.928963490949406417e-02
1.340250000000000163e+01,7.853414227666270619e+01,1.405265341422786587e+05,6.028348489469653737e-01,5.928978119771771693e-02,5.928978119771768918e-02
1.341000000000000192e+01,7.916255676548553311e+01,1.406069625567674811e+05,6.026782567728951046e-01,5.929004148505940403e-02,5.929004148505939015e-02
1.341750000000000043e+01,7.979107609040477200e+01,1.406873910760923754e+05,6.028344307851413175e-01,5.928982791665800972e-02,5.928982791665800972e-02
1.342500000000000071e+01,6.196428728290370724e-01,1.406880196428748022e+05,6.028687817239627433e-01,5.928950740128335894e-02,5.928950740128335894e-02
1.343250000000000099e+01,1.248020966608299975e+00,1.407684480209685571e+05,6.027776638406856513e-01,5.928995777475382090e-02,5.928995777475383477e-02
1.344000000000000128e+01,1.876486819773227399e+00,1.408488764868217113e+05,6.027728760552244491e-01,5.928999656272986724e-02,5.928999656272986724e-02
1.344750000000000156e+01,2.505049603499015287e+00,1.409293050496054348e+05,6.028699489042237403e-01,5.928962035722339791e-02,5.928962035722339791e-02
1.345500000000000185e+01,3.133515359130999212e+00,1.410097335153610620e+05,6.028434323094085112e-01,5.928974765318832663e-02,5.928974765318833356e-02
1.346250000000000036e+01,3.761929499025726376e+00,1.410901619295009295e+05,6.026895887268256535e-01,5.929001997450079192e-02,5.929001997450080580e-02
1.347000000000000064e+01,4.390448586223381078e+00,1.411705904485881329e+05,6.028388559556753235e-01,5.928981728214021557e-02,5.928981728214021557e-02
1.347750000000000092e+01,5.019018327045076333e+00,1.412510190183289233e+05,6.028759540948270823e-01,5.928949034028754145e-02,5.928949034028755533e-02
1.348500000000000121e+01,5.647401031296077178e+00,1.413314474010331905e+05,6.027876520325560206e-01,5.928993373166756981e-02,5.928993373166756287e-02
1.349250000000000149e+01,6.275866426972770640e+00,1.414118758664288325e+05,6.027759955701582628e-01,5.928998564283059075e-02,5.928998564283059075e-02
1.350000000000000178e+01,6.904430029256383605e+00,1.414923044300311012e+05,6.028757474743294820e-01,5.928961221811525351e-02,5.928961221811523963e-02
