t,xcm,xcm_unwrapped,A,Iuv_global,Iuv_local
7.500000000000000590e-03,6.330603819925072173e+01,6.330603819925072173e+01,8.356612242092966714e-01,5.547242019865436524e-02,5.550737560560552175e-02
1.500000000000000118e-02,6.389019824806367609e+01,6.389019824806367609e+01,8.043908851026339013e-01,5.395882919697204266e-02,5.399227183513918144e-02
2.250000000000000264e-02,6.449649654550923117e+01,6.449649654550923117e+01,7.685912555862208784e-01,5.206719534410246542e-02,5.209854454689324954e-02
3.000000000000000236e-02,6.512360778244709536e+01,6.512360778244709536e+01,7.337395303711279348e-01,5.003668273079200923e-02,5.006556910657537079e-02
3.750000000000000555e-02,6.576881259544322234e+01,6.576881259544322234e+01,7.036051439435235810e-01,4.808653015836184680e-02,4.811273792262059368e-02
4.500000000000000527e-02,6.642831098359104658e+01,6.642831098359104658e+01,6.824547875560161847e-01,4.638156854442695293e-02,4.640523721016368008e-02
5.250000000000000500e-02,6.709825480679094767e+01,6.709825480679094767e+01,6.725995743325108300e-01,4.500900499783977438e-02,4.503026276963113805e-02
6.000000000000000472e-02,6.777578925602803395e+01,6.777578925602803395e+01,6.723346211335650136e-01,4.398809612526238116e-02,4.400721142547453502e-02
6.750000000000000444e-02,6.845905571637797493e+01,6.845905571637797493e+01,6.786589578781839771e-01,4.330132352481690788e-02,4.331858291469920658e-02
7.500000000000001110e-02,6.914710876765262526e+01,6.914710876765262526e+01,6.891401296966146450e-01,4.291218052981574105e-02,4.292790609481012681e-02
8.250000000000000389e-02,6.983997782158144219e+01,6.983997782158144219e+01,7.015988294411461546e-01,4.277459692084794457e-02,4.278898286250264194e-02
9.000000000000001055e-02,7.053797583922982994e+01,7.053797583922982994e+01,7.143669189600618807e-01,4.284534889650074008e-02,4.285860764552142099e-02
9.750000000000000333e-02,7.124136529488271208e+01,7.124136529488271208e+01,7.266251335026189251e-01,4.308643718874369255e-02,4.309874728675343325e-02
1.050000000000000100e-01,7.195087632598156802e+01,7.195087632598156802e+01,7.378397505774824117e-01,4.346099554592474518e-02,4.347246726457908855e-02
1.125000000000000028e-01,7.266708340873356065e+01,7.266708340873356065e+01,7.475637867308850826e-01,4.393906928408648077e-02,4.394986300126125373e-02
1.200000000000000094e-01,7.339032958423497632e+01,7.339032958423497632e+01,7.557080409764824758e-01,4.449680813157906589e-02,4.450702313809238447e-02
1.275000000000000022e-01,7.412124909498865577e+01,7.412124909498865577e+01,7.624445775097172806e-01,4.511182321950745616e-02,4.512154058630812176e-02
1.350000000000000089e-01,7.486025227873165022e+01,7.486025227873165022e+01,7.678942729725475314e-01,4.576662432122679397e-02,4.577587804223473555e-02
1.425000000000000155e-01,7.560762699043459634e+01,7.560762699043459634e+01,7.722487911361316515e-01,4.644654751110460777e-02,4.645542519407701992e-02
1.500000000000000222e-01,7.636371004025585307e+01,7.636371004025585307e+01,7.756306155815797521e-01,4.713874882837562619e-02,4.714726431439317939e-02
1.575000000000000011e-01,7.712880877650246703e+01,7.712880877650246703e+01,7.781590287883782819e-01,4.783239370211549157e-02,4.784061560799778012e-02
1.650000000000000078e-01,7.790321998325157438e+01,7.790321998325157438e+01,7.801794923663551984e-01,4.851811975850756770e-02,4.852604936239994504e-02
1.725000000000000144e-01,7.868690005731282611e+01,7.868690005731282611e+01,7.815923111761409192e-01,4.918908010143069331e-02,4.919674382489545167e-02
1.800000000000000211e-01,7.947995310920531153e+01,7.947995310920531153e+01,7.827562896391359049e-01,4.983867792955153087e-02,4.984609766135880693e-02
1.875000000000000278e-01,4.823074521399531855e-01,8.028230745213996045e+01,7.835667341997695212e-01,5.046190884640169849e-02,5.046910278089119378e-02
1.950000000000000067e-01,1.293833585892769200e+00,1.608938335858927928e+02,7.841201224234857214e-01,5.105423128668400840e-02,5.106121493716900966e-02
2.025000000000000133e-01,2.114269164179688687e+00,2.415142691641797228e+02,7.845725179978353392e-01,5.161223017145044611e-02,5.161901616405355220e-02
2.100000000000000200e-01,2.943303231972972167e+00,3.221433032319729932e+02,7.849079458235193041e-01,5.213310822696858027e-02,5.213970667482266397e-02
2.175000000000000266e-01,3.780539740498431112e+00,4.027805397404985115e+02,7.851354605824379940e-01,5.261474646965888513e-02,5.262113695801809432e-02
2.250000000000000056e-01,4.625364045918250788e+00,4.834253640459183430e+02,7.852844735889157324e-01,5.305656005147815768e-02,5.306277837069218323e-02
2.325000000000000122e-01,5.477361812581657219e+00,5.640773618125817848e+02,7.853758533224008964e-01,5.345724971112576079e-02,5.346327213184703248e-02
2.400000000000000189e-01,6.335825667038570863e+00,6.447358256670386254e+02,7.854441679761153816e-01,5.381748342111251221e-02,5.382334247521303183e-02
2.475000000000000255e-01,7.200087274863669506e+00,7.254000872748637221e+02,7.855299145144786221e-01,5.413828899783739573e-02,5.414395920098150072e-02
2.550000000000000044e-01,8.069489051748627517e+00,8.060694890517486328e+02,7.855885266694719871e-01,5.442084755537698187e-02,5.442633049120854105e-02
2.625000000000000111e-01,8.943082129763942234e+00,8.867430821297639341e+02,7.856257080697963691e-01,5.466812939180037273e-02,5.467345503520967820e-02
2.700000000000000178e-01,9.820238767789451373e+00,9.674202387677893284e+02,7.856454324956849700e-01,5.488250655583410548e-02,5.488764671637186982e-02
2.775000000000000244e-01,1.070022862347004100e+01,1.048100228623470002e+03,7.856504616810193742e-01,5.506684796688394307e-02,5.507180227020275209e-02
2.850000000000000311e-01,1.158230067802796270e+01,1.128782300678027696e+03,7.856427098731476599e-01,5.522490816722091383e-02,5.522967679364225446e-02
2.925000000000000377e-01,1.246592005790753888e+01,1.209465920057907397e+03,7.856234992978162746e-01,5.535945756601956536e-02,5.536403952337617951e-02
3.000000000000000444e-01,1.335058568690802794e+01,1.290150585686907789e+03,7.856546975977212188e-01,5.547390479057937723e-02,5.547829962842547313e-02
3.075000000000000511e-01,1.423599591685618293e+01,1.370835995916855836e+03,7.856779392541032303e-01,5.557049022355733253e-02,5.557472615126674009e-02
3.150000000000000022e-01,1.512188090195165380e+01,1.451521880901951363e+03,7.856919983856504031e-01,5.565166960475732838e-02,5.565571696892810533e-02
3.225000000000000089e-01,1.600805741820556705e+01,1.532208057418205044e+03,7.856971957110788773e-01,5.571966142716419657e-02,5.572351963025869853e-02
3.300000000000000155e-01,1.689444261974416861e+01,1.612894442619743813e+03,7.856937391332210474e-01,5.577606283214470162e-02,5.577973133990769133e-02
3.375000000000000222e-01,1.778095052045047098e+01,1.693580950520449960e+03,7.856817572119114690e-01,5.582257079264510424e-02,5.582604927084097030e-02
3.450000000000000289e-01,1.866754306026638943e+01,1.774267543060265780e+03,7.856613226029477426e-01,5.586066510299726728e-02,5.586395325144338786e-02
3.525000000000000355e-01,1.955418392448993004e+01,1.854954183924489371e+03,7.856502388614183818e-01,5.589176775695384874e-02,5.589486538826797524e-02
3.600000000000000422e-01,2.044087077858623402e+01,1.935640870778585622e+03,7.856750918326856903e-01,5.591706892924552808e-02,5.592000524386255000e-02
3.675000000000000488e-01,2.132761008073604359e+01,2.016327610080735440e+03,7.856919819105627756e-01,5.593736821777967050e-02,5.594011386787250961e-02
3.750000000000000555e-01,2.221440279038599996e+01,2.097014402790385247e+03,7.857008858949851016e-01,5.595344566960500088e-02,5.595600100679386235e-02
3.825000000000000067e-01,2.310124621103362941e+01,2.177701246211032867e+03,7.857017692685273058e-01,5.596604750346478169e-02,5.596841229972448345e-02
3.900000000000000133e-01,2.398813547027802429e+01,2.258388135470277575e+03,7.856945894450756418e-01,5.597582597589830650e-02,5.597800081453818688e-02
3.975000000000000200e-01,2.487505861291709053e+01,2.339075058612917019e+03,7.856792980749049971e-01,5.598339044092397881e-02,5.598537528623351994e-02
4.050000000000000266e-01,2.576199874456338534e+01,2.419761998744563243e+03,7.856558426835765774e-01,5.598927393594665958e-02,5.599106903078191616e-02
4.125000000000000333e-01,2.664892426360199096e+01,2.500448924263602294e+03,7.856592938807729354e-01,5.599393732737308754e-02,5.599557231474418945e-02
4.200000000000000400e-01,2.753584931305957184e+01,2.581135849313060135e+03,7.856815479802217173e-01,5.599776800112719888e-02,5.599921369911510516e-02
4.275000000000000466e-01,2.842279730798408721e+01,2.661822797307984729e+03,7.856959460432623166e-01,5.600068586645318147e-02,5.600194282162958281e-02
4.350000000000000533e-01,2.930977021362524226e+01,2.742509770213625870e+03,7.857024290898657615e-01,5.600285822378410494e-02,5.600392688962173293e-02
4.425000000000000600e-01,3.019676634426719630e+01,2.823196766344268326e+03,7.857009371555147004e-01,5.600443565299693255e-02,5.600531671923004301e-02
4.500000000000000111e-01,3.108378162127756283e+01,2.903883781621278558e+03,7.856914095411249299e-01,5.600555787511594247e-02,5.600625363240875620e-02
4.575000000000000178e-01,3.197080461859162881e+01,2.984570804618592774e+03,7.856737849951930253e-01,5.600640013063640232e-02,5.600691549743477826e-02
4.650000000000000244e-01,3.285782616305392878e+01,3.065257826163055597e+03,7.856480018477762783e-01,5.600706618131402748e-02,5.600741170551629122e-02
4.725000000000000311e-01,3.374480716651793699e+01,3.145944807166519695e+03,7.856663596922330850e-01,5.600780543171435255e-02,5.600802319411006536e-02
4.800000000000000377e-01,3.463178468701451607e+01,3.226631784687016534e+03,7.856864089442554544e-01,5.600855302744446595e-02,5.600864893829232694e-02
4.875000000000000444e-01,3.551877584917253472e+01,3.307318775849174472e+03,7.856985943029602959e-01,5.600911478892393880e-02,5.600913429315861752e-02
4.950000000000000511e-01,3.640578402906915301e+01,3.388005784029071492e+03,7.857028540784762871e-01,5.600949669811419729e-02,5.600949669811418341e-02
5.025000000000000577e-01,3.729280905735723195e+01,3.468692809057359682e+03,7.856991263639375722e-01,5.600972049997477581e-02,5.600972049997477581e-02
5.100000000000000089e-01,3.817984667054931691e+01,3.549379846670552070e+03,7.856873490662262816e-01,5.600983930998065796e-02,5.600983930998063021e-02
5.175000000000000711e-01,3.906688554421555892e+01,3.630066885544218167e+03,7.856674599318507202e-01,5.600994952568534579e-02,5.600994952568535967e-02
5.250000000000000222e-01,3.995391669620337183e+01,3.710753916696206488e+03,7.856470305795778541e-01,5.601008215615803365e-02,5.601008215615804753e-02
5.325000000000000844e-01,4.084090264332544251e+01,3.791440902643328627e+03,7.856727188514246452e-01,5.601049219805397106e-02,5.601049219805397106e-02
5.400000000000000355e-01,4.172789527924034303e+01,3.872127895279243603e+03,7.856905884877966040e-01,5.601091147911373830e-02,5.601091147911374524e-02
5.475000000000000977e-01,4.261490219475093255e+01,3.952814902194754268e+03,7.857005775375421885e-01,5.601122125413820346e-02,5.601122125413819652e-02
5.550000000000000488e-01,4.350192504863012033e+01,4.033501925048633893e+03,7.857026232147170663e-01,5.601142245475982523e-02,5.601142245475982523e-02
5.625000000000000000e-01,4.438896149886949161e+01,4.114188961498873141e+03,7.856966599969236187e-01,5.601154421263294936e-02,5.601154421263294936e-02
5.700000000000000622e-01,4.527600171497977044e+01,4.194876001714983431e+03,7.856826133658485478e-01,5.601168516878487352e-02,5.601168516878487352e-02
5.775000000000000133e-01,4.616302740234741719e+01,4.275563027402351508e+03,7.856603816739395896e-01,5.601199446241963281e-02,5.601199446241965363e-02
5.850000000000000755e-01,4.705000621834017238e+01,4.356250006218344424e+03,7.856546615469328643e-01,5.601267119293729113e-02,5.601267119293729113e-02
5.925000000000000266e-01,4.793690709787566817e+01,4.436936907097880066e+03,7.856776148431753315e-01,5.601409301453603301e-02,5.601409301453600525e-02
6.000000000000000888e-01,4.882374423986976097e+01,4.517623744239874213e+03,7.856917994690171270e-01,5.601624224877777697e-02,5.601624224877779085e-02
6.075000000000000400e-01,4.971048842422812442e+01,4.598310488424232972e+03,7.856959699802190666e-01,5.601942279345999143e-02,5.601942279345999837e-02
6.150000000000001021e-01,5.059709403131864747e+01,4.678997094031323286e+03,7.856878299095219065e-01,5.602411740366115139e-02,5.602411740366115833e-02
6.225000000000000533e-01,5.148350381549980881e+01,4.759683503815504992e+03,7.856635581674370483e-01,5.603091199009364171e-02,5.603091199009364171e-02
6.300000000000000044e-01,5.236963987279526833e+01,4.840369639872800690e+03,7.856174386493952611e-01,5.604056218166189596e-02,5.604056218166191677e-02
6.375000000000000666e-01,5.325541639549022932e+01,4.921055416395495740e+03,7.855417146473145928e-01,5.605384415736551496e-02,5.605384415736549414e-02
6.450000000000000178e-01,5.414071364687233512e+01,5.001740713646878248e+03,7.854965686378017065e-01,5.607167404591421878e-02,5.607167404591421878e-02
6.525000000000000799e-01,5.502545659092543673e+01,5.082425456590931390e+03,7.854089161610091629e-01,5.609475328513260917e-02,5.609475328513260917e-02
6.600000000000000311e-01,5.590956826783818912e+01,5.163109568267844224e+03,7.852639068761855246e-01,5.612378536377280597e-02,5.612378536377281291e-02
6.675000000000000933e-01,5.679294849496115916e+01,5.243792948494967277e+03,7.850483729398031185e-01,5.615952065351390715e-02,5.615952065351391409e-02
6.750000000000000444e-01,5.767548828097161362e+01,5.324475488280978425e+03,7.847481180297846137e-01,5.620269164584322519e-02,5.620269164584321825e-02
6.825000000000001066e-01,5.855707541226619384e+01,5.405157075412273116e+03,7.843862772022677232e-01,5.625396999994930480e-02,5.625396999994930480e-02
6.900000000000000577e-01,5.943759203848578210e+01,5.485837592038492403e+03,7.839861542912597292e-01,5.631397686288189958e-02,5.631397686288191345e-02
6.975000000000000089e-01,6.031692568388680797e+01,5.566516925683893533e+03,7.834671063268252578e-01,5.638315962609594806e-02,5.638315962609596194e-02
7.050000000000000711e-01,6.119493072327087191e+01,5.647194930723278048e+03,7.828141336794910421e-01,5.646198176150701853e-02,5.646198176150701159e-02
7.125000000000000222e-01,6.207156021089105735e+01,5.727871560210898679e+03,7.820782197183061557e-01,5.655036490171704705e-02,5.655036490171704705e-02
7.200000000000000844e-01,6.294673316271605756e+01,5.808546733162723285e+03,7.812698877526960128e-01,5.664828737150073845e-02,5.664828737150073151e-02
7.275000000000000355e-01,6.382037215992410495e+01,5.889220372159931685e+03,7.802954258214294114e-01,5.675558690634301129e-02,5.675558690634299741e-02
7.350000000000000977e-01,6.469239434245773168e+01,5.969892394342466105e+03,7.792180216761552813e-01,5.687205527450654718e-02,5.687205527450655412e-02
7.425000000000000488e-01,6.556272619717512384e+01,6.050562726197183110e+03,7.780585675391035183e-01,5.699734266834135393e-02,5.699734266834135393e-02
7.500000000000001110e-01,6.643129239621909221e+01,6.131231292396227218e+03,7.766974233972266939e-01,5.713106393619709483e-02,5.713106393619710177e-02
7.575000000000000622e-01,6.729801657128412273e+01,6.211898016571292828e+03,7.753244458789438909e-01,5.727272620014740162e-02,5.727272620014740162e-02
7.650000000000000133e-01,6.816282553383815923e+01,6.292562825533846990e+03,7.737437843541918880e-01,5.742165509606934198e-02,5.742165509606934198e-02
7.725000000000000755e-01,6.902572498386442135e+01,6.373225724983873079e+03,7.721135494113647857e-01,5.757689118755541374e-02,5.757689118755542068e-02
7.800000000000000266e-01,6.988667793732884093e+01,6.453886677937338391e+03,7.702924643537798488e-01,5.773762280317759621e-02,5.773762280317759621e-02
7.875000000000000888e-01,7.074564913731781246e+01,6.534545649137327018e+03,7.684386070699608107e-01,5.790272657346966917e-02,5.790272657346967611e-02
7.950000000000000400e-01,7.160260284699020872e+01,6.615202602846999980e+03,7.663769012077623621e-01,5.807133605747295813e-02,5.807133605747296506e-02
8.025000000000001021e-01,7.245749413794347049e+01,6.695857494137952926e+03,7.642993720177321260e-01,5.824269277647022014e-02,5.824269277647023402e-02
8.100000000000000533e-01,7.331026521030669585e+01,6.776510265210316902e+03,7.620678810616658971e-01,5.841606438761130782e-02,5.841606438761131476e-02
8.175000000000001155e-01,7.416085760780065073e+01,6.857160857607810613e+03,7.596767725989206355e-01,5.859073916086484507e-02,5.859073916086485201e-02
8.250000000000000666e-01,7.500930366769610202e+01,6.937809303667706445e+03,7.572931208878053155e-01,5.876566643060405354e-02,5.876566643060403966e-02
8.325000000000000178e-01,7.585558346293110787e+01,7.018455583462941831e+03,7.547651580286177664e-01,5.894009426941645979e-02,5.894009426941645285e-02
8.400000000000000799e-01,7.669966866716943343e+01,7.099099668667179685e+03,7.521085244006727732e-01,5.911337645506796468e-02,5.911337645506795080e-02
8.475000000000000311e-01,7.754150832530389437e+01,7.179741508325314499e+03,7.493376186756256496e-01,5.928507509427315830e-02,5.928507509427317912e-02
8.550000000000000933e-01,7.838098071707443637e+01,7.260380980717085549e+03,7.465600329440407190e-01,5.945511418126209896e-02,5.945511418126209202e-02
8.625000000000000444e-01,7.921811001154141252e+01,7.341018110011552380e+03,7.436758323007602867e-01,5.962272269727857121e-02,5.962272269727856427e-02
8.700000000000001066e-01,2.529223170385560548e-01,7.341852922317049888e+03,7.406946246145432733e-01,5.978723065849984170e-02,5.978723065849983476e-02
8.775000000000000577e-01,1.085389475114674651e+00,7.422485389475125885e+03,7.376244287179403170e-01,5.994829731947339674e-02,5.994829731947338980e-02
8.850000000000001199e-01,1.915376144310947604e+00,7.503115376144322909e+03,7.344716966645311595e-01,6.010617872016368879e-02,6.010617872016369573e-02
8.925000000000000711e-01,2.742837115274913806e+00,7.583742837115286420e+03,7.312413349095470139e-01,6.026075903516482646e-02,6.026075903516482646e-02
9.000000000000000222e-01,3.567885187135575009e+00,7.664367885187147294e+03,7.279367227839580456e-01,6.041109240673176589e-02,6.041109240673175895e-02
9.075000000000000844e-01,4.390450016382567711e+00,7.744990450016394789e+03,7.245597268761057030e-01,6.055722542863518215e-02,6.055722542863518909e-02
9.150000000000000355e-01,5.210339368347463918e+00,7.825610339368359746e+03,7.211107102990983453e-01,6.069988669331863318e-02,6.069988669331862624e-02
9.225000000000000977e-01,6.027748436707512703e+00,7.906227748436720503e+03,7.175885363412184414e-01,6.083802206556959691e-02,6.083802206556961772e-02
9.300000000000000488e-01,6.842559339102488813e+00,7.986842559339114814e+03,7.139905666788981531e-01,6.097184856074905346e-02,6.097184856074903958e-02
9.375000000000001110e-01,7.654723879373151796e+00,8.067454723879385710e+03,7.103126551580154491e-01,6.110152000444068338e-02,6.110152000444069031e-02
9.450000000000000622e-01,8.464361352557846274e+00,8.148064361352570813e+03,7.065491390799878424e-01,6.122649375465064048e-02,6.122649375465064048e-02
9.525000000000001243e-01,9.271249814817801749e+00,8.228671249814829935e+03,7.027922048851693582e-01,6.134742630630251464e-02,6.134742630630251464e-02
9.600000000000000755e-01,1.007563732375883880e+01,8.309275637323769843e+03,6.989709764299071315e-01,6.146344604510679821e-02,6.146344604510680515e-02
9.675000000000000266e-01,1.087725675417051185e+01,8.389877256754181872e+03,6.950578551450978804e-01,6.157537617780870637e-02,6.157537617780870637e-02
9.750000000000000888e-01,1.167634796569372391e+01,8.470476347965703098e+03,6.910415997007124389e-01,6.168239612788325305e-02,6.168239612788324611e-02
9.825000000000000400e-01,1.247275967604158886e+01,8.551072759676051646e+03,6.869955130456185666e-01,6.178485501433771121e-02,6.178485501433773203e-02
9.900000000000001021e-01,1.326653249283266511e+01,8.631666532492841725e+03,6.829376991542039921e-01,6.188285284308575607e-02,6.188285284308575607e-02
9.975000000000000533e-01,1.405780757080707488e+01,8.712257807570815203e+03,6.787555744525137769e-01,6.197546120387192187e-02,6.197546120387192187e-02
1.005000000000000115e+00,1.484633368983676505e+01,8.792846333689843959e+03,6.744933968762190091e-01,6.206408130963692732e-02,6.206408130963692732e-02
1.012500000000000178e+00,1.563232367354146213e+01,8.873432323673547216e+03,6.702660454574628224e-01,6.214754244358312862e-02,6.214754244358312862e-02
1.020000000000000018e+00,1.641580359141656231e+01,8.954015803591422809e+03,6.658826368753593128e-01,6.222587356991110541e-02,6.222587356991109153e-02
1.027500000000000080e+00,1.719669792549247589e+01,9.034596697925497210e+03,6.614847001018958617e-01,6.229944374320615236e-02,6.229944374320615236e-02
1.035000000000000142e+00,1.797502561542680155e+01,9.115175025615431878e+03,6.570348447383325130e-01,6.236806653672538614e-02,6.236806653672538614e-02
1.042499999999999982e+00,1.875084714150471754e+01,9.195750847141507620e+03,6.524390203569256919e-01,6.243159242859634001e-02,6.243159242859634694e-02
1.050000000000000044e+00,1.952417615690492170e+01,9.276324176156907924e+03,6.479100823038670409e-01,6.249012176169176785e-02,6.249012176169178173e-02
1.057500000000000107e+00,2.029505869487313774e+01,9.356895058694875843e+03,6.431586049137992811e-01,6.254332552534097589e-02,6.254332552534097589e-02
1.065000000000000169e+00,2.106349608607580137e+01,9.437463496086076702e+03,6.385152363408830301e-01,6.259132180740069329e-02,6.259132180740069329e-02
1.072500000000000009e+00,2.182952288816481357e+01,9.518029522888165957e+03,6.336383652891621754e-01,6.263395384918511721e-02,6.263395384918511721e-02
1.080000000000000071e+00,2.259314897439826808e+01,9.598593148974397991e+03,6.288443199051995114e-01,6.267131090194863474e-02,6.267131090194860699e-02
1.087500000000000133e+00,2.335439510902258320e+01,9.679154395109022516e+03,6.238159274744228266e-01,6.270340884490217814e-02,6.270340884490217814e-02
1.095000000000000195e+00,2.411330729636154757e+01,9.759713307296360654e+03,6.188800275297988707e-01,6.273004489688945029e-02,6.273004489688946417e-02
1.102500000000000036e+00,2.486990897438689174e+01,9.840269908974385544e+03,6.136706744187451212e-01,6.275123519207986833e-02,6.275123519207985445e-02
1.110000000000000098e+00,2.562422949977903031e+01,9.920824229499776266e+03,6.085958520131383720e-01,6.276695063133282126e-02,6.276695063133284902e-02
1.117500000000000160e+00,2.637629560858422195e+01,1.000137629560858113e+04,6.032416229747663561e-01,6.277711386979654973e-02,6.277711386979653585e-02
1.125000000000000000e+00,2.712615141406457653e+01,1.008192615141405986e+04,5.979591062408543545e-01,6.278166012509403537e-02,6.278166012509404925e-02
1.132500000000000062e+00,2.787372456132856513e+01,1.016247372456132325e+04,5.924561793567049151e-01,6.278097874817359370e-02,6.278097874817359370e-02
1.140000000000000124e+00,2.861913590481080405e+01,1.024301913590480581e+04,5.869350259260526226e-01,6.277470306521490406e-02,6.277470306521491794e-02
1.147500000000000187e+00,2.936243896631157213e+01,1.032356243896630440e+04,5.812774742966630992e-01,6.276270795056670959e-02,6.276270795056670959e-02
1.155000000000000027e+00,3.010364704366072530e+01,1.040410364704365384e+04,5.754918672065275631e-01,6.274504151839610522e-02,6.274504151839613297e-02
1.162500000000000089e+00,3.084265869750635147e+01,1.048464265869749761e+04,5.696760527335891222e-01,6.272218229225659525e-02,6.272218229225659525e-02
1.170000000000000151e+00,3.157968223505634953e+01,1.056517968223504795e+04,5.636066659806875379e-01,6.269343485857754861e-02,6.269343485857753473e-02
1.177499999999999991e+00,3.231467494753018599e+01,1.064571467494752142e+04,5.576342779479329659e-01,6.265905810552573063e-02,6.265905810552571675e-02
1.185000000000000053e+00,3.304760978578819675e+01,1.072624760978577797e+04,5.513173870316252501e-01,6.261932655581400886e-02,6.261932655581399498e-02
1.192500000000000115e+00,3.377864956562020637e+01,1.080677864956560916e+04,5.451518267366169956e-01,6.257377635200193911e-02,6.257377635200192523e-02
1.200000000000000178e+00,3.450761849984062479e+01,1.088730761849982810e+04,5.386885408279943332e-01,6.252305570172292382e-02,6.252305570172295157e-02
1.207500000000000018e+00,3.523480388171849853e+01,1.096783480388170574e+04,5.322506496579403334e-01,6.246621178160262355e-02,6.246621178160263049e-02
1.215000000000000080e+00,3.595994856040028509e+01,1.104835994856038633e+04,5.256686042257063818e-01,6.240449256182559190e-02,6.240449256182560578e-02
1.222500000000000142e+00,3.668333844973170699e+01,1.112888333844971748e+04,5.189792965484091303e-01,6.233684134683741690e-02,6.233684134683741690e-02
1.230000000000000204e+00,3.740481255846891884e+01,1.120940481255845407e+04,5.123170613810289487e-01,6.226388502410361986e-02,6.226388502410363374e-02
1.237500000000000044e+00,3.812451447321434728e+01,1.128992451447319945e+04,5.054164631759230364e-01,6.218546814422676317e-02,6.218546814422676317e-02
1.245000000000000107e+00,3.884247112701800120e+01,1.137044247112700214e+04,4.987228447518860519e-01,6.210136609164788185e-02,6.210136609164786797e-02
1.252500000000000169e+00,3.955859691768987574e+01,1.145095859691767328e+04,4.917286472220902538e-01,6.201216499279863653e-02,6.201216499279862265e-02
1.260000000000000009e+00,4.027305649962580247e+01,1.153147305649960799e+04,4.850061468358594086e-01,6.191732806971939757e-02,6.191732806971941144e-02
1.267500000000000071e+00,4.098585850028639754e+01,1.161198585850026757e+04,4.780781573237246063e-01,6.181696427342135702e-02,6.181696427342137090e-02
1.275000000000000133e+00,4.169688497590161802e+01,1.169249688497588249e+04,4.713179691715040365e-01,6.171161541327194883e-02,6.171161541327193495e-02
1.282500000000000195e+00,4.240634152704528503e+01,1.177300634152702514e+04,4.645266532439530915e-01,6.160065129448934196e-02,6.160065129448934196e-02
1.290000000000000036e+00,4.311421197921119131e+01,1.185351421197919080e+04,4.578358010306912695e-01,6.148425723128746884e-02,6.148425723128747578e-02
1.297500000000000098e+00,4.382053769817726163e+01,1.193402053769815575e+04,4.512548127533795861e-01,6.136244923944315921e-02,6.136244923944315227e-02
1.305000000000000160e+00,4.452523337729166286e+01,1.201452523337726961e+04,4.447540488439873929e-01,6.123550576508077908e-02,6.123550576508077908e-02
1.312500000000000000e+00,4.522842945975360607e+01,1.209502842945973134e+04,4.384566848656211158e-01,6.110327004020688763e-02,6.110327004020689456e-02
1.320000000000000062e+00,4.593018009116143219e+01,1.217553018009113839e+04,4.322688507255779689e-01,6.096545987931840244e-02,6.096545987931840244e-02
1.327500000000000124e+00,4.663049412535076499e+01,1.225603049412532710e+04,4.263233495800263784e-01,6.082225821305067837e-02,6.082225821305068530e-02
1.335000000000000187e+00,4.732940530609552354e+01,1.233652940530607157e+04,4.205585268508167940e-01,6.067363527034358439e-02,6.067363527034357745e-02
1.342500000000000027e+00,4.802694805517599974e+01,1.241702694805515057e+04,4.150225539822139376e-01,6.051949465282246282e-02,6.051949465282246976e-02
1.350000000000000089e+00,4.872315669349044498e+01,1.249752315669346353e+04,4.097625941939309069e-01,6.035987704983785535e-02,6.035987704983784841e-02
1.357500000000000151e+00,4.941806864219839923e+01,1.257801806864217178e+04,4.046777290867017429e-01,6.019478183601170013e-02,6.019478183601169319e-02
1.365000000000000213e+00,5.011172493908598824e+01,1.265851172493905869e+04,3.999632870022573616e-01,6.002404417724563346e-02,6.002404417724561264e-02
1.372500000000000053e+00,5.080416930605200321e+01,1.273900416930602296e+04,3.953818503366772763e-01,5.984759330305308017e-02,5.984759330305307323e-02
1.380000000000000115e+00,5.149545386845711192e+01,1.281949545386842874e+04,3.911732951202879782e-01,5.966534143121747513e-02,5.966534143121748901e-02
1.387500000000000178e+00,5.218563296085447689e+01,1.289998563296082466e+04,3.871075766699564324e-01,5.947716826780014704e-02,5.947716826780015398e-02
1.395000000000000018e+00,5.287475327728254371e+01,1.298047475327725260e+04,3.833318106822441451e-01,5.928296159331734871e-02,5.928296159331734871e-02
1.402500000000000080e+00,5.356287806635313586e+01,1.306096287806632245e+04,3.796880337163980879e-01,5.908253957769383363e-02,5.908253957769383363e-02
1.410000000000000142e+00,5.425007107051460054e+01,1.314145007107048332e+04,3.763080967823585476e-01,5.887572691427519350e-02,5.887572691427519350e-02
1.417500000000000204e+00,5.493641698571694576e+01,1.322193641698568354e+04,3.730101631014599017e-01,5.866223254588757291e-02,5.866223254588755209e-02
1.425000000000000044e+00,5.562200132199139802e+01,1.330242200132195831e+04,3.699068725932456725e-01,5.844184443840289706e-02,5.844184443840288318e-02
1.432500000000000107e+00,5.630691919181480642e+01,1.338290691919178062e+04,3.669417053689458252e-01,5.821428867945812463e-02,5.821428867945813157e-02
1.440000000000000169e+00,5.699128671825150860e+01,1.346339128671821709e+04,3.640536216781354306e-01,5.797916000865874220e-02,5.797916000865872832e-02
1.447500000000000009e+00,5.767507298401168470e+01,1.354387507298397577e+04,3.612424270979201490e-01,5.773644776519820665e-02,5.773644776519820665e-02
1.455000000000000071e+00,5.835852893218547166e+01,1.362435852893214906e+04,3.585065920669932571e-01,5.748541101384350982e-02,5.748541101384350982e-02
1.462500000000000133e+00,5.904179705257194399e+01,1.370484179705253518e+04,3.558430712527232420e-01,5.722560534957964185e-02,5.722560534957964878e-02
1.470000000000000195e+00,5.972506182803995500e+01,1.378532506182800171e+04,3.532541302041622422e-01,5.695638285030420189e-02,5.695638285030420189e-02
1.477500000000000036e+00,6.040857793437189827e+01,1.386580857793433279e+04,3.507126711719582013e-01,5.667684372996498882e-02,5.667684372996498882e-02
1.485000000000000098e+00,6.109243401295366738e+01,1.394629243401291387e+04,3.482319802014400834e-01,5.638678637078440442e-02,5.638678637078440442e-02
1.492500000000000160e+00,6.177691787756628372e+01,1.402677691787752701e+04,3.457968597618527040e-01,5.608525413792758013e-02,5.608525413792760789e-02
1.500000000000000222e+00,6.246246297334455022e+01,1.410726246297330363e+04,3.433990244228046218e-01,5.577080153397826617e-02,5.577080153397828005e-02
1.507500000000000062e+00,6.314942805345127397e+01,1.418774942805341016e+04,3.410306867382085216e-01,5.544250162855384606e-02,5.544250162855383218e-02
1.515000000000000124e+00,6.383833484976280914e+01,1.426823833484972056e+04,3.386847837723443444e-01,5.509877954599116945e-02,5.509877954599116945e-02
1.522500000000000187e+00,6.452958546763608183e+01,1.434872958546759401e+04,3.363549231587068533e-01,5.473837520062810325e-02,5.473837520062808937e-02
1.530000000000000027e+00,6.522401987589293526e+01,1.442922401987584999e+04,3.340351769819058236e-01,5.435915252851006990e-02,5.435915252851006990e-02
1.537500000000000089e+00,6.592260557415119138e+01,1.450972260557410664e+04,3.317198428960174139e-01,5.395845160961845050e-02,5.395845160961845050e-02
1.545000000000000151e+00,6.662649980704863140e+01,1.459022649980700407e+04,3.294032342949925196e-01,5.353333544688965162e-02,5.353333544688965162e-02
1.552500000000000213e+00,6.733720791362907221e+01,1.467073720791358392e+04,3.272530230353322689e-01,5.308023291376377795e-02,5.308023291376377795e-02
1.560000000000000053e+00,6.805673244361325658e+01,1.475125673244356585e+04,3.251023664546340841e-01,5.259431070083709497e-02,5.259431070083710191e-02
1.567500000000000115e+00,6.878760047675496025e+01,1.483178760047670767e+04,3.229433298768703553e-01,5.207020841874604455e-02,5.207020841874604455e-02
1.575000000000000178e+00,6.953310599418539084e+01,1.491233310599413744e+04,3.207688129740751681e-01,5.150123241745964420e-02,5.150123241745964420e-02
1.582500000000000240e+00,7.029744793478397469e+01,1.499289744793473437e+04,3.185713474261611666e-01,5.087989003389695869e-02,5.087989003389695869e-02
1.590000000000000080e+00,7.108598249560337479e+01,1.507348598249555471e+04,3.165612005623472669e-01,5.019800258710511304e-02,5.019800258710511998e-02
1.597500000000000142e+00,7.190631564595423697e+01,1.515410631564590403e+04,3.145470712934506641e-01,4.944445490755778466e-02,4.944445490755778466e-02
1.605000000000000204e+00,7.276756776016641481e+01,1.523476756776011462e+04,3.124956376154286453e-01,4.860988334640776315e-02,4.860988334640777009e-02
1.612500000000000044e+00,7.367456684902050768e+01,1.531547456684896861e+04,3.103973510997286023e-01,4.770204231911589349e-02,4.770204231911587267e-02
1.620000000000000107e+00,7.461011936655731347e+01,1.539621011936650575e+04,3.084850002471942187e-01,4.678630879383935404e-02,4.678630879383934710e-02
1.627500000000000169e+00,7.550326007648537541e+01,1.547690326007643307e+04,3.065763507168306479e-01,4.603403469343664983e-02,4.603403469343664983e-02
1.635000000000000231e+00,7.629241947541915181e+01,1.555749241947536575e+04,3.045993567356093945e-01,4.554709867711976418e-02,4.554709867711977805e-02
1.642500000000000071e+00,7.702613214474762060e+01,1.563802613214469238e+04,3.026395594693232494e-01,4.519454426563545429e-02,4.519454426563546123e-02
1.650000000000000133e+00,7.773478644649654257e+01,1.571853478644644201e+04,3.008578913559925017e-01,4.490548942825250273e-02,4.490548942825250966e-02
1.657500000000000195e+00,7.842968438594596137e+01,1.579902968438589050e+04,2.989800083178746903e-01,4.465312859437853277e-02,4.465312859437851889e-02
1.665000000000000036e+00,7.911587634402405911e+01,1.587951587634396674e+04,2.970461981388832773e-01,4.442498578571651285e-02,4.442498578571651285e-02
1.672500000000000098e+00,7.979598838740963629e+01,1.595999598838735255e+04,2.953603564061832443e-01,4.421374146712100245e-02,4.421374146712100245e-02
1.680000000000000160e+00,6.715338330619635698e-01,1.596067153383300320e+04,2.935428258916002453e-01,4.401529652508962692e-02,4.401529652508962692e-02
1.687500000000000222e+00,1.343666613607215732e+00,1.604114366661354870e+04,2.917105680450427507e-01,4.382625867100811007e-02,4.382625867100810313e-02
1.695000000000000062e+00,2.013207957475372289e+00,1.612161320795741631e+04,2.900708947364015744e-01,4.364403188286535007e-02,4.364403188286534313e-02
1.702500000000000124e+00,2.680747697338715430e+00,1.620208074769727864e+04,2.882550644080614233e-01,4.346625476003915245e-02,4.346625476003913857e-02
1.710000000000000187e+00,3.346605962859682926e+00,1.628254660596279791e+04,2.865997307389446247e-01,4.329225050583920126e-02,4.329225050583920820e-02
1.717500000000000249e+00,4.011200694303409087e+00,1.636301120069424178e+04,2.849352615980753622e-01,4.312000553936162772e-02,4.312000553936162772e-02
1.725000000000000089e+00,4.674671588734441663e+00,1.644347467158867221e+04,2.831532037281999092e-01,4.294930462922019743e-02,4.294930462922019743e-02
1.732500000000000151e+00,5.337062053335886347e+00,1.652393706205327180e+04,2.816349469196942623e-01,4.277998577696959931e-02,4.277998577696959931e-02
1.740000000000000213e+00,5.998524343350764454e+00,1.660439852434328714e+04,2.798557472550243230e-01,4.261138885116282776e-02,4.261138885116282776e-02
1.747500000000000053e+00,6.659029272603254945e+00,1.668485902927253846e+04,2.783718733813779211e-01,4.244375482846618475e-02,4.244375482846617781e-02
1.755000000000000115e+00,7.318547011743222086e+00,1.676531854701167686e+04,2.766946442836616393e-01,4.227711148860905516e-02,4.227711148860904822e-02
1.762500000000000178e+00,7.977178343580410669e+00,1.684577717834351279e+04,2.751610218399427321e-01,4.211121813822552712e-02,4.211121813822552018e-02
1.770000000000000240e+00,8.634893759827145132e+00,1.692623489375975987e+04,2.735702844549714463e-01,4.194599901252970414e-02,4.194599901252970414e-02
1.777500000000000080e+00,9.291659973778140014e+00,1.700669165997370874e+04,2.720141123339565037e-01,4.178174057095426080e-02,4.178174057095427468e-02
1.785000000000000142e+00,9.947548983359878250e+00,1.708714754898329193e+04,2.704907736834812892e-01,4.161825733458401205e-02,4.161825733458399817e-02
1.792500000000000204e+00,1.060252505318973171e+01,1.716760252505312019e+04,2.689392054847590807e-01,4.145547050692261620e-02,4.145547050692261620e-02
1.800000000000000044e+00,1.125656172502606367e+01,1.724805656172495583e+04,2.674606880333870729e-01,4.129371514417204403e-02,4.129371514417203709e-02
1.807500000000000107e+00,1.190969406866676117e+01,1.732850969406859440e+04,2.659403844299586539e-01,4.113274007129595622e-02,4.113274007129594234e-02
1.815000000000000169e+00,1.256189820554324754e+01,1.740896189820547079e+04,2.644807713167566798e-01,4.097253425949445166e-02,4.097253425949445166e-02
1.822500000000000231e+00,1.321307665223998384e+01,1.748941307665216664e+04,2.630175044978796395e-01,4.081367640636677369e-02,4.081367640636677369e-02
1.830000000000000071e+00,1.386342472609318044e+01,1.756986342472601973e+04,2.615476928134488621e-01,4.065527914992893982e-02,4.065527914992893982e-02
1.837500000000000133e+00,1.451291601120025199e+01,1.765031291601112753e+04,2.601660068402262826e-01,4.049769461150131561e-02,4.049769461150131561e-02
1.845000000000000195e+00,1.516143843329040841e+01,1.773076143843321552e+04,2.586538724390460287e-01,4.034124401918619957e-02,4.034124401918619957e-02
1.852500000000000258e+00,1.580894879421698462e+01,1.781120894879414118e+04,2.573768007038922390e-01,4.018574144317364066e-02,4.018574144317362679e-02
1.860000000000000098e+00,1.645567154595005732e+01,1.789165567154587552e+04,2.557873763088907015e-01,4.003084717919110080e-02,4.003084717919110774e-02
1.867500000000000160e+00,1.710145262935392907e+01,1.797210145262927836e+04,2.546362194092670062e-01,3.987712129173460324e-02,3.987712129173460324e-02
1.875000000000000222e+00,1.774635538146593561e+01,1.805254635538138973e+04,2.531482245673090659e-01,3.972409682117446217e-02,3.972409682117446911e-02
1.882500000000000062e+00,1.839032132237824868e+01,1.813299032132230059e+04,2.519260488524761032e-01,3.957201057048610054e-02,3.957201057048610054e-02
1.890000000000000124e+00,1.903346464956103645e+01,1.821343346464948263e+04,2.506062213297537422e-01,3.942078557794462951e-02,3.942078557794462257e-02
1.897500000000000187e+00,1.967571757162360058e+01,1.829387571757154365e+04,2.492236185840037144e-01,3.927051001341553410e-02,3.927051001341553410e-02
1.905000000000000249e+00,2.031712959304539012e+01,1.837431712959296419e+04,2.480897592377605543e-01,3.912087542198641049e-02,3.912087542198640355e-02
1.912500000000000089e+00,2.095772978975308121e+01,1.845475772978967143e+04,2.466556593918763918e-01,3.897209254930261019e-02,3.897209254930261019e-02
1.920000000000000151e+00,2.159749481018730322e+01,1.853519749481010513e+04,2.455696067658357518e-01,3.882427029100987692e-02,3.882427029100988386e-02
1.927500000000000213e+00,2.223640303471959356e+01,1.861563640303463762e+04,2.443625503455423842e-01,3.867724869909155289e-02,3.867724869909155982e-02
1.935000000000000053e+00,2.287466026005236586e+01,1.869607466025996837e+04,2.430124695779000144e-01,3.853063472802607109e-02,3.853063472802607803e-02
1.942500000000000115e+00,2.351204190014260931e+01,1.877651204190005956e+04,2.420456781179091132e-01,3.838509949855861692e-02,3.838509949855861692e-02
1.950000000000000178e+00,2.414878309256140199e+01,1.885694878309247724e+04,2.408242326712796422e-01,3.824020955002561950e-02,3.824020955002562644e-02
1.957500000000000240e+00,2.478472571688168458e+01,1.893738472571679813e+04,2.396657422529746839e-01,3.809606794281524683e-02,3.809606794281526071e-02
1.965000000000000080e+00,2.542002846274044714e+01,1.901782002846265459e+04,2.387226548480626820e-01,3.795258328140469622e-02,3.795258328140468929e-02
1.972500000000000142e+00,2.605458056245289811e+01,1.909825458056236675e+04,2.375490367090032640e-01,3.781002955892609485e-02,3.781002955892610179e-02
1.980000000000000204e+00,2.668847032602243630e+01,1.917868847032593476e+04,2.365238124472502645e-01,3.766855782280636999e-02,3.766855782280637693e-02
1.987500000000000266e+00,2.732162252402466507e+01,1.925912162252393682e+04,2.356654627679148073e-01,3.752795258478960894e-02,3.752795258478961588e-02
1.995000000000000107e+00,2.795423583728038963e+01,1.933955423583719312e+04,2.346046728252211278e-01,3.738820000124470216e-02,3.738820000124470910e-02
2.002499999999999947e+00,2.858596446477593034e+01,1.941998596446468582e+04,2.336430482987844059e-01,3.725003769898720118e-02,3.725003769898720118e-02
2.010000000000000231e+00,2.921722881565361263e+01,1.950041722881556416e+04,2.329329280750721543e-01,3.711296992732903560e-02,3.711296992732903560e-02
2.017500000000000071e+00,2.984763297218854561e+01,1.958084763297209793e+04,2.320523328268521701e-01,3.697773636072692466e-02,3.697773636072693854e-02
2.025000000000000355e+00,3.047749768627508615e+01,1.966127749768618378e+04,2.310749787882089012e-01,3.684383687019027187e-02,3.684383687019028575e-02
2.032500000000000195e+00,3.110666253551606175e+01,1.974170666253542367e+04,2.305789863644722160e-01,3.671182137549462710e-02,3.671182137549462710e-02
2.040000000000000036e+00,3.173512442609746387e+01,1.982213512442600404e+04,2.299483233910018520e-01,3.658194928491851489e-02,3.658194928491851489e-02
2.047500000000000320e+00,3.236299296116304447e+01,1.990256299296106954e+04,2.291896425511981972e-01,3.645449347747958813e-02,3.645449347747958813e-02
2.055000000000000160e+00,3.299002166323382568e+01,1.998299002166313949e+04,2.286556967046076971e-01,3.632972925282957483e-02,3.632972925282958176e-02
2.062500000000000000e+00,3.361652742899747892e+01,2.006341652742890074e+04,2.283474007445020215e-01,3.620747243854569725e-02,3.620747243854567643e-02
2.070000000000000284e+00,3.424231731022213410e+01,2.014384231731012551e+04,2.279541758484853187e-01,3.608852002608597259e-02,3.608852002608597259e-02
2.077500000000000124e+00,3.486731485470505731e+01,2.022426731485460914e+04,2.274877259166697419e-01,3.597330311769506017e-02,3.597330311769506017e-02
2.084999999999999964e+00,3.549168924197891783e+01,2.030469168924188125e+04,2.273073070755325664e-01,3.586197792943639218e-02,3.586197792943639218e-02
2.092500000000000249e+00,3.611536797801011289e+01,2.038511536797791268e+04,2.273585187650176698e-01,3.575496039598431708e-02,3.575496039598431014e-02
2.100000000000000089e+00,3.673828887239364605e+01,2.046553828887229611e+04,2.273868565385462892e-01,3.565269019993504845e-02,3.565269019993504152e-02
2.107500000000000373e+00,3.736043667736495166e+01,2.054596043667726553e+04,2.274095312428816851e-01,3.555586871069525007e-02,3.555586871069525007e-02
2.115000000000000213e+00,3.798188374324230665e+01,2.062638188374314268e+04,2.274696043847698745e-01,3.546489910428808623e-02,3.546489910428808623e-02
2.122500000000000053e+00,3.860251728145367878e+01,2.070680251728135408e+04,2.280752708437618903e-01,3.538052244911005229e-02,3.538052244911004535e-02
2.130000000000000338e+00,3.922238341153234131e+01,2.078722238341143020e+04,2.287308193280525037e-01,3.530319341073526185e-02,3.530319341073525491e-02
2.137500000000000178e+00,3.984144271948477467e+01,2.086764144271938130e+04,2.294582163374328798e-01,3.523360157368626150e-02,3.523360157368625456e-02
2.145000000000000018e+00,4.045958858763044219e+01,2.094805958858752638e+04,2.302810405065768840e-01,3.517269287059938965e-02,3.517269287059938965e-02
2.152500000000000302e+00,4.107687272145972912e+01,2.102847687272135590e+04,2.312243271547839152e-01,3.512118611671339458e-02,3.512118611671340151e-02
2.160000000000000142e+00,4.169325169340520176e+01,2.110889325169330186e+04,2.324783903957713116e-01,3.508000804276954071e-02,3.508000804276954071e-02
2.167499999999999982e+00,4.230871552548375547e+01,2.118930871552537792e+04,2.341189428175606824e-01,3.504960730302390803e-02,3.504960730302390109e-02
2.175000000000000266e+00,4.292315174576810932e+01,2.126972315174566029e+04,2.359330855375260938e-01,3.503122096323670054e-02,3.503122096323668666e-02
2.182500000000000107e+00,4.353654271216863236e+01,2.135013654271206178e+04,2.379442779685097265e-01,3.502584813715269030e-02,3.502584813715269724e-02
2.190000000000000391e+00,4.414883156032770017e+01,2.143054883156021970e+04,2.401750183134392369e-01,3.503455283067168080e-02,3.503455283067168080e-02
2.197500000000000231e+00,4.475998612695150314e+01,2.151095998612684343e+04,2.426460817038656737e-01,3.505793210344076982e-02,3.505793210344076982e-02
2.205000000000000071e+00,4.536992605734998563e+01,2.159136992605723935e+04,2.453756698788041868e-01,3.509715151522815879e-02,3.509715151522815879e-02
2.212500000000000355e+00,4.597859865566654491e+01,2.167177859865555729e+04,2.483785119319698032e-01,3.515336809791050343e-02,3.515336809791049649e-02
2.220000000000000195e+00,4.658592940585691622e+01,2.175218592940574672e+04,2.516649795282021596e-01,3.522765962562589975e-02,3.522765962562591363e-02
2.227500000000000036e+00,4.719182471103808751e+01,2.183259182471092572e+04,2.552403092640857518e-01,3.532067648211292821e-02,3.532067648211292821e-02
2.235000000000000320e+00,4.779616220625152323e+01,2.191299616220613825e+04,2.591040574682644815e-01,3.543380082595456310e-02,3.543380082595455616e-02
2.242500000000000160e+00,4.839859084231190423e+01,2.199339859084220006e+04,2.632499458826608740e-01,3.556790934212242239e-02,3.556790934212242239e-02
2.250000000000000000e+00,4.899904343629902570e+01,2.207379904343618546e+04,2.676662695539665515e-01,3.572317334403953687e-02,3.572317334403953687e-02
2.257500000000000284e+00,4.959742957675218378e+01,2.215419742957663766e+04,2.723369104550588671e-01,3.590057909179605183e-02,3.590057909179605183e-02
2.265000000000000124e+00,5.019348738028417500e+01,2.223459348738017070e+04,2.772424985882914195e-01,3.610037227481005528e-02,3.610037227481005528e-02
2.272499999999999964e+00,5.078720934876167803e+01,2.231498720934864468e+04,2.823606215175673007e-01,3.632230580587812035e-02,3.632230580587812035e-02
2.280000000000000249e+00,5.137854740638135098e+01,2.239537854740626426e+04,2.876645366834335582e-01,3.656698608495499020e-02,3.656698608495499020e-02
2.287500000000000089e+00,5.196730466687298389e+01,2.247576730466675508e+04,2.931217008999252860e-01,3.683405607384335895e-02,3.683405607384336589e-02
2.295000000000000373e+00,5.255317652499384451e+01,2.255615317652487647e+04,2.986937457421349196e-01,3.712339894401503471e-02,3.712339894401502777e-02
2.302500000000000213e+00,5.313515869767446986e+01,2.263653515869755574e+04,3.043379062535904178e-01,3.743473817508605889e-02,3.743473817508605889e-02
2.310000000000000053e+00,5.371165678601645510e+01,2.271691165678589823e+04,3.100789951215914830e-01,3.776543480416443693e-02,3.776543480416444387e-02
2.317500000000000338e+00,5.428035645030133338e+01,2.279728035645018099e+04,3.160891824342274004e-01,3.811151843275580042e-02,3.811151843275580042e-02
2.325000000000000178e+00,5.483855616776850894e+01,2.287763855616764704e+04,3.220247053948595006e-01,3.846620032808225481e-02,3.846620032808226175e-02
2.332500000000000018e+00,5.538378571681809603e+01,2.295798378571669673e+04,3.278399336402890718e-01,3.882405698887327061e-02,3.882405698887326367e-02
2.340000000000000302e+00,5.591288433760052357e+01,2.303831288433747977e+04,3.334976673674155956e-01,3.917752585317828273e-02,3.917752585317828967e-02
2.347500000000000142e+00,5.642356909691655176e+01,2.311862356909679511e+04,3.393689890543629128e-01,3.952357101815994617e-02,3.952357101815995311e-02
2.354999999999999982e+00,5.691467238641828175e+01,2.319891467238629411e+04,3.450951963747115880e-01,3.986299484154416650e-02,3.986299484154416650e-02
2.362500000000000266e+00,5.738635925530681448e+01,2.327918635925518174e+04,3.507465916320315347e-01,4.020326247176925216e-02,4.020326247176926604e-02
2.370000000000000107e+00,5.784120293237536714e+01,2.335944120293224842e+04,3.566876609602881443e-01,4.055906350225782497e-02,4.055906350225783191e-02
2.377500000000000391e+00,5.828291562248224977e+01,2.343968291562235754e+04,3.626247430355801216e-01,4.094817146803286789e-02,4.094817146803286789e-02
2.385000000000000231e+00,5.871599153716126551e+01,2.351991599153703646e+04,3.688528125634376598e-01,4.138865819372288674e-02,4.138865819372288674e-02
2.392500000000000071e+00,5.914436789121242555e+01,2.360014436789108368e+04,3.753639627288024583e-01,4.189304027984869228e-02,4.189304027984870615e-02
2.400000000000000355e+00,5.957169682660773447e+01,2.368037169682647800e+04,3.820284713293032319e-01,4.247025346682127556e-02,4.247025346682127556e-02
2.407500000000000195e+00,6.000053175503588676e+01,2.376060053175490611e+04,3.891305575943965755e-01,4.312272708615363936e-02,4.312272708615363936e-02
2.415000000000000036e+00,6.043258139892483172e+01,2.384083258139879399e+04,3.965044649250490938e-01,4.384812840840213166e-02,4.384812840840213166e-02
2.422500000000000320e+00,6.086888178568036523e+01,2.392106888178555164e+04,4.038889121952737304e-01,4.464107422466812719e-02,4.464107422466812719e-02
2.430000000000000160e+00,6.131003199373392931e+01,2.400131003199360202e+04,4.115664344014672849e-01,4.549405363258321455e-02,4.549405363258321455e-02
2.437500000000000000e+00,6.175635528625947757e+01,2.408155635528612765e+04,4.188823840074094584e-01,4.639824913493205416e-02,4.639824913493206110e-02
2.445000000000000284e+00,6.220801313904795649e+01,2.416180801313891425e+04,4.261060220820137023e-01,4.734415582952816032e-02,4.734415582952816032e-02
2.452500000000000124e+00,6.266505242509936835e+01,2.424206505242496496e+04,4.326418720184042610e-01,4.832205105097785863e-02,4.832205105097785863e-02
2.460000000000000409e+00,6.312748594652706657e+01,2.432232748594639270e+04,4.384011018354767031e-01,4.932196485261563373e-02,4.932196485261563373e-02
2.467500000000000249e+00,6.359532869407085798e+01,2.440259532869393661e+04,4.432534508677838936e-01,5.033372066706283399e-02,5.033372066706283399e-02
2.475000000000000089e+00,6.406862685533656077e+01,2.448286862685520100e+04,4.470139060938813635e-01,5.134687102001433273e-02,5.134687102001433273e-02
2.482500000000000373e+00,6.454748455467766632e+01,2.456314748455454173e+04,4.494245008768024685e-01,5.235058737401359491e-02,5.235058737401359491e-02
2.490000000000000213e+00,6.503209139271724837e+01,2.464343209139258033e+04,4.506686239883436751e-01,5.333352484605762694e-02,5.333352484605761307e-02
2.497500000000000053e+00,6.552273359194694535e+01,2.472372273359181054e+04,4.504323984490304911e-01,5.428368635301387274e-02,5.428368635301385886e-02
2.505000000000000338e+00,6.601984140908554366e+01,2.480401984140894638e+04,4.490375502776545180e-01,5.518818379303705446e-02,5.518818379303705446e-02
2.512500000000000178e+00,6.652405994650140997e+01,2.488432405994636065e+04,4.467173853100195879e-01,5.603291905678009499e-02,5.603291905678011581e-02
2.520000000000000018e+00,6.703659321088017009e+01,2.496463659321074010e+04,4.436143098053418332e-01,5.680442880465751132e-02,5.680442880465751132e-02
2.527500000000000302e+00,6.755962787127313618e+01,2.504495962787113240e+04,4.404712740993331210e-01,5.749218021006668317e-02,5.749218021006669010e-02
2.535000000000000142e+00,6.809582326119311801e+01,2.512529582326105083e+04,4.378380196033018201e-01,5.808075048486099901e-02,5.808075048486099901e-02
2.542500000000000426e+00,6.864894417440402208e+01,2.520564894417426331e+04,4.362668102066687981e-01,5.855251866591599380e-02,5.855251866591600074e-02
2.550000000000000266e+00,6.922383388424083250e+01,2.528602383388409726e+04,4.361225564192942050e-01,5.888981049134785900e-02,5.888981049134785900e-02
2.557500000000000107e+00,6.982826865514658721e+01,2.536642826865500319e+04,4.370336759521468717e-01,5.908152467934296020e-02,5.908152467934296020e-02
2.565000000000000391e+00,7.047724374061229469e+01,2.544687724374046957e+04,4.386823466903800317e-01,5.909863161226849848e-02,5.909863161226849154e-02
2.572500000000000231e+00,7.118611662332284595e+01,2.552738611662317635e+04,4.410519466711691483e-01,5.892343499254093508e-02,5.892343499254091427e-02
2.580000000000000071e+00,7.199245270272599839e+01,2.560799245270257961e+04,4.435824018888372966e-01,5.851720523133518287e-02,5.851720523133518287e-02
2.587500000000000355e+00,7.294032288403543873e+01,2.568874032288388844e+04,4.465637720071268801e-01,5.789295306760521009e-02,5.789295306760523091e-02
2.595000000000000195e+00,7.409124486249690733e+01,2.576969124486235160e+04,4.496231742032972267e-01,5.707567856217642815e-02,5.707567856217642815e-02
2.602500000000000036e+00,7.514056891696597518e+01,2.585054056891681830e+04,4.527689670315073744e-01,5.638019921505158655e-02,5.638019921505158655e-02
2.610000000000000320e+00,7.608778235678089175e+01,2.593128778235663412e+04,4.560053530257986432e-01,5.582735896319660635e-02,5.590964475406295237e-02
2.617500000000000160e+00,7.697803517722235256e+01,2.601197803517707143e+04,4.593460336169187808e-01,5.540763072258356875e-02,5.606240617823859268e-02
2.625000000000000000e+00,7.782415903116533684e+01,2.609262415903101646e+04,4.627959739739857525e-01,5.511321954779664634e-02,5.641429507199213766e-02
2.632500000000000284e+00,7.863902264226234706e+01,2.617323902264211210e+04,4.662706983073231504e-01,5.491333564134406181e-02,5.681596628338159150e-02
2.640000000000000124e+00,7.943279502355805732e+01,2.625383279502340520e+04,4.697576041229344357e-01,5.477709965292917177e-02,5.710459393856223004e-02
2.647500000000000409e+00,4.115065417781684221e-01,2.625461150654162702e+04,4.732484103415515175e-01,5.468418770706506837e-02,5.704546217848638356e-02
2.655000000000000249e+00,1.178477347848627010e+00,2.633517847734769748e+04,4.767883261245146054e-01,5.462239587046439915e-02,5.695945413605182223e-02
2.662500000000000089e+00,1.935912548498019747e+00,2.641573591254834537e+04,4.803113838321921292e-01,5.458308594538740371e-02,5.690327043229820303e-02
2.670000000000000373e+00,2.684900091237747866e+00,2.649628490009108282e+04,4.837988948177454063e-01,5.456016065122777647e-02,5.687147942533984230e-02
2.677500000000000213e+00,3.426350078209041250e+00,2.657682635007805584e+04,4.872342732994724979e-01,5.454874328485754403e-02,5.685977926979844665e-02
2.685000000000000053e+00,4.160630638507390344e+00,2.665736063063835172e+04,4.906032934755158448e-01,5.454464094017626857e-02,5.686490547340952717e-02
2.692500000000000338e+00,4.887936700558708658e+00,2.673788793670040104e+04,4.938941507952008259e-01,5.454423321976010347e-02,5.688401834475863977e-02
2.700000000000000178e+00,5.608517216842533237e+00,2.681840851721668514e+04,4.970973808679816086e-01,5.454407702170671612e-02,5.691447619536930264e-02
2.707500000000000018e+00,6.322266136149286453e+00,2.689892226613599269e+04,5.002056814597741763e-01,5.454095571872301373e-02,5.695414626331944674e-02
2.715000000000000302e+00,7.029058139205881517e+00,2.697942905813904872e+04,5.032136745085755702e-01,5.453183344186159770e-02,5.700109153821575347e-02
2.722500000000000142e+00,7.728372424551184672e+00,2.705992837242439055e+04,5.061176370458332352e-01,5.451334036193413585e-02,5.705374269768413720e-02
2.730000000000000426e+00,8.419997513110960341e+00,2.714041999751295225e+04,5.089152227633105818e-01,5.448322041933683496e-02,5.711067078355858140e-02
2.737500000000000266e+00,9.103624663068503153e+00,2.722090362466290753e+04,5.116051898732900671e-01,5.443929063327085371e-02,5.717063142457051717e-02
2.745000000000000107e+00,9.778580708126231258e+00,2.730137858070796574e+04,5.141871458883577883e-01,5.437874406400348276e-02,5.723254369042802409e-02
2.752500000000000391e+00,1.044445741871881772e+01,2.738184445741855598e+04,5.166613159359245699e-01,5.429982943562235848e-02,5.729535190106410658e-02
2.760000000000000231e+00,1.110081115577777666e+01,2.746230081115561552e+04,5.190283381213477432e-01,5.420133604051761284e-02,5.735832741627483466e-02
2.767500000000000071e+00,1.174635762769752922e+01,2.754274635762753314e+04,5.212890871410864602e-01,5.408062272179598590e-02,5.742077571821740251e-02
2.775000000000000355e+00,1.238030360762489579e+01,2.762318030360745979e+04,5.234445256964461723e-01,5.393730251169936984e-02,5.748212747727594885e-02
2.782500000000000195e+00,1.300067544680802456e+01,2.770360067544664344e+04,5.254955821448554776e-01,5.376884004770327019e-02,5.754195844363106660e-02
2.790000000000000036e+00,1.360646494129324324e+01,2.778400646494112880e+04,5.274430521347661660e-01,5.357613174694836333e-02,5.759987624926487387e-02
2.797500000000000320e+00,1.419594726013520791e+01,2.786439594725996722e+04,5.292875216012686845e-01,5.335863199037421678e-02,5.765547347138400003e-02
2.805000000000000160e+00,1.476770254669971827e+01,2.794476770254653093e+04,5.310461384635514204e-01,5.311861857862336389e-02,5.770852644570668988e-02
2.812500000000000444e+00,1.531853681704914472e+01,2.802511853681688081e+04,5.328726734794463349e-01,5.285670133765928147e-02,5.775893826026329975e-02
2.820000000000000284e+00,1.584473277222298293e+01,2.810544473277205543e+04,5.346153011518079978e-01,5.257469390731021180e-02,5.780645347842166409e-02
2.827500000000000124e+00,1.634240702297756442e+01,2.818574240702280804e+04,5.362732484098573504e-01,5.227720865949445073e-02,5.785131102968049666e-02
2.835000000000000409e+00,1.680654755864568983e+01,2.826600654755847427e+04,5.378453845259786315e-01,5.196890943967025223e-02,5.789345513511266056e-02
2.842500000000000249e+00,1.722983659953709079e+01,2.834622983659936654e+04,5.393302197621030469e-01,5.165544515613871429e-02,5.793275010662291696e-02
2.850000000000000089e+00,1.760198394812529088e+01,2.842640198394795516e+04,5.407259079588124795e-01,5.134348806574986351e-02,5.796923102405156236e-02
2.857500000000000373e+00,1.790627266770272286e+01,2.850650627266753145e+04,5.420799892303563849e-01,5.103886383638862184e-02,5.800316800604907175e-02
2.865000000000000213e+00,1.811344182574809381e+01,2.858651344182557659e+04,5.435686039861858943e-01,5.074577617189769685e-02,5.803487896667808288e-02
2.872500000000000053e+00,1.817944618549838154e+01,2.866637944618532492e+04,5.449776336341904948e-01,5.047027796356077373e-02,5.806413267511143644e-02
2.880000000000000338e+00,1.804349145268733068e+01,2.874604349145251399e+04,5.463039928056443451e-01,5.022574844868141902e-02,5.809101911067297147e-02
2.887500000000000178e+00,1.763075895308627139e+01,2.882543075895291258e+04,5.475442916965470586e-01,5.003649949501200872e-02,5.811600652766508307e-02
2.895000000000000018e+00,1.685944768136914362e+01,2.890445944768119443e+04,5.486948434590542822e-01,4.993542710810400936e-02,5.813911799305279682e-02
2.902500000000000302e+00,1.564843381994299065e+01,2.898304843381976752e+04,5.500473688810257888e-01,4.995396257463358830e-02,5.885223582188314068e-02
2.910000000000000142e+00,1.393436478977586113e+01,2.906113436478959920e+04,5.513402349635609934e-01,5.011256407116344153e-02,6.786207478100629575e-02
2.917500000000000426e+00,1.171884590933348846e+01,2.913871884590915579e+04,5.525474416413745926e-01,5.041812366140663304e-02,7.517884244332394272e-02
2.925000000000000266e+00,9.138640201022951715e+00,2.921593864020084220e+04,5.563064368263123116e-01,5.086553661419130484e-02,4.850469048905921982e-02
2.932500000000000107e+00,6.483300311744045530e+00,2.929308330031156584e+04,5.809600260635058300e-01,5.144409131264732898e-02,4.899116799937182354e-02
2.940000000000000391e+00,4.065472588142251098e+00,2.937046547258796272e+04,6.032161618536243664e-01,5.213952016934374212e-02,4.824607892169021500e-02
2.947500000000000231e+00,2.062967948224446513e+00,2.944826296794804148e+04,6.219057146472788400e-01,5.293588314393378458e-02,4.879148894322239000e-02
2.955000000000000071e+00,4.960532115323936231e-01,2.952649605321135095e+04,6.366092750993010974e-01,5.381655933777003409e-02,5.054659545456942349e-02
2.962500000000000355e+00,7.910050227522702926e+01,2.968490050227504616e+04,6.471833475300063920e-01,5.476474656742816305e-02,5.231640158581690042e-02
2.970000000000000195e+00,7.819183021448839099e+01,2.976379183021430435e+04,6.536466677258345737e-01,5.576364856956978616e-02,5.408545259157876428e-02
2.977500000000000036e+00,7.749398877218402504e+01,2.984289398877200074e+04,6.562720822929946074e-01,5.679651084651866910e-02,5.583889736541100546e-02
2.985000000000000320e+00,7.694673676966549181e+01,2.992214673676948223e+04,6.554695542049033818e-01,5.784676509366839386e-02,5.756195730536117078e-02
2.992500000000000160e+00,7.650358185030184188e+01,3.000150358185011646e+04,6.514471127492712510e-01,5.889818006164100617e-02,5.924007187345229491e-02
3.000000000000000444e+00,7.612742665019361255e+01,3.008092742665000696e+04,6.445885253354557420e-01,5.993415593495486637e-02,6.085860859620657176e-02
3.007500000000000284e+00,7.578813313931792095e+01,3.016038813313913124e+04,6.352085029449195952e-01,6.093808147525832386e-02,6.240253639464785063e-02
3.015000000000000124e+00,7.545897587307845811e+01,3.023985897587289219e+04,6.235435993485939354e-01,6.189287853954968804e-02,6.385594404225844456e-02
3.022500000000000409e+00,7.511369921032250829e+01,3.031931369921013538e+04,6.097473902207113383e-01,6.278032090593170522e-02,6.520154854124723953e-02
3.030000000000000249e+00,7.472450237932024208e+01,3.039872450237912926e+04,5.940316884697933730e-01,6.358100170090133507e-02,6.642042796564844032e-02
3.037500000000000089e+00,7.425861064774770171e+01,3.047805861064755663e+04,5.766567886722958614e-01,6.427400980698373678e-02,6.749148279158040387e-02
3.045000000000000373e+00,7.367231692198248538e+01,3.055727231692179339e+04,5.714361909096924430e-01,6.483569112480423724e-02,6.839013656454273615e-02
3.052500000000000213e+00,7.290356993622748405e+01,3.063630356993603709e+04,5.725647795271866514e-01,6.523804481279649181e-02,6.908727645934126249e-02
3.060000000000000053e+00,7.186399662872690897e+01,3.071506399662853437e+04,5.736905549326042353e-01,6.545005380809594542e-02,7.011933198577184612e-02
3.067500000000000338e+00,7.041733064999191072e+01,3.079341733064979780e+04,5.746962506302386586e-01,6.543184321635192591e-02,7.072560627348840889e-02
3.075000000000000178e+00,6.842403041075007764e+01,3.087122403041055804e+04,5.756910292261526729e-01,6.514055844939729834e-02,7.026883463412263164e-02
3.082500000000000462e+00,6.640722517802143443e+01,3.094900722517782560e+04,5.768589677416817718e-01,6.457853369997858251e-02,6.831168272327949043e-02
3.090000000000000302e+00,6.477985108029309913e+01,3.102717985108009816e+04,5.779027361514164074e-01,6.370674181096583344e-02,6.300265113995155708e-02
3.097500000000000142e+00,6.359359030911659971e+01,3.110579359030892010e+04,5.788146015646126186e-01,6.273366790936596438e-02,5.470831591214398576e-02
3.105000000000000426e+00,6.312216087170261147e+01,3.118512216087150591e+04,5.800065640680404089e-01,6.203038046140325196e-02,5.016977140304764576e-02
3.112500000000000266e+00,6.298382051160128725e+01,3.126478382051140579e+04,5.810787449963111806e-01,6.144912614176977622e-02,4.926159361336948650e-02
3.120000000000000107e+00,6.301020506672501398e+01,3.134461020506652858e+04,5.820139105326873619e-01,6.096783998846359159e-02,4.963782594160477679e-02
3.127500000000000391e+00,6.314973292867777133e+01,3.142454973292848081e+04,5.831514624457415641e-01,6.056832348299413110e-02,5.059277774491501012e-02
3.135000000000000231e+00,6.336972902914757810e+01,3.150456972902894995e+04,5.842414522401204735e-01,6.023864965689471052e-02,5.160510526111367069e-02
3.142500000000000071e+00,6.364847088165742406e+01,3.158464847088145689e+04,5.851885415734277007e-01,5.996853833785968646e-02,5.250146120901675456e-02
3.150000000000000355e+00,6.396934006230262071e+01,3.166476934006210286e+04,5.863064055335145408e-01,5.974751643169121801e-02,5.334661275808794123e-02
3.157500000000000195e+00,6.431963747016961008e+01,3.174491963746996771e+04,5.874025307262904505e-01,5.956578980779234783e-02,5.410013038807744840e-02
3.165000000000000480e+00,6.469026504514691567e+01,3.182509026504494614e+04,5.883490581306273226e-01,5.941487608734712794e-02,5.479348005982211806e-02
3.172500000000000320e+00,6.507489139462279581e+01,3.190527489139441968e+04,5.894789935062019204e-01,5.928801035848058759e-02,5.541521279376108999e-02
3.180000000000000160e+00,6.546876960504664567e+01,3.198546876960484224e+04,5.905683598245405896e-01,5.918005529723982527e-02,5.597400564941536205e-02
3.187500000000000444e+00,6.586882772205837000e+01,3.206566882772185272e+04,5.915005791020755410e-01,5.908715605915536295e-02,5.647512013079042381e-02
3.195000000000000284e+00,6.627293966057634123e+01,3.214587293966037032e+04,5.926717615014844842e-01,5.900633526022570213e-02,5.691821867792543066e-02
3.202500000000000124e+00,6.667947247238844000e+01,3.222607947247218181e+04,5.937400937970541692e-01,5.893551685792155354e-02,5.730327046942589042e-02
3.210000000000000409e+00,6.708753986717553630e+01,3.230628753986696756e+04,5.946853884217540021e-01,5.887291647189008686e-02,5.763687791587986109e-02
3.217500000000000249e+00,6.749638890675437608e+01,3.238649638890654751e+04,5.958821508184163340e-01,5.881720621001620269e-02,5.792016691231630099e-02
3.225000000000000089e+00,6.790538512163718110e+01,3.246670538512142957e+04,5.969136346918568758e-01,5.876754380317222859e-02,5.815086820538385715e-02
3.232500000000000373e+00,6.831439479464947340e+01,3.254691439479443943e+04,5.979500521512390865e-01,5.872276684345870829e-02,5.833167460654043596e-02
3.240000000000000213e+00,6.872307482861441486e+01,3.262712307482840333e+04,5.991024087029299672e-01,5.868234844467071221e-02,5.846513633855712072e-02
3.247500000000000053e+00,6.913122356959374315e+01,3.270733122356938475e+04,6.000795421113691575e-01,5.864584855674592062e-02,5.854872311153347386e-02
3.255000000000000338e+00,6.953894804809598895e+01,3.278753894804788433e+04,6.012298614838478272e-01,5.861250430545938972e-02,5.858626803106802006e-02
3.262500000000000178e+00,6.994604265714093572e+01,3.286774604265693051e+04,6.023194447651970540e-01,5.858220918788342030e-02,5.858107850818840973e-02
3.270000000000000462e+00,7.035254598762917055e+01,3.294795254598742758e+04,6.033140292214733691e-01,5.855440100260869696e-02,5.855440100260867614e-02
3.277500000000000302e+00,7.075853643598382803e+01,3.302815853643578157e+04,6.045081460965322506e-01,5.852877308310786703e-02,5.852877308310787396e-02
3.285000000000000142e+00,7.116381636526689647e+01,3.310836381636506849e+04,6.055146689760794176e-01,5.850529811320896029e-02,5.850529811320897416e-02
3.292500000000000426e+00,7.156859881542180801e+01,3.318856859881522541e+04,6.066614495186442024e-01,5.848350108600387093e-02,5.848350108600387787e-02
3.300000000000000266e+00,7.197288618804465443e+01,3.326877288618784951e+04,6.077626695989943872e-01,5.846319765344690222e-02,5.846319765344690222e-02
3.307500000000000107e+00,7.237656488427613510e+01,3.334897656488408393e+04,6.087929391124392575e-01,5.844441998000553945e-02,5.844441998000553945e-02
3.315000000000000391e+00,7.277984812163819583e+01,3.342917984812145005e+04,6.099805667664297548e-01,5.842678376223620768e-02,5.842678376223618686e-02
3.322500000000000231e+00,7.318264215952100926e+01,3.350938264215933305e+04,6.109654669278891115e-01,5.841061711244754234e-02,5.841061711244754928e-02
3.330000000000000071e+00,7.358501721679368757e+01,3.358958501721661014e+04,6.124083368025802221e-01,5.840609333650766816e-02,5.840609333650767510e-02
3.337500000000000355e+00,7.398693572376973293e+01,3.366978693572359043e+04,6.142696464721856264e-01,5.846456580619655008e-02,5.846456580619655008e-02
3.345000000000000195e+00,7.438785396416700735e+01,3.374998785396399035e+04,6.160950206401819562e-01,5.869282280308033006e-02,5.869282280308032312e-02
3.352500000000000480e+00,7.478802100559445876e+01,3.383018802100542234e+04,6.178824765655329676e-01,5.929094553364007425e-02,5.929094553364007425e-02
3.360000000000000320e+00,7.518995244071541606e+01,3.391038995244054240e+04,6.916819623775941617e-01,6.052223595324326272e-02,6.052223595324324190e-02
3.367500000000000160e+00,7.559784224517245832e+01,3.399059784224500618e+04,7.455455224487481658e-01,6.252435114888126033e-02,6.252435114888126033e-02
3.375000000000000444e+00,7.601366470289535471e+01,3.407081366470272769e+04,7.642713781092583814e-01,6.520215125614164942e-02,6.520215125614166329e-02
3.382500000000000284e+00,7.643557338788218658e+01,3.415103557338772225e+04,7.611017381195436249e-01,6.832355746292469167e-02,6.832355746292469167e-02
3.390000000000000124e+00,7.686066794005728298e+01,3.423126066793989594e+04,7.450586152040006294e-01,7.165278555461723764e-02,7.165278555461723764e-02
3.397500000000000409e+00,7.728710933191602805e+01,3.431148710933176335e+04,7.212444451963760939e-01,7.500793727283036616e-02,7.500793727283035228e-02
3.405000000000000249e+00,7.771458562843544371e+01,3.439171458562828047e+04,6.921526139386812160e-01,7.826097700254841527e-02,7.826097700254844303e-02
3.412500000000000089e+00,7.814325667662647845e+01,3.447194325667647354e+04,6.589240776710273417e-01,8.132309250606423179e-02,8.132309250606424567e-02
3.420000000000000373e+00,7.857404394219462063e+01,3.455217404394204641e+04,6.217927078834267762e-01,8.412814430838649882e-02,8.412814430838652657e-02
3.427500000000000213e+00,7.900829699793428063e+01,3.463240829699778988e+04,5.804032471512468039e-01,8.661985423401900863e-02,8.661985423401902251e-02
3.435000000000000497e+00,7.944841756992128978e+01,3.471264841756977694e+04,5.332664478855637658e-01,8.874158782273358637e-02,8.874158782273357249e-02
3.442500000000000338e+00,9.872416991516944074e-02,3.471309872416978033e+04,4.769559032134577659e-01,9.042740229021467568e-02,9.042740229021467568e-02
3.450000000000000178e+00,5.677991766990218014e-01,3.479336779917656531e+04,4.021383325489374938e-01,9.159201719410313414e-02,9.159201719410314801e-02
3.457500000000000462e+00,1.076467817366517199e+00,3.487367646781723306e+04,2.830793855885908594e-01,9.212759774115568401e-02,9.212759774115571176e-02
3.465000000000000302e+00,1.683113883477823203e+00,3.495408311388334550e+04,1.904493672069311472e-01,9.191887349440060195e-02,9.191887349440060195e-02
3.472500000000000142e+00,2.621643465045096821e+00,3.503482164346492209e+04,1.413754008596392331e-01,9.069125265832321536e-02,9.069125265832320149e-02
3.480000000000000426e+00,4.857396630378828739e+00,3.511685739663025743e+04,9.333186655231442974e-02,8.882444455584444232e-02,8.882444455584444232e-02
3.487500000000000266e+00,6.118083197282566665e+00,3.519791808319716074e+04,4.519846897987801759e-02,8.766877059194465305e-02,8.766877059194465305e-02
3.495000000000000107e+00,6.815065862314012790e+00,3.527841506586219475e+04,4.010151739409367928e-03,8.650071469745548858e-02,8.650071469745548858e-02
3.502500000000000391e+00,nan,nan,2.008544388873985496e-04,nan,nan
3.510000000000000231e+00,nan,nan,2.008577598598204150e-04,nan,nan
3.517500000000000071e+00,nan,nan,2.008611445721761302e-04,nan,nan
3.525000000000000355e+00,nan,nan,2.008645994459625200e-04,nan,nan
3.532500000000000195e+00,nan,nan,2.008681318553438247e-04,nan,nan
3.540000000000000480e+00,nan,nan,2.008717242502470774e-04,nan,nan
3.547500000000000320e+00,nan,nan,2.008753831902033537e-04,nan,nan
3.555000000000000160e+00,nan,nan,2.008791175966898718e-04,nan,nan
3.562500000000000444e+00,nan,nan,2.008829083619864241e-04,nan,nan
3.570000000000000284e+00,nan,nan,2.008867701731481309e-04,nan,nan
3.577500000000000124e+00,nan,nan,2.008906969183167667e-04,nan,nan
3.585000000000000409e+00,nan,nan,2.008946786191850614e-04,nan,nan
3.592500000000000249e+00,nan,nan,2.008987375639023957e-04,nan,nan
3.600000000000000089e+00,nan,nan,2.009028474569777298e-04,nan,nan
3.607500000000000373e+00,nan,nan,2.009070258401631046e-04,nan,nan
3.615000000000000213e+00,nan,nan,2.009112622737902387e-04,nan,nan
3.622500000000000497e+00,nan,nan,2.009155567894515637e-04,nan,nan
3.630000000000000338e+00,nan,nan,2.009199163657296135e-04,nan,nan
3.637500000000000178e+00,nan,nan,2.009243253064331067e-04,nan,nan
3.645000000000000462e+00,nan,nan,2.009288048751054054e-04,nan,nan
3.652500000000000302e+00,nan,nan,2.009333296217447843e-04,nan,nan
3.660000000000000142e+00,nan,nan,2.009379230944076248e-04,nan,nan
3.667500000000000426e+00,nan,nan,2.009425636966187762e-04,nan,nan
3.675000000000000266e+00,nan,nan,2.009472666240428435e-04,nan,nan
3.682500000000000107e+00,nan,nan,2.009520207045288132e-04,nan,nan
3.690000000000000391e+00,nan,nan,2.009568314749157389e-04,nan,nan
3.697500000000000231e+00,nan,nan,2.009616969621770880e-04,nan,nan
3.705000000000000515e+00,nan,nan,2.009666141283920882e-04,nan,nan
3.712500000000000355e+00,nan,nan,2.009715892492137512e-04,nan,nan
3.720000000000000195e+00,nan,nan,2.009766115640068825e-04,nan,nan
3.727500000000000480e+00,nan,nan,2.009816948291953524e-04,nan,nan
3.735000000000000320e+00,nan,nan,2.009868212633752886e-04,nan,nan
3.742500000000000160e+00,nan,nan,2.009920114492096252e-04,nan,nan
3.750000000000000444e+00,nan,nan,2.009972413747414157e-04,nan,nan
3.757500000000000284e+00,nan,nan,2.010025373244017264e-04,nan,nan
3.765000000000000124e+00,nan,nan,2.010078728135846534e-04,nan,nan
3.772500000000000409e+00,nan,nan,2.010132711123520182e-04,nan,nan
3.780000000000000249e+00,nan,nan,2.010187115025156694e-04,nan,nan
3.787500000000000089e+00,nan,nan,2.010242118811838544e-04,nan,nan
3.795000000000000373e+00,nan,nan,2.010297566997882538e-04,nan,nan
3.802500000000000213e+00,nan,nan,2.010353590743843913e-04,nan,nan
3.810000000000000497e+00,nan,nan,2.010410080189467281e-04,nan,nan
3.817500000000000338e+00,nan,nan,2.010467124745877901e-04,nan,nan
3.825000000000000178e+00,nan,nan,2.010524653939529613e-04,nan,nan
3.832500000000000462e+00,nan,nan,2.010582721679651927e-04,nan,nan
3.840000000000000302e+00,nan,nan,2.010641290451895577e-04,nan,nan
3.847500000000000142e+00,nan,nan,2.010700385103769596e-04,nan,nan
3.855000000000000426e+00,nan,nan,2.010759994473605337e-04,nan,nan
3.862500000000000266e+00,nan,nan,2.010820120960500970e-04,nan,nan
3.870000000000000107e+00,nan,nan,2.010880772999520938e-04,nan,nan
3.877500000000000391e+00,nan,nan,2.010941937292334977e-04,nan,nan
3.885000000000000231e+00,nan,nan,2.011003635006317037e-04,nan,nan
3.892500000000000515e+00,nan,nan,2.011065843990443699e-04,nan,nan
3.900000000000000355e+00,nan,nan,2.011128591217465169e-04,nan,nan
3.907500000000000195e+00,nan,nan,2.011191852575333638e-04,nan,nan
3.915000000000000480e+00,nan,nan,2.011255653899149767e-04,nan,nan
3.922500000000000320e+00,nan,nan,2.011319976008693264e-04,nan,nan
3.930000000000000160e+00,nan,nan,2.011384836685900534e-04,nan,nan
3.937500000000000444e+00,nan,nan,2.011450228534469040e-04,nan,nan
3.945000000000000284e+00,nan,nan,2.011516154433892300e-04,nan,nan
3.952500000000000124e+00,nan,nan,2.011582625546636124e-04,nan,nan
3.960000000000000409e+00,nan,nan,2.011649623099369638e-04,nan,nan
3.967500000000000249e+00,nan,nan,2.011717183480816096e-04,nan,nan
3.975000000000000533e+00,nan,nan,2.011785259639385171e-04,nan,nan
3.982500000000000373e+00,nan,nan,2.011853919726724655e-04,nan,nan
3.990000000000000213e+00,nan,nan,2.011923081931955132e-04,nan,nan
3.997500000000000497e+00,nan,nan,2.011992852558524636e-04,nan,nan
4.004999999999999893e+00,nan,nan,2.012063108712809991e-04,nan,nan
4.012500000000000178e+00,nan,nan,2.012134001080241586e-04,nan,nan
4.020000000000000462e+00,nan,nan,2.012205359526050244e-04,nan,nan
4.027500000000000746e+00,nan,nan,2.012277385183662559e-04,nan,nan
4.035000000000000142e+00,nan,nan,2.012349858215758253e-04,nan,nan
4.042500000000000426e+00,nan,nan,2.012423025516361919e-04,nan,nan
4.050000000000000711e+00,nan,nan,2.012496650618991311e-04,nan,nan
4.057500000000000107e+00,nan,nan,2.012570943457820966e-04,nan,nan
4.065000000000000391e+00,nan,nan,2.012645732942469168e-04,nan,nan
4.072500000000000675e+00,nan,nan,2.012721161101858175e-04,nan,nan
4.080000000000000071e+00,nan,nan,2.012797127596622809e-04,nan,nan
4.087500000000000355e+00,nan,nan,2.012873701243889004e-04,nan,nan
4.095000000000000639e+00,nan,nan,2.012950857691321832e-04,nan,nan
4.102500000000000036e+00,nan,nan,2.013028587371796369e-04,nan,nan
4.110000000000000320e+00,nan,nan,2.013106947028392088e-04,nan,nan
4.117500000000000604e+00,nan,nan,2.013185843659412693e-04,nan,nan
4.125000000000000000e+00,nan,nan,2.013265420096228830e-04,nan,nan
4.132500000000000284e+00,nan,nan,2.013345494961836968e-04,nan,nan
4.140000000000000568e+00,nan,nan,2.013426302065826363e-04,nan,nan
4.147499999999999964e+00,nan,nan,2.013507611033059103e-04,nan,nan
4.155000000000000249e+00,nan,nan,2.013589618787735497e-04,nan,nan
4.162500000000000533e+00,nan,nan,2.013672180328489217e-04,nan,nan
4.169999999999999929e+00,nan,nan,2.013755396789578022e-04,nan,nan
4.177500000000000213e+00,nan,nan,2.013839225553235501e-04,nan,nan
4.185000000000000497e+00,nan,nan,2.013923663273886697e-04,nan,nan
4.192500000000000782e+00,nan,nan,2.014008774234345167e-04,nan,nan
4.200000000000000178e+00,nan,nan,2.014094446116082950e-04,nan,nan
4.207500000000000462e+00,nan,nan,2.014180854573361149e-04,nan,nan
4.215000000000000746e+00,nan,nan,2.014267800537377143e-04,nan,nan
4.222500000000000142e+00,nan,nan,2.014355495444186770e-04,nan,nan
4.230000000000000426e+00,nan,nan,2.014443762794017117e-04,nan,nan
4.237500000000000711e+00,nan,nan,2.014532726390941731e-04,nan,nan
4.245000000000000107e+00,nan,nan,2.014622331221505339e-04,nan,nan
4.252500000000000391e+00,nan,nan,2.014712577625793976e-04,nan,nan
4.260000000000000675e+00,nan,nan,2.014803536363800557e-04,nan,nan
4.267500000000000071e+00,nan,nan,2.014895080026777197e-04,nan,nan
4.275000000000000355e+00,nan,nan,2.014987409431337126e-04,nan,nan
4.282500000000000639e+00,nan,nan,2.015080314491575237e-04,nan,nan
4.290000000000000036e+00,nan,nan,2.015173982298593960e-04,nan,nan
4.297500000000000320e+00,nan,nan,2.015268283994034308e-04,nan,nan
4.305000000000000604e+00,nan,nan,2.015363287501540149e-04,nan,nan
4.312500000000000000e+00,nan,nan,2.015459003403908601e-04,nan,nan
4.320000000000000284e+00,nan,nan,2.015555358234882714e-04,nan,nan
4.327500000000000568e+00,nan,nan,2.015652506250076846e-04,nan,nan
4.334999999999999964e+00,nan,nan,2.015750261428692622e-04,nan,nan
4.342500000000000249e+00,nan,nan,2.015848826716794403e-04,nan,nan
4.350000000000000533e+00,nan,nan,2.015948041622142844e-04,nan,nan
4.357499999999999929e+00,nan,nan,2.016047999640134102e-04,nan,nan
4.365000000000000213e+00,nan,nan,2.016148692995708828e-04,nan,nan
4.372500000000000497e+00,nan,nan,2.016250060504131900e-04,nan,nan
4.380000000000000782e+00,nan,nan,2.016352251366813550e-04,nan,nan
4.387500000000000178e+00,nan,nan,2.016455082591201190e-04,nan,nan
4.395000000000000462e+00,nan,nan,2.016558753196175081e-04,nan,nan
4.402500000000000746e+00,nan,nan,2.016663111202036864e-04,nan,nan
4.410000000000000142e+00,nan,nan,2.016768235584012422e-04,nan,nan
4.417500000000000426e+00,nan,nan,2.016874140246372826e-04,nan,nan
4.425000000000000711e+00,nan,nan,2.016980736266848465e-04,nan,nan
4.432500000000000107e+00,nan,nan,2.017088207793754423e-04,nan,nan
4.440000000000000391e+00,nan,nan,2.017196354620577278e-04,nan,nan
4.447500000000000675e+00,nan,nan,2.017305352548548242e-04,nan,nan
4.455000000000000071e+00,nan,nan,2.017415097189705553e-04,nan,nan
4.462500000000000355e+00,nan,nan,2.017525613850156788e-04,nan,nan
4.470000000000000639e+00,nan,nan,2.017636977340272249e-04,nan,nan
4.477500000000000036e+00,nan,nan,2.017749042077000843e-04,nan,nan
4.485000000000000320e+00,nan,nan,2.017862035388669087e-04,nan,nan
4.492500000000000604e+00,nan,nan,2.017975751138352503e-04,nan,nan
4.500000000000000000e+00,nan,nan,2.018090312297626777e-04,nan,nan
4.507500000000000284e+00,nan,nan,2.018205700941465481e-04,nan,nan
4.515000000000000568e+00,nan,nan,2.018321849685113614e-04,nan,nan
4.522499999999999964e+00,nan,nan,2.018438933455621559e-04,nan,nan
4.530000000000000249e+00,nan,nan,2.018556756534591772e-04,nan,nan
4.537500000000000533e+00,nan,nan,2.018675491323377431e-04,nan,nan
4.544999999999999929e+00,nan,nan,2.018795043478852286e-04,nan,nan
4.552500000000000213e+00,nan,nan,2.018915417875670351e-04,nan,nan
4.560000000000000497e+00,nan,nan,2.019036722237705392e-04,nan,nan
4.567500000000000782e+00,nan,nan,2.019158794172864905e-04,nan,nan
4.575000000000000178e+00,nan,nan,2.019281837223846723e-04,nan,nan
4.582500000000000462e+00,nan,nan,2.019405696659487526e-04,nan,nan
4.590000000000000746e+00,nan,nan,2.019530433582147194e-04,nan,nan
4.597500000000000142e+00,nan,nan,2.019656104593187779e-04,nan,nan
4.605000000000000426e+00,nan,nan,2.019782572489070007e-04,nan,nan
4.612500000000000711e+00,nan,nan,2.019910064266557006e-04,nan,nan
4.620000000000000107e+00,nan,nan,2.020038380446507076e-04,nan,nan
4.627500000000000391e+00,nan,nan,2.020167622750790347e-04,nan,nan
4.635000000000000675e+00,nan,nan,2.020297812282500322e-04,nan,nan
4.642500000000000071e+00,nan,nan,2.020428829110696822e-04,nan,nan
4.650000000000000355e+00,nan,nan,2.020560916279452127e-04,nan,nan
4.657500000000000639e+00,nan,nan,2.020693844648860946e-04,nan,nan
4.665000000000000036e+00,nan,nan,2.020827741540045944e-04,nan,nan
4.672500000000000320e+00,nan,nan,2.020962607553401422e-04,nan,nan
4.680000000000000604e+00,nan,nan,2.021098338002080624e-04,nan,nan
4.687500000000000000e+00,nan,nan,2.021235168191429720e-04,nan,nan
4.695000000000000284e+00,nan,nan,2.021372870428882575e-04,nan,nan
4.702500000000000568e+00,nan,nan,2.021511577783421726e-04,nan,nan
4.709999999999999964e+00,nan,nan,2.021651284562452880e-04,nan,nan
4.717500000000000249e+00,nan,nan,2.021791888414275790e-04,nan,nan
4.725000000000000533e+00,nan,nan,2.021933627347734588e-04,nan,nan
4.732500000000000817e+00,nan,nan,2.022076271572462039e-04,nan,nan
4.740000000000000213e+00,nan,nan,2.022219952188655302e-04,nan,nan
4.747500000000000497e+00,nan,nan,2.022364670530086336e-04,nan,nan
4.755000000000000782e+00,nan,nan,2.022510314430409864e-04,nan,nan
4.762500000000000178e+00,nan,nan,2.022657134552609368e-04,nan,nan
4.770000000000000462e+00,nan,nan,2.022804895495571367e-04,nan,nan
4.777500000000000746e+00,nan,nan,2.022953719278310764e-04,nan,nan
4.785000000000000142e+00,nan,nan,2.023103626652924430e-04,nan,nan
4.792500000000000426e+00,nan,nan,2.023254494799235485e-04,nan,nan
4.800000000000000711e+00,nan,nan,2.023406564905226330e-04,nan,nan
4.807500000000000107e+00,nan,nan,2.023559624065847471e-04,nan,nan
4.815000000000000391e+00,nan,nan,2.023713768170432980e-04,nan,nan
4.822500000000000675e+00,nan,nan,2.023869048880074439e-04,nan,nan
4.830000000000000071e+00,nan,nan,2.024025326861774669e-04,nan,nan
4.837500000000000355e+00,nan,nan,2.024182828553073177e-04,nan,nan
4.845000000000000639e+00,nan,nan,2.024341374365376891e-04,nan,nan
4.852500000000000036e+00,nan,nan,2.024501023330751070e-04,nan,nan
4.860000000000000320e+00,nan,nan,2.024661868683185850e-04,nan,nan
4.867500000000000604e+00,nan,nan,2.024823749138552817e-04,nan,nan
4.875000000000000000e+00,nan,nan,2.024986871487924681e-04,nan,nan
4.882500000000000284e+00,nan,nan,2.025151099514178518e-04,nan,nan
4.890000000000000568e+00,nan,nan,2.025316445410386404e-04,nan,nan
4.897499999999999964e+00,nan,nan,2.025483053926711526e-04,nan,nan
4.905000000000000249e+00,nan,nan,2.025650736758416687e-04,nan,nan
4.912500000000000533e+00,nan,nan,2.025819676474008096e-04,nan,nan
4.920000000000000817e+00,nan,nan,2.025989789635190689e-04,nan,nan
4.927500000000000213e+00,nan,nan,2.026161032239784637e-04,nan,nan
4.935000000000000497e+00,nan,nan,2.026333609900099345e-04,nan,nan
4.942500000000000782e+00,nan,nan,2.026507302528861754e-04,nan,nan
4.950000000000000178e+00,nan,nan,2.026682264150873674e-04,nan,nan
4.957500000000000462e+00,nan,nan,2.026858472994948093e-04,nan,nan
4.965000000000000746e+00,nan,nan,2.027035821564058865e-04,nan,nan
4.972500000000000142e+00,nan,nan,2.027214580528680684e-04,nan,nan
4.980000000000000426e+00,nan,nan,2.027394498182174892e-04,nan,nan
4.987500000000000711e+00,nan,nan,2.027575694312353156e-04,nan,nan
4.995000000000000107e+00,nan,nan,2.027758217315400269e-04,nan,nan
5.002500000000000391e+00,nan,nan,2.027941923126605711e-04,nan,nan
5.010000000000000675e+00,nan,nan,2.028127049746943663e-04,nan,nan
5.017500000000000071e+00,nan,nan,2.028313415776847805e-04,nan,nan
5.025000000000000355e+00,nan,nan,2.028501067336086297e-04,nan,nan
5.032500000000000639e+00,nan,nan,2.028690131228299968e-04,nan,nan
5.040000000000000036e+00,nan,nan,2.028880422633431069e-04,nan,nan
5.047500000000000320e+00,nan,nan,2.029072143000042563e-04,nan,nan
5.055000000000000604e+00,nan,nan,2.029265189218679882e-04,nan,nan
5.062500000000000000e+00,nan,nan,2.029459525726242167e-04,nan,nan
5.070000000000000284e+00,nan,nan,2.029655365834230857e-04,nan,nan
5.077500000000000568e+00,nan,nan,2.029852479856218196e-04,nan,nan
5.085000000000000853e+00,nan,nan,2.030051028835190314e-04,nan,nan
5.092500000000000249e+00,nan,nan,2.030250995863742644e-04,nan,nan
5.100000000000000533e+00,nan,nan,2.030452265091189478e-04,nan,nan
5.107500000000000817e+00,nan,nan,2.030655116330155982e-04,nan,nan
5.115000000000000213e+00,nan,nan,2.030859299014864177e-04,nan,nan
5.122500000000000497e+00,nan,nan,2.031064920549516240e-04,nan,nan
5.130000000000000782e+00,nan,nan,2.031272058171771256e-04,nan,nan
5.137500000000000178e+00,nan,nan,2.031480547252318065e-04,nan,nan
5.145000000000000462e+00,nan,nan,2.031690623677851501e-04,nan,nan
5.152500000000000746e+00,nan,nan,2.031902130448874882e-04,nan,nan
5.160000000000000142e+00,nan,nan,2.032115077871055660e-04,nan,nan
5.167500000000000426e+00,nan,nan,2.032329645389010012e-04,nan,nan
5.175000000000000711e+00,nan,nan,2.032545615516081539e-04,nan,nan
5.182500000000000107e+00,nan,nan,2.032763176296776967e-04,nan,nan
5.190000000000000391e+00,nan,nan,2.032982272311039730e-04,nan,nan
5.197500000000000675e+00,nan,nan,2.033202808660824242e-04,nan,nan
5.205000000000000071e+00,nan,nan,2.033425075250898178e-04,nan,nan
5.212500000000000355e+00,nan,nan,2.033648797566159317e-04,nan,nan
5.220000000000000639e+00,nan,nan,2.033874111775811015e-04,nan,nan
5.227500000000000036e+00,nan,nan,2.034101072280009254e-04,nan,nan
5.235000000000000320e+00,nan,nan,2.034329520909256570e-04,nan,nan
5.242500000000000604e+00,nan,nan,2.034559715704728738e-04,nan,nan
5.250000000000000000e+00,nan,nan,2.034791471655373327e-04,nan,nan
5.257500000000000284e+00,nan,nan,2.035024818607095273e-04,nan,nan
5.265000000000000568e+00,nan,nan,2.035259929296663042e-04,nan,nan
5.272500000000000853e+00,nan,nan,2.035496584513270984e-04,nan,nan
5.280000000000000249e+00,nan,nan,2.035734986659543111e-04,nan,nan
5.287500000000000533e+00,nan,nan,2.035975068359664481e-04,nan,nan
5.295000000000000817e+00,nan,nan,2.036216737951161042e-04,nan,nan
5.302500000000000213e+00,nan,nan,2.036460295334438411e-04,nan,nan
5.310000000000000497e+00,nan,nan,2.036705455804106626e-04,nan,nan
5.317500000000000782e+00,nan,nan,2.036952361774669001e-04,nan,nan
5.325000000000000178e+00,nan,nan,2.037201072373725813e-04,nan,nan
5.332500000000000462e+00,nan,nan,2.037451421788326669e-04,nan,nan
5.340000000000000746e+00,nan,nan,2.037703677216266222e-04,nan,nan
5.347500000000000142e+00,nan,nan,2.037957652865846959e-04,nan,nan
5.355000000000000426e+00,nan,nan,2.038213370299841337e-04,nan,nan
5.362500000000000711e+00,nan,nan,2.038471024361295403e-04,nan,nan
5.370000000000000107e+00,nan,nan,2.038730379396249163e-04,nan,nan
5.377500000000000391e+00,nan,nan,2.038991638490954858e-04,nan,nan
5.385000000000000675e+00,nan,nan,2.039254750894386927e-04,nan,nan
5.392500000000000071e+00,nan,nan,2.039519602201207954e-04,nan,nan
5.400000000000000355e+00,nan,nan,2.039786522872278165e-04,nan,nan
5.407500000000000639e+00,nan,nan,2.040055212255758254e-04,nan,nan
5.415000000000000036e+00,nan,nan,2.040325801380499726e-04,nan,nan
5.422500000000000320e+00,nan,nan,2.040598384159276460e-04,nan,nan
5.430000000000000604e+00,nan,nan,2.040872771801302337e-04,nan,nan
5.437500000000000888e+00,nan,nan,2.041149226336896405e-04,nan,nan
5.445000000000000284e+00,nan,nan,2.041427591092325974e-04,nan,nan
5.452500000000000568e+00,nan,nan,2.041707848807641876e-04,nan,nan
5.460000000000000853e+00,nan,nan,2.041990248047779294e-04,nan,nan
5.467500000000000249e+00,nan,nan,2.042274520603662403e-04,nan,nan
5.475000000000000533e+00,nan,nan,2.042560855144703869e-04,nan,nan
5.482500000000000817e+00,nan,nan,2.042849249018292488e-04,nan,nan
5.490000000000000213e+00,nan,nan,2.043139557988615188e-04,nan,nan
5.497500000000000497e+00,nan,nan,2.043432101197556927e-04,nan,nan
5.505000000000000782e+00,nan,nan,2.043726620233618312e-04,nan,nan
5.512500000000000178e+00,nan,nan,2.044023193814049346e-04,nan,nan
5.520000000000000462e+00,nan,nan,2.044321983720904254e-04,nan,nan
5.527500000000000746e+00,nan,nan,2.044622761337641106e-04,nan,nan
5.535000000000000142e+00,nan,nan,2.044925767722268145e-04,nan,nan
5.542500000000000426e+00,nan,nan,2.045230908250114860e-04,nan,nan
5.550000000000000711e+00,nan,nan,2.045538093255578021e-04,nan,nan
5.557500000000000107e+00,nan,nan,2.045847659745141545e-04,nan,nan
5.565000000000000391e+00,nan,nan,2.046159289287462126e-04,nan,nan
5.572500000000000675e+00,nan,nan,2.046473139532789770e-04,nan,nan
5.580000000000000071e+00,nan,nan,2.046789290486519960e-04,nan,nan
5.587500000000000355e+00,nan,nan,2.047107550492975364e-04,nan,nan
5.595000000000000639e+00,nan,nan,2.047428210873275501e-04,nan,nan
5.602500000000000036e+00,nan,nan,2.047751089838156823e-04,nan,nan
5.610000000000000320e+00,nan,nan,2.048076178755695487e-04,nan,nan
5.617500000000000604e+00,nan,nan,2.048403743488999931e-04,nan,nan
5.625000000000000888e+00,nan,nan,2.048733497178298649e-04,nan,nan
5.632500000000000284e+00,nan,nan,2.049065642602385562e-04,nan,nan
5.640000000000000568e+00,nan,nan,2.049400183213736062e-04,nan,nan
5.647500000000000853e+00,nan,nan,2.049736961574939872e-04,nan,nan
5.655000000000000249e+00,nan,nan,2.050076317053389416e-04,nan,nan
5.662500000000000533e+00,nan,nan,2.050417985709451199e-04,nan,nan
5.670000000000000817e+00,nan,nan,2.050762034720721172e-04,nan,nan
5.677500000000000213e+00,nan,nan,2.051108664458660565e-04,nan,nan
5.685000000000000497e+00,nan,nan,2.051457616677407889e-04,nan,nan
5.692500000000000782e+00,nan,nan,2.051809136861407006e-04,nan,nan
5.700000000000000178e+00,nan,nan,2.052163157351134099e-04,nan,nan
5.707500000000000462e+00,nan,nan,2.052519552074003365e-04,nan,nan
5.715000000000000746e+00,nan,nan,2.052878706134244669e-04,nan,nan
5.722500000000000142e+00,nan,nan,2.053240278665739585e-04,nan,nan
5.730000000000000426e+00,nan,nan,2.053604407217174746e-04,nan,nan
5.737500000000000711e+00,nan,nan,2.053971232552342918e-04,nan,nan
5.745000000000000107e+00,nan,nan,2.054340521963215365e-04,nan,nan
5.752500000000000391e+00,nan,nan,2.054712561116022341e-04,nan,nan
5.760000000000000675e+00,nan,nan,2.055087216906830697e-04,nan,nan
5.767500000000000071e+00,nan,nan,2.055464413885232250e-04,nan,nan
5.775000000000000355e+00,nan,nan,2.055844513805070569e-04,nan,nan
5.782500000000000639e+00,nan,nan,2.056227170998759846e-04,nan,nan
5.790000000000000036e+00,nan,nan,2.056612565493481665e-04,nan,nan
5.797500000000000320e+00,nan,nan,2.057000784576647212e-04,nan,nan
5.805000000000000604e+00,nan,nan,2.057391617875923054e-04,nan,nan
5.812500000000000888e+00,nan,nan,2.057785388606346827e-04,nan,nan
5.820000000000000284e+00,nan,nan,2.058181904130784528e-04,nan,nan
5.827500000000000568e+00,nan,nan,2.058581141573860790e-04,nan,nan
5.835000000000000853e+00,nan,nan,2.058983421685221262e-04,nan,nan
5.842500000000000249e+00,nan,nan,2.059388414820365770e-04,nan,nan
5.850000000000000533e+00,nan,nan,2.059796332525476903e-04,nan,nan
5.857500000000000817e+00,nan,nan,2.060207215010922250e-04,nan,nan
5.865000000000000213e+00,nan,nan,2.060620870901335464e-04,nan,nan
5.872500000000000497e+00,nan,nan,2.061037658208090997e-04,nan,nan
5.880000000000000782e+00,nan,nan,2.061457330937327989e-04,nan,nan
5.887500000000000178e+00,nan,nan,2.061879912378614956e-04,nan,nan
5.895000000000000462e+00,nan,nan,2.062305689188719557e-04,nan,nan
5.902500000000000746e+00,nan,nan,2.062734344150201054e-04,nan,nan
5.910000000000000142e+00,nan,nan,2.063166117326417095e-04,nan,nan
5.917500000000000426e+00,nan,nan,2.063601008542067367e-04,nan,nan
5.925000000000000711e+00,nan,nan,2.064038841931252336e-04,nan,nan
5.932500000000000107e+00,nan,nan,2.064480007418161131e-04,nan,nan
5.940000000000000391e+00,nan,nan,2.064924212118139505e-04,nan,nan
5.947500000000000675e+00,nan,nan,2.065371518778184184e-04,nan,nan
5.955000000000000071e+00,nan,nan,2.065822187193651241e-04,nan,nan
5.962500000000000355e+00,nan,nan,2.066275908815212823e-04,nan,nan
5.970000000000000639e+00,nan,nan,2.066732949076743897e-04,nan,nan
5.977500000000000924e+00,nan,nan,2.067193274426329960e-04,nan,nan
5.985000000000000320e+00,nan,nan,2.067656720858249576e-04,nan,nan
5.992500000000000604e+00,nan,nan,2.068123707182808189e-04,nan,nan
6.000000000000000888e+00,nan,nan,2.068593900405352084e-04,nan,nan
6.007500000000000284e+00,nan,nan,2.069067395699579286e-04,nan,nan
6.015000000000000568e+00,nan,nan,2.069544433577756473e-04,nan,nan
6.022500000000000853e+00,nan,nan,2.070024710223215098e-04,nan,nan
6.030000000000000249e+00,nan,nan,2.070508513136296350e-04,nan,nan
6.037500000000000533e+00,nan,nan,2.070995782741561029e-04,nan,nan
6.045000000000000817e+00,nan,nan,2.071486363068992501e-04,nan,nan
6.052500000000000213e+00,nan,nan,2.071980698632739021e-04,nan,nan
6.060000000000000497e+00,nan,nan,2.072478423449809607e-04,nan,nan
6.067500000000000782e+00,nan,nan,2.072979657740292483e-04,nan,nan
6.075000000000000178e+00,nan,nan,2.073484630685773467e-04,nan,nan
6.082500000000000462e+00,nan,nan,2.073993039076464553e-04,nan,nan
6.090000000000000746e+00,nan,nan,2.074505189004912883e-04,nan,nan
6.097500000000000142e+00,nan,nan,2.075021002596090253e-04,nan,nan
6.105000000000000426e+00,nan,nan,2.075540327902399907e-04,nan,nan
6.112500000000000711e+00,nan,nan,2.076063631791391780e-04,nan,nan
6.120000000000000107e+00,nan,nan,2.076590522780645391e-04,nan,nan
6.127500000000000391e+00,nan,nan,2.077121138380005558e-04,nan,nan
6.135000000000000675e+00,nan,nan,2.077655704794461266e-04,nan,nan
6.142500000000000071e+00,nan,nan,2.078193915090985344e-04,nan,nan
6.150000000000000355e+00,nan,nan,2.078736090296837743e-04,nan,nan
6.157500000000000639e+00,nan,nan,2.079282142359379010e-04,nan,nan
6.165000000000000924e+00,nan,nan,2.079831919137515911e-04,nan,nan
6.172500000000000320e+00,nan,nan,2.080385906320750841e-04,nan,nan
6.180000000000000604e+00,nan,nan,2.080943694810195952e-04,nan,nan
6.187500000000000888e+00,nan,nan,2.081505431245292556e-04,nan,nan
6.195000000000000284e+00,nan,nan,2.082071347638239276e-04,nan,nan
6.202500000000000568e+00,nan,nan,2.082641128784039678e-04,nan,nan
6.210000000000000853e+00,nan,nan,2.083215106790646282e-04,nan,nan
6.217500000000000249e+00,nan,nan,2.083793191975534444e-04,nan,nan
6.225000000000000533e+00,nan,nan,2.084375227571469067e-04,nan,nan
6.232500000000000817e+00,nan,nan,2.084961714364280325e-04,nan,nan
6.240000000000000213e+00,nan,nan,2.085552233943040027e-04,nan,nan
6.247500000000000497e+00,nan,nan,2.086146933485230235e-04,nan,nan
6.255000000000000782e+00,nan,nan,2.086746060052476121e-04,nan,nan
6.262500000000000178e+00,nan,nan,2.087349285385873795e-04,nan,nan
6.270000000000000462e+00,nan,nan,2.087956948609825101e-04,nan,nan
6.277500000000000746e+00,nan,nan,2.088568967413806355e-04,nan,nan
6.285000000000000142e+00,nan,nan,2.089185175740589909e-04,nan,nan
6.292500000000000426e+00,nan,nan,2.089806085538952591e-04,nan,nan
6.300000000000000711e+00,nan,nan,2.090431277839976411e-04,nan,nan
6.307500000000000107e+00,nan,nan,2.091060891307567032e-04,nan,nan
6.315000000000000391e+00,nan,nan,2.091695197782838253e-04,nan,nan
6.322500000000000675e+00,nan,nan,2.092333850922843078e-04,nan,nan
6.330000000000000959e+00,nan,nan,2.092977192579792650e-04,nan,nan
6.337500000000000355e+00,nan,nan,2.093625157300450334e-04,nan,nan
6.345000000000000639e+00,nan,nan,2.094277564827641926e-04,nan,nan
6.352500000000000924e+00,nan,nan,2.094934934117842170e-04,nan,nan
6.360000000000000320e+00,nan,nan,2.095596854876880465e-04,nan,nan
6.367500000000000604e+00,nan,nan,2.096263447713765161e-04,nan,nan
6.375000000000000888e+00,nan,nan,2.096935019497387720e-04,nan,nan
6.382500000000000284e+00,nan,nan,2.097611200506901052e-04,nan,nan
6.390000000000000568e+00,nan,nan,2.098292330794589719e-04,nan,nan
6.397500000000000853e+00,nan,nan,2.098978371763412577e-04,nan,nan
6.405000000000000249e+00,nan,nan,2.099669123784726743e-04,nan,nan
6.412500000000000533e+00,nan,nan,2.100365108430918737e-04,nan,nan
6.420000000000000817e+00,nan,nan,2.101065933824092593e-04,nan,nan
6.427500000000000213e+00,nan,nan,2.101771692456572604e-04,nan,nan
6.435000000000000497e+00,nan,nan,2.102482737022935602e-04,nan,nan
6.442500000000000782e+00,nan,nan,2.103198668850808531e-04,nan,nan
6.450000000000000178e+00,nan,nan,2.103919821410364524e-04,nan,nan
6.457500000000000462e+00,nan,nan,2.104646193504590174e-04,nan,nan
6.465000000000000746e+00,nan,nan,2.105377560684261354e-04,nan,nan
6.472500000000000142e+00,nan,nan,2.106114442494014054e-04,nan,nan
6.480000000000000426e+00,nan,nan,2.106856475753759788e-04,nan,nan
6.487500000000000711e+00,nan,nan,2.107603714224920411e-04,nan,nan
6.495000000000000107e+00,nan,nan,2.108356567807797557e-04,nan,nan
6.502500000000000391e+00,nan,nan,2.109114603008402909e-04,nan,nan
6.510000000000000675e+00,nan,nan,2.109878141662174811e-04,nan,nan
6.517500000000000959e+00,nan,nan,2.110647231093317009e-04,nan,nan
6.525000000000000355e+00,nan,nan,2.111421616288642017e-04,nan,nan
6.532500000000000639e+00,nan,nan,2.112201809853478027e-04,nan,nan
6.540000000000000924e+00,nan,nan,2.112987488159477883e-04,nan,nan
6.547500000000000320e+00,nan,nan,2.113778655037258506e-04,nan,nan
6.555000000000000604e+00,nan,nan,2.114575789588672217e-04,nan,nan
6.562500000000000888e+00,nan,nan,2.115378417314222248e-04,nan,nan
6.570000000000000284e+00,nan,nan,2.116186843074835140e-04,nan,nan
6.577500000000000568e+00,nan,nan,2.117001174448117113e-04,nan,nan
6.585000000000000853e+00,nan,nan,2.117821119801897823e-04,nan,nan
6.592500000000000249e+00,nan,nan,2.118647179605982842e-04,nan,nan
6.600000000000000533e+00,nan,nan,2.119479081243731808e-04,nan,nan
6.607500000000000817e+00,nan,nan,2.120316766794753146e-04,nan,nan
6.615000000000000213e+00,nan,nan,2.121160797208883244e-04,nan,nan
6.622500000000000497e+00,nan,nan,2.122010650465420425e-04,nan,nan
6.630000000000000782e+00,nan,nan,2.122866608806368708e-04,nan,nan
6.637500000000000178e+00,nan,nan,2.123728852440746103e-04,nan,nan
6.645000000000000462e+00,nan,nan,2.124597046732697614e-04,nan,nan
6.652500000000000746e+00,nan,nan,2.125471674518074892e-04,nan,nan
6.660000000000000142e+00,nan,nan,2.126352526292800437e-04,nan,nan
6.667500000000000426e+00,nan,nan,2.127239469908973773e-04,nan,nan
6.675000000000000711e+00,nan,nan,2.128133161497464208e-04,nan,nan
6.682500000000000107e+00,nan,nan,2.129033024650123370e-04,nan,nan
6.690000000000000391e+00,nan,nan,2.129939313022753136e-04,nan,nan
6.697500000000000675e+00,nan,nan,2.130852292515646282e-04,nan,nan
6.705000000000000959e+00,nan,nan,2.131771578756077646e-04,nan,nan
6.712500000000000355e+00,nan,nan,2.132697631126958171e-04,nan,nan
6.720000000000000639e+00,nan,nan,2.133630316014601877e-04,nan,nan
6.727500000000000924e+00,nan,nan,2.134569445681073487e-04,nan,nan
6.735000000000000320e+00,nan,nan,2.135515690072020895e-04,nan,nan
6.742500000000000604e+00,nan,nan,2.136468506578662844e-04,nan,nan
6.750000000000000888e+00,nan,nan,2.137428082153752416e-04,nan,nan
6.757500000000000284e+00,nan,nan,2.138394782167718023e-04,nan,nan
6.765000000000000568e+00,nan,nan,2.139368165409794367e-04,nan,nan
6.772500000000000853e+00,nan,nan,2.140348661651242618e-04,nan,nan
6.780000000000000249e+00,nan,nan,2.141336226660790754e-04,nan,nan
6.787500000000000533e+00,nan,nan,2.142330620806303027e-04,nan,nan
6.795000000000000817e+00,nan,nan,2.143332489871355249e-04,nan,nan
6.802500000000000213e+00,nan,nan,2.144341370215718237e-04,nan,nan
6.810000000000000497e+00,nan,nan,2.145357357819693605e-04,nan,nan
6.817500000000000782e+00,nan,nan,2.146380932059939082e-04,nan,nan
6.825000000000000178e+00,nan,nan,2.147411587398251136e-04,nan,nan
6.832500000000000462e+00,nan,nan,2.148449717475804112e-04,nan,nan
6.840000000000000746e+00,nan,nan,2.149495381688300072e-04,nan,nan
6.847500000000000142e+00,nan,nan,2.150548281161203867e-04,nan,nan
6.855000000000000426e+00,nan,nan,2.151609031154412294e-04,nan,nan
6.862500000000000711e+00,nan,nan,2.152677260940231204e-04,nan,nan
6.870000000000000995e+00,nan,nan,2.153752961146201462e-04,nan,nan
6.877500000000000391e+00,nan,nan,2.154836740487658963e-04,nan,nan
6.885000000000000675e+00,nan,nan,2.155928021200431482e-04,nan,nan
6.892500000000000959e+00,nan,nan,2.157027153896611004e-04,nan,nan
6.900000000000000355e+00,nan,nan,2.158134316635223115e-04,nan,nan
6.907500000000000639e+00,nan,nan,2.159249143543703908e-04,nan,nan
6.915000000000000924e+00,nan,nan,2.160372212617838838e-04,nan,nan
6.922500000000000320e+00,nan,nan,2.161503260773687423e-04,nan,nan
6.930000000000000604e+00,nan,nan,2.162642158095459352e-04,nan,nan
6.937500000000000888e+00,nan,nan,2.163789658805891677e-04,nan,nan
6.945000000000000284e+00,nan,nan,2.164945104585571419e-04,nan,nan
6.952500000000000568e+00,nan,nan,2.166108795716340343e-04,nan,nan
6.960000000000000853e+00,nan,nan,2.167281044788721303e-04,nan,nan
6.967500000000000249e+00,nan,nan,2.168461410747279396e-04,nan,nan
6.975000000000000533e+00,nan,nan,2.169650427182554539e-04,nan,nan
6.982500000000000817e+00,nan,nan,2.170847954212998276e-04,nan,nan
6.990000000000000213e+00,nan,nan,2.172053773415135499e-04,nan,nan
6.997500000000000497e+00,nan,nan,2.173268657326567590e-04,nan,nan
7.005000000000000782e+00,nan,nan,2.174492002528387910e-04,nan,nan
7.012500000000000178e+00,nan,nan,2.175724003167137208e-04,nan,nan
7.020000000000000462e+00,nan,nan,2.176965123105384717e-04,nan,nan
7.027500000000000746e+00,nan,nan,2.178214837468396916e-04,nan,nan
7.035000000000000142e+00,nan,nan,2.179473627876889067e-04,nan,nan
7.042500000000000426e+00,nan,nan,2.180741494078549975e-04,nan,nan
7.050000000000000711e+00,nan,nan,2.182018139526781058e-04,nan,nan
7.057500000000000995e+00,nan,nan,2.183304291061105942e-04,nan,nan
7.065000000000000391e+00,nan,nan,2.184599472880974138e-04,nan,nan
7.072500000000000675e+00,nan,nan,2.185903737498997689e-04,nan,nan
7.080000000000000959e+00,nan,nan,2.187217717703476166e-04,nan,nan
7.087500000000000355e+00,nan,nan,2.188540795689437890e-04,nan,nan
7.095000000000000639e+00,nan,nan,2.189873393096283230e-04,nan,nan
7.102500000000000924e+00,nan,nan,2.191215666636947188e-04,nan,nan
7.110000000000000320e+00,nan,nan,2.192567232681508584e-04,nan,nan
7.117500000000000604e+00,nan,nan,2.193928764525617881e-04,nan,nan
7.125000000000000888e+00,nan,nan,2.195299930996833990e-04,nan,nan
7.132500000000000284e+00,nan,nan,2.196680625406935287e-04,nan,nan
7.140000000000000568e+00,nan,nan,2.198071668077329415e-04,nan,nan
7.147500000000000853e+00,nan,nan,2.199472338664038224e-04,nan,nan
7.155000000000000249e+00,nan,nan,2.200882990342571655e-04,nan,nan
7.162500000000000533e+00,nan,nan,2.202303955077062269e-04,nan,nan
7.170000000000000817e+00,nan,nan,2.203734752696831999e-04,nan,nan
7.177500000000000213e+00,nan,nan,2.205175994636843022e-04,nan,nan
7.185000000000000497e+00,nan,nan,2.206627512309009681e-04,nan,nan
7.192500000000000782e+00,nan,nan,2.208089071749562665e-04,nan,nan
7.200000000000000178e+00,nan,nan,2.209561548981915668e-04,nan,nan
7.207500000000000462e+00,nan,nan,2.211044262424906467e-04,nan,nan
7.215000000000000746e+00,nan,nan,2.212537437334429998e-04,nan,nan
7.222500000000001030e+00,nan,nan,2.214041600201785550e-04,nan,nan
7.230000000000000426e+00,nan,nan,2.215556164336898617e-04,nan,nan
7.237500000000000711e+00,nan,nan,2.217081670500938224e-04,nan,nan
7.245000000000000995e+00,nan,nan,2.218618131633274539e-04,nan,nan
7.252500000000000391e+00,nan,nan,2.220165213592255771e-04,nan,nan
7.260000000000000675e+00,nan,nan,2.221723728694140285e-04,nan,nan
7.267500000000000959e+00,nan,nan,2.223293163487452735e-04,nan,nan
7.275000000000000355e+00,nan,nan,2.224873559128374501e-04,nan,nan
7.282500000000000639e+00,nan,nan,2.226465656940094942e-04,nan,nan
7.290000000000000924e+00,nan,nan,2.228068753189250159e-04,nan,nan
7.297500000000000320e+00,nan,nan,2.229683308628012514e-04,nan,nan
7.305000000000000604e+00,nan,nan,2.231309537692214922e-04,nan,nan
7.312500000000000888e+00,nan,nan,2.232946995692792894e-04,nan,nan
7.320000000000000284e+00,nan,nan,2.234596422070218716e-04,nan,nan
7.327500000000000568e+00,nan,nan,2.236257491128975012e-04,nan,nan
7.335000000000000853e+00,nan,nan,2.237930039589719478e-04,nan,nan
7.342500000000000249e+00,nan,nan,2.239615044977606847e-04,nan,nan
7.350000000000000533e+00,nan,nan,2.241311675422910210e-04,nan,nan
7.357500000000000817e+00,nan,nan,2.243020301785389838e-04,nan,nan
7.365000000000000213e+00,nan,nan,2.244741361029157817e-04,nan,nan
7.372500000000000497e+00,nan,nan,2.246474286977961129e-04,nan,nan
7.380000000000000782e+00,nan,nan,2.248219736477261043e-04,nan,nan
7.387500000000000178e+00,nan,nan,2.249977592274702274e-04,nan,nan
7.395000000000000462e+00,nan,nan,2.251747560632044710e-04,nan,nan
7.402500000000000746e+00,nan,nan,2.253530591440150931e-04,nan,nan
7.410000000000001030e+00,nan,nan,2.255325999312406127e-04,nan,nan
7.417500000000000426e+00,nan,nan,2.257133959323289949e-04,nan,nan
7.425000000000000711e+00,nan,nan,2.258955153093551282e-04,nan,nan
7.432500000000000995e+00,nan,nan,2.260788881425723979e-04,nan,nan
7.440000000000000391e+00,nan,nan,2.262635708273316498e-04,nan,nan
7.447500000000000675e+00,nan,nan,2.264495746609444132e-04,nan,nan
7.455000000000000959e+00,nan,nan,2.266368576676065078e-04,nan,nan
7.462500000000000355e+00,nan,nan,2.268255063134826468e-04,nan,nan
7.470000000000000639e+00,nan,nan,2.270154735973180812e-04,nan,nan
7.477500000000000924e+00,nan,nan,2.272067536358191758e-04,nan,nan
7.485000000000000320e+00,nan,nan,2.273994413821598889e-04,nan,nan
7.492500000000000604e+00,nan,nan,2.275934523993181221e-04,nan,nan
7.500000000000000888e+00,nan,nan,2.277888327032881943e-04,nan,nan
7.507500000000000284e+00,nan,nan,2.279856189046505581e-04,nan,nan
7.515000000000000568e+00,nan,nan,2.281837552254980996e-04,nan,nan
7.522500000000000853e+00,nan,nan,2.283833185345412174e-04,nan,nan
7.530000000000000249e+00,nan,nan,2.285842856235752391e-04,nan,nan
7.537500000000000533e+00,nan,nan,2.287866301014812738e-04,nan,nan
7.545000000000000817e+00,nan,nan,2.289904604496299637e-04,nan,nan
7.552500000000000213e+00,nan,nan,2.291956921379254680e-04,nan,nan
7.560000000000000497e+00,nan,nan,2.294023544152955566e-04,nan,nan
7.567500000000000782e+00,nan,nan,2.296105116112007974e-04,nan,nan
7.575000000000000178e+00,nan,nan,2.298200928811822293e-04,nan,nan
7.582500000000000462e+00,nan,nan,2.300311643581953280e-04,nan,nan
7.590000000000000746e+00,nan,nan,2.302437289976775562e-04,nan,nan
7.597500000000001030e+00,nan,nan,2.304577460919409338e-04,nan,nan
7.605000000000000426e+00,nan,nan,2.306733142036964052e-04,nan,nan
7.612500000000000711e+00,nan,nan,2.308903733685502768e-04,nan,nan
7.620000000000000995e+00,nan,nan,2.311089261814840970e-04,nan,nan
7.627500000000000391e+00,nan,nan,2.313290672129717407e-04,nan,nan
7.635000000000000675e+00,nan,nan,2.315507092211334177e-04,nan,nan
7.642500000000000959e+00,nan,nan,2.317739063984124940e-04,nan,nan
7.650000000000000355e+00,nan,nan,2.319986903511095811e-04,nan,nan
7.657500000000000639e+00,nan,nan,2.322250047381186364e-04,nan,nan
7.665000000000000924e+00,nan,nan,2.324529370125638563e-04,nan,nan
7.672500000000000320e+00,nan,nan,2.326824542281239242e-04,nan,nan
7.680000000000000604e+00,nan,nan,2.329135317252013424e-04,nan,nan
7.687500000000000888e+00,nan,nan,2.331462910304216520e-04,nan,nan
7.695000000000000284e+00,nan,nan,2.333806330295316715e-04,nan,nan
7.702500000000000568e+00,nan,nan,2.336165967259798751e-04,nan,nan
7.710000000000000853e+00,nan,nan,2.338542449814752652e-04,nan,nan
7.717500000000000249e+00,nan,nan,2.340935044356981781e-04,nan,nan
7.725000000000000533e+00,nan,nan,2.343344501711401345e-04,nan,nan
7.732500000000000817e+00,nan,nan,2.345770788296012402e-04,nan,nan
7.740000000000000213e+00,nan,nan,2.348213495291035435e-04,nan,nan
7.747500000000000497e+00,nan,nan,2.350673722883206862e-04,nan,nan
7.755000000000000782e+00,nan,nan,2.353150758717683874e-04,nan,nan
7.762500000000001066e+00,nan,nan,2.355644690088179308e-04,nan,nan
7.770000000000000462e+00,nan,nan,2.358156485378988445e-04,nan,nan
7.777500000000000746e+00,nan,nan,2.360685226231279377e-04,nan,nan
7.785000000000001030e+00,nan,nan,2.363231526426853640e-04,nan,nan
7.792500000000000426e+00,nan,nan,2.365795675137182560e-04,nan,nan
7.800000000000000711e+00,nan,nan,2.368377086874921226e-04,nan,nan
7.807500000000000995e+00,nan,nan,2.370976733516173807e-04,nan,nan
7.815000000000000391e+00,nan,nan,2.373594208032335149e-04,nan,nan
7.822500000000000675e+00,nan,nan,2.376229266814044864e-04,nan,nan
7.830000000000000959e+00,nan,nan,2.378883246372422828e-04,nan,nan
7.837500000000000355e+00,nan,nan,2.381555028312445097e-04,nan,nan
7.845000000000000639e+00,nan,nan,2.384245075287540422e-04,nan,nan
7.852500000000000924e+00,nan,nan,2.386954027245909301e-04,nan,nan
7.860000000000000320e+00,nan,nan,2.389681106860613022e-04,nan,nan
7.867500000000000604e+00,nan,nan,2.392427143699875326e-04,nan,nan
7.875000000000000888e+00,nan,nan,2.395192063758525729e-04,nan,nan
7.882500000000000284e+00,nan,nan,2.397975439268617301e-04,nan,nan
7.890000000000000568e+00,nan,nan,2.400778475496309541e-04,nan,nan
7.897500000000000853e+00,nan,nan,2.403600366844622536e-04,nan,nan
7.905000000000000249e+00,nan,nan,2.406441233707853574e-04,nan,nan
7.912500000000000533e+00,nan,nan,2.409302095944837355e-04,nan,nan
7.920000000000000817e+00,nan,nan,2.412181968481704613e-04,nan,nan
7.927500000000000213e+00,nan,nan,2.415081523794854190e-04,nan,nan
7.935000000000000497e+00,nan,nan,2.418001049718707096e-04,nan,nan
7.942500000000000782e+00,nan,nan,2.420939919196612099e-04,nan,nan
7.950000000000001066e+00,nan,nan,2.423899189440473212e-04,nan,nan
7.957500000000000462e+00,nan,nan,2.426878398244430369e-04,nan,nan
7.965000000000000746e+00,nan,nan,2.429877292341248640e-04,nan,nan
7.972500000000001030e+00,nan,nan,2.432897301680621294e-04,nan,nan
7.980000000000000426e+00,nan,nan,2.435937216799702429e-04,nan,nan
7.987500000000000711e+00,nan,nan,2.438997537497429363e-04,nan,nan
7.995000000000000995e+00,nan,nan,2.442078943319028880e-04,nan,nan
8.002500000000001279e+00,nan,nan,2.445180591344698283e-04,nan,nan
8.009999999999999787e+00,nan,nan,2.448303375172389555e-04,nan,nan
8.017500000000000071e+00,nan,nan,2.451447205571036583e-04,nan,nan
8.025000000000000355e+00,nan,nan,2.454611615069413250e-04,nan,nan
8.032500000000000639e+00,nan,nan,2.457797900212813644e-04,nan,nan
8.040000000000000924e+00,nan,nan,2.461005184411329790e-04,nan,nan
8.047500000000001208e+00,nan,nan,2.464233586848838865e-04,nan,nan
8.055000000000001492e+00,nan,nan,2.467484209614172305e-04,nan,nan
8.062500000000000000e+00,nan,nan,2.470755976606773250e-04,nan,nan
8.070000000000000284e+00,nan,nan,2.474049601411826564e-04,nan,nan
8.077500000000000568e+00,nan,nan,2.477365398332435648e-04,nan,nan
8.085000000000000853e+00,nan,nan,2.480702675414484426e-04,nan,nan
8.092500000000001137e+00,nan,nan,2.484062558343634120e-04,nan,nan
8.100000000000001421e+00,nan,nan,2.487444554747301594e-04,nan,nan
8.107499999999999929e+00,nan,nan,2.490848365924448445e-04,nan,nan
8.115000000000000213e+00,nan,nan,2.494275538964890954e-04,nan,nan
8.122500000000000497e+00,nan,nan,2.497724755755508842e-04,nan,nan
8.130000000000000782e+00,nan,nan,2.501196529560325947e-04,nan,nan
8.137500000000001066e+00,nan,nan,2.504691609622955385e-04,nan,nan
8.145000000000001350e+00,nan,nan,2.508209061471882231e-04,nan,nan
8.152499999999999858e+00,nan,nan,2.511749822626999475e-04,nan,nan
8.160000000000000142e+00,nan,nan,2.515313816118199312e-04,nan,nan
8.167500000000000426e+00,nan,nan,2.518900509514645667e-04,nan,nan
8.175000000000000711e+00,nan,nan,2.522511270870899779e-04,nan,nan
8.182500000000000995e+00,nan,nan,2.526145177698446492e-04,nan,nan
8.190000000000001279e+00,nan,nan,2.529802306084972846e-04,nan,nan
8.197499999999999787e+00,nan,nan,2.533483872295956389e-04,nan,nan
8.205000000000000071e+00,nan,nan,2.537188680596508521e-04,nan,nan
8.212500000000000355e+00,nan,nan,2.540917462163837324e-04,nan,nan
8.220000000000000639e+00,nan,nan,2.544670587312606062e-04,nan,nan
8.227500000000000924e+00,nan,nan,2.548447271084838838e-04,nan,nan
8.235000000000001208e+00,nan,nan,2.552248684175489391e-04,nan,nan
8.242500000000001492e+00,nan,nan,2.556074331455231185e-04,nan,nan
8.250000000000000000e+00,nan,nan,2.559923848020291873e-04,nan,nan
8.257500000000000284e+00,nan,nan,2.563798853443182498e-04,nan,nan
8.265000000000000568e+00,nan,nan,2.567697967571236101e-04,nan,nan
8.272500000000000853e+00,nan,nan,2.571621664132843726e-04,nan,nan
8.280000000000001137e+00,nan,nan,2.575570793084103714e-04,nan,nan
8.287500000000001421e+00,nan,nan,2.579544297453293463e-04,nan,nan
8.294999999999999929e+00,nan,nan,2.583543131352870415e-04,nan,nan
8.302500000000000213e+00,nan,nan,2.587567259253772240e-04,nan,nan
8.310000000000000497e+00,nan,nan,2.591616052885426977e-04,nan,nan
8.317500000000000782e+00,nan,nan,2.595690923953565240e-04,nan,nan
8.325000000000001066e+00,nan,nan,2.599790931784323354e-04,nan,nan
8.332500000000001350e+00,nan,nan,2.603916058208048255e-04,nan,nan
8.339999999999999858e+00,nan,nan,2.608067665369372600e-04,nan,nan
8.347500000000000142e+00,nan,nan,2.612244404186191680e-04,nan,nan
8.355000000000000426e+00,nan,nan,2.616446992108626616e-04,nan,nan
8.362500000000000711e+00,nan,nan,2.620675885673022596e-04,nan,nan
8.370000000000000995e+00,nan,nan,2.624930172982081495e-04,nan,nan
8.377500000000001279e+00,nan,nan,2.629211037483888394e-04,nan,nan
8.385000000000001563e+00,nan,nan,2.633518010446436958e-04,nan,nan
8.392500000000000071e+00,nan,nan,2.637850626341736683e-04,nan,nan
8.400000000000000355e+00,nan,nan,2.642210543706021266e-04,nan,nan
8.407500000000000639e+00,nan,nan,2.646596348931223842e-04,nan,nan
8.415000000000000924e+00,nan,nan,2.651008419211858640e-04,nan,nan
8.422500000000001208e+00,nan,nan,2.655447735484856193e-04,nan,nan
8.430000000000001492e+00,nan,nan,2.659913081426856112e-04,nan,nan
8.437500000000000000e+00,nan,nan,2.664405390983701151e-04,nan,nan
8.445000000000000284e+00,nan,nan,2.668924699746321469e-04,nan,nan
8.452500000000000568e+00,nan,nan,2.673470245904745407e-04,nan,nan
8.460000000000000853e+00,nan,nan,2.678043446290632556e-04,nan,nan
8.467500000000001137e+00,nan,nan,2.682643371705722697e-04,nan,nan
8.475000000000001421e+00,nan,nan,2.687269847582487970e-04,nan,nan
8.482499999999999929e+00,nan,nan,2.691924411027158976e-04,nan,nan
8.490000000000000213e+00,nan,nan,2.696605520104720715e-04,nan,nan
8.497500000000000497e+00,nan,nan,2.701313837264089981e-04,nan,nan
8.505000000000000782e+00,nan,nan,2.706049934284585545e-04,nan,nan
8.512500000000001066e+00,nan,nan,2.710812731581845503e-04,nan,nan
8.520000000000001350e+00,nan,nan,2.715603381764932194e-04,nan,nan
8.527499999999999858e+00,nan,nan,2.720421472127056844e-04,nan,nan
8.535000000000000142e+00,nan,nan,2.725266394147490530e-04,nan,nan
8.542500000000000426e+00,nan,nan,2.730139798953995327e-04,nan,nan
8.550000000000000711e+00,nan,nan,2.735040270453720614e-04,nan,nan
8.557500000000000995e+00,nan,nan,2.739968019399009161e-04,nan,nan
8.565000000000001279e+00,nan,nan,2.744924184580260838e-04,nan,nan
8.572500000000001563e+00,nan,nan,2.749907346921158686e-04,nan,nan
8.580000000000000071e+00,nan,nan,2.754918371614150556e-04,nan,nan
8.587500000000000355e+00,nan,nan,2.759957393554951922e-04,nan,nan
8.595000000000000639e+00,nan,nan,2.765023471902927675e-04,nan,nan
8.602500000000000924e+00,nan,nan,2.770117976594454069e-04,nan,nan
8.610000000000001208e+00,nan,nan,2.775240020257151207e-04,nan,nan
8.617500000000001492e+00,nan,nan,2.780389197583714445e-04,nan,nan
8.625000000000000000e+00,nan,nan,2.785567243524438648e-04,nan,nan
8.632500000000000284e+00,nan,nan,2.790772377845427321e-04,nan,nan
8.640000000000000568e+00,nan,nan,2.796005154667998522e-04,nan,nan
8.647500000000000853e+00,nan,nan,2.801266286005927014e-04,nan,nan
8.655000000000001137e+00,nan,nan,2.806554476562726080e-04,nan,nan
8.662500000000001421e+00,nan,nan,2.811870790654972217e-04,nan,nan
8.669999999999999929e+00,nan,nan,2.817214899686577910e-04,nan,nan
8.677500000000000213e+00,nan,nan,2.822586001027146659e-04,nan,nan
8.685000000000000497e+00,nan,nan,2.827985676196570724e-04,nan,nan
8.692500000000000782e+00,nan,nan,2.833412538872930216e-04,nan,nan
8.700000000000001066e+00,nan,nan,2.838866549514517008e-04,nan,nan
8.707500000000001350e+00,nan,nan,2.844349024437167273e-04,nan,nan
8.714999999999999858e+00,nan,nan,2.849858292132072908e-04,nan,nan
8.722500000000000142e+00,nan,nan,2.855395086630018201e-04,nan,nan
8.730000000000000426e+00,nan,nan,2.860959665946564111e-04,nan,nan
8.737500000000000711e+00,nan,nan,2.866550856894395111e-04,nan,nan
8.745000000000000995e+00,nan,nan,2.872169914586326640e-04,nan,nan
8.752500000000001279e+00,nan,nan,2.877816022667760844e-04,nan,nan
8.760000000000001563e+00,nan,nan,2.883488513079735622e-04,nan,nan
8.767500000000000071e+00,nan,nan,2.889189167827360314e-04,nan,nan
8.775000000000000355e+00,nan,nan,2.894916080909064153e-04,nan,nan
8.782500000000000639e+00,nan,nan,2.900669577375794127e-04,nan,nan
8.790000000000000924e+00,nan,nan,2.906450526631347781e-04,nan,nan
8.797500000000001208e+00,nan,nan,2.912257363422562028e-04,nan,nan
8.805000000000001492e+00,nan,nan,2.918090990944919140e-04,nan,nan
8.812500000000000000e+00,nan,nan,2.923951188609558356e-04,nan,nan
8.820000000000000284e+00,nan,nan,2.929836900624958841e-04,nan,nan
8.827500000000000568e+00,nan,nan,2.935749559015678667e-04,nan,nan
8.835000000000000853e+00,nan,nan,2.941687839393499382e-04,nan,nan
8.842500000000001137e+00,nan,nan,2.947651355558958278e-04,nan,nan
8.850000000000001421e+00,nan,nan,2.953641609072427707e-04,nan,nan
8.857499999999999929e+00,nan,nan,2.959656622594398091e-04,nan,nan
8.865000000000000213e+00,nan,nan,2.965696922582616185e-04,nan,nan
8.872500000000000497e+00,nan,nan,2.971762906180637552e-04,nan,nan
8.880000000000000782e+00,nan,nan,2.977853109138179212e-04,nan,nan
8.887500000000001066e+00,nan,nan,2.983968587505784402e-04,nan,nan
8.895000000000001350e+00,nan,nan,2.990108621972805835e-04,nan,nan
8.902499999999999858e+00,nan,nan,2.996272266101033047e-04,nan,nan
8.910000000000000142e+00,nan,nan,3.002461108691947367e-04,nan,nan
8.917500000000000426e+00,nan,nan,3.008673303231613658e-04,nan,nan
8.925000000000000711e+00,nan,nan,3.014908789187230277e-04,nan,nan
8.932500000000000995e+00,nan,nan,3.021168598548768132e-04,nan,nan
8.940000000000001279e+00,nan,nan,3.027450840237113716e-04,nan,nan
8.947500000000001563e+00,nan,nan,3.033756169788576944e-04,nan,nan
8.955000000000000071e+00,nan,nan,3.040084491823910780e-04,nan,nan
8.962500000000000355e+00,nan,nan,3.046434435073305282e-04,nan,nan
8.970000000000000639e+00,nan,nan,3.052807186187235055e-04,nan,nan
8.977500000000000924e+00,nan,nan,3.059201514007665965e-04,nan,nan
8.985000000000001208e+00,nan,nan,3.065616583735659593e-04,nan,nan
8.992500000000001492e+00,nan,nan,3.072054073378704215e-04,nan,nan
9.000000000000000000e+00,nan,nan,3.078511650091277714e-04,nan,nan
9.007500000000000284e+00,nan,nan,3.084989546831916449e-04,nan,nan
9.015000000000000568e+00,nan,nan,3.091488305347437097e-04,nan,nan
9.022500000000000853e+00,nan,nan,3.098006113965582676e-04,nan,nan
9.030000000000001137e+00,nan,nan,3.104543733935228537e-04,nan,nan
9.037500000000001421e+00,nan,nan,3.111100565068854011e-04,nan,nan
9.044999999999999929e+00,nan,nan,3.117675318783008002e-04,nan,nan
9.052500000000000213e+00,nan,nan,3.124269284288675656e-04,nan,nan
9.060000000000000497e+00,nan,nan,3.130880715712712026e-04,nan,nan
9.067500000000000782e+00,nan,nan,3.137509058826084651e-04,nan,nan
9.075000000000001066e+00,nan,nan,3.144155498969628893e-04,nan,nan
9.082500000000001350e+00,nan,nan,3.150817773440224177e-04,nan,nan
9.089999999999999858e+00,nan,nan,3.157496198764940900e-04,nan,nan
9.097500000000000142e+00,nan,nan,3.164190814989038380e-04,nan,nan
9.105000000000000426e+00,nan,nan,3.170899882231800445e-04,nan,nan
9.112500000000000711e+00,nan,nan,3.177624239663667588e-04,nan,nan
9.120000000000000995e+00,nan,nan,3.184362781738076767e-04,nan,nan
9.127500000000001279e+00,nan,nan,3.191114291228068023e-04,nan,nan
9.135000000000001563e+00,nan,nan,3.197880127105709263e-04,nan,nan
9.142500000000000071e+00,nan,nan,3.204658040296051312e-04,nan,nan
9.150000000000000355e+00,nan,nan,3.211447732657390247e-04,nan,nan
9.157500000000000639e+00,nan,nan,3.218249886410711499e-04,nan,nan
9.165000000000000924e+00,nan,nan,3.225062306160467857e-04,nan,nan
9.172500000000001208e+00,nan,nan,3.231885366538876387e-04,nan,nan
9.180000000000001492e+00,nan,nan,3.238718607980850366e-04,nan,nan
9.187500000000000000e+00,nan,nan,3.245560356006441647e-04,nan,nan
9.195000000000000284e+00,nan,nan,3.252411497399290458e-04,nan,nan
9.202500000000000568e+00,nan,nan,3.259270437106487057e-04,nan,nan
9.210000000000000853e+00,nan,nan,3.266136044206988868e-04,nan,nan
9.217500000000001137e+00,nan,nan,3.273009636873136377e-04,nan,nan
9.225000000000001421e+00,nan,nan,3.279888568911070931e-04,nan,nan
9.232499999999999929e+00,nan,nan,3.286772743893829978e-04,nan,nan
9.240000000000000213e+00,nan,nan,3.293662346246182811e-04,nan,nan
9.247500000000000497e+00,nan,nan,3.300555249153410624e-04,nan,nan
9.255000000000000782e+00,nan,nan,3.307451860362594417e-04,nan,nan
9.262500000000001066e+00,nan,nan,3.314351241578951065e-04,nan,nan
9.270000000000001350e+00,nan,nan,3.321251781637633198e-04,nan,nan
9.277500000000001634e+00,nan,nan,3.328154385393320498e-04,nan,nan
9.285000000000000142e+00,nan,nan,3.335057005952146540e-04,nan,nan
9.292500000000000426e+00,nan,nan,3.341958734856459771e-04,nan,nan
9.300000000000000711e+00,nan,nan,3.348860390275764233e-04,nan,nan
9.307500000000000995e+00,nan,nan,3.355759409617849556e-04,nan,nan
9.315000000000001279e+00,nan,nan,3.362655725585975727e-04,nan,nan
9.322500000000001563e+00,nan,nan,3.369549051671013066e-04,nan,nan
9.330000000000000071e+00,nan,nan,3.376437338844294565e-04,nan,nan
9.337500000000000355e+00,nan,nan,3.383321007720946068e-04,nan,nan
9.345000000000000639e+00,nan,nan,3.390198686686961933e-04,nan,nan
9.352500000000000924e+00,nan,nan,3.397068834230619204e-04,nan,nan
9.360000000000001208e+00,nan,nan,3.403932349210204945e-04,nan,nan
9.367500000000001492e+00,nan,nan,3.410786797926195781e-04,nan,nan
9.375000000000000000e+00,nan,nan,3.417631477259751977e-04,nan,nan
9.382500000000000284e+00,nan,nan,3.424466739413762240e-04,nan,nan
9.390000000000000568e+00,nan,nan,3.431290129220058733e-04,nan,nan
9.397500000000000853e+00,nan,nan,3.438101601278874069e-04,nan,nan
9.405000000000001137e+00,nan,nan,3.444900452328075475e-04,nan,nan
9.412500000000001421e+00,nan,nan,3.451684732694479635e-04,nan,nan
9.419999999999999929e+00,nan,nan,3.458454865679196424e-04,nan,nan
9.427500000000000213e+00,nan,nan,3.465209121522440459e-04,nan,nan
9.435000000000000497e+00,nan,nan,3.471946047717329605e-04,nan,nan
9.442500000000000782e+00,nan,nan,3.478666524185175459e-04,nan,nan
9.450000000000001066e+00,nan,nan,3.485367827256042597e-04,nan,nan
9.457500000000001350e+00,nan,nan,3.492049449891656806e-04,nan,nan
9.465000000000001634e+00,nan,nan,3.498711342222541590e-04,nan,nan
9.472500000000000142e+00,nan,nan,3.505351196098260218e-04,nan,nan
9.480000000000000426e+00,nan,nan,3.511968995104962159e-04,nan,nan
9.487500000000000711e+00,nan,nan,3.518563704969964183e-04,nan,nan
9.495000000000000995e+00,nan,nan,3.525133513194144146e-04,nan,nan
9.502500000000001279e+00,nan,nan,3.531678850915154753e-04,nan,nan
9.510000000000001563e+00,nan,nan,3.538197738033543546e-04,nan,nan
9.517500000000000071e+00,nan,nan,3.544688941850750326e-04,nan,nan
9.525000000000000355e+00,nan,nan,3.551153042544870873e-04,nan,nan
9.532500000000000639e+00,nan,nan,3.557587440508293221e-04,nan,nan
9.540000000000000924e+00,nan,nan,3.563991732979302331e-04,nan,nan
9.547500000000001208e+00,nan,nan,3.570365564070691021e-04,nan,nan
9.555000000000001492e+00,nan,nan,3.576706829918793436e-04,nan,nan
9.562500000000000000e+00,nan,nan,3.583015568094103710e-04,nan,nan
9.570000000000000284e+00,nan,nan,3.589290530858322984e-04,nan,nan
9.577500000000000568e+00,nan,nan,3.595530098228628783e-04,nan,nan
9.585000000000000853e+00,nan,nan,3.601734732789011861e-04,nan,nan
9.592500000000001137e+00,nan,nan,3.607902342345251610e-04,nan,nan
9.600000000000001421e+00,nan,nan,3.614031969607637749e-04,nan,nan
9.607499999999999929e+00,nan,nan,3.620123910363625677e-04,nan,nan
9.615000000000000213e+00,nan,nan,3.626175853801260197e-04,nan,nan
9.622500000000000497e+00,nan,nan,3.632187515658971406e-04,nan,nan
9.630000000000000782e+00,2.101442813037281532e+00,3.535350144281292160e+04,3.638158358638492445e-04,0.000000000000000000e+00,0.000000000000000000e+00
9.637500000000001066e+00,2.539137491206909125e+00,3.543373913749109488e+04,3.644086555341438248e-04,0.000000000000000000e+00,0.000000000000000000e+00
9.645000000000001350e+00,2.976844637690388318e+00,3.551397684463758196e+04,3.649972239549918013e-04,0.000000000000000000e+00,0.000000000000000000e+00
9.652500000000001634e+00,3.414448223607765787e+00,3.559421444822350168e+04,3.655814092673151557e-04,0.000000000000000000e+00,0.000000000000000000e+00
9.660000000000000142e+00,3.852064871216279496e+00,3.567445206487111136e+04,3.661610756107894866e-04,0.000000000000000000e+00,0.000000000000000000e+00
9.667500000000000426e+00,4.289770879102988488e+00,3.575468977087900566e+04,3.667362764159295269e-04,0.000000000000000000e+00,0.000000000000000000e+00
9.675000000000000711e+00,4.727487168305525955e+00,3.583492748716820643e+04,3.673068071068756059e-04,0.000000000000000000e+00,0.000000000000000000e+00
9.682500000000000995e+00,5.165057794720116391e+00,3.591516505779462750e+04,3.678726030425498060e-04,0.000000000000000000e+00,0.000000000000000000e+00
9.690000000000001279e+00,5.602871648460927112e+00,3.599540287164836627e+04,3.684336780846698359e-04,0.000000000000000000e+00,0.000000000000000000e+00
9.697500000000001563e+00,6.040530832832994967e+00,3.607564053083274484e+04,3.689898383204167883e-04,0.000000000000000000e+00,0.000000000000000000e+00
9.705000000000000071e+00,6.478236528952594497e+00,3.615587823652886436e+04,3.695410727389950348e-04,0.000000000000000000e+00,0.000000000000000000e+00
9.712500000000000355e+00,6.915932477116493615e+00,3.623611593247703422e+04,3.700873235694452810e-04,0.000000000000000000e+00,0.000000000000000000e+00
9.720000000000000639e+00,7.353615148915012334e+00,3.631635361514883698e+04,3.706284434456818297e-04,0.000000000000000000e+00,0.000000000000000000e+00
9.727500000000000924e+00,7.791251248176772393e+00,3.639659125124810089e+04,3.711644605645461354e-04,0.000000000000000000e+00,0.000000000000000000e+00
9.735000000000001208e+00,8.228903908212977569e+00,3.647682890390813554e+04,3.716952511628543606e-04,0.000000000000000000e+00,0.000000000000000000e+00
9.742500000000001492e+00,8.666493124356438926e+00,3.655706649312428635e+04,3.722207126215494816e-04,0.000000000000000000e+00,0.000000000000000000e+00
9.750000000000000000e+00,9.104066218784238274e+00,3.663730406621871225e+04,3.727409103399708713e-04,0.000000000000000000e+00,0.000000000000000000e+00
9.757500000000000284e+00,9.541545314515779808e+00,3.671754154531445238e+04,3.732556603100448860e-04,0.000000000000000000e+00,0.000000000000000000e+00
9.765000000000000568e+00,9.978909473667997077e+00,3.679777890947360720e+04,3.737649324569079735e-04,0.000000000000000000e+00,0.000000000000000000e+00
9.772500000000000853e+00,1.041602139394653470e+01,3.687801602139388706e+04,3.742687381069384456e-04,0.000000000000000000e+00,0.000000000000000000e+00
9.780000000000001137e+00,1.085272951010441567e+01,3.695825272951004445e+04,3.747669279893477558e-04,0.000000000000000000e+00,0.000000000000000000e+00
9.787500000000001421e+00,1.128943646466136919e+01,3.703848943646460975e+04,3.752595138778342938e-04,0.000000000000000000e+00,0.000000000000000000e+00
9.794999999999999929e+00,1.172614360952361423e+01,3.711872614360947045e+04,3.757464475915492093e-04,0.000000000000000000e+00,0.000000000000000000e+00
9.802500000000000213e+00,1.216285094589253646e+01,3.719896285094584164e+04,3.762276236595274242e-04,0.000000000000000000e+00,0.000000000000000000e+00
9.810000000000000497e+00,1.259955847483463565e+01,3.727919955847479287e+04,3.767030897924366034e-04,0.000000000000000000e+00,0.000000000000000000e+00
9.817500000000000782e+00,1.303626619727616642e+01,3.735943626619723364e+04,3.771727440079546373e-04,0.000000000000000000e+00,0.000000000000000000e+00
9.825000000000001066e+00,1.347297411399781808e+01,3.743967297411395703e+04,3.776365250465395988e-04,0.000000000000000000e+00,0.000000000000000000e+00
9.832500000000001350e+00,1.390968222562929846e+01,3.751990968222559604e+04,3.780945064321601938e-04,0.000000000000000000e+00,0.000000000000000000e+00
9.840000000000001634e+00,1.434639053264408126e+01,3.760014639053260908e+04,3.785465458772260751e-04,0.000000000000000000e+00,0.000000000000000000e+00
9.847500000000000142e+00,1.478309903535445180e+01,3.768038309903532354e+04,3.789926470551290743e-04,0.000000000000000000e+00,0.000000000000000000e+00
9.855000000000000426e+00,1.521980773390652963e+01,3.776061980773387768e+04,3.794328299705130203e-04,0.000000000000000000e+00,0.000000000000000000e+00
9.862500000000000711e+00,1.565651662827562518e+01,3.784085651662824966e+04,3.798669945650871588e-04,0.000000000000000000e+00,0.000000000000000000e+00
9.870000000000000995e+00,1.609322571826171355e+01,3.792109322571824305e+04,3.802951787137505619e-04,0.000000000000000000e+00,0.000000000000000000e+00
9.877500000000001279e+00,1.652993500348530631e+01,3.800132993500346493e+04,3.807173543949464206e-04,0.000000000000000000e+00,0.000000000000000000e+00
9.885000000000001563e+00,1.696664448338329834e+01,3.808156664448336960e+04,3.811334612825902752e-04,0.000000000000000000e+00,0.000000000000000000e+00
9.892500000000000071e+00,1.740335415720544177e+01,3.816180335415719310e+04,3.815435689455525382e-04,0.000000000000000000e+00,0.000000000000000000e+00
9.900000000000000355e+00,1.784006402401064761e+01,3.824204006402400410e+04,3.819476066990280870e-04,0.000000000000000000e+00,0.000000000000000000e+00
9.907500000000000639e+00,1.827677408266425729e+01,3.832227677408266027e+04,3.823455580235391870e-04,0.000000000000000000e+00,0.000000000000000000e+00
9.915000000000000924e+00,1.871348433183492332e+01,3.840251348433183011e+04,3.827375015751900917e-04,0.000000000000000000e+00,0.000000000000000000e+00
9.922500000000001208e+00,1.915019476999243864e+01,3.848275019476999296e+04,3.831233492307523059e-04,0.000000000000000000e+00,0.000000000000000000e+00
9.930000000000001492e+00,1.958690539540572573e+01,3.856298690539540985e+04,3.835031354201973446e-04,0.000000000000000000e+00,0.000000000000000000e+00
9.937500000000000000e+00,2.002361620614101412e+01,3.864322361620614538e+04,3.838768957226958395e-04,0.000000000000000000e+00,0.000000000000000000e+00
9.945000000000000284e+00,2.046032720006090599e+01,3.872346032720006770e+04,3.842445790999110935e-04,0.000000000000000000e+00,0.000000000000000000e+00
9.952500000000000568e+00,2.089703837482326776e+01,3.880369703837483394e+04,3.846062491212083189e-04,0.000000000000000000e+00,0.000000000000000000e+00
9.960000000000000853e+00,2.133374972788135082e+01,3.888393374972789752e+04,3.849619032320000605e-04,0.000000000000000000e+00,0.000000000000000000e+00
9.967500000000001137e+00,2.177046125648356067e+01,3.896417046125650086e+04,3.853115246206906914e-04,0.000000000000000000e+00,0.000000000000000000e+00
9.975000000000001421e+00,2.220717295767421007e+01,3.904440717295768991e+04,3.856552032562936792e-04,0.000000000000000000e+00,0.000000000000000000e+00
9.982499999999999929e+00,2.264388482829460258e+01,3.912464388482831419e+04,3.859929031611075202e-04,0.000000000000000000e+00,0.000000000000000000e+00
9.990000000000000213e+00,2.308059686498458518e+01,3.920488059686501219e+04,3.863246477225906338e-04,0.000000000000000000e+00,0.000000000000000000e+00
9.997500000000000497e+00,2.351730906418475087e+01,3.928511730906421144e+04,3.866505239173262365e-04,0.000000000000000000e+00,0.000000000000000000e+00
1.000500000000000078e+01,2.395402142213888652e+01,3.936535402142217208e+04,3.869704934377648131e-04,0.000000000000000000e+00,0.000000000000000000e+00
1.001250000000000107e+01,2.439073393489720232e+01,3.944559073393492872e+04,3.872846176510367079e-04,0.000000000000000000e+00,0.000000000000000000e+00
1.002000000000000135e+01,2.482744659831994127e+01,3.952582744659835589e+04,3.875929490185435174e-04,0.000000000000000000e+00,0.000000000000000000e+00
1.002750000000000163e+01,2.526415940808144356e+01,3.960606415940811712e+04,3.878954798590303040e-04,0.000000000000000000e+00,0.000000000000000000e+00
1.003500000000000014e+01,2.570087235967475081e+01,3.968630087235971587e+04,3.881922946893981408e-04,0.000000000000000000e+00,0.000000000000000000e+00
1.004250000000000043e+01,2.613758544841718745e+01,3.976653758544845914e+04,3.884834156582845526e-04,0.000000000000000000e+00,0.000000000000000000e+00
1.005000000000000071e+01,2.657429866945531316e+01,3.984677429866950115e+04,3.887688626820743243e-04,0.000000000000000000e+00,0.000000000000000000e+00
1.005750000000000099e+01,2.701101201777139238e+01,3.992701101201782149e+04,3.890487406329665426e-04,0.000000000000000000e+00,0.000000000000000000e+00
1.006500000000000128e+01,2.744772548819025104e+01,4.000724772548824694e+04,3.893230452708884505e-04,0.000000000000000000e+00,0.000000000000000000e+00
1.007250000000000156e+01,2.788443907538585975e+01,4.008748443907544424e+04,3.895918307914064856e-04,0.000000000000000000e+00,0.000000000000000000e+00
1.008000000000000007e+01,2.832115277388927765e+01,4.016772115277394914e+04,3.898551906572849226e-04,0.000000000000000000e+00,0.000000000000000000e+00
1.008750000000000036e+01,2.875786657809632274e+01,4.024795786657815916e+04,3.901131269101947930e-04,0.000000000000000000e+00,0.000000000000000000e+00
1.009500000000000064e+01,2.919458048227591718e+01,4.032819458048234083e+04,3.903657200317518805e-04,0.000000000000000000e+00,0.000000000000000000e+00
1.010250000000000092e+01,2.963129448057906501e+01,4.040843129448064428e+04,3.906130355653914476e-04,0.000000000000000000e+00,0.000000000000000000e+00
1.011000000000000121e+01,3.006800856704762381e+01,4.048866800856711779e+04,3.908550990460913808e-04,0.000000000000000000e+00,0.000000000000000000e+00
1.011750000000000149e+01,3.050472273562378334e+01,4.056890472273570049e+04,3.910920077728241616e-04,0.000000000000000000e+00,0.000000000000000000e+00
1.012500000000000000e+01,3.094143698016003441e+01,4.064914143698023690e+04,3.913238028175434081e-04,0.000000000000000000e+00,0.000000000000000000e+00
1.013250000000000028e+01,3.137815129442885365e+01,4.072937815129450610e+04,3.915505302811671251e-04,0.000000000000000000e+00,0.000000000000000000e+00
1.014000000000000057e+01,3.181486567213304184e+01,4.080961486567221436e+04,3.917723016700656391e-04,0.000000000000000000e+00,0.000000000000000000e+00
1.014750000000000085e+01,3.225158010691620802e+01,4.088985158010700252e+04,3.919891367592214372e-04,0.000000000000000000e+00,0.000000000000000000e+00
1.015500000000000114e+01,3.268829459237353063e+01,4.097008829459246044e+04,3.922011089264542359e-04,0.000000000000000000e+00,0.000000000000000000e+00
1.016250000000000142e+01,3.312500912206208881e+01,4.105032500912215619e+04,3.924083128452562257e-04,0.000000000000000000e+00,0.000000000000000000e+00
1.017000000000000171e+01,3.356172368951223461e+01,4.113056172368960688e+04,3.926107784637971644e-04,0.000000000000000000e+00,0.000000000000000000e+00
1.017750000000000021e+01,3.399843828823811265e+01,4.121079843828833691e+04,3.928085954925343765e-04,0.000000000000000000e+00,0.000000000000000000e+00
1.018500000000000050e+01,3.443515291174887238e+01,4.129103515291184885e+04,3.930018356966545915e-04,0.000000000000000000e+00,0.000000000000000000e+00
1.019250000000000078e+01,3.487186755355955370e+01,4.137127186755365983e+04,3.931905455924400634e-04,0.000000000000000000e+00,0.000000000000000000e+00
1.020000000000000107e+01,3.530858220720198659e+01,4.145150858220730879e+04,3.933748258018555455e-04,0.000000000000000000e+00,0.000000000000000000e+00
1.020750000000000135e+01,3.574529686623568381e+01,4.153174529686634196e+04,3.935547279807059427e-04,0.000000000000000000e+00,0.000000000000000000e+00
1.021500000000000163e+01,3.618201152425846345e+01,4.161198201152437105e+04,3.937303126471748725e-04,0.000000000000000000e+00,0.000000000000000000e+00
1.022250000000000014e+01,3.661872617491741266e+01,4.169221872617502959e+04,3.939016891244030445e-04,0.000000000000000000e+00,0.000000000000000000e+00
1.023000000000000043e+01,3.705544081191878547e+01,4.177245544081203843e+04,3.940688915172461709e-04,0.000000000000000000e+00,0.000000000000000000e+00
1.023750000000000071e+01,3.749215542903811382e+01,4.185269215542916209e+04,3.942320007489670259e-04,0.000000000000000000e+00,0.000000000000000000e+00
1.024500000000000099e+01,3.792887002013107889e+01,4.193292887002025236e+04,3.943911064309913112e-04,0.000000000000000000e+00,0.000000000000000000e+00
1.025250000000000128e+01,3.836558457914212283e+01,4.201316558457927022e+04,3.945462538267108027e-04,0.000000000000000000e+00,0.000000000000000000e+00
1.026000000000000156e+01,3.880229910011440353e+01,4.209340229910024209e+04,3.946975323870797396e-04,0.000000000000000000e+00,0.000000000000000000e+00
1.026750000000000007e+01,3.923901357719851291e+01,4.217363901357733266e+04,3.948450127981229180e-04,0.000000000000000000e+00,0.000000000000000000e+00
1.027500000000000036e+01,3.967572800466128768e+01,4.225387572800479393e+04,3.949887509577976619e-04,0.000000000000000000e+00,0.000000000000000000e+00
1.028250000000000064e+01,4.011244237689367509e+01,4.233411244237703067e+04,3.951288423912372393e-04,0.000000000000000000e+00,0.000000000000000000e+00
1.029000000000000092e+01,4.054915668841945120e+01,4.241434915668856411e+04,3.952653411458598837e-04,0.000000000000000000e+00,0.000000000000000000e+00
1.029750000000000121e+01,4.098587093390170821e+01,4.249458587093404640e+04,3.953983126703726502e-04,0.000000000000000000e+00,0.000000000000000000e+00
1.030500000000000149e+01,4.142258510815040040e+01,4.257482258510829706e+04,3.955278539893807943e-04,0.000000000000000000e+00,0.000000000000000000e+00
1.031250000000000000e+01,4.185929920612850452e+01,4.265505929920628114e+04,3.956540074765047162e-04,0.000000000000000000e+00,0.000000000000000000e+00
1.032000000000000028e+01,4.229601322295815891e+01,4.273529601322310918e+04,3.957768511813335600e-04,0.000000000000000000e+00,0.000000000000000000e+00
1.032750000000000057e+01,4.273272715392648990e+01,4.281553272715408093e+04,3.958964645411983336e-04,0.000000000000000000e+00,0.000000000000000000e+00
1.033500000000000085e+01,4.316944099449014516e+01,4.289576944099464890e+04,3.960128977273561597e-04,0.000000000000000000e+00,0.000000000000000000e+00
1.034250000000000114e+01,4.360615474028082872e+01,4.297600615474044025e+04,3.961262327436557910e-04,0.000000000000000000e+00,0.000000000000000000e+00
1.035000000000000142e+01,4.404286838710733321e+01,4.305624286838727130e+04,3.962365335037316494e-04,0.000000000000000000e+00,0.000000000000000000e+00
1.035750000000000171e+01,4.447958193096138046e+01,4.313647958193112572e+04,3.963438562989051654e-04,0.000000000000000000e+00,0.000000000000000000e+00
1.036500000000000021e+01,4.491629536801887923e+01,4.321671629536819091e+04,3.964482857359847147e-04,0.000000000000000000e+00,0.000000000000000000e+00
1.037250000000000050e+01,4.535300869464327889e+01,4.329695300869481434e+04,3.965498720866829797e-04,0.000000000000000000e+00,0.000000000000000000e+00
1.038000000000000078e+01,4.578972190738683423e+01,4.337718972190756176e+04,3.966486780805297558e-04,0.000000000000000000e+00,0.000000000000000000e+00
1.038750000000000107e+01,4.622643500299376029e+01,4.345742643500317354e+04,3.967447843241712923e-04,0.000000000000000000e+00,0.000000000000000000e+00
1.039500000000000135e+01,4.666314797839928019e+01,4.353766314797857922e+04,3.968382345827475388e-04,0.000000000000000000e+00,0.000000000000000000e+00
1.040250000000000163e+01,4.709986083073117413e+01,4.361789986083091935e+04,3.969290979606770260e-04,0.000000000000000000e+00,0.000000000000000000e+00
1.041000000000000014e+01,4.753657355730901202e+01,4.369813657355749456e+04,3.970174408811615995e-04,0.000000000000000000e+00,0.000000000000000000e+00
1.041750000000000043e+01,4.797328615564477161e+01,4.377837328615583829e+04,3.971033113208198139e-04,0.000000000000000000e+00,0.000000000000000000e+00
1.042500000000000071e+01,4.840999862344185090e+01,4.385860999862363678e+04,3.971867797072895661e-04,0.000000000000000000e+00,0.000000000000000000e+00
1.043250000000000099e+01,4.884671095859239642e+01,4.393884671095878730e+04,3.972678999776071713e-04,0.000000000000000000e+00,0.000000000000000000e+00
1.044000000000000128e+01,4.928342315917790728e+01,4.401908342315937625e+04,3.973467231592991804e-04,0.000000000000000000e+00,0.000000000000000000e+00
1.044750000000000156e+01,4.972013522346541237e+01,4.409932013522366469e+04,3.974233201172795195e-04,0.000000000000000000e+00,0.000000000000000000e+00
1.045500000000000007e+01,5.015684714990535298e+01,4.417955684715011012e+04,3.974977338438831953e-04,0.000000000000000000e+00,0.000000000000000000e+00
1.046250000000000036e+01,5.059355893712963592e+01,4.425979355893733737e+04,3.975700195937618107e-04,0.000000000000000000e+00,0.000000000000000000e+00
1.047000000000000064e+01,5.103027058394718551e+01,4.434003027058416046e+04,3.976402413790555181e-04,0.000000000000000000e+00,0.000000000000000000e+00
1.047750000000000092e+01,5.146698208934130037e+01,4.442026698208955349e+04,3.977084391851003231e-04,0.000000000000000000e+00,0.000000000000000000e+00
1.048500000000000121e+01,5.190369345246624988e+01,4.450050369345267973e+04,3.977746706784406712e-04,0.000000000000000000e+00,0.000000000000000000e+00
1.049250000000000149e+01,5.234040467264267704e+01,4.458074040467286250e+04,3.978389887172180373e-04,0.000000000000000000e+00,0.000000000000000000e+00
1.050000000000000000e+01,5.277711574935333516e+01,4.466097711574957793e+04,3.979014352180134132e-04,0.000000000000000000e+00,0.000000000000000000e+00
1.050750000000000028e+01,5.321382668223999701e+01,4.474121382668246224e+04,3.979620676755988174e-04,0.000000000000000000e+00,0.000000000000000000e+00
1.051500000000000057e+01,5.365053747109642757e+01,4.482145053747132624e+04,3.980209291676569468e-04,0.000000000000000000e+00,0.000000000000000000e+00
1.052250000000000085e+01,5.408724811586578340e+01,4.490168724811609718e+04,3.980780627918840031e-04,0.000000000000000000e+00,0.000000000000000000e+00
1.053000000000000114e+01,5.452395861663494969e+01,4.498192395861686964e+04,3.981335253379390620e-04,0.000000000000000000e+00,0.000000000000000000e+00
1.053750000000000142e+01,5.496066897362811687e+01,4.506216066897386190e+04,3.981873513433650878e-04,0.000000000000000000e+00,0.000000000000000000e+00
1.054500000000000171e+01,5.539737918720441456e+01,4.514239737918744504e+04,3.982395866946928211e-04,0.000000000000000000e+00,0.000000000000000000e+00
1.055250000000000021e+01,5.583408925784991794e+01,4.522263408925809199e+04,3.982902803184884023e-04,0.000000000000000000e+00,0.000000000000000000e+00
1.056000000000000050e+01,5.627079918617414478e+01,4.530287079918642121e+04,3.983394660522879575e-04,0.000000000000000000e+00,0.000000000000000000e+00
1.056750000000000078e+01,5.670750897290275816e+01,4.538310750897315302e+04,3.983871899091569690e-04,0.000000000000000000e+00,0.000000000000000000e+00
1.057500000000000107e+01,5.714421861887466747e+01,4.546334421861912415e+04,3.984334922816992492e-04,0.000000000000000000e+00,0.000000000000000000e+00
1.058250000000000135e+01,5.758092812503401348e+01,4.554358092812528776e+04,3.984784076331978286e-04,0.000000000000000000e+00,0.000000000000000000e+00
1.059000000000000163e+01,5.801763749242612533e+01,4.562381763749268430e+04,3.985219811074885337e-04,0.000000000000000000e+00,0.000000000000000000e+00
1.059750000000000014e+01,5.845434672219167993e+01,4.570405434672244883e+04,3.985642456472045236e-04,0.000000000000000000e+00,0.000000000000000000e+00
1.060500000000000043e+01,5.889105581556252389e+01,4.578429105581582553e+04,3.986052360297126030e-04,0.000000000000000000e+00,0.000000000000000000e+00
1.061250000000000071e+01,5.932776477385379366e+01,4.586452776477411680e+04,3.986449957940527665e-04,0.000000000000000000e+00,0.000000000000000000e+00
1.062000000000000099e+01,5.976447359846194018e+01,4.594476447359873418e+04,3.986835518456595460e-04,0.000000000000000000e+00,0.000000000000000000e+00
1.062750000000000128e+01,6.020118229085549189e+01,4.602500118229112559e+04,3.987209405705752869e-04,0.000000000000000000e+00,0.000000000000000000e+00
1.063500000000000156e+01,6.063789085257261746e+01,4.610523789085284807e+04,3.987571982156105010e-04,0.000000000000000000e+00,0.000000000000000000e+00
1.064250000000000007e+01,6.107459928521506498e+01,4.618547459928549506e+04,3.987923519763980867e-04,0.000000000000000000e+00,0.000000000000000000e+00
1.065000000000000036e+01,6.151130759044647789e+01,4.626571130759072548e+04,3.988264373532180058e-04,0.000000000000000000e+00,0.000000000000000000e+00
1.065750000000000064e+01,6.194801576998109738e+01,4.634594801577026374e+04,3.988594842312100314e-04,0.000000000000000000e+00,0.000000000000000000e+00
1.066500000000000092e+01,6.238472382558510532e+01,4.642618472382587061e+04,3.988915197677891521e-04,0.000000000000000000e+00,0.000000000000000000e+00
1.067250000000000121e+01,6.282143175906676902e+01,4.650642143175935780e+04,3.989225783806501363e-04,0.000000000000000000e+00,0.000000000000000000e+00
1.068000000000000149e+01,6.325813957227754969e+01,4.658665813957257342e+04,3.989526844250938548e-04,0.000000000000000000e+00,0.000000000000000000e+00
1.068750000000000000e+01,6.369484726710398803e+01,4.666689484726740193e+04,3.989818653043560753e-04,0.000000000000000000e+00,0.000000000000000000e+00
1.069500000000000028e+01,6.413155484546386731e+01,4.674713155484576419e+04,3.990101525495476364e-04,0.000000000000000000e+00,0.000000000000000000e+00
1.070250000000000057e+01,6.456826230930305144e+01,4.682736826230960287e+04,3.990375673826404177e-04,0.000000000000000000e+00,0.000000000000000000e+00
1.071000000000000085e+01,6.500496966059149884e+01,4.690760496966089704e+04,3.990641374663614544e-04,0.000000000000000000e+00,0.000000000000000000e+00
1.071750000000000114e+01,6.544167690131878601e+01,4.698784167690162576e+04,3.990898889961286516e-04,0.000000000000000000e+00,0.000000000000000000e+00
1.072500000000000142e+01,6.587838403349302041e+01,4.706807838403380447e+04,3.991148430605341991e-04,0.000000000000000000e+00,0.000000000000000000e+00
1.073250000000000171e+01,6.631509105913316660e+01,4.714831509105944860e+04,3.991390263741803612e-04,0.000000000000000000e+00,0.000000000000000000e+00
1.074000000000000021e+01,6.675179798026958622e+01,4.722855179798058816e+04,3.991624604963012451e-04,0.000000000000000000e+00,0.000000000000000000e+00
1.074750000000000050e+01,6.718850479893707472e+01,4.730878850479925313e+04,3.991851661929281063e-04,0.000000000000000000e+00,0.000000000000000000e+00
1.075500000000000078e+01,6.762521151717564294e+01,4.738902521151749534e+04,3.992071691354532031e-04,0.000000000000000000e+00,0.000000000000000000e+00
1.076250000000000107e+01,6.806191813702470483e+01,4.746926191813735204e+04,3.992284868684986489e-04,0.000000000000000000e+00,0.000000000000000000e+00
1.077000000000000135e+01,6.849862466052506704e+01,4.754949862466085324e+04,3.992491404063259553e-04,0.000000000000000000e+00,0.000000000000000000e+00
1.077750000000000163e+01,6.893533108971028867e+01,4.762973533109004347e+04,3.992691521476913119e-04,0.000000000000000000e+00,0.000000000000000000e+00
1.078500000000000014e+01,6.937203742660700811e+01,4.770997203742693819e+04,3.992885383368668679e-04,0.000000000000000000e+00,0.000000000000000000e+00
1.079250000000000043e+01,6.980874367323204410e+01,4.779020874367356737e+04,3.993073195698629806e-04,0.000000000000000000e+00,0.000000000000000000e+00
1.080000000000000071e+01,7.024544983159555045e+01,4.787044544983193191e+04,3.993255144157859178e-04,0.000000000000000000e+00,0.000000000000000000e+00
1.080750000000000099e+01,7.068215590368603785e+01,4.795068215590402542e+04,3.993431388207851367e-04,0.000000000000000000e+00,0.000000000000000000e+00
1.081500000000000128e+01,7.111886189148491155e+01,4.803091886189182696e+04,3.993602125236832474e-04,0.000000000000000000e+00,0.000000000000000000e+00
1.082250000000000156e+01,7.155556779695338321e+01,4.811115556779730105e+04,3.993767507773319115e-04,0.000000000000000000e+00,0.000000000000000000e+00
1.083000000000000007e+01,7.199227362203633618e+01,4.819139227362239035e+04,3.993927691377828558e-04,0.000000000000000000e+00,0.000000000000000000e+00
1.083750000000000036e+01,7.242897936865334430e+01,4.827162897936900845e+04,3.994082864059975190e-04,0.000000000000000000e+00,0.000000000000000000e+00
1.084500000000000064e+01,7.286568503870404356e+01,4.835186568503906165e+04,3.994233150135342338e-04,0.000000000000000000e+00,0.000000000000000000e+00
1.085250000000000092e+01,7.330239063407097433e+01,4.843210239063442714e+04,3.994378707528500232e-04,0.000000000000000000e+00,0.000000000000000000e+00
1.086000000000000121e+01,7.373909615660710415e+01,4.851233909615696757e+04,3.994519692996044424e-04,0.000000000000000000e+00,0.000000000000000000e+00
1.086750000000000149e+01,7.417580160814455326e+01,4.859257580160850921e+04,3.994656228293038086e-04,0.000000000000000000e+00,0.000000000000000000e+00
1.087500000000000178e+01,7.461250699048265744e+01,4.867281250699084922e+04,3.994788464458381028e-04,0.000000000000000000e+00,0.000000000000000000e+00
1.088250000000000028e+01,7.504921230540118415e+01,4.875304921230577020e+04,3.994916531182763947e-04,0.000000000000000000e+00,0.000000000000000000e+00
1.089000000000000057e+01,7.548591755465400865e+01,4.883328591755502566e+04,3.995040546911407921e-04,0.000000000000000000e+00,0.000000000000000000e+00
1.089750000000000085e+01,7.592262273995919486e+01,4.891352262274033274e+04,3.995160655563099344e-04,0.000000000000000000e+00,0.000000000000000000e+00
1.090500000000000114e+01,7.635932786301248143e+01,4.899375932786339399e+04,3.995276963456984953e-04,0.000000000000000000e+00,0.000000000000000000e+00
1.091250000000000142e+01,7.679603292547687943e+01,4.907399603292586107e+04,3.995389587272100973e-04,0.000000000000000000e+00,0.000000000000000000e+00
1.092000000000000171e+01,7.723273792898559975e+01,4.915423273792937107e+04,3.995498657343899578e-04,0.000000000000000000e+00,0.000000000000000000e+00
1.092750000000000021e+01,7.766944287514446899e+01,4.923446944287553197e+04,3.995604266221391759e-04,0.000000000000000000e+00,0.000000000000000000e+00
1.093500000000000050e+01,7.810614776552723981e+01,4.931470614776591538e+04,3.995706529036362371e-04,0.000000000000000000e+00,0.000000000000000000e+00
1.094250000000000078e+01,7.854285260168082061e+01,4.939494285260207835e+04,3.995805554248625354e-04,0.000000000000000000e+00,0.000000000000000000e+00
1.095000000000000107e+01,7.897955738511537049e+01,4.947517955738551245e+04,3.995901431770750283e-04,0.000000000000000000e+00,0.000000000000000000e+00
1.095750000000000135e+01,7.941626211731262686e+01,4.955541626211770927e+04,3.995994271159115886e-04,0.000000000000000000e+00,0.000000000000000000e+00
1.096500000000000163e+01,5.296679972868115899e-02,4.955585296680012834e+04,3.996084161974297372e-04,0.000000000000000000e+00,0.000000000000000000e+00
1.097250000000000014e+01,4.896714337767302250e-01,4.963608967143417976e+04,3.996171191084483165e-04,0.000000000000000000e+00,0.000000000000000000e+00
1.098000000000000043e+01,9.263760208517629602e-01,4.971632637602125760e+04,3.996255462417427256e-04,0.000000000000000000e+00,0.000000000000000000e+00
1.098750000000000071e+01,1.363080562312241950e+00,4.979656308056272246e+04,3.996337049251584344e-04,0.000000000000000000e+00,0.000000000000000000e+00
1.099500000000000099e+01,1.799785059491578298e+00,4.987679978505990584e+04,3.996416038030229929e-04,0.000000000000000000e+00,0.000000000000000000e+00
1.100250000000000128e+01,2.236489513681852781e+00,4.995703648951410287e+04,3.996492518312759067e-04,0.000000000000000000e+00,0.000000000000000000e+00
1.101000000000000156e+01,2.673193926159989964e+00,5.003727319392657955e+04,3.996566558147758271e-04,0.000000000000000000e+00,0.000000000000000000e+00
1.101750000000000007e+01,3.109898298154200269e+00,5.011750989829858008e+04,3.996638240716061724e-04,0.000000000000000000e+00,0.000000000000000000e+00
1.102500000000000036e+01,3.546602630879648999e+00,5.019774660263130500e+04,3.996707640413650338e-04,0.000000000000000000e+00,0.000000000000000000e+00
1.103250000000000064e+01,3.983306925516483687e+00,5.027798330692594755e+04,3.996774822937311316e-04,0.000000000000000000e+00,0.000000000000000000e+00
1.104000000000000092e+01,4.420011183208777616e+00,5.035822001118364278e+04,3.996839867127006561e-04,0.000000000000000000e+00,0.000000000000000000e+00
1.104750000000000121e+01,4.856715405087015824e+00,5.043845671540552576e+04,3.996902834303976042e-04,0.000000000000000000e+00,0.000000000000000000e+00
1.105500000000000149e+01,5.293419592232027959e+00,5.051869341959267331e+04,3.996963788034172934e-04,0.000000000000000000e+00,0.000000000000000000e+00
1.106250000000000178e+01,5.730123745723431306e+00,5.059893012374616228e+04,3.997022801537616693e-04,0.000000000000000000e+00,0.000000000000000000e+00
1.107000000000000028e+01,6.166827866592594631e+00,5.067916682786703313e+04,3.997079926199517967e-04,0.000000000000000000e+00,0.000000000000000000e+00
1.107750000000000057e+01,6.603531955847039114e+00,5.075940353195629723e+04,3.997135225050246527e-04,0.000000000000000000e+00,0.000000000000000000e+00
1.108500000000000085e+01,7.040236014484892557e+00,5.083964023601493682e+04,3.997188759221001215e-04,0.000000000000000000e+00,0.000000000000000000e+00
1.109250000000000114e+01,7.476940043448760065e+00,5.091987694004389778e+04,3.997240578300393786e-04,0.000000000000000000e+00,0.000000000000000000e+00
1.110000000000000142e+01,7.913644043681237861e+00,5.100011364404413325e+04,3.997290741993225023e-04,0.000000000000000000e+00,0.000000000000000000e+00
1.110750000000000171e+01,8.350348016086554637e+00,5.108035034801654547e+04,3.997339300997842897e-04,0.000000000000000000e+00,0.000000000000000000e+00
1.111500000000000021e+01,8.787051961536841205e+00,5.116058705196200026e+04,3.997386302949496560e-04,0.000000000000000000e+00,0.000000000000000000e+00
1.112250000000000050e+01,9.223755880906159277e+00,5.124082375588137074e+04,3.997431804257610129e-04,0.000000000000000000e+00,0.000000000000000000e+00
1.113000000000000078e+01,9.660459775018301443e+00,5.132106045977548638e+04,3.997475846639003487e-04,0.000000000000000000e+00,0.000000000000000000e+00
1.113750000000000107e+01,1.009716364468152072e+01,5.140129716364515480e+04,3.997518476792384363e-04,0.000000000000000000e+00,0.000000000000000000e+00
1.114500000000000135e+01,1.053386749067508887e+01,5.148153386749114725e+04,3.997559744517973669e-04,0.000000000000000000e+00,0.000000000000000000e+00
1.115250000000000163e+01,1.097057131377824568e+01,5.156177057131425681e+04,3.997599687193050953e-04,0.000000000000000000e+00,0.000000000000000000e+00
1.116000000000000014e+01,1.140727511472931610e+01,5.164200727511521109e+04,3.997638349974065868e-04,0.000000000000000000e+00,0.000000000000000000e+00
1.116750000000000043e+01,1.184397889423776995e+01,5.172224397889471584e+04,3.997675774379453153e-04,0.000000000000000000e+00,0.000000000000000000e+00
1.117500000000000071e+01,1.228068265301396877e+01,5.180248068265349866e+04,3.997711996309266354e-04,0.000000000000000000e+00,0.000000000000000000e+00
1.118250000000000099e+01,1.271738639174595775e+01,5.188271738639223622e+04,3.997747058412500160e-04,0.000000000000000000e+00,0.000000000000000000e+00
1.119000000000000128e+01,1.315409011107412773e+01,5.196295409011156153e+04,3.997780995069865739e-04,0.000000000000000000e+00,0.000000000000000000e+00
1.119750000000000156e+01,1.359079381165511080e+01,5.204319079381215124e+04,3.997813840625028697e-04,0.000000000000000000e+00,0.000000000000000000e+00
1.120500000000000007e+01,1.402749749410776126e+01,5.212342749749460199e+04,3.997845635267370805e-04,0.000000000000000000e+00,0.000000000000000000e+00
1.121250000000000036e+01,1.446420115902651737e+01,5.220366420115952496e+04,3.997876407240818358e-04,0.000000000000000000e+00,0.000000000000000000e+00
1.122000000000000064e+01,1.490090480699856457e+01,5.228390090480750223e+04,3.997906190634826790e-04,0.000000000000000000e+00,0.000000000000000000e+00
1.122750000000000092e+01,1.533760843856758349e+01,5.236413760843907221e+04,3.997935019190925095e-04,0.000000000000000000e+00,0.000000000000000000e+00
1.123500000000000121e+01,1.577431205431925498e+01,5.244437431205482426e+04,3.997962919942656319e-04,0.000000000000000000e+00,0.000000000000000000e+00
1.124250000000000149e+01,1.621101565476299555e+01,5.252461101565527497e+04,3.997989925110232746e-04,0.000000000000000000e+00,0.000000000000000000e+00
1.125000000000000178e+01,1.664771924041470186e+01,5.260484771924092638e+04,3.998016062786937286e-04,0.000000000000000000e+00,0.000000000000000000e+00
1.125750000000000028e+01,1.708442281178363942e+01,5.268508442281230236e+04,3.998041358835009262e-04,0.000000000000000000e+00,0.000000000000000000e+00
1.126500000000000057e+01,1.752112636933828327e+01,5.276532112636986130e+04,3.998065843610706005e-04,0.000000000000000000e+00,0.000000000000000000e+00
1.127250000000000085e+01,1.795782991356997371e+01,5.284555782991409069e+04,3.998089540344718974e-04,0.000000000000000000e+00,0.000000000000000000e+00
1.128000000000000114e+01,1.839453344490501152e+01,5.292579453344542708e+04,3.998112474122196970e-04,0.000000000000000000e+00,0.000000000000000000e+00
1.128750000000000142e+01,1.883123696381704804e+01,5.300603123696434341e+04,3.998134672193442703e-04,0.000000000000000000e+00,0.000000000000000000e+00
1.129500000000000171e+01,1.926794047069729388e+01,5.308626794047122530e+04,3.998156154904664071e-04,0.000000000000000000e+00,0.000000000000000000e+00
1.130250000000000021e+01,1.970464396597092005e+01,5.316650464396650204e+04,3.998176946584791332e-04,0.000000000000000000e+00,0.000000000000000000e+00
1.131000000000000050e+01,2.014134745003260818e+01,5.324674134745056654e+04,3.998197070030381876e-04,0.000000000000000000e+00,0.000000000000000000e+00
1.131750000000000078e+01,2.057805092323183871e+01,5.332697805092377530e+04,3.998216544708399012e-04,0.000000000000000000e+00,0.000000000000000000e+00
1.132500000000000107e+01,2.101475438599409173e+01,5.340721475438653579e+04,3.998235393537829326e-04,0.000000000000000000e+00,0.000000000000000000e+00
1.133250000000000135e+01,2.145145783867656775e+01,5.348745145783921907e+04,3.998253635476076823e-04,0.000000000000000000e+00,0.000000000000000000e+00
1.134000000000000163e+01,2.188816128161723995e+01,5.356768816128216713e+04,3.998271289083198425e-04,0.000000000000000000e+00,0.000000000000000000e+00
1.134750000000000014e+01,2.232486471517002258e+01,5.364792486471572192e+04,3.998288375906456802e-04,0.000000000000000000e+00,0.000000000000000000e+00
1.135500000000000043e+01,2.276156813963254066e+01,5.372816156814018905e+04,3.998304911601191936e-04,0.000000000000000000e+00,0.000000000000000000e+00
1.136250000000000071e+01,2.319827155531912410e+01,5.380839827155587409e+04,3.998320914416464401e-04,0.000000000000000000e+00,0.000000000000000000e+00
1.137000000000000099e+01,2.363497496256910679e+01,5.388863497496312630e+04,3.998336402744710749e-04,0.000000000000000000e+00,0.000000000000000000e+00
1.137750000000000128e+01,2.407167836163173646e+01,5.396887167836219305e+04,3.998351391235801383e-04,0.000000000000000000e+00,0.000000000000000000e+00
1.138500000000000156e+01,2.450838175283979936e+01,5.404910838175340905e+04,3.998365897189152867e-04,0.000000000000000000e+00,0.000000000000000000e+00
1.139250000000000007e+01,2.494508513642769287e+01,5.412934508513699984e+04,3.998379935975215882e-04,0.000000000000000000e+00,0.000000000000000000e+00
1.140000000000000036e+01,2.538178851266572167e+01,5.420958178851323464e+04,3.998393521563686054e-04,0.000000000000000000e+00,0.000000000000000000e+00
1.140750000000000064e+01,2.581849188182433963e+01,5.428981849188239721e+04,3.998406670217940747e-04,0.000000000000000000e+00,0.000000000000000000e+00
1.141500000000000092e+01,2.625519524420176865e+01,5.437005519524477859e+04,3.998419394705532816e-04,0.000000000000000000e+00,0.000000000000000000e+00
1.142250000000000121e+01,2.669189859995583802e+01,5.445029189860053884e+04,3.998431708470052580e-04,0.000000000000000000e+00,0.000000000000000000e+00
1.143000000000000149e+01,2.712860194939786496e+01,5.453052860194998357e+04,3.998443626279242187e-04,0.000000000000000000e+00,0.000000000000000000e+00
1.143750000000000178e+01,2.756530529269537055e+01,5.461076530529328011e+04,3.998455159157236804e-04,0.000000000000000000e+00,0.000000000000000000e+00
1.144500000000000028e+01,2.800200863003974305e+01,5.469100200863063219e+04,3.998466320160267329e-04,0.000000000000000000e+00,0.000000000000000000e+00
1.145250000000000057e+01,2.843871196170134041e+01,5.477123871196229447e+04,3.998477121683421975e-04,0.000000000000000000e+00,0.000000000000000000e+00
1.146000000000000085e+01,2.887541528783120981e+01,5.485147541528842703e+04,3.998487574241087954e-04,0.000000000000000000e+00,0.000000000000000000e+00
1.146750000000000114e+01,2.931211860869969854e+01,5.493171211860929907e+04,3.998497690107495834e-04,0.000000000000000000e+00,0.000000000000000000e+00
1.147500000000000142e+01,2.974882192447676488e+01,5.501194882192507794e+04,3.998507479631354267e-04,0.000000000000000000e+00,0.000000000000000000e+00
1.148250000000000171e+01,3.018552523532476783e+01,5.509218552523593098e+04,3.998516952809013248e-04,0.000000000000000000e+00,0.000000000000000000e+00
1.149000000000000021e+01,3.062222854136600247e+01,5.517242222854197462e+04,3.998526121158429503e-04,0.000000000000000000e+00,0.000000000000000000e+00
1.149750000000000050e+01,3.105893184285431019e+01,5.525265893184346351e+04,3.998534993266877262e-04,0.000000000000000000e+00,0.000000000000000000e+00
1.150500000000000078e+01,3.149563513993194874e+01,5.533289563514054316e+04,3.998543578891128737e-04,0.000000000000000000e+00,0.000000000000000000e+00
1.151250000000000107e+01,3.193233843276246020e+01,5.541313233843338094e+04,3.998551887981325768e-04,0.000000000000000000e+00,0.000000000000000000e+00
1.152000000000000135e+01,3.236904172150354952e+01,5.549336904172212235e+04,3.998559928451874248e-04,0.000000000000000000e+00,0.000000000000000000e+00
1.152750000000000163e+01,3.280574500627356116e+01,5.557360574500689836e+04,3.998567709566478888e-04,0.000000000000000000e+00,0.000000000000000000e+00
1.153500000000000014e+01,3.324244828726315859e+01,5.565384244828789087e+04,3.998575239670038896e-04,0.000000000000000000e+00,0.000000000000000000e+00
1.154250000000000043e+01,3.367915156458732184e+01,5.573407915156521631e+04,3.998582526288475348e-04,0.000000000000000000e+00,0.000000000000000000e+00
1.155000000000000071e+01,3.411585483837990296e+01,5.581431585483901290e+04,3.998589578114844284e-04,0.000000000000000000e+00,0.000000000000000000e+00
1.155750000000000099e+01,3.455255810877945066e+01,5.589455255810941162e+04,3.998596402110316168e-04,0.000000000000000000e+00,0.000000000000000000e+00
1.156500000000000128e+01,3.498926137582763118e+01,5.597478926137646340e+04,3.998603005473400367e-04,0.000000000000000000e+00,0.000000000000000000e+00
1.157250000000000156e+01,3.542596463966739151e+01,5.605502596464030648e+04,3.998609396160364904e-04,0.000000000000000000e+00,0.000000000000000000e+00
1.158000000000000007e+01,3.586266790050081710e+01,5.613526266790114460e+04,3.998615580129593521e-04,0.000000000000000000e+00,0.000000000000000000e+00
1.158750000000000036e+01,3.629937115840426287e+01,5.621549937115905050e+04,3.998621564373297933e-04,0.000000000000000000e+00,0.000000000000000000e+00
1.159500000000000064e+01,3.673607441341206936e+01,5.629573607441406057e+04,3.998627355590995925e-04,0.000000000000000000e+00,0.000000000000000000e+00
1.160250000000000092e+01,3.717277766567757880e+01,5.637597277766632760e+04,3.998632959449698954e-04,0.000000000000000000e+00,0.000000000000000000e+00
1.161000000000000121e+01,3.760948091527629344e+01,5.645620948091593164e+04,3.998638382511073919e-04,0.000000000000000000e+00,0.000000000000000000e+00
1.161750000000000149e+01,3.804618416237079259e+01,5.653644618416302546e+04,3.998643630389801091e-04,0.000000000000000000e+00,0.000000000000000000e+00
1.162500000000000178e+01,3.848288740696831667e+01,5.661668288740763091e+04,3.998648708460213717e-04,0.000000000000000000e+00,0.000000000000000000e+00
1.163250000000000028e+01,3.891959064918381728e+01,5.669691959064984258e+04,3.998653622869541334e-04,0.000000000000000000e+00,0.000000000000000000e+00
1.164000000000000057e+01,3.935629388917077875e+01,5.677715629388983507e+04,3.998658378297831524e-04,0.000000000000000000e+00,0.000000000000000000e+00
1.164750000000000085e+01,3.979299712701996583e+01,5.685739299712768843e+04,3.998662979959178958e-04,0.000000000000000000e+00,0.000000000000000000e+00
1.165500000000000114e+01,4.022970036272396754e+01,5.693762970036339539e+04,3.998667433211755768e-04,0.000000000000000000e+00,0.000000000000000000e+00
1.166250000000000142e+01,4.066640359641480984e+01,5.701786640359708690e+04,3.998671742323820877e-04,0.000000000000000000e+00,0.000000000000000000e+00
1.167000000000000171e+01,4.110310682822198913e+01,5.709810310682890122e+04,3.998675912248967701e-04,0.000000000000000000e+00,0.000000000000000000e+00
1.167750000000000021e+01,4.153981005795669290e+01,5.717833981005863461e+04,3.998679947496393077e-04,0.000000000000000000e+00,0.000000000000000000e+00
1.168500000000000050e+01,4.197651328589408593e+01,5.725857651328657812e+04,3.998683852114582726e-04,0.000000000000000000e+00,0.000000000000000000e+00
1.169250000000000078e+01,4.241321651222065725e+01,5.733881321651290637e+04,3.998687630744383816e-04,0.000000000000000000e+00,0.000000000000000000e+00
1.170000000000000107e+01,4.284991973673816545e+01,5.741904991973742290e+04,3.998691287162473669e-04,0.000000000000000000e+00,0.000000000000000000e+00
1.170750000000000135e+01,4.328662295962686102e+01,5.749928662296031689e+04,3.998694825222084579e-04,0.000000000000000000e+00,0.000000000000000000e+00
1.171500000000000163e+01,4.372332618104084645e+01,5.757952332618173386e+04,3.998698249194466785e-04,0.000000000000000000e+00,0.000000000000000000e+00
1.172250000000000014e+01,4.416002940093844131e+01,5.765976002940163744e+04,3.998701562295257678e-04,0.000000000000000000e+00,0.000000000000000000e+00
1.173000000000000043e+01,4.459673261949071588e+01,5.773999673262018769e+04,3.998704768264787785e-04,0.000000000000000000e+00,0.000000000000000000e+00
1.173750000000000071e+01,4.503343583641476755e+01,5.782023343583711539e+04,3.998707870710930656e-04,0.000000000000000000e+00,0.000000000000000000e+00
1.174500000000000099e+01,4.547013905223055019e+01,5.790047013905293716e+04,3.998710872684230590e-04,0.000000000000000000e+00,0.000000000000000000e+00
1.175250000000000128e+01,4.590684226658183320e+01,5.798070684226728918e+04,3.998713777688942851e-04,0.000000000000000000e+00,0.000000000000000000e+00
1.176000000000000156e+01,4.634354547971019400e+01,5.806094354548041883e+04,3.998716588759773172e-04,0.000000000000000000e+00,0.000000000000000000e+00
1.176750000000000185e+01,4.678024869157701460e+01,5.814118024869228975e+04,3.998719308783010851e-04,0.000000000000000000e+00,0.000000000000000000e+00
1.177500000000000036e+01,4.721695190224430405e+01,5.822141695190296014e+04,3.998721941036617556e-04,0.000000000000000000e+00,0.000000000000000000e+00
1.178250000000000064e+01,4.765365511185942893e+01,5.830165365511258278e+04,3.998724488060921263e-04,0.000000000000000000e+00,0.000000000000000000e+00
1.179000000000000092e+01,4.809035832046459547e+01,5.838189035832118680e+04,3.998726952641785959e-04,0.000000000000000000e+00,0.000000000000000000e+00
1.179750000000000121e+01,4.852706152795923344e+01,5.846212706152868486e+04,3.998729337656503147e-04,0.000000000000000000e+00,0.000000000000000000e+00
1.180500000000000149e+01,4.896376473460446022e+01,5.854236376473533164e+04,3.998731645404356096e-04,0.000000000000000000e+00,0.000000000000000000e+00
1.181250000000000178e+01,4.940046794025597166e+01,5.862260046794098889e+04,3.998733878531937603e-04,0.000000000000000000e+00,0.000000000000000000e+00
1.182000000000000028e+01,4.983717114512151625e+01,5.870283717114585306e+04,3.998736039468716512e-04,0.000000000000000000e+00,0.000000000000000000e+00
1.182750000000000057e+01,5.027387434898737695e+01,5.878307387434972770e+04,3.998738130390433964e-04,0.000000000000000000e+00,0.000000000000000000e+00
1.183500000000000085e+01,5.071057755214536655e+01,5.886331057755288930e+04,3.998740153772814120e-04,0.000000000000000000e+00,0.000000000000000000e+00
1.184250000000000114e+01,5.114728075464429935e+01,5.894354728075538878e+04,3.998742111658498753e-04,0.000000000000000000e+00,0.000000000000000000e+00
1.185000000000000142e+01,5.158398395618935695e+01,5.902378398395693512e+04,3.998744006109536853e-04,0.000000000000000000e+00,0.000000000000000000e+00
1.185750000000000171e+01,5.202068715695423151e+01,5.910402068715770292e+04,3.998745839413979353e-04,0.000000000000000000e+00,0.000000000000000000e+00
1.186500000000000021e+01,5.245739035654030857e+01,5.918425739035729202e+04,3.998747613305403186e-04,0.000000000000000000e+00,0.000000000000000000e+00
1.187250000000000050e+01,5.289409355554663961e+01,5.926449409355629905e+04,3.998749329783136248e-04,0.000000000000000000e+00,0.000000000000000000e+00
1.188000000000000078e+01,5.333079675415516618e+01,5.934473079675491317e+04,3.998750990785777015e-04,0.000000000000000000e+00,0.000000000000000000e+00
1.188750000000000107e+01,5.376749995187022080e+01,5.942496749995263235e+04,3.998752597953938049e-04,0.000000000000000000e+00,0.000000000000000000e+00
1.189500000000000135e+01,5.420420314892991343e+01,5.950520420314969670e+04,3.998754153157874601e-04,0.000000000000000000e+00,0.000000000000000000e+00
1.190250000000000163e+01,5.464090634577244998e+01,5.958544090634654276e+04,3.998755658033936690e-04,0.000000000000000000e+00,0.000000000000000000e+00
1.191000000000000014e+01,5.507760954193105363e+01,5.966567760954269761e+04,3.998757114131004154e-04,0.000000000000000000e+00,0.000000000000000000e+00
1.191750000000000043e+01,5.551431273726857540e+01,5.974591431273804483e+04,3.998758523196049787e-04,0.000000000000000000e+00,0.000000000000000000e+00
1.192500000000000071e+01,5.595101593168836729e+01,5.982615101593246072e+04,3.998759886604410607e-04,0.000000000000000000e+00,0.000000000000000000e+00
1.193250000000000099e+01,5.638771912629624694e+01,5.990638771912707307e+04,3.998761205844210474e-04,0.000000000000000000e+00,0.000000000000000000e+00
1.194000000000000128e+01,5.682442232004621019e+01,5.998662442232082685e+04,3.998762482457908041e-04,0.000000000000000000e+00,0.000000000000000000e+00
1.194750000000000156e+01,5.726112551335961598e+01,6.006686112551414408e+04,3.998763717682998113e-04,0.000000000000000000e+00,0.000000000000000000e+00
1.195500000000000185e+01,5.769782870602146829e+01,6.014709782870680647e+04,3.998764912932669920e-04,0.000000000000000000e+00,0.000000000000000000e+00
1.196250000000000036e+01,5.813453189838951829e+01,6.022733453189917782e+04,3.998766069513516098e-04,0.000000000000000000e+00,0.000000000000000000e+00
1.197000000000000064e+01,5.857123509028465236e+01,6.030757123509107623e+04,3.998767188593931998e-04,0.000000000000000000e+00,0.000000000000000000e+00
1.197750000000000092e+01,5.900793828107285321e+01,6.038780793828186870e+04,3.998768271493948400e-04,0.000000000000000000e+00,0.000000000000000000e+00
1.198500000000000121e+01,5.944464147236073615e+01,6.046804464147316321e+04,3.998769319316179400e-04,0.000000000000000000e+00,0.000000000000000000e+00
1.199250000000000149e+01,5.988134466293963953e+01,6.054828134466374468e+04,3.998770333163749208e-04,0.000000000000000000e+00,0.000000000000000000e+00
1.200000000000000178e+01,6.031804785329511986e+01,6.062851804785410059e+04,3.998771314260775745e-04,0.000000000000000000e+00,0.000000000000000000e+00
1.200750000000000028e+01,6.075475104356477374e+01,6.070875475104436919e+04,3.998772263540993437e-04,0.000000000000000000e+00,0.000000000000000000e+00
1.201500000000000057e+01,6.119145423276903273e+01,6.078899145423358277e+04,3.998773182072506223e-04,0.000000000000000000e+00,0.000000000000000000e+00
1.202250000000000085e+01,6.162815742163304122e+01,6.086922815742244711e+04,3.998774070895559467e-04,0.000000000000000000e+00,0.000000000000000000e+00
1.203000000000000114e+01,6.206486061030897616e+01,6.094946486061112228e+04,3.998774930891809570e-04,0.000000000000000000e+00,0.000000000000000000e+00
1.203750000000000142e+01,6.250156379873286738e+01,6.102970156379955006e+04,3.998775763058928529e-04,0.000000000000000000e+00,0.000000000000000000e+00
1.204500000000000171e+01,6.293826698767528427e+01,6.110993826698849443e+04,3.998776568277949872e-04,0.000000000000000000e+00,0.000000000000000000e+00
1.205250000000000021e+01,6.337497017521974385e+01,6.119017497017604182e+04,3.998777347379503110e-04,0.000000000000000000e+00,0.000000000000000000e+00
1.206000000000000050e+01,6.381167336242613430e+01,6.127041167336325452e+04,3.998778101294220766e-04,0.000000000000000000e+00,0.000000000000000000e+00
1.206750000000000078e+01,6.424837654908317575e+01,6.135064837654991425e+04,3.998778830765481180e-04,0.000000000000000000e+00,0.000000000000000000e+00
1.207500000000000107e+01,6.468507973528744515e+01,6.143088507973612286e+04,3.998779536587908053e-04,0.000000000000000000e+00,0.000000000000000000e+00
1.208250000000000135e+01,6.512178292141099689e+01,6.151112178292224417e+04,3.998780219587546887e-04,0.000000000000000000e+00,0.000000000000000000e+00
1.209000000000000163e+01,6.555848610820416411e+01,6.159135848610904213e+04,3.998780880429895612e-04,0.000000000000000000e+00,0.000000000000000000e+00
1.209750000000000014e+01,6.599518929507566156e+01,6.167159518929592014e+04,3.998781519869180011e-04,0.000000000000000000e+00,0.000000000000000000e+00
1.210500000000000043e+01,6.643189248165613492e+01,6.175183189248249982e+04,3.998782138607320162e-04,0.000000000000000000e+00,0.000000000000000000e+00
1.211250000000000071e+01,6.686859566604908878e+01,6.183206859566689673e+04,3.998782737271315058e-04,0.000000000000000000e+00,0.000000000000000000e+00
1.212000000000000099e+01,6.730529885080085251e+01,6.191230529885165015e+04,3.998783316564685601e-04,0.000000000000000000e+00,0.000000000000000000e+00
1.212750000000000128e+01,6.774200203580357993e+01,6.199254200203665823e+04,3.998783877081874905e-04,0.000000000000000000e+00,0.000000000000000000e+00
1.213500000000000156e+01,6.817870521953470586e+01,6.207277870522039302e+04,3.998784419412748582e-04,0.000000000000000000e+00,0.000000000000000000e+00
1.214250000000000185e+01,6.861540840508943973e+01,6.215301540840594680e+04,3.998784944211733233e-04,0.000000000000000000e+00,0.000000000000000000e+00
1.215000000000000036e+01,6.905211158874745081e+01,6.223325211158960883e+04,3.998785451981328376e-04,0.000000000000000000e+00,0.000000000000000000e+00
1.215750000000000064e+01,6.948881477520805561e+01,6.231348881477607210e+04,3.998785943291863383e-04,0.000000000000000000e+00,0.000000000000000000e+00
1.216500000000000092e+01,6.992551796187947843e+01,6.239372551796274638e+04,3.998786418701073537e-04,0.000000000000000000e+00,0.000000000000000000e+00
1.217250000000000121e+01,7.036222114703885211e+01,6.247396222114790726e+04,3.998786878682407701e-04,0.000000000000000000e+00,0.000000000000000000e+00
1.218000000000000149e+01,7.079892433073587199e+01,6.255419892433161294e+04,3.998787323767834007e-04,0.000000000000000000e+00,0.000000000000000000e+00
1.218750000000000178e+01,7.123562751431488493e+01,6.263443562751519494e+04,3.998787754431271319e-04,0.000000000000000000e+00,0.000000000000000000e+00
1.219500000000000028e+01,7.167233069592292338e+01,6.271467233069680515e+04,3.998788171117879497e-04,0.000000000000000000e+00,0.000000000000000000e+00
1.220250000000000057e+01,7.210903387764773242e+01,6.279490903387853177e+04,3.998788574323230006e-04,0.000000000000000000e+00,0.000000000000000000e+00
1.221000000000000085e+01,7.254573706032640246e+01,6.287514573706121155e+04,3.998788964448667387e-04,0.000000000000000000e+00,0.000000000000000000e+00
1.221750000000000114e+01,7.298244024666620078e+01,6.295538244024755841e+04,3.998789341918315265e-04,0.000000000000000000e+00,0.000000000000000000e+00
1.222500000000000142e+01,7.341914342959978512e+01,6.303561914343049284e+04,3.998789707174297192e-04,0.000000000000000000e+00,0.000000000000000000e+00
1.223250000000000171e+01,7.385584661322947397e+01,6.311585584661412577e+04,3.998790060574215028e-04,0.000000000000000000e+00,0.000000000000000000e+00
1.224000000000000021e+01,7.429254979644362322e+01,6.319609254979734396e+04,3.998790402520425958e-04,0.000000000000000000e+00,0.000000000000000000e+00
1.224750000000000050e+01,7.472925298351744061e+01,6.327632925298441842e+04,3.998790733389752578e-04,0.000000000000000000e+00,0.000000000000000000e+00
1.225500000000000078e+01,7.516595617584346201e+01,6.335656595617674611e+04,3.998791053518432003e-04,0.000000000000000000e+00,0.000000000000000000e+00
1.226250000000000107e+01,7.560265936693349431e+01,6.343680265936783690e+04,3.998791363281270755e-04,0.000000000000000000e+00,0.000000000000000000e+00
1.227000000000000135e+01,7.603936255788035226e+01,6.351703936255878943e+04,3.998791662998473851e-04,0.000000000000000000e+00,0.000000000000000000e+00
1.227750000000000163e+01,7.647606574107616950e+01,6.359727606574198580e+04,3.998791952985604296e-04,0.000000000000000000e+00,0.000000000000000000e+00
1.228500000000000014e+01,7.691276892731458759e+01,6.367751276892823080e+04,3.998792233591399515e-04,0.000000000000000000e+00,0.000000000000000000e+00
1.229250000000000043e+01,7.734947210443357335e+01,6.375774947210535174e+04,3.998792505087047202e-04,0.000000000000000000e+00,0.000000000000000000e+00
1.230000000000000071e+01,7.778617527790697750e+01,6.383798617527882743e+04,3.998792767776611313e-04,0.000000000000000000e+00,0.000000000000000000e+00
1.230750000000000099e+01,7.822287845306108522e+01,6.391822287845398387e+04,3.998793021958984163e-04,0.000000000000000000e+00,0.000000000000000000e+00
1.231500000000000128e+01,7.865958162596911052e+01,6.399845958162689931e+04,3.998793267888214376e-04,0.000000000000000000e+00,0.000000000000000000e+00
1.232250000000000156e+01,7.909628480539184636e+01,6.407869628480631945e+04,3.998793505847844675e-04,0.000000000000000000e+00,0.000000000000000000e+00
1.233000000000000185e+01,7.953298799412763742e+01,6.415893298799506010e+04,3.998793736092637633e-04,0.000000000000000000e+00,0.000000000000000000e+00
1.233750000000000036e+01,1.696911740788386302e-01,6.415936969117501576e+04,3.998793958861025571e-04,0.000000000000000000e+00,0.000000000000000000e+00
1.234500000000000064e+01,6.063943538891141127e-01,6.423960639435482881e+04,3.998794174416808972e-04,0.000000000000000000e+00,0.000000000000000000e+00
1.235250000000000092e+01,1.043097539881676195e+00,6.431984309754082642e+04,3.998794382976498130e-04,0.000000000000000000e+00,0.000000000000000000e+00
1.236000000000000121e+01,1.479800718093298606e+00,6.440007980071903876e+04,3.998794584766342730e-04,0.000000000000000000e+00,0.000000000000000000e+00
1.236750000000000149e+01,1.916503898984283527e+00,6.448031650389992865e+04,3.998794780022904842e-04,0.000000000000000000e+00,0.000000000000000000e+00
1.237500000000000178e+01,2.353207082169288533e+00,6.456055320708311774e+04,3.998794968938197756e-04,0.000000000000000000e+00,0.000000000000000000e+00
1.238250000000000028e+01,2.789910271624192362e+00,6.464078991027257871e+04,3.998795151726768277e-04,0.000000000000000000e+00,0.000000000000000000e+00
1.239000000000000057e+01,3.226613443402756243e+00,6.472102661344435910e+04,3.998795328590812521e-04,0.000000000000000000e+00,0.000000000000000000e+00
1.239750000000000085e+01,3.663316619260807094e+00,6.480126331662022130e+04,3.998795499710536272e-04,0.000000000000000000e+00,0.000000000000000000e+00
1.240500000000000114e+01,4.100019809930189219e+00,6.488150001981089008e+04,3.998795665285544403e-04,0.000000000000000000e+00,0.000000000000000000e+00
1.241250000000000142e+01,4.536723037967552941e+00,6.496173672303893545e+04,3.998795825488209339e-04,0.000000000000000000e+00,0.000000000000000000e+00
1.242000000000000171e+01,4.973426297498308557e+00,6.504197342629846389e+04,3.998795980487353284e-04,0.000000000000000000e+00,0.000000000000000000e+00
1.242750000000000021e+01,5.410129530911627072e+00,6.512221012953187892e+04,3.998796130468472388e-04,0.000000000000000000e+00,0.000000000000000000e+00
1.243500000000000050e+01,5.846832736743049708e+00,6.520244683273771807e+04,3.998796275578094949e-04,0.000000000000000000e+00,0.000000000000000000e+00
1.244250000000000078e+01,6.283535944871931456e+00,6.528268353594584914e+04,3.998796415978149270e-04,0.000000000000000000e+00,0.000000000000000000e+00
1.245000000000000107e+01,6.720239117305745857e+00,6.536292023911828437e+04,3.998796551828766592e-04,0.000000000000000000e+00,0.000000000000000000e+00
1.245750000000000135e+01,7.156942260279842927e+00,6.544315694226125925e+04,3.998796683266179087e-04,0.000000000000000000e+00,0.000000000000000000e+00
1.246500000000000163e+01,7.593645401994521649e+00,6.552339364540298266e+04,3.998796810441449185e-04,0.000000000000000000e+00,0.000000000000000000e+00
1.247250000000000014e+01,8.030348533689110724e+00,6.560363034853467252e+04,3.998796933491467710e-04,0.000000000000000000e+00,0.000000000000000000e+00
1.248000000000000043e+01,8.467051692673278396e+00,6.568386705169365450e+04,3.998797052543854474e-04,0.000000000000000000e+00,0.000000000000000000e+00
1.248750000000000071e+01,8.903754843232698946e+00,6.576410375484422548e+04,3.998797167739000648e-04,0.000000000000000000e+00,0.000000000000000000e+00
1.249500000000000099e+01,9.340457966553682212e+00,6.584434045796754071e+04,3.998797279193642279e-04,0.000000000000000000e+00,0.000000000000000000e+00
1.250250000000000128e+01,9.777161088498864672e+00,6.592457716108948807e+04,3.998797387028393607e-04,0.000000000000000000e+00,0.000000000000000000e+00
1.251000000000000156e+01,1.021386421055333038e+01,6.600481386421155185e+04,3.998797491369805962e-04,0.000000000000000000e+00,0.000000000000000000e+00
1.251750000000000185e+01,1.065056732509629533e+01,6.608505056732609228e+04,3.998797592320903487e-04,0.000000000000000000e+00,0.000000000000000000e+00
1.252500000000000036e+01,1.108727042804999741e+01,6.616528727042904939e+04,3.998797689996038069e-04,0.000000000000000000e+00,0.000000000000000000e+00
1.253250000000000064e+01,1.152397357512240461e+01,6.624552397357612790e+04,3.998797784503680341e-04,0.000000000000000000e+00,0.000000000000000000e+00
1.254000000000000092e+01,1.196067671813368705e+01,6.632576067671914643e+04,3.998797875940336764e-04,0.000000000000000000e+00,0.000000000000000000e+00
1.254750000000000121e+01,1.239737974185664093e+01,6.640599737974286836e+04,3.998797964412273247e-04,0.000000000000000000e+00,0.000000000000000000e+00
1.255500000000000149e+01,1.283408278905596589e+01,6.648623408279006253e+04,3.998798050012242200e-04,0.000000000000000000e+00,0.000000000000000000e+00
1.256250000000000178e+01,1.327078587173873458e+01,6.656647078587274882e+04,3.998798132830502371e-04,0.000000000000000000e+00,0.000000000000000000e+00
1.257000000000000028e+01,1.370748911578522389e+01,6.664670748911680130e+04,3.998798212965693931e-04,0.000000000000000000e+00,0.000000000000000000e+00
1.257750000000000057e+01,1.414419244155052446e+01,6.672694419244257733e+04,3.998798290496940327e-04,0.000000000000000000e+00,0.000000000000000000e+00
1.258500000000000085e+01,1.458089574448693782e+01,6.680718089574550686e+04,3.998798365510436719e-04,0.000000000000000000e+00,0.000000000000000000e+00
1.259250000000000114e+01,1.501759907994199139e+01,6.688741759908097447e+04,3.998798438091948374e-04,0.000000000000000000e+00,0.000000000000000000e+00
1.260000000000000142e+01,1.545430239871349265e+01,6.696765430239975103e+04,3.998798508314470833e-04,0.000000000000000000e+00,0.000000000000000000e+00
1.260750000000000171e+01,1.589100566800978065e+01,6.704789100566903653e+04,3.998798576258468158e-04,0.000000000000000000e+00,0.000000000000000000e+00
1.261500000000000021e+01,1.632770888350869498e+01,6.712812770888453815e+04,3.998798641997474736e-04,0.000000000000000000e+00,0.000000000000000000e+00
1.262250000000000050e+01,1.676441210654756730e+01,6.720836441210759222e+04,3.998798705599754645e-04,0.000000000000000000e+00,0.000000000000000000e+00
1.263000000000000078e+01,1.720111532055087267e+01,6.728860111532159499e+04,3.998798767139987191e-04,0.000000000000000000e+00,0.000000000000000000e+00
1.263750000000000107e+01,1.763781855352994654e+01,6.736883781855457346e+04,3.998798826681077240e-04,0.000000000000000000e+00,0.000000000000000000e+00
1.264500000000000135e+01,1.807452174865263217e+01,6.744907452174970240e+04,3.998798884287300091e-04,0.000000000000000000e+00,0.000000000000000000e+00
1.265250000000000163e+01,1.851122494965941456e+01,6.752931122495071031e+04,3.998798940026346282e-04,0.000000000000000000e+00,0.000000000000000000e+00
1.266000000000000192e+01,1.894792817206250035e+01,6.760954792817310954e+04,3.998798993953447782e-04,0.000000000000000000e+00,0.000000000000000000e+00
1.266750000000000043e+01,1.938463140463762713e+01,6.768978463140569511e+04,3.998799046129536210e-04,0.000000000000000000e+00,0.000000000000000000e+00
1.267500000000000071e+01,1.982133465981868525e+01,6.777002133466087980e+04,3.998799096612789855e-04,0.000000000000000000e+00,0.000000000000000000e+00
1.268250000000000099e+01,2.025803801953410499e+01,6.785025803802059090e+04,3.998799145454856314e-04,0.000000000000000000e+00,0.000000000000000000e+00
1.269000000000000128e+01,2.069474133822677331e+01,6.793049474133929471e+04,3.998799192712283778e-04,0.000000000000000000e+00,0.000000000000000000e+00
1.269750000000000156e+01,2.113144463592953670e+01,6.801073144463700010e+04,3.998799238434970482e-04,0.000000000000000000e+00,0.000000000000000000e+00
1.270500000000000185e+01,2.156814773633865556e+01,6.809096814773741062e+04,3.998799282671144451e-04,0.000000000000000000e+00,0.000000000000000000e+00
1.271250000000000036e+01,2.200485065150726172e+01,6.817120485065257526e+04,3.998799325473243122e-04,0.000000000000000000e+00,0.000000000000000000e+00
1.272000000000000064e+01,2.244155371618714767e+01,6.825144155371726083e+04,3.998799366883967255e-04,0.000000000000000000e+00,0.000000000000000000e+00
1.272750000000000092e+01,2.287825692468420868e+01,6.833167825692576298e+04,3.998799406949167220e-04,0.000000000000000000e+00,0.000000000000000000e+00
1.273500000000000121e+01,2.331496018000104087e+01,6.841191496018107864e+04,3.998799445714783913e-04,0.000000000000000000e+00,0.000000000000000000e+00
1.274250000000000149e+01,2.375166344595338330e+01,6.849215166344703175e+04,3.998799483219902823e-04,0.000000000000000000e+00,0.000000000000000000e+00
1.275000000000000178e+01,2.418836676495486770e+01,6.857238836676604114e+04,3.998799519507360779e-04,0.000000000000000000e+00,0.000000000000000000e+00
1.275750000000000028e+01,2.462506999690133114e+01,6.865262506999798643e+04,3.998799554616644424e-04,0.000000000000000000e+00,0.000000000000000000e+00
1.276500000000000057e+01,2.506177322831422671e+01,6.873286177322940785e+04,3.998799588584263181e-04,0.000000000000000000e+00,0.000000000000000000e+00
1.277250000000000085e+01,2.549847646451951277e+01,6.881309847646561684e+04,3.998799621449928123e-04,0.000000000000000000e+00,0.000000000000000000e+00
1.278000000000000114e+01,2.593517967757308540e+01,6.889333517967867374e+04,3.998799653247515147e-04,0.000000000000000000e+00,0.000000000000000000e+00
1.278750000000000142e+01,2.637188295396239468e+01,6.897357188295506057e+04,3.998799684011257395e-04,0.000000000000000000e+00,0.000000000000000000e+00
1.279500000000000171e+01,2.680858621837634104e+01,6.905380858621948573e+04,3.998799713777350957e-04,0.000000000000000000e+00,0.000000000000000000e+00
1.280250000000000021e+01,2.724528936177480887e+01,6.913404528936288261e+04,3.998799742575390214e-04,0.000000000000000000e+00,0.000000000000000000e+00
1.281000000000000050e+01,2.768199260543124751e+01,6.921428199260654219e+04,3.998799770437831301e-04,0.000000000000000000e+00,0.000000000000000000e+00
1.281750000000000078e+01,2.811869593324075467e+01,6.929451869593435549e+04,3.998799797395868882e-04,0.000000000000000000e+00,0.000000000000000000e+00
1.282500000000000107e+01,2.855539926712990706e+01,6.937475539926825149e+04,3.998799823477125720e-04,0.000000000000000000e+00,0.000000000000000000e+00
1.283250000000000135e+01,2.899210267334089863e+01,6.945499210267445596e+04,3.998799848711692760e-04,0.000000000000000000e+00,0.000000000000000000e+00
1.284000000000000163e+01,2.942880693071811748e+01,6.953522880693184561e+04,3.998799873126400212e-04,0.000000000000000000e+00,0.000000000000000000e+00
1.284750000000000192e+01,2.986551054374156777e+01,6.961546551054486190e+04,3.998799896747001130e-04,0.000000000000000000e+00,0.000000000000000000e+00
1.285500000000000043e+01,3.030221403315476536e+01,6.969570221403428877e+04,3.998799919601370352e-04,0.000000000000000000e+00,0.000000000000000000e+00
1.286250000000000071e+01,3.073891749026109110e+01,6.977593891749139584e+04,3.998799941712532537e-04,0.000000000000000000e+00,0.000000000000000000e+00
1.287000000000000099e+01,3.117562059511438477e+01,6.985617562059624470e+04,3.998799963104875187e-04,0.000000000000000000e+00,0.000000000000000000e+00
1.287750000000000128e+01,3.161232387953854328e+01,6.993641232388067874e+04,3.998799983802995596e-04,0.000000000000000000e+00,0.000000000000000000e+00
1.288500000000000156e+01,3.204902720902715885e+01,7.001664902721016551e+04,3.998800003827810735e-04,0.000000000000000000e+00,0.000000000000000000e+00
1.289250000000000185e+01,3.248573056491619582e+01,7.009688573056606401e+04,3.998800023202116498e-04,0.000000000000000000e+00,0.000000000000000000e+00
1.290000000000000036e+01,3.292243400655674890e+01,7.017712243400770240e+04,3.998800041947118793e-04,0.000000000000000000e+00,0.000000000000000000e+00
1.290750000000000064e+01,3.335913740436248531e+01,7.025735913740551041e+04,3.998800060082314829e-04,0.000000000000000000e+00,0.000000000000000000e+00
1.291500000000000092e+01,3.379584079584605405e+01,7.033759584079700289e+04,3.998800077628822153e-04,0.000000000000000000e+00,0.000000000000000000e+00
1.292250000000000121e+01,3.423254420849501400e+01,7.041783254420965386e+04,3.998800094604886262e-04,0.000000000000000000e+00,0.000000000000000000e+00
1.293000000000000149e+01,3.466924792549473011e+01,7.049806924792665814e+04,3.998800111028722837e-04,0.000000000000000000e+00,0.000000000000000000e+00
1.293750000000000178e+01,3.510595148837374069e+01,7.057830595148952852e+04,3.998800126919696812e-04,0.000000000000000000e+00,0.000000000000000000e+00
1.294500000000000028e+01,3.554265508341489976e+01,7.065854265508457320e+04,3.998800142293642418e-04,0.000000000000000000e+00,0.000000000000000000e+00
1.295250000000000057e+01,3.597935890703717376e+01,7.073877935890819936e+04,3.998800157167846175e-04,0.000000000000000000e+00,0.000000000000000000e+00
1.296000000000000085e+01,3.641606227797515061e+01,7.081901606227914453e+04,3.998800171559030274e-04,0.000000000000000000e+00,0.000000000000000000e+00
1.296750000000000114e+01,3.685276579171498668e+01,7.089925276579288766e+04,3.998800185481961008e-04,0.000000000000000000e+00,0.000000000000000000e+00
1.297500000000000142e+01,3.728946938873554018e+01,7.097948946938991139e+04,3.998800198952646079e-04,0.000000000000000000e+00,0.000000000000000000e+00
1.298250000000000171e+01,3.772617300752104086e+01,7.105972617300870479e+04,3.998800211985500497e-04,0.000000000000000000e+00,0.000000000000000000e+00
1.299000000000000021e+01,3.816287730712310378e+01,7.113996287730830954e+04,3.998800224594277909e-04,0.000000000000000000e+00,0.000000000000000000e+00
1.299750000000000050e+01,3.859958144740361519e+01,7.122019958144858538e+04,3.998800236793787432e-04,0.000000000000000000e+00,0.000000000000000000e+00
1.300500000000000078e+01,3.903628540798489155e+01,7.130043628540917416e+04,3.998800248596437760e-04,0.000000000000000000e+00,0.000000000000000000e+00
1.301250000000000107e+01,3.947298934379684709e+01,7.138067298934498103e+04,3.998800260015197578e-04,0.000000000000000000e+00,0.000000000000000000e+00
1.302000000000000135e+01,3.990969349146408973e+01,7.146090969349266379e+04,3.998800271063235063e-04,0.000000000000000000e+00,0.000000000000000000e+00
1.302750000000000163e+01,4.034639725459278736e+01,7.154114639725578309e+04,3.998800281751733760e-04,0.000000000000000000e+00,0.000000000000000000e+00
1.303500000000000192e+01,4.078310121270683908e+01,7.162138310121391260e+04,3.998800292092825892e-04,0.000000000000000000e+00,0.000000000000000000e+00
1.304250000000000043e+01,4.121980531502362055e+01,7.170161980531622248e+04,3.998800302097887992e-04,0.000000000000000000e+00,0.000000000000000000e+00
1.305000000000000071e+01,4.165650939633319894e+01,7.178185650939753396e+04,3.998800311777339243e-04,0.000000000000000000e+00,0.000000000000000000e+00
1.305750000000000099e+01,4.209321357665560726e+01,7.186209321357785666e+04,3.998800321142400053e-04,0.000000000000000000e+00,0.000000000000000000e+00
1.306500000000000128e+01,4.252991794000994474e+01,7.194232991794122790e+04,3.998800330202890042e-04,0.000000000000000000e+00,0.000000000000000000e+00
1.307250000000000156e+01,4.296662247341831176e+01,7.202256662247463828e+04,3.998800338968498723e-04,0.000000000000000000e+00,0.000000000000000000e+00
1.308000000000000185e+01,4.340332732774128033e+01,7.210280332732896204e+04,3.998800347449585650e-04,0.000000000000000000e+00,0.000000000000000000e+00
1.308750000000000036e+01,4.384003209776135890e+01,7.218304003209898656e+04,3.998800355654623319e-04,0.000000000000000000e+00,0.000000000000000000e+00
1.309500000000000064e+01,4.427673674147631999e+01,7.226327673674270045e+04,3.998800363592810102e-04,0.000000000000000000e+00,0.000000000000000000e+00
1.310250000000000092e+01,4.471344149561898718e+01,7.234351344149684883e+04,3.998800371273111809e-04,0.000000000000000000e+00,0.000000000000000000e+00
1.311000000000000121e+01,4.515014640161821546e+01,7.242375014640284644e+04,3.998800378703416553e-04,0.000000000000000000e+00,0.000000000000000000e+00
1.311750000000000149e+01,4.558685149669523184e+01,7.250398685149793164e+04,3.998800385892232610e-04,0.000000000000000000e+00,0.000000000000000000e+00
1.312500000000000178e+01,4.602355633019304548e+01,7.258422355633143161e+04,3.998800392847314195e-04,0.000000000000000000e+00,0.000000000000000000e+00
1.313250000000000028e+01,4.646026135114799871e+01,7.266446026135238935e+04,3.998800399575993224e-04,0.000000000000000000e+00,0.000000000000000000e+00
1.314000000000000057e+01,4.689696649326424449e+01,7.274469696649450634e+04,3.998800406086137210e-04,0.000000000000000000e+00,0.000000000000000000e+00
1.314750000000000085e+01,4.733367288683735552e+01,7.282493367288807349e+04,3.998800412384430803e-04,0.000000000000000000e+00,0.000000000000000000e+00
1.315500000000000114e+01,4.777037859163976918e+01,7.290517037859288394e+04,3.998800418477765732e-04,0.000000000000000000e+00,0.000000000000000000e+00
1.316250000000000142e+01,4.820708449649433902e+01,7.298540708449773956e+04,3.998800424373188229e-04,0.000000000000000000e+00,0.000000000000000000e+00
1.317000000000000171e+01,4.864379054832984650e+01,7.306564379054958408e+04,3.998800430076677125e-04,0.000000000000000000e+00,0.000000000000000000e+00
1.317750000000000021e+01,4.908049691216212551e+01,7.314588049691342167e+04,3.998800435594691556e-04,0.000000000000000000e+00,0.000000000000000000e+00
1.318500000000000050e+01,4.951720312169728544e+01,7.322611720312295074e+04,3.998800440933331785e-04,0.000000000000000000e+00,0.000000000000000000e+00
1.319250000000000078e+01,4.995390988235729424e+01,7.330635390988361905e+04,3.998800446098159768e-04,0.000000000000000000e+00,0.000000000000000000e+00
1.320000000000000107e+01,5.039061696779221222e+01,7.338659061696905701e+04,3.998800451095140245e-04,0.000000000000000000e+00,0.000000000000000000e+00
1.320750000000000135e+01,5.082732419787174649e+01,7.346682732419914100e+04,3.998800455929553822e-04,0.000000000000000000e+00,0.000000000000000000e+00
1.321500000000000163e+01,5.126403137747670513e+01,7.354706403137874440e+04,3.998800460606564554e-04,0.000000000000000000e+00,0.000000000000000000e+00
1.322250000000000192e+01,5.170073909265693146e+01,7.362730073909393104e+04,3.998800465131681814e-04,0.000000000000000000e+00,0.000000000000000000e+00
1.323000000000000043e+01,5.213744736450727402e+01,7.370753744736578665e+04,3.998800469509465215e-04,0.000000000000000000e+00,0.000000000000000000e+00
1.323750000000000071e+01,5.257415643003786698e+01,7.378777415643131826e+04,3.998800473744800171e-04,0.000000000000000000e+00,0.000000000000000000e+00
1.324500000000000099e+01,5.301086544947838064e+01,7.386801086545076396e+04,3.998800477842489156e-04,0.000000000000000000e+00,0.000000000000000000e+00
1.325250000000000128e+01,5.344757493155879047e+01,7.394824757493284415e+04,3.998800481806745921e-04,0.000000000000000000e+00,0.000000000000000000e+00
1.326000000000000156e+01,5.388428415495299362e+01,7.402848428415623493e+04,3.998800485642094843e-04,0.000000000000000000e+00,0.000000000000000000e+00
1.326750000000000185e+01,5.432099417368369387e+01,7.410872099417497520e+04,3.998800489352698716e-04,0.000000000000000000e+00,0.000000000000000000e+00
1.327500000000000036e+01,5.475770444095720535e+01,7.418895770444224763e+04,3.998800492942470425e-04,0.000000000000000000e+00,0.000000000000000000e+00
1.328250000000000064e+01,5.519441479472605749e+01,7.426919441479601664e+04,3.998800496415582523e-04,0.000000000000000000e+00,0.000000000000000000e+00
1.329000000000000092e+01,5.563112567286207621e+01,7.434943112567416392e+04,3.998800499775643775e-04,0.000000000000000000e+00,0.000000000000000000e+00
1.329750000000000121e+01,5.606783740141597860e+01,7.442966783740271057e+04,3.998800503026307403e-04,0.000000000000000000e+00,0.000000000000000000e+00
1.330500000000000149e+01,5.650454994257310659e+01,7.450990454994387983e+04,3.998800506171344259e-04,0.000000000000000000e+00,0.000000000000000000e+00
1.331250000000000178e+01,5.694126348301666951e+01,7.459014126348432910e+04,3.998800509213954911e-04,0.000000000000000000e+00,0.000000000000000000e+00
1.332000000000000028e+01,5.737797754483522539e+01,7.467037797754614439e+04,3.998800512157568688e-04,0.000000000000000000e+00,0.000000000000000000e+00
1.332750000000000057e+01,5.781469345213459832e+01,7.475061469345344813e+04,3.998800515005459339e-04,0.000000000000000000e+00,0.000000000000000000e+00
1.333500000000000085e+01,5.825140940796929101e+01,7.483085140940928250e+04,3.998800517760593243e-04,0.000000000000000000e+00,0.000000000000000000e+00
1.334250000000000114e+01,5.868812624381131116e+01,7.491108812624512939e+04,3.998800520426142773e-04,0.000000000000000000e+00,0.000000000000000000e+00
1.335000000000000142e+01,5.912484486651376869e+01,7.499132484486783505e+04,3.998800523004942577e-04,0.000000000000000000e+00,0.000000000000000000e+00
1.335750000000000171e+01,5.956156415438808693e+01,7.507156156415570877e+04,3.998800525499746528e-04,0.000000000000000000e+00,0.000000000000000000e+00
1.336500000000000021e+01,5.999828406886847176e+01,7.515179828407020250e+04,3.998800527913483598e-04,0.000000000000000000e+00,0.000000000000000000e+00
1.337250000000000050e+01,6.043500537577107679e+01,7.523203500537709624e+04,3.998800530248603001e-04,0.000000000000000000e+00,0.000000000000000000e+00
1.338000000000000078e+01,6.087172683800226736e+01,7.531227172683933168e+04,3.998800532507707363e-04,0.000000000000000000e+00,0.000000000000000000e+00
1.338750000000000107e+01,6.130844948979581233e+01,7.539250844949112798e+04,3.998800534693357027e-04,0.000000000000000000e+00,0.000000000000000000e+00
1.339500000000000135e+01,6.174517268291319994e+01,7.547274517268425552e+04,3.998800536807807678e-04,0.000000000000000000e+00,0.000000000000000000e+00
1.340250000000000163e+01,6.218189693515451211e+01,7.555298189693650056e+04,3.998800538853467868e-04,0.000000000000000000e+00,0.000000000000000000e+00
1.341000000000000192e+01,6.261862251588389938e+01,7.563321862251723360e+04,3.998800540832561840e-04,0.000000000000000000e+00,0.000000000000000000e+00
1.341750000000000043e+01,6.305534815643093083e+01,7.571345534815777501e+04,3.998800542747179936e-04,0.000000000000000000e+00,0.000000000000000000e+00
1.342500000000000071e+01,6.349207549114640159e+01,7.579369207549249404e+04,3.998800544599547479e-04,0.000000000000000000e+00,0.000000000000000000e+00
1.343250000000000099e+01,6.392880394076517803e+01,7.587392880394212261e+04,3.998800546391597060e-04,0.000000000000000000e+00,0.000000000000000000e+00
1.344000000000000128e+01,6.436553422646910860e+01,7.595416553422782454e+04,3.998800548125273739e-04,0.000000000000000000e+00,0.000000000000000000e+00
1.344750000000000156e+01,6.480226670485878060e+01,7.603440226670622360e+04,3.998800549802591421e-04,0.000000000000000000e+00,0.000000000000000000e+00
1.345500000000000185e+01,6.523900316513996245e+01,7.611463900316650688e+04,3.998800551425259892e-04,0.000000000000000000e+00,0.000000000000000000e+00
1.346250000000000036e+01,6.567574247039644320e+01,7.619487574247176235e+04,3.998800552995110369e-04,0.000000000000000000e+00,0.000000000000000000e+00
1.347000000000000064e+01,6.611248606558920926e+01,7.627511248606695153e+04,3.998800554513886251e-04,0.000000000000000000e+00,0.000000000000000000e+00
1.347750000000000092e+01,6.654923357366955372e+01,7.635534923357503430e+04,3.998800555983175352e-04,0.000000000000000000e+00,0.000000000000000000e+00
1.348500000000000121e+01,6.698598473933883213e+01,7.643558598474071187e+04,3.998800557404665773e-04,0.000000000000000000e+00,0.000000000000000000e+00
1.349250000000000149e+01,6.742274055556968904e+01,7.651582274055694870e+04,3.998800558779874313e-04,0.000000000000000000e+00,0.000000000000000000e+00
1.350000000000000178e+01,6.785950078218655790e+01,7.659605950078356545e+04,3.998800560110271694e-04,0.000000000000000000e+00,0.000000000000000000e+00
