t,xcm,xcm_unwrapped,A,Iuv_global,Iuv_local
7.500000000000000590e-03,6.330347179169557847e+01,6.330347179169557847e+01,8.358614012973790697e-01,5.547307742050221896e-02,5.550805335351356729e-02
1.500000000000000118e-02,6.388492631729208426e+01,6.388492631729208426e+01,8.049083321214690612e-01,5.396741326727994004e-02,5.400088107382544633e-02
2.250000000000000264e-02,6.448832743607400175e+01,6.448832743607400175e+01,7.692536094745241471e-01,5.208555429928519304e-02,5.211693508263811475e-02
3.000000000000000236e-02,6.511245993586274494e+01,6.511245993586274494e+01,7.349300146719461857e-01,5.006295318232958230e-02,5.009187770494819003e-02
3.750000000000000555e-02,6.575461650136550418e+01,6.575461650136550418e+01,7.048630130964583795e-01,4.811618989253839407e-02,4.814244075180713900e-02
4.500000000000000527e-02,6.641096375040153532e+01,6.641096375040153532e+01,6.839701149728399932e-01,4.641274217327535229e-02,4.643645611406805457e-02
5.250000000000000500e-02,6.707780031499706297e+01,6.707780031499706297e+01,6.740042269182049406e-01,4.503898271842358275e-02,4.506028709925993803e-02
6.000000000000000472e-02,6.775216755886374642e+01,6.775216755886374642e+01,6.736913929060002193e-01,4.401612730319551248e-02,4.403528909998706553e-02
6.750000000000000444e-02,6.843232697183475466e+01,6.843232697183475466e+01,6.800040147650744382e-01,4.332627227857553665e-02,4.334362946339485878e-02
7.500000000000001110e-02,6.911722770374760216e+01,6.911722770374760216e+01,6.902216486878793855e-01,4.293391489987122972e-02,4.294968470664040777e-02
8.250000000000000389e-02,6.980688084519918846e+01,6.980688084519918846e+01,7.023881837919352389e-01,4.279482889275936647e-02,4.280925767838941048e-02
9.000000000000001055e-02,7.050160747964172003e+01,7.050160747964172003e+01,7.152333493094074068e-01,4.286383657348373510e-02,4.287713654309405903e-02
9.750000000000000333e-02,7.120180999439939740e+01,7.120180999439939740e+01,7.273947703095706707e-01,4.310215404488874913e-02,4.311450360592609943e-02
1.050000000000000100e-01,7.190797457688520922e+01,7.190797457688520922e+01,7.384579165680140722e-01,4.347551433203925703e-02,4.348706141337757569e-02
1.125000000000000028e-01,7.262081703541403499e+01,7.262081703541403499e+01,7.480997842471469594e-01,4.395267065149090213e-02,4.396353665592891979e-02
1.200000000000000094e-01,7.334063017681542362e+01,7.334063017681542362e+01,7.562957935766735362e-01,4.450964411022072242e-02,4.451992835459538805e-02
1.275000000000000022e-01,7.406814448952246721e+01,7.406814448952246721e+01,7.629926863530099856e-01,4.512339017852513151e-02,4.513314066800421659e-02
1.350000000000000089e-01,7.480355217255151956e+01,7.480355217255151956e+01,7.683867426018287095e-01,4.577770763168247103e-02,4.578702555590250661e-02
1.425000000000000155e-01,7.554733205741273139e+01,7.554733205741273139e+01,7.726530843794463532e-01,4.645691308181387758e-02,4.646585307338823440e-02
1.500000000000000222e-01,7.629983170111819391e+01,7.629983170111819391e+01,7.759437157341897429e-01,4.714834906307904805e-02,4.715692503406312963e-02
1.575000000000000011e-01,7.706124124994816782e+01,7.706124124994816782e+01,7.785289190290799466e-01,4.784140621171264346e-02,4.784965650011575866e-02
1.650000000000000078e-01,7.783182959045549865e+01,7.783182959045549865e+01,7.804893968972225204e-01,4.852684618187244614e-02,4.853483269498121144e-02
1.725000000000000144e-01,7.861168221814730828e+01,7.861168221814730828e+01,7.819466220144144497e-01,4.919730596150020951e-02,4.920502498777696437e-02
1.800000000000000211e-01,7.940089429118309283e+01,7.940089429118309283e+01,7.830310596655252198e-01,4.984614870006249393e-02,4.985362244558703970e-02
1.875000000000000278e-01,3.993867305370890630e-01,8.019938673053709977e+01,7.838641399305559254e-01,5.046855781105453326e-02,5.047580458955351623e-02
1.950000000000000067e-01,1.206960998184902989e+00,1.608069609981849339e+02,7.844245324120601159e-01,5.106015515356841783e-02,5.106719007571954710e-02
2.025000000000000133e-01,2.023444099045255129e+00,2.414234440990452981e+02,7.848425476273835910e-01,5.161720804395675960e-02,5.162404397197276062e-02
2.100000000000000200e-01,2.848407801058431943e+00,3.220484078010584881e+02,7.851846795683308233e-01,5.213736680703850296e-02,5.214401419875928922e-02
2.175000000000000266e-01,3.681467033906951958e+00,4.026814670339069835e+02,7.854102745364170968e-01,5.261849767973644787e-02,5.262493585946721036e-02
2.250000000000000056e-01,4.522193699211953799e+00,4.833221936992119936e+02,7.855496927119829387e-01,5.305942960697038885e-02,5.306569407033247254e-02
2.325000000000000122e-01,5.369960165392008378e+00,5.639699601653921945e+02,7.856250610948752877e-01,5.345975203183770535e-02,5.346581962996126147e-02
2.400000000000000189e-01,6.224192052052375246e+00,6.446241920520524218e+02,7.857443723805168645e-01,5.381950041633620091e-02,5.382540367305373857e-02
2.475000000000000255e-01,7.084222948866059077e+00,7.252842229488661587e+02,7.858220295463450578e-01,5.413954114596604417e-02,5.414525391476104205e-02
2.550000000000000044e-01,7.949237249889237411e+00,8.059492372498892792e+02,7.858662305847161633e-01,5.442179478048535246e-02,5.442734825590075237e-02
2.625000000000000111e-01,8.818556763207038074e+00,8.866185567632070388e+02,7.858826450383344930e-01,5.466827473104898111e-02,5.467364085016285236e-02
2.700000000000000178e-01,9.691319097527749449e+00,9.672913190975276621e+02,7.858751743202064821e-01,5.488234372077670231e-02,5.488752299676891849e-02
2.775000000000000244e-01,1.056689719970983177e+01,1.047966897199709592e+03,7.858954054593322303e-01,5.506668972995030359e-02,5.507168232948538023e-02
2.850000000000000311e-01,1.144460011026595936e+01,1.128644600110265856e+03,7.859326222909618354e-01,5.522434766421761149e-02,5.522918192139176369e-02
2.925000000000000377e-01,1.232380212294763133e+01,1.209323802122947427e+03,7.859520993815587442e-01,5.535892694546443171e-02,5.536357374698291922e-02
3.000000000000000444e-01,1.320410413494823310e+01,1.290004104134947966e+03,7.859547688215803296e-01,5.547283322537571032e-02,5.547729152574619460e-02
3.075000000000000511e-01,1.408510371860053034e+01,1.370685103718600203e+03,7.859412364956458452e-01,5.556917051810818936e-02,5.557343977810664387e-02
3.150000000000000022e-01,1.496658645475342730e+01,1.451366586454753133e+03,7.859118811112150160e-01,5.565024100551887315e-02,5.565432047331635157e-02
3.225000000000000089e-01,1.584840093327257549e+01,1.532048400933272205e+03,7.859372395409583989e-01,5.571789205893181579e-02,5.572181036764902590e-02
3.300000000000000155e-01,1.673040469256767437e+01,1.612730404692567163e+03,7.859610529162714965e-01,5.577416928133633461e-02,5.577789679481200830e-02
3.375000000000000222e-01,1.761253301779714775e+01,1.693412533017796704e+03,7.859702173626327282e-01,5.582069195203978595e-02,5.582422817526423720e-02
3.450000000000000289e-01,1.849477423431716971e+01,1.774094774234316674e+03,7.859647292877058877e-01,5.585867212118175024e-02,5.586201690366052186e-02
3.525000000000000355e-01,1.937711037569636829e+01,1.854777110375695884e+03,7.859445417027349778e-01,5.588936476106570045e-02,5.589251784126429701e-02
3.600000000000000422e-01,2.025951532457101933e+01,1.935459515324570475e+03,7.859143565872818149e-01,5.591423582791885116e-02,5.591719720242082498e-02
3.675000000000000488e-01,2.114196704308490737e+01,2.016141967043084151e+03,7.859479382198170105e-01,5.593423651176371997e-02,5.593703550342957187e-02
3.750000000000000555e-01,2.202446661450655796e+01,2.096824466614506036e+03,7.859673850470011436e-01,5.595007812670788061e-02,5.595268540364857490e-02
3.825000000000000067e-01,2.290695335103940522e+01,2.177506953351038646e+03,7.859725772622011553e-01,5.596271582971275305e-02,5.596513170709433577e-02
3.900000000000000133e-01,2.378948422390446282e+01,2.258189484223903946e+03,7.859633861366029928e-01,5.597252802347452150e-02,5.597475233652926541e-02
3.975000000000000200e-01,2.467206253721851184e+01,2.338872062537218426e+03,7.859396765407273833e-01,5.598005428119992577e-02,5.598208770281862257e-02
4.050000000000000266e-01,2.555467130851710067e+01,2.419554671308517300e+03,7.859233772692904019e-01,5.598611169665208137e-02,5.598795415059225344e-02
4.125000000000000333e-01,2.643731573911630051e+01,2.500237315739116639e+03,7.859537769489964854e-01,5.599072458565897137e-02,5.599240577891646115e-02
4.200000000000000400e-01,2.731998764930351342e+01,2.580919987649303948e+03,7.859700958275503968e-01,5.599416693134487422e-02,5.599565786884025398e-02
4.275000000000000466e-01,2.820261904436248557e+01,2.661602619044363109e+03,7.859721892920594755e-01,5.599695817775125067e-02,5.599825891802231309e-02
4.350000000000000533e-01,2.908526616141573129e+01,2.742285266161416530e+03,7.859599110390474985e-01,5.599902813424079834e-02,5.600013943847474002e-02
4.425000000000000600e-01,2.996793557758820370e+01,2.822967935577589287e+03,7.859331134774850680e-01,5.600059359781676960e-02,5.600151610105741362e-02
4.500000000000000111e-01,3.085061916178516839e+01,2.903650619161786381e+03,7.859309453093620279e-01,5.600197333627576074e-02,5.600270858145036529e-02
4.575000000000000178e-01,3.173332642607620002e+01,2.984333326426077292e+03,7.859584059147259882e-01,5.600294890075995652e-02,5.600352946610272220e-02
4.650000000000000244e-01,3.261604286288221743e+01,3.065016042862883751e+03,7.859717671257872018e-01,5.600362216350635025e-02,5.600402735107595786e-02
4.725000000000000311e-01,3.349870407809268613e+01,3.145698704078094124e+03,7.859708807029308630e-01,5.600432892357645048e-02,5.600457521905250619e-02
4.800000000000000377e-01,3.438138241439092013e+01,3.226381382414392647e+03,7.859555977499544932e-01,5.600478583157148665e-02,5.600490227061287463e-02
4.875000000000000444e-01,3.526407420378225055e+01,3.307064074203784457e+03,7.859257688200245173e-01,5.600521272137728990e-02,5.600524257688167112e-02
4.950000000000000511e-01,3.614677827258792320e+01,3.387746778272590291e+03,7.859377931405282514e-01,5.600567574017416284e-02,5.600567621289791881e-02
5.025000000000000577e-01,3.702950270923928144e+01,3.468429502709241660e+03,7.859623440908871661e-01,5.600595134784318307e-02,5.600595134784317614e-02
5.100000000000000089e-01,3.791221969893273780e+01,3.549112219698935405e+03,7.859727666550881953e-01,5.600615918261212661e-02,5.600615918261211967e-02
5.175000000000000711e-01,3.879489291447644916e+01,3.629794892914479078e+03,7.859689119821448022e-01,5.600647138123852203e-02,5.600647138123852203e-02
5.250000000000000222e-01,3.967758435125536920e+01,3.710477584351258429e+03,7.859506307222046129e-01,5.600662746673010922e-02,5.600662746673008840e-02
5.325000000000000844e-01,4.056028637784283575e+01,3.791160286377845750e+03,7.859177730871316214e-01,5.600690233564536991e-02,5.600690233564537684e-02
5.400000000000000355e-01,4.144300321339683535e+01,3.871843003213400152e+03,7.859440249634385145e-01,5.600718836345988660e-02,5.600718836345990048e-02
5.475000000000000977e-01,4.232573830543677929e+01,3.952525738305440427e+03,7.859656649203516920e-01,5.600733100477438275e-02,5.600733100477438969e-02
5.550000000000000488e-01,4.320845023382047145e+01,4.033208450233823896e+03,7.859731453223788300e-01,5.600751101598119147e-02,5.600751101598117759e-02
5.625000000000000000e-01,4.409113181051782959e+01,4.113891131810521983e+03,7.859663149218020228e-01,5.600777054540158340e-02,5.600777054540157646e-02
5.700000000000000622e-01,4.497382744660740173e+01,4.194573827446611176e+03,7.859450159249121715e-01,5.600794984843852214e-02,5.600794984843852908e-02
5.775000000000000133e-01,4.585652257196407788e+01,4.275256522571968162e+03,7.859168330428319971e-01,5.600842999091352331e-02,5.600842999091353025e-02
5.850000000000000755e-01,4.673921483271077904e+01,4.355939214832715152e+03,7.859494588453609376e-01,5.600906726708821531e-02,5.600906726708821531e-02
5.925000000000000266e-01,4.762188441101087477e+01,4.436621884411015344e+03,7.859677663887822963e-01,5.600997152164299137e-02,5.600997152164299830e-02
6.000000000000000888e-01,4.850445478471493743e+01,4.517304454784719383e+03,7.859711647274776336e-01,5.601162577559955225e-02,5.601162577559957306e-02
6.075000000000000400e-01,4.938691981259206898e+01,4.597986919812597080e+03,7.859585303812914869e-01,5.601425474432328994e-02,5.601425474432330381e-02
6.150000000000001021e-01,5.026926771036247743e+01,4.678669267710367421e+03,7.859277932091650598e-01,5.601819751838186395e-02,5.601819751838186395e-02
6.225000000000000533e-01,5.115143703171392531e+01,4.759351437031718888e+03,7.859045040875500820e-01,5.602425488610329046e-02,5.602425488610330434e-02
6.300000000000000044e-01,5.203337772690017005e+01,4.840033377726905201e+03,7.859125934699678906e-01,5.603281551604126498e-02,5.603281551604127886e-02
6.375000000000000666e-01,5.291500778047483777e+01,4.920715007780480846e+03,7.858894617069476229e-01,5.604454447085144980e-02,5.604454447085147062e-02
6.450000000000000178e-01,5.379618114559439590e+01,5.001396181145600167e+03,7.858262855244123601e-01,5.606048228236316239e-02,5.606048228236314851e-02
6.525000000000000799e-01,5.467686131291159057e+01,5.082076861312917572e+03,7.857122914870477981e-01,5.608119621626989765e-02,5.608119621626989071e-02
6.600000000000000311e-01,5.555696319904311764e+01,5.162756963199049096e+03,7.855480974643843650e-01,5.610748165389083109e-02,5.610748165389083109e-02
6.675000000000000933e-01,5.643637408575980885e+01,5.243436374085766147e+03,7.854017571030601497e-01,5.614022672700878791e-02,5.614022672700880179e-02
6.750000000000000444e-01,5.731500197055461854e+01,5.324115001970561025e+03,7.851713083535161175e-01,5.618004252008510641e-02,5.618004252008511334e-02
6.825000000000001066e-01,5.819271835640822133e+01,5.404792718356415207e+03,7.848414632211080377e-01,5.622768467669916198e-02,5.622768467669915504e-02
6.900000000000000577e-01,5.906935973602978862e+01,5.485469359736036495e+03,7.843986941414125003e-01,5.628396611208982131e-02,5.628396611208982825e-02
6.975000000000000089e-01,5.994488731417839489e+01,5.566144887314185326e+03,7.839630193480092712e-01,5.634907652963936503e-02,5.634907652963935809e-02
7.050000000000000711e-01,6.081919899499208526e+01,5.646819198994999169e+03,7.833911642553565979e-01,5.642341421881939822e-02,5.642341421881938435e-02
7.125000000000000222e-01,6.169219384769616710e+01,5.727492193847703675e+03,7.826664011921370401e-01,5.650722964973107360e-02,5.650722964973105972e-02
7.200000000000000844e-01,6.256378708447650183e+01,5.808163787084484284e+03,7.819099303903452869e-01,5.660050868466782320e-02,5.660050868466782320e-02
7.275000000000000355e-01,6.343386359013111075e+01,5.888833863590139117e+03,7.810169638987188856e-01,5.670329377976222190e-02,5.670329377976222884e-02
7.350000000000000977e-01,6.430230773246631770e+01,5.969502307732474037e+03,7.799573065854645826e-01,5.681555821716834792e-02,5.681555821716834098e-02
7.425000000000000488e-01,6.516910808766681384e+01,6.050169108087675340e+03,7.788779546801177789e-01,5.693670710637875609e-02,5.693670710637874222e-02
7.500000000000001110e-01,6.603419141513087709e+01,6.130834191415139685e+03,7.775866387437708749e-01,5.706639296404035500e-02,5.706639296404034806e-02
7.575000000000000622e-01,6.689750115949883025e+01,6.211497501159507010e+03,7.762606052880842711e-01,5.720403464238609653e-02,5.720403464238609653e-02
7.650000000000000133e-01,6.775898519683484267e+01,6.292158985196843787e+03,7.747400669776313142e-01,5.734898551913841791e-02,5.734898551913841791e-02
7.725000000000000755e-01,6.861854660581209941e+01,6.372818546605821211e+03,7.731737757198909877e-01,5.750068238126155445e-02,5.750068238126155445e-02
7.800000000000000266e-01,6.947615494051314045e+01,6.453476154940522065e+03,7.713972435317605347e-01,5.765834270482777385e-02,5.765834270482777385e-02
7.875000000000000888e-01,7.033180919104438544e+01,6.534131809191053435e+03,7.696185862536243372e-01,5.782085134810430183e-02,5.782085134810430876e-02
7.950000000000000400e-01,7.118546629151511240e+01,6.614785466291524244e+03,7.676417779832004351e-01,5.798730896495851717e-02,5.798730896495851023e-02
8.025000000000001021e-01,7.203710476666333307e+01,6.695437104766672746e+03,7.655828086797410448e-01,5.815674472346408358e-02,5.815674472346407664e-02
8.100000000000000533e-01,7.288666168660375888e+01,6.776086661686613297e+03,7.634391942886392668e-01,5.832841446000273933e-02,5.832841446000273933e-02
8.175000000000001155e-01,7.373405926542530153e+01,6.856734059265435462e+03,7.611380521990543935e-01,5.850170216928033545e-02,5.850170216928033545e-02
8.250000000000000666e-01,7.457934674184238588e+01,6.937379346741852714e+03,7.587363538511885386e-01,5.867550189873778355e-02,5.867550189873779048e-02
8.325000000000000178e-01,7.542248663038719769e+01,7.018022486630397907e+03,7.562969419991500963e-01,5.884922357712259189e-02,5.884922357712261271e-02
8.400000000000000799e-01,7.626345155696115796e+01,7.098663451556971268e+03,7.537308457672204920e-01,5.902214753150276938e-02,5.902214753150275550e-02
8.475000000000000311e-01,7.710213707474476053e+01,7.179302137074755592e+03,7.510510262637875023e-01,5.919393080870093832e-02,5.919393080870092444e-02
8.550000000000000933e-01,7.793853858484575881e+01,7.259938538584856360e+03,7.482689261860384633e-01,5.936390397544007158e-02,5.936390397544003689e-02
8.625000000000000444e-01,7.877268514487893469e+01,7.340572685144889874e+03,7.453944669359019448e-01,5.953138348989163442e-02,5.953138348989163442e-02
8.700000000000001066e-01,7.960452232411431339e+01,7.421204522324125719e+03,7.424638141196105989e-01,5.969616500134382331e-02,5.969616500134382331e-02
8.775000000000000577e-01,6.339149573877684851e-01,7.422033914957399247e+03,7.394622098722959391e-01,5.985822599004030770e-02,5.985822599004030076e-02
8.850000000000001199e-01,1.460916989371056518e+00,7.502660916989382713e+03,7.363728685197411528e-01,6.001685749440614087e-02,6.001685749440613393e-02
8.925000000000000711e-01,2.285554332607174111e+00,7.583285554332618631e+03,7.331994549192372146e-01,6.017164820420250332e-02,6.017164820420251026e-02
9.000000000000000222e-01,3.107653775965610432e+00,7.663907653775977451e+03,7.299440463200910223e-01,6.032313334317119385e-02,6.032313334317119385e-02
9.075000000000000844e-01,3.927241850788294464e+00,7.744527241850800237e+03,7.266071362286171675e-01,6.047072107557793091e-02,6.047072107557794479e-02
9.150000000000000355e-01,4.744416604606887411e+00,7.825144416604619437e+03,7.232020635647937734e-01,6.061374480734117720e-02,6.061374480734119108e-02
9.225000000000000977e-01,5.558908982757853501e+00,7.905758908982770663e+03,7.197639979332860483e-01,6.075340793375804543e-02,6.075340793375805237e-02
9.300000000000000488e-01,6.370917820625217942e+00,7.986370917820638169e+03,7.162546450549279742e-01,6.088842538511963359e-02,6.088842538511964053e-02
9.375000000000001110e-01,7.180327488432029170e+00,8.066980327488445255e+03,7.126686964881647768e-01,6.101923030952688398e-02,6.101923030952688398e-02
9.450000000000000622e-01,7.987114496251696671e+00,8.147587114496264803e+03,7.089992632509356518e-01,6.114589405745621264e-02,6.114589405745620571e-02
9.525000000000001243e-01,8.791340611470866762e+00,8.228191340611483611e+03,7.052378570819173298e-01,6.126785629287641310e-02,6.126785629287641310e-02
9.600000000000000755e-01,9.592903871973449625e+00,8.308792903871984890e+03,7.014143899955143091e-01,6.138575966835194825e-02,6.138575966835194825e-02
9.675000000000000266e-01,1.039187394977750678e+01,8.389391873949787623e+03,6.976077375953274595e-01,6.149891211814616232e-02,6.149891211814616232e-02
9.750000000000000888e-01,1.118824425841053838e+01,8.469988244258420309e+03,6.936952195892313044e-01,6.160765018461249881e-02,6.160765018461249187e-02
9.825000000000000400e-01,1.198194504687268491e+01,8.550581945046882538e+03,6.896624740938742670e-01,6.171185642270495680e-02,6.171185642270494293e-02
9.900000000000001021e-01,1.277309428505638067e+01,8.631173094285064508e+03,6.856527215301352340e-01,6.181140906519733830e-02,6.181140906519733136e-02
9.975000000000000533e-01,1.356163149799239243e+01,8.711761631498000497e+03,6.815731754868378234e-01,6.190618326134528920e-02,6.190618326134530308e-02
1.005000000000000115e+00,1.434752477948166849e+01,8.792347524779488595e+03,6.773439780499559415e-01,6.199655129573677231e-02,6.199655129573677925e-02
1.012500000000000178e+00,1.513088449806986269e+01,8.872930884498076921e+03,6.731844372722359804e-01,6.208200708007817481e-02,6.208200708007817481e-02
1.020000000000000018e+00,1.591174001524105996e+01,8.953511740015246687e+03,6.688915501238477113e-01,6.216230215324786146e-02,6.216230215324784064e-02
1.027500000000000080e+00,1.668997981862362323e+01,9.034089979818629217e+03,6.645338661450581608e-01,6.223807650793430901e-02,6.223807650793432983e-02
1.035000000000000142e+00,1.746567725485349598e+01,9.114665677254857655e+03,6.601666659296892004e-01,6.230906185250072865e-02,6.230906185250072865e-02
1.042499999999999982e+00,1.823888499508873551e+01,9.195238884995093031e+03,6.556432169766800433e-01,6.237492237590377964e-02,6.237492237590378658e-02
1.050000000000000044e+00,1.900961716418348146e+01,9.275809617164186420e+03,6.511844242789807113e-01,6.243571166751508278e-02,6.243571166751506890e-02
1.057500000000000107e+00,1.977789855631731086e+01,9.356377898556320361e+03,6.465198070343205483e-01,6.249135936473229624e-02,6.249135936473229624e-02
1.065000000000000169e+00,2.054373332251040907e+01,9.436943733322512344e+03,6.419460100676755987e-01,6.254197644981875082e-02,6.254197644981873694e-02
1.072500000000000009e+00,2.130714958135929038e+01,9.517507149581360864e+03,6.371577396355408984e-01,6.258744133423034539e-02,6.258744133423037315e-02
1.080000000000000071e+00,2.206818654181193651e+01,9.598068186541811883e+03,6.324400377953497410e-01,6.262757884761059601e-02,6.262757884761060989e-02
1.087500000000000133e+00,2.282685939378774620e+01,9.678626859393787527e+03,6.275391832824416261e-01,6.266245605979217648e-02,6.266245605979217648e-02
1.095000000000000195e+00,2.358319532528224372e+01,9.759183195325280394e+03,6.226440828496203617e-01,6.269204830509202131e-02,6.269204830509202131e-02
1.102500000000000036e+00,2.433723160786239958e+01,9.839737231607859940e+03,6.176360204280066935e-01,6.271621517070684326e-02,6.271621517070682938e-02
1.110000000000000098e+00,2.508898396275862908e+01,9.920288983962755083e+03,6.125267103912448441e-01,6.273501656796745540e-02,6.273501656796742765e-02
1.117500000000000160e+00,2.583849725088182581e+01,1.000083849725087748e+04,6.074121859890063702e-01,6.274835524568550538e-02,6.274835524568549150e-02
1.125000000000000000e+00,2.658569408220382257e+01,1.008138569408219882e+04,6.020502926416868572e-01,6.275662625238483117e-02,6.275662625238483117e-02
1.132500000000000062e+00,2.733073772547173874e+01,1.016193073772546632e+04,5.968269267520792676e-01,6.275919922869140077e-02,6.275919922869140077e-02
1.140000000000000124e+00,2.807363651856924136e+01,1.024247363651856358e+04,5.913484086797994310e-01,6.275618913820868450e-02,6.275618913820868450e-02
1.147500000000000187e+00,2.881440832366797622e+01,1.032301440832366097e+04,5.858390452897686007e-01,6.274762365713205947e-02,6.274762365713204559e-02
1.155000000000000027e+00,2.955296687126794453e+01,1.040355296687126065e+04,5.802424062932232118e-01,6.273398958612118326e-02,6.273398958612118326e-02
1.162500000000000089e+00,3.028949649309542025e+01,1.048408949649308670e+04,5.744120149167658562e-01,6.271468823253541214e-02,6.271468823253541214e-02
1.170000000000000151e+00,3.102396910286105935e+01,1.056462396910285315e+04,5.686964456725237538e-01,6.268986352221053715e-02,6.268986352221053715e-02
1.177499999999999991e+00,3.175637328568653928e+01,1.064515637328567755e+04,5.626930279126838297e-01,6.265960751574338461e-02,6.265960751574338461e-02
1.185000000000000053e+00,3.248686359109416344e+01,1.072568686359108324e+04,5.566896648664487746e-01,6.262350645836030349e-02,6.262350645836030349e-02
1.192500000000000115e+00,3.321523763379456540e+01,1.080621523763378354e+04,5.505727426739430719e-01,6.258256884360599570e-02,6.258256884360602346e-02
1.200000000000000178e+00,3.394179420466390695e+01,1.088674179420465225e+04,5.442196328811655937e-01,6.253565269975724927e-02,6.253565269975726315e-02
1.207500000000000018e+00,3.466631019777402400e+01,1.096726631019776141e+04,5.380070621674617470e-01,6.248365135602718806e-02,6.248365135602717418e-02
1.215000000000000080e+00,3.538903803555703576e+01,1.104778903803554385e+04,5.314962818429318503e-01,6.242596424824194135e-02,6.242596424824194135e-02
1.222500000000000142e+00,3.610979685100575409e+01,1.112830979685099192e+04,5.250267284586497274e-01,6.236322196547883223e-02,6.236322196547884611e-02
1.230000000000000204e+00,3.682879615171412269e+01,1.120882879615169986e+04,5.184666456877012886e-01,6.229473542959054755e-02,6.229473542959054755e-02
1.237500000000000044e+00,3.754597547563061966e+01,1.128934597547561498e+04,5.116926381926306666e-01,6.222107457701557542e-02,6.222107457701558930e-02
1.245000000000000107e+00,3.826133869477312999e+01,1.136986133869475634e+04,5.051262872898372169e-01,6.214203878979444179e-02,6.214203878979442791e-02
1.252500000000000169e+00,3.897499064473643671e+01,1.145037499064471922e+04,4.983022200874360208e-01,6.205769964675392908e-02,6.205769964675392908e-02
1.260000000000000009e+00,3.968693759547375777e+01,1.153088693759545640e+04,4.915788801351886894e-01,6.196786849170515810e-02,6.196786849170515116e-02
1.267500000000000071e+00,4.039709884436222609e+01,1.161139709884434342e+04,4.848380203698269275e-01,6.187322101447508688e-02,6.187322101447508688e-02
1.275000000000000133e+00,4.110566425394912216e+01,1.169190566425393081e+04,4.779644532121992695e-01,6.177292412479903905e-02,6.177292412479903905e-02
1.282500000000000195e+00,4.181260096809337057e+01,1.177241260096807309e+04,4.713692812607687688e-01,6.166752212035701841e-02,6.166752212035700453e-02
1.290000000000000036e+00,4.251796266252431877e+01,1.185291796266250458e+04,4.646046237915605337e-01,6.155667041439360360e-02,6.155667041439358972e-02
1.297500000000000098e+00,4.322162872929578725e+01,1.193342162872927474e+04,4.580740054075523870e-01,6.144111940052836285e-02,6.144111940052836979e-02
1.305000000000000160e+00,4.392379077871375159e+01,1.201392379077869191e+04,4.515700972436875738e-01,6.132018752659071370e-02,6.132018752659072064e-02
1.312500000000000000e+00,4.462446202506217929e+01,1.209442446202503925e+04,4.451521608023061294e-01,6.119392805846902983e-02,6.119392805846902983e-02
1.320000000000000062e+00,4.532365371528167231e+01,1.217492365371525921e+04,4.389760426433862439e-01,6.106253965645194043e-02,6.106253965645194043e-02
1.327500000000000124e+00,4.602139664334435309e+01,1.225542139664331989e+04,4.328080505480754181e-01,6.092587939356919335e-02,6.092587939356919335e-02
1.335000000000000187e+00,4.671772043226751236e+01,1.233591772043224228e+04,4.270208613228502759e-01,6.078400319433264337e-02,6.078400319433263643e-02
1.342500000000000027e+00,4.741265295146791203e+01,1.241641265295144331e+04,4.212271790087672163e-01,6.063702147528099440e-02,6.063702147528099440e-02
1.350000000000000089e+00,4.810623153265719054e+01,1.249690623153263186e+04,4.158782239480073861e-01,6.048478226743080055e-02,6.048478226743080749e-02
1.357500000000000151e+00,4.879849094257260589e+01,1.257739849094254532e+04,4.105574653069132274e-01,6.032725139054679470e-02,6.032725139054678776e-02
1.365000000000000213e+00,4.948947269003485161e+01,1.265788947269000710e+04,4.056725649215925933e-01,6.016439287856804180e-02,6.016439287856803486e-02
1.372500000000000053e+00,5.017921901651366312e+01,1.273837921901648588e+04,4.008590674599928350e-01,5.999617521600479619e-02,5.999617521600479619e-02
1.380000000000000115e+00,5.086776350626455923e+01,1.281886776350623586e+04,3.964594924517808039e-01,5.982254941954073812e-02,5.982254941954073119e-02
1.387500000000000178e+00,5.155515461770195174e+01,1.289935515461767136e+04,3.921496609242950404e-01,5.964340630113131730e-02,5.964340630113131730e-02
1.395000000000000018e+00,5.224144406801134011e+01,1.297984144406798077e+04,3.882151952826960462e-01,5.945863464678441401e-02,5.945863464678441401e-02
1.402500000000000080e+00,5.292669048915814045e+01,1.306032669048912612e+04,3.843748855076497550e-01,5.926805580592795636e-02,5.926805580592795636e-02
1.410000000000000142e+00,5.361094338768761247e+01,1.314081094338765615e+04,3.808359935267625618e-01,5.907162438823368444e-02,5.907162438823367057e-02
1.417500000000000204e+00,5.429427433274199188e+01,1.322129427433270939e+04,3.774252522409378696e-01,5.886916383293491067e-02,5.886916383293491761e-02
1.425000000000000044e+00,5.497676572822938112e+01,1.330177676572819655e+04,3.741445923213787550e-01,5.866041299606076370e-02,5.866041299606076370e-02
1.432500000000000107e+00,5.565847854783547888e+01,1.338225847854780113e+04,3.710951782998269666e-01,5.844511055878783695e-02,5.844511055878783695e-02
1.440000000000000169e+00,5.633937347368724602e+01,1.346273937347365245e+04,3.681358094318930019e-01,5.822347967871241425e-02,5.822347967871241425e-02
1.447500000000000009e+00,5.701965898196316118e+01,1.354321965898192684e+04,3.652661695876937009e-01,5.799487889248423206e-02,5.799487889248423900e-02
1.455000000000000071e+00,5.769943526788855337e+01,1.362369943526785210e+04,3.624846533354524891e-01,5.775893854062505439e-02,5.775893854062506133e-02
1.462500000000000133e+00,5.837885964115261572e+01,1.370417885964111520e+04,3.597881730983265025e-01,5.751515115724339239e-02,5.751515115724337157e-02
1.470000000000000195e+00,5.905803321750610735e+01,1.378465803321746898e+04,3.571719438557929838e-01,5.726326009019189200e-02,5.726326009019188507e-02
1.477500000000000036e+00,5.973694236634140964e+01,1.386513694236630363e+04,3.546292977319579487e-01,5.700321106951487110e-02,5.700321106951487804e-02
1.485000000000000098e+00,6.041593581469549434e+01,1.394561593581465604e+04,3.521516450088573724e-01,5.673387684352580035e-02,5.673387684352580035e-02
1.492500000000000160e+00,6.109519848517525276e+01,1.402609519848513446e+04,3.497287433842363180e-01,5.645477546500367316e-02,5.645477546500368010e-02
1.500000000000000222e+00,6.177501613712524176e+01,1.410657501613708519e+04,3.473493644664397140e-01,5.616491706536047568e-02,5.616491706536048956e-02
1.507500000000000062e+00,6.245541585370595783e+01,1.418705541585366518e+04,3.450022124078390706e-01,5.586417277835976219e-02,5.586417277835974832e-02
1.515000000000000124e+00,6.313691572282807130e+01,1.426753691572278512e+04,3.426767338829814213e-01,5.555108771839357279e-02,5.555108771839357973e-02
1.522500000000000187e+00,6.381993301737489332e+01,1.434801993301733273e+04,3.403635167088528979e-01,5.522431581833511793e-02,5.522431581833511793e-02
1.530000000000000027e+00,6.450491072346369492e+01,1.442850491072342083e+04,3.380542545473027016e-01,5.488270608088117314e-02,5.488270608088117314e-02
1.537500000000000089e+00,6.519222470967170580e+01,1.450899222470962741e+04,3.357414627266039342e-01,5.452523725127163268e-02,5.452523725127163268e-02
1.545000000000000151e+00,6.588282143102600230e+01,1.458948282143098004e+04,3.336021424657218959e-01,5.414924052698304180e-02,5.414924052698304180e-02
1.552500000000000213e+00,6.657752426497079057e+01,1.466997752426492480e+04,3.314591701667543022e-01,5.375278628941338593e-02,5.375278628941337900e-02
1.560000000000000053e+00,6.727752587956055663e+01,1.475047752587951436e+04,3.293031648255620447e-01,5.333272587842970841e-02,5.333272587842970841e-02
1.567500000000000115e+00,6.798419311214307470e+01,1.483098419311209545e+04,3.271263949922117997e-01,5.288598696920266545e-02,5.288598696920267933e-02
1.575000000000000178e+00,6.869936530166737043e+01,1.491149936530161904e+04,3.249820164221154939e-01,5.240836190693327207e-02,5.240836190693327207e-02
1.582500000000000240e+00,6.942555970101497564e+01,1.499202555970096546e+04,3.229928906261957944e-01,5.189450065053584360e-02,5.189450065053585054e-02
1.590000000000000080e+00,7.016581391611261154e+01,1.507256581391606233e+04,3.209687298963740387e-01,5.133862916220934686e-02,5.133862916220934686e-02
1.597500000000000142e+00,7.092369172927386956e+01,1.515312369172922445e+04,3.189007558957256405e-01,5.073473398796910644e-02,5.073473398796909256e-02
1.605000000000000204e+00,7.170429480046163917e+01,1.523370429480041093e+04,3.168808633794607532e-01,5.007519235622747561e-02,5.007519235622748949e-02
1.612500000000000044e+00,7.251403915102689268e+01,1.531431403915097508e+04,3.150062761579697224e-01,4.935156513508970333e-02,4.935156513508970333e-02
1.620000000000000107e+00,7.336075967928667296e+01,1.539496075967923389e+04,3.130679080186388186e-01,4.855673577189604379e-02,4.855673577189604379e-02
1.627500000000000169e+00,7.424767410753310060e+01,1.547564767410748027e+04,3.110553965916187380e-01,4.770016956245148876e-02,4.770016956245150264e-02
1.635000000000000231e+00,7.516063786880219766e+01,1.555636063786874911e+04,3.092848607181847287e-01,4.683645609023812106e-02,4.683645609023814188e-02
1.642500000000000071e+00,7.604504988014065248e+01,1.563704504988008557e+04,3.074567453658206828e-01,4.609925298856885206e-02,4.609925298856885206e-02
1.650000000000000133e+00,7.684170243515485765e+01,1.571764170243509943e+04,3.055280943807701100e-01,4.559284623173898848e-02,4.559284623173899542e-02
1.657500000000000195e+00,7.757985602047237705e+01,1.579817985602041699e+04,3.038285265965560700e-01,4.522746849710589101e-02,4.522746849710586325e-02
1.665000000000000036e+00,7.828995534425767744e+01,1.587868995534420173e+04,3.020778346706080586e-01,4.493176515283509032e-02,4.493176515283508338e-02
1.672500000000000098e+00,7.898447802018375796e+01,1.595918447802012633e+04,3.001996477778618999e-01,4.467644385104427990e-02,4.467644385104427990e-02
1.680000000000000160e+00,7.966933671351053192e+01,1.603966933671345214e+04,2.986333297803767106e-01,4.444735505260931363e-02,4.444735505260930669e-02
1.687500000000000222e+00,5.476094708846314107e-01,1.604034760947082577e+04,2.969118591185587186e-01,4.423632108446433342e-02,4.423632108446433342e-02
1.695000000000000062e+00,1.220835220928068843e+00,1.612082083522086759e+04,2.952207803652686646e-01,4.403957539378034608e-02,4.403957539378033914e-02
1.702500000000000124e+00,1.890361134469112914e+00,1.620129036113440816e+04,2.936612349620288387e-01,4.385309791146162206e-02,4.385309791146163594e-02
1.710000000000000187e+00,2.556919035795291784e+00,1.628175691903573352e+04,2.919028544041049611e-01,4.367471522940592765e-02,4.367471522940593459e-02
1.717500000000000249e+00,3.221023219966709483e+00,1.636222102321990496e+04,2.904640231478876622e-01,4.350307047029095681e-02,4.350307047029096374e-02
1.725000000000000089e+00,3.883296273841977175e+00,1.644268329627377898e+04,2.888336412643556228e-01,4.333558359807212351e-02,4.333558359807213045e-02
1.732500000000000151e+00,4.543943012787384994e+00,1.652314394301272478e+04,2.873395040323122318e-01,4.317208253314256533e-02,4.317208253314257227e-02
1.740000000000000213e+00,5.203323993484213261e+00,1.660360332399341860e+04,2.858258718609532067e-01,4.301087666739605159e-02,4.301087666739606546e-02
1.747500000000000053e+00,5.861623175331115654e+00,1.668406162317526469e+04,2.843040355146951859e-01,4.285149864871993369e-02,4.285149864871993369e-02
1.755000000000000115e+00,6.518857143399124254e+00,1.676451885714333184e+04,2.828916608367756380e-01,4.269413875066912362e-02,4.269413875066910974e-02
1.762500000000000178e+00,7.175202579068594488e+00,1.684497520257900396e+04,2.813704163685975534e-01,4.253771983582886607e-02,4.253771983582887301e-02
1.770000000000000240e+00,7.830493137044467922e+00,1.692543049313697702e+04,2.800396596716260844e-01,4.238332304660141076e-02,4.238332304660140382e-02
1.777500000000000080e+00,8.484959601850622590e+00,1.700588495960178261e+04,2.785474062859772948e-01,4.222977542655413641e-02,4.222977542655413641e-02
1.785000000000000142e+00,9.138571950995622473e+00,1.708633857195092787e+04,2.772748185099827012e-01,4.207751765149442963e-02,4.207751765149442963e-02
1.792500000000000204e+00,9.791206553162192350e+00,1.716679120655309453e+04,2.758394600542101172e-01,4.192697074263122131e-02,4.192697074263122131e-02
1.800000000000000044e+00,1.044305695258015731e+01,1.724724305695250951e+04,2.745982975919963875e-01,4.177729224955091525e-02,4.177729224955090831e-02
1.807500000000000107e+00,1.109395730884675757e+01,1.732769395730877659e+04,2.732466813078683332e-01,4.162934584656603071e-02,4.162934584656601683e-02
1.815000000000000169e+00,1.174406587350529740e+01,1.740814406587343547e+04,2.720074867765815418e-01,4.148263823640798570e-02,4.148263823640798570e-02
1.822500000000000231e+00,1.239332846872326499e+01,1.748859332846865072e+04,2.707649442151135455e-01,4.133723560662400098e-02,4.133723560662399404e-02
1.830000000000000071e+00,1.304164461605389214e+01,1.756904164461597975e+04,2.694960911151124683e-01,4.119358796556143315e-02,4.119358796556144009e-02
1.837500000000000133e+00,1.368911825261629467e+01,1.764948911825254254e+04,2.683861069378525310e-01,4.105145505584335136e-02,4.105145505584334442e-02
1.845000000000000195e+00,1.433574168891785128e+01,1.772993574168884516e+04,2.670542628321995737e-01,4.091077768407994086e-02,4.091077768407993392e-02
1.852500000000000258e+00,1.498159510872306655e+01,1.781038159510864716e+04,2.660982632660376934e-01,4.077165547330253298e-02,4.077165547330253298e-02
1.860000000000000098e+00,1.562648007143971007e+01,1.789082648007136231e+04,2.648517330431091610e-01,4.063447620256224052e-02,4.063447620256224052e-02
1.867500000000000160e+00,1.627055389310501710e+01,1.797127055389302768e+04,2.638860214408780824e-01,4.049880110306148390e-02,4.049880110306149084e-02
1.875000000000000222e+00,1.691390605103480027e+01,1.805171390605095803e+04,2.628362176257236227e-01,4.036481292347352673e-02,4.036481292347354061e-02
1.882500000000000062e+00,1.755620772771371563e+01,1.813215620772763577e+04,2.617308266968656483e-01,4.023312829566666471e-02,4.023312829566666471e-02
1.890000000000000124e+00,1.819784708060763734e+01,1.821259784708052757e+04,2.608950498933708673e-01,4.010289869585106221e-02,4.010289869585106914e-02
1.897500000000000187e+00,1.883863249985281740e+01,1.829303863249977439e+04,2.598109164828518725e-01,3.997471823737058089e-02,3.997471823737058089e-02
1.905000000000000249e+00,1.947852537955687779e+01,1.837347852537947620e+04,2.590044013018998892e-01,3.984891203884441402e-02,3.984891203884441402e-02
1.912500000000000089e+00,2.011777578891014073e+01,1.845391777578882829e+04,2.581748345129363797e-01,3.972470476895790387e-02,3.972470476895790387e-02
1.920000000000000151e+00,2.075606158744369978e+01,1.853435606158736118e+04,2.571382573195172827e-01,3.960299345082755884e-02,3.960299345082755884e-02
1.927500000000000213e+00,2.139363419474373273e+01,1.861479363419466245e+04,2.565752315230963587e-01,3.948360905222036282e-02,3.948360905222036282e-02
1.935000000000000053e+00,2.203039373400835643e+01,1.869523039373392385e+04,2.558139288494420960e-01,3.936661433536876864e-02,3.936661433536876170e-02
1.942500000000000115e+00,2.266639772394114871e+01,1.877566639772385679e+04,2.549820713259466909e-01,3.925200658288993671e-02,3.925200658288993671e-02
1.950000000000000178e+00,2.330162679349306742e+01,1.885610162679341011e+04,2.545232368223517838e-01,3.914001363712146797e-02,3.914001363712146103e-02
1.957500000000000240e+00,2.393609625158834220e+01,1.893653609625150420e+04,2.538938227412106952e-01,3.903099913176682340e-02,3.903099913176682340e-02
1.965000000000000080e+00,2.456976668446094081e+01,1.901696976668437492e+04,2.532146129767542386e-01,3.892475592872365192e-02,3.892475592872364498e-02
1.972500000000000142e+00,2.520283763583038805e+01,1.909740283763574553e+04,2.529208924555077509e-01,3.882124424273470514e-02,3.882124424273471208e-02
1.980000000000000204e+00,2.583495513845600655e+01,1.917783495513836897e+04,2.524871164307057048e-01,3.872144300009850576e-02,3.872144300009850576e-02
1.987500000000000266e+00,2.646645148256027369e+01,1.925826645148247189e+04,2.519175568226147410e-01,3.862493229615080598e-02,3.862493229615081985e-02
1.995000000000000107e+00,2.709721840693974571e+01,1.933869721840685088e+04,2.518318989528149920e-01,3.853173970995819181e-02,3.853173970995819181e-02
2.002499999999999947e+00,2.772720210913445271e+01,1.941912720210904445e+04,2.516559837115919795e-01,3.844254190312073466e-02,3.844254190312072772e-02
2.010000000000000231e+00,2.835651956517003214e+01,1.949955651956508154e+04,2.513790766977656577e-01,3.835729516048702603e-02,3.835729516048702603e-02
2.017500000000000071e+00,2.898505253318628760e+01,1.957998505253309486e+04,2.513101121883696831e-01,3.827649044918700338e-02,3.827649044918700338e-02
2.025000000000000355e+00,2.961289382486498667e+01,1.966041289382477407e+04,2.514508359988452679e-01,3.819997970334206711e-02,3.819997970334207404e-02
2.032500000000000195e+00,3.023999398506723324e+01,1.974083999398497326e+04,2.515260328292295289e-01,3.812835342949084938e-02,3.812835342949084938e-02
2.040000000000000036e+00,3.086636305497485822e+01,1.982126636305488137e+04,2.515448049446478151e-01,3.806183235880640503e-02,3.806183235880640503e-02
2.047500000000000320e+00,3.149200197167090565e+01,1.990169200197157625e+04,2.519091032791780371e-01,3.800081816869944201e-02,3.800081816869944201e-02
2.055000000000000160e+00,3.211689471011589347e+01,1.998211689471001955e+04,2.523886378340056136e-01,3.794538037398650920e-02,3.794538037398650920e-02
2.062500000000000000e+00,3.274104049835434438e+01,2.006254104049825764e+04,2.528473938834814305e-01,3.789607691753935775e-02,3.789607691753934388e-02
2.070000000000000284e+00,3.336441244239871651e+01,2.014296441244230300e+04,2.532961377049204876e-01,3.785327354790046089e-02,3.785327354790046089e-02
2.077500000000000124e+00,3.398702191514474436e+01,2.022338702191504854e+04,2.539801290539716594e-01,3.781730926006772464e-02,3.781730926006773158e-02
2.084999999999999964e+00,3.460886328787472621e+01,2.030380886328777706e+04,2.549173511096764488e-01,3.778839340501900096e-02,3.778839340501899402e-02
2.092500000000000249e+00,3.522985901280473087e+01,2.038422985901270658e+04,2.558763302669919693e-01,3.776722822743676378e-02,3.776722822743676378e-02
2.100000000000000089e+00,3.585003717852787730e+01,2.046465003717842774e+04,2.568677786953069697e-01,3.775422794050289910e-02,3.775422794050289216e-02
2.107500000000000373e+00,3.646942085040821979e+01,2.054506942085030823e+04,2.579025122351529808e-01,3.774941774726342514e-02,3.774941774726342514e-02
2.115000000000000213e+00,3.708793642033759852e+01,2.062548793642023884e+04,2.592198562328938971e-01,3.775345426148994654e-02,3.775345426148994654e-02
2.122500000000000053e+00,3.770554439502013366e+01,2.070590554439491825e+04,2.607603516116756004e-01,3.776687357489688646e-02,3.776687357489689340e-02
2.130000000000000338e+00,3.832221808593271817e+01,2.078632221808583199e+04,2.623645840372961224e-01,3.779003856981331955e-02,3.779003856981331955e-02
2.137500000000000178e+00,3.893794413597697002e+01,2.086673794413587530e+04,2.640405844625552390e-01,3.782308690696125492e-02,3.782308690696125492e-02
2.145000000000000018e+00,3.955267604962001116e+01,2.094715267604951805e+04,2.657959620554775637e-01,3.786666887546328436e-02,3.786666887546328436e-02
2.152500000000000302e+00,4.016640140852106811e+01,2.102756640140841773e+04,2.676379800110723628e-01,3.792122065163861661e-02,3.792122065163861661e-02
2.160000000000000142e+00,4.077914192645341984e+01,2.110797914192634926e+04,2.697147004692216354e-01,3.798658198308618728e-02,3.798658198308619421e-02
2.167499999999999982e+00,4.139085902656403704e+01,2.118839085902645820e+04,2.720211380684348090e-01,3.806341616674518286e-02,3.806341616674518286e-02
2.175000000000000266e+00,4.200156463094174342e+01,2.126880156463083404e+04,2.744124068287487339e-01,3.815215712741504284e-02,3.815215712741503590e-02
2.182500000000000107e+00,4.261125440344314796e+01,2.134921125440333708e+04,2.768920278075511776e-01,3.825247506521262109e-02,3.825247506521262109e-02
2.190000000000000391e+00,4.321978644975578732e+01,2.142961978644964984e+04,2.794632505988210447e-01,3.836486835537917389e-02,3.836486835537917389e-02
2.197500000000000231e+00,4.382729386679319816e+01,2.151002729386668580e+04,2.821284548275443949e-01,3.848967065883512201e-02,3.848967065883511507e-02
2.205000000000000071e+00,4.443378965488944488e+01,2.159043378965478041e+04,2.848883225111742412e-01,3.862659767207631684e-02,3.862659767207630296e-02
2.212500000000000355e+00,4.503906297973318118e+01,2.167083906297962312e+04,2.877411741133425460e-01,3.877619825398536529e-02,3.877619825398537917e-02
2.220000000000000195e+00,4.564285881281180224e+01,2.175124285881270043e+04,2.906826772824825933e-01,3.893866715288065578e-02,3.893866715288065578e-02
2.227500000000000036e+00,4.624465630396374394e+01,2.183164465630385166e+04,2.937058683674902970e-01,3.911389835224017564e-02,3.911389835224017564e-02
2.235000000000000320e+00,4.684376110587639630e+01,2.191204376110576413e+04,2.968934982678373968e-01,3.930211457691894922e-02,3.930211457691894922e-02
2.242500000000000160e+00,4.743916688992586472e+01,2.199243916688981335e+04,3.001565714069436841e-01,3.950198011238226226e-02,3.950198011238226226e-02
2.250000000000000000e+00,4.802974087778519419e+01,2.207282974087767070e+04,3.034628712550918039e-01,3.971280222147035438e-02,3.971280222147034744e-02
2.257500000000000284e+00,4.861434524886461617e+01,2.215321434524875076e+04,3.068001255193044119e-01,3.993278842958080527e-02,3.993278842958081915e-02
2.265000000000000124e+00,4.919154337045871728e+01,2.223359154337034488e+04,3.101546496062785319e-01,4.016015987009087518e-02,4.016015987009086824e-02
2.272499999999999964e+00,4.975943422755091916e+01,2.231395943422743585e+04,3.135117121551108665e-01,4.039230483721854142e-02,4.039230483721853449e-02
2.280000000000000249e+00,5.031616181783356012e+01,2.239431616181771824e+04,3.168560307279577049e-01,4.062678382597449678e-02,4.062678382597448984e-02
2.287500000000000089e+00,5.086001366148229863e+01,2.247466001366136334e+04,3.201725688126635938e-01,4.086192670358682749e-02,4.086192670358682749e-02
2.295000000000000373e+00,5.138927030744378754e+01,2.255498927030732739e+04,3.234479214599936259e-01,4.109655124909658563e-02,4.109655124909658563e-02
2.302500000000000213e+00,5.190305028265766651e+01,2.263530305028253861e+04,3.266725677387323223e-01,4.133200172920820092e-02,4.133200172920819399e-02
2.310000000000000053e+00,5.240099674504639182e+01,2.271560099674492812e+04,3.298436129946102913e-01,4.157131167035302971e-02,4.157131167035302277e-02
2.317500000000000338e+00,5.288428897443472465e+01,2.279588428897431368e+04,3.329924011611707924e-01,4.182102629555496665e-02,4.182102629555495277e-02
2.325000000000000178e+00,5.335480231457384548e+01,2.287615480231445326e+04,3.361960135344059242e-01,4.208950981527813384e-02,4.208950981527814078e-02
2.332500000000000018e+00,5.381520776000461836e+01,2.295641520775988465e+04,3.393583555833663001e-01,4.238550858014061840e-02,4.238550858014063227e-02
2.340000000000000302e+00,5.426829825305809862e+01,2.303666829825293462e+04,3.424941691253652887e-01,4.271734128749934967e-02,4.271734128749933579e-02
2.347500000000000142e+00,5.471734303046120829e+01,2.311691734303033809e+04,3.456152859425208890e-01,4.309227645377776417e-02,4.309227645377775029e-02
2.354999999999999982e+00,5.516511042185138791e+01,2.319716511042172715e+04,3.487285691273630528e-01,4.351468322302232128e-02,4.351468322302232128e-02
2.362500000000000266e+00,5.561350406167822058e+01,2.327741350406155470e+04,3.518356110418086602e-01,4.398541293520873141e-02,4.398541293520873141e-02
2.370000000000000107e+00,5.606485327524048046e+01,2.335766485327511691e+04,3.549325022709509669e-01,4.450476212354480959e-02,4.450476212354480265e-02
2.377500000000000391e+00,5.652003085848132002e+01,2.343792003085835677e+04,3.580844276589517650e-01,4.506849458380129958e-02,4.506849458380131346e-02
2.385000000000000231e+00,5.698064809490308136e+01,2.351818064809477801e+04,3.613128151056632098e-01,4.567364532730718713e-02,4.567364532730718019e-02
2.392500000000000071e+00,5.744710773647934587e+01,2.359844710773635234e+04,3.645162127446971434e-01,4.631319152121698979e-02,4.631319152121698285e-02
2.400000000000000355e+00,5.792061645655306279e+01,2.367872061645642680e+04,3.676661917239888999e-01,4.698174098051743214e-02,4.698174098051742520e-02
2.407500000000000195e+00,5.840157700277354991e+01,2.375900157700264390e+04,3.709277867826122344e-01,4.767139642978628078e-02,4.767139642978627384e-02
2.415000000000000036e+00,5.889099135574593191e+01,2.383929099135561773e+04,3.741876890118145949e-01,4.837539989647557381e-02,4.837539989647557381e-02
2.422500000000000320e+00,5.938953702638138310e+01,2.391958953702625149e+04,3.774014631051026969e-01,4.908553859776745854e-02,4.908553859776746547e-02
2.430000000000000160e+00,5.989840973534575141e+01,2.399989840973521495e+04,3.807379749336436414e-01,4.979453850803077647e-02,4.979453850803077647e-02
2.437500000000000000e+00,6.041865614799173301e+01,2.408021865614785929e+04,3.840119564967980348e-01,5.049403953016565194e-02,5.049403953016565194e-02
2.445000000000000284e+00,6.095214782060045167e+01,2.416055214782046824e+04,3.873574467711335956e-01,5.117761256099858519e-02,5.117761256099857825e-02
2.452500000000000124e+00,6.150048718232110190e+01,2.424090048718218895e+04,3.907592717049675479e-01,5.183732492189001978e-02,5.183732492189002672e-02
2.460000000000000409e+00,6.206659281248343518e+01,2.432126659281234970e+04,3.941012076707671175e-01,5.246785433461623877e-02,5.246785433461625264e-02
2.467500000000000249e+00,6.265397093600306277e+01,2.440165397093586944e+04,3.975798240375133519e-01,5.306312390005002433e-02,5.306312390005003127e-02
2.475000000000000089e+00,6.326737373712941093e+01,2.448206737373699434e+04,4.011094870150459513e-01,5.361712935967930665e-02,5.361712935967929278e-02
2.482500000000000373e+00,6.391340981182288061e+01,2.456251340981168687e+04,4.046153181751162009e-01,5.412426993455745489e-02,5.412426993455747570e-02
2.490000000000000213e+00,6.460146159436877156e+01,2.464300146159423093e+04,4.081048167083610179e-01,5.457982177938857510e-02,5.457982177938854734e-02
2.497500000000000053e+00,6.534458559556131263e+01,2.472354458559542400e+04,4.117951290121550367e-01,5.498168700707736778e-02,5.498168700707738860e-02
2.505000000000000338e+00,6.615891965789549545e+01,2.480415891965775882e+04,4.154789234211899163e-01,5.533553462488149943e-02,5.533553462488148555e-02
2.512500000000000178e+00,6.706852737943675891e+01,2.488486852737929803e+04,4.191382523087460732e-01,5.565990390083485478e-02,5.565990390083488254e-02
2.520000000000000018e+00,6.810042675527826361e+01,2.496570042675513832e+04,4.227678875085680299e-01,5.597870105954504127e-02,5.597870105954504127e-02
2.527500000000000302e+00,6.920541750297282135e+01,2.504660541750283301e+04,4.265174543134826468e-01,5.623103773660838300e-02,5.623103773660837607e-02
2.535000000000000142e+00,7.011026812094040395e+01,2.512731026812080017e+04,4.303133502185222947e-01,5.620359010058399718e-02,5.620359010058399024e-02
2.542500000000000426e+00,7.096165944199145770e+01,2.520796165944185122e+04,4.340569944081079656e-01,5.614601918676104253e-02,5.614601918676104947e-02
2.550000000000000266e+00,7.177869464183262949e+01,2.528857869464168834e+04,4.377405075476195617e-01,5.609305269973250546e-02,5.609305269973248464e-02
2.557500000000000107e+00,7.256978041678557645e+01,2.536916978041664333e+04,4.413897640153410795e-01,5.605708196611415561e-02,5.605708196611415561e-02
2.565000000000000391e+00,7.334159358149540253e+01,2.544974159358135148e+04,4.451960341550116884e-01,5.604082374643015729e-02,5.604082374643015729e-02
2.572500000000000231e+00,7.409933850450987336e+01,2.553029933850436646e+04,4.489170464626552892e-01,5.604287738662417501e-02,5.604287738662417501e-02
2.580000000000000071e+00,7.484659063850349980e+01,2.561084659063835716e+04,4.525471595716676898e-01,5.606091580001980323e-02,5.606091580001978242e-02
2.587500000000000355e+00,7.558596702212636842e+01,2.569138596702197901e+04,4.560821480070987866e-01,5.609243618037539764e-02,5.609243618037541845e-02
2.595000000000000195e+00,7.631937955447678235e+01,2.577191937955432877e+04,4.595720805305654744e-01,5.613506034945304340e-02,5.613506034945306422e-02
2.602500000000000036e+00,7.704822278178187389e+01,2.585244822278163338e+04,4.631577303509645804e-01,5.618674953318995163e-02,5.618674953318996551e-02
2.610000000000000320e+00,7.777359530391221654e+01,2.593297359530376343e+04,4.666299506721437451e-01,5.624566558819715789e-02,5.624566558819715095e-02
2.617500000000000160e+00,7.849631556936144250e+01,2.601349631556921304e+04,4.699887207582400528e-01,5.631027327441252145e-02,5.631027327441252145e-02
2.625000000000000000e+00,7.921696466950318438e+01,2.609401696466935391e+04,4.732352395823955504e-01,5.637934648246087366e-02,5.637934648246088060e-02
2.632500000000000284e+00,1.361544001924301639e-01,2.609473615440004141e+04,4.763717398694947702e-01,5.645158451504028729e-02,5.645158451504029423e-02
2.640000000000000124e+00,8.541638673854584640e-01,2.617525416386723373e+04,4.794012981161371867e-01,5.652620266744354249e-02,5.652620266744354249e-02
2.647500000000000409e+00,1.571359724047115103e+00,2.625577135972389442e+04,4.824678974699485035e-01,5.660221986434080255e-02,5.660221986434080949e-02
2.655000000000000249e+00,2.288025939651727292e+00,2.633628802593949877e+04,4.854530361140623751e-01,5.667884539225146595e-02,5.667884539225145207e-02
2.662500000000000089e+00,3.004211817960021680e+00,2.641680421181780548e+04,4.883251282384074021e-01,5.675569646735895840e-02,5.675569646735894452e-02
2.670000000000000373e+00,3.720185412138999226e+00,2.649732018541198340e+04,4.910891362419753658e-01,5.683201269505103181e-02,5.683201269505102488e-02
2.677500000000000213e+00,4.436077861497973451e+00,2.657783607786134235e+04,4.937501971426532799e-01,5.690731704439496580e-02,5.690731704439495886e-02
2.685000000000000053e+00,5.151970234782766944e+00,2.665835197023462752e+04,4.963134926251302481e-01,5.698123707940396659e-02,5.698123707940396659e-02
2.692500000000000338e+00,5.867803876307583266e+00,2.673886780387614999e+04,4.987841404377379995e-01,5.705363741988239701e-02,5.705363741988239007e-02
2.700000000000000178e+00,6.583818786859551686e+00,2.681938381878670407e+04,5.011671058018009051e-01,5.712391132385008508e-02,5.712391132385007120e-02
2.707500000000000018e+00,7.300014912845993464e+00,2.689990001491268777e+04,5.034671310219225315e-01,5.719193145479378043e-02,5.719193145479378043e-02
2.715000000000000302e+00,8.016430173591682973e+00,2.698041643017343449e+04,5.056886812349506988e-01,5.725751095382108219e-02,5.725751095382108219e-02
2.722500000000000142e+00,8.732942492750934704e+00,2.706093294249259270e+04,5.078359041536503193e-01,5.732081096167231105e-02,5.732081096167233186e-02
2.730000000000000426e+00,9.449735039803973891e+00,2.714144973503964502e+04,5.099126017005376488e-01,5.738139008448882999e-02,5.738139008448884387e-02
2.737500000000000266e+00,1.016679871217569975e+01,2.722196679871201559e+04,5.119222115486246061e-01,5.743923699247072828e-02,5.743923699247073522e-02
2.745000000000000107e+00,1.088413816271628853e+01,2.730248413816255561e+04,5.138677967574464267e-01,5.749430572510566551e-02,5.749430572510566551e-02
2.752500000000000391e+00,1.160165819723290426e+01,2.738300165819707036e+04,5.157520418909948834e-01,5.754679198728445549e-02,5.754679198728445549e-02
2.760000000000000231e+00,1.231941863920756575e+01,2.746351941863904358e+04,5.175772542113067365e-01,5.759661501748673113e-02,5.759661501748673806e-02
2.767500000000000071e+00,1.303746821326445726e+01,2.754403746821310051e+04,5.193453687452010969e-01,5.764371345460241741e-02,5.764371345460239660e-02
2.775000000000000355e+00,1.375577584706160827e+01,2.762455577584689672e+04,5.210579562138287768e-01,5.768822376560702597e-02,5.768822376560702597e-02
2.782500000000000195e+00,1.447429926965314628e+01,2.770507429926948680e+04,5.227162329903501936e-01,5.773031864694614518e-02,5.773031864694615212e-02
2.790000000000000036e+00,1.519297487647029321e+01,2.778559297487630465e+04,5.243210724076666773e-01,5.777020576986926365e-02,5.777020576986925671e-02
2.797500000000000320e+00,1.591193377196303160e+01,2.786611193377179734e+04,5.258730168749261580e-01,5.780762108020330581e-02,5.780762108020330581e-02
2.805000000000000160e+00,1.663112696187954498e+01,2.794663112696171083e+04,5.273722903788774508e-01,5.784282452442711386e-02,5.784282452442711386e-02
2.812500000000000444e+00,1.735055598378611919e+01,2.802715055598361869e+04,5.288926377612190866e-01,5.787591795165372699e-02,5.787591795165374087e-02
2.820000000000000284e+00,1.807007231797323499e+01,2.810767007231780372e+04,5.304488826572653082e-01,5.790736152787902269e-02,5.790736152787900881e-02
2.827500000000000124e+00,1.878983096216714799e+01,2.818818983096199736e+04,5.319630653271326670e-01,5.793688565823180980e-02,5.793688565823182368e-02
2.835000000000000409e+00,1.950982174033702421e+01,2.826870982174016535e+04,5.334342520237440599e-01,5.796456487380541311e-02,5.796456487380541311e-02
2.842500000000000249e+00,2.023003531929242627e+01,2.834923003531912036e+04,5.348612733130089225e-01,5.799054627075667101e-02,5.799054627075667101e-02
2.850000000000000089e+00,2.095037373913136847e+01,2.842975037373895975e+04,5.362427324110572435e-01,5.801519620387248638e-02,5.801519620387249332e-02
2.857500000000000373e+00,2.167088822165082007e+01,2.851027088822147925e+04,5.375770129017600762e-01,5.803848579788334350e-02,5.803848579788335738e-02
2.865000000000000213e+00,2.239163635505384775e+01,2.859079163635487930e+04,5.388622858373927071e-01,5.806038466300306872e-02,5.806038466300308259e-02
2.872500000000000053e+00,2.311260131754077918e+01,2.867131260131736781e+04,5.401122324050030565e-01,5.808099294479263791e-02,5.808099294479265179e-02
2.880000000000000338e+00,2.383376101015839410e+01,2.875183376100998430e+04,5.415162004235034576e-01,5.810045527687283939e-02,5.810045527687283939e-02
2.887500000000000178e+00,2.455502955193842496e+01,2.883235502955176344e+04,5.428758561169962915e-01,5.811908764035966096e-02,5.811908764035965402e-02
2.895000000000000018e+00,2.527655128010386676e+01,2.891287655127992912e+04,5.441887565482835809e-01,5.813659899152363170e-02,5.813659899152361782e-02
2.902500000000000302e+00,2.599829546558537530e+01,2.899339829546540932e+04,5.454522829192789413e-01,5.815314781136271538e-02,5.815314781136272926e-02
2.910000000000000142e+00,2.672028677060886537e+01,2.907392028677042981e+04,5.466636431213631742e-01,5.816865520808087858e-02,5.816865520808087858e-02
2.917500000000000426e+00,2.744239583477288846e+01,2.915444239583459421e+04,5.478198738717695582e-01,5.818359342814805740e-02,5.818359342814802965e-02
2.925000000000000266e+00,2.816474127013380269e+01,2.923496474126995599e+04,5.490614494837922077e-01,5.819772021957237557e-02,5.819772021957237557e-02
2.932500000000000107e+00,2.888733798666759611e+01,2.931548733798648755e+04,5.503652039362595394e-01,5.821110032746235757e-02,5.821110032746234370e-02
2.940000000000000391e+00,2.961018843136523770e+01,2.939601018843118436e+04,5.516160118469151108e-01,5.822370156406136282e-02,5.822370156406136282e-02
2.947500000000000231e+00,3.033323775777634168e+01,2.947653323775759418e+04,5.528104957898121175e-01,5.823572066694260307e-02,5.823572066694260307e-02
2.955000000000000071e+00,3.105647287654402078e+01,2.955705647287636384e+04,5.539451170832824234e-01,5.824725754905462488e-02,5.824725754905463876e-02
2.962500000000000355e+00,3.177999562210687046e+01,2.963757999562192344e+04,5.550161751227902229e-01,5.825808003218106018e-02,5.825808003218106018e-02
2.970000000000000195e+00,3.250378549689232699e+01,2.971810378549671077e+04,5.562888993783369207e-01,5.826824384428212072e-02,5.826824384428214848e-02
2.977500000000000036e+00,3.322785190653566900e+01,2.979862785190635259e+04,5.575222542676678827e-01,5.827777390759248527e-02,5.827777390759248527e-02
2.985000000000000320e+00,3.395205194530651482e+01,2.987915205194512237e+04,5.586929032661978045e-01,5.828717489785286560e-02,5.828717489785286560e-02
2.992500000000000160e+00,3.467656454822738255e+01,2.995967656454804091e+04,5.597967872385388732e-01,5.829594140633924393e-02,5.829594140633923699e-02
3.000000000000000444e+00,3.540136789344585111e+01,3.004020136789325989e+04,5.608296819560524282e-01,5.830410304496561058e-02,5.830410304496559670e-02
3.007500000000000284e+00,3.612647086405603147e+01,3.012072647086386860e+04,5.620616836698605345e-01,5.831166491417235503e-02,5.831166491417234810e-02
3.015000000000000124e+00,3.685174370634920393e+01,3.020125174370616151e+04,5.632635918655969354e-01,5.831904942406587744e-02,5.831904942406587744e-02
3.022500000000000409e+00,3.757731271575516985e+01,3.028177731271556695e+04,5.643944784832366501e-01,5.832595338296656801e-02,5.832595338296656801e-02
3.030000000000000249e+00,3.830319749079745861e+01,3.036230319749060800e+04,5.654497642543762082e-01,5.833229664608292203e-02,5.833229664608292203e-02
3.037500000000000089e+00,3.902939006341178185e+01,3.044282939006322340e+04,5.665060097753698010e-01,5.833813917451549647e-02,5.833813917451550340e-02
3.045000000000000373e+00,3.975578006523865326e+01,3.052335578006504875e+04,5.677312255467682478e-01,5.834382333223025324e-02,5.834382333223025324e-02
3.052500000000000213e+00,4.048246642436367893e+01,3.060388246642417289e+04,5.688801315231625244e-01,5.834903552378944980e-02,5.834903552378944980e-02
3.060000000000000053e+00,4.120948608492255261e+01,3.068440948608472900e+04,5.699477818668694518e-01,5.835365393734749662e-02,5.835365393734749662e-02
3.067500000000000338e+00,4.193682130208258485e+01,3.076493682130188972e+04,5.709290462107707853e-01,5.835788118227836635e-02,5.835788118227836635e-02
3.075000000000000178e+00,4.266435954780436646e+01,3.084546435954761182e+04,5.721477417089868567e-01,5.836203511618517914e-02,5.836203511618519302e-02
3.082500000000000462e+00,4.339221869151346311e+01,3.092599221869132089e+04,5.733027823307610404e-01,5.836564542019549023e-02,5.836564542019550411e-02
3.090000000000000302e+00,4.412041310769512137e+01,3.100652041310750064e+04,5.743698129014015441e-01,5.836874569540363017e-02,5.836874569540363017e-02
3.097500000000000142e+00,4.484893795478137690e+01,3.108704893795458702e+04,5.753433036360122710e-01,5.837140628981309087e-02,5.837140628981307700e-02
3.105000000000000426e+00,4.557766051358084525e+01,3.116757766051338331e+04,5.765465089046162284e-01,5.837404880400662993e-02,5.837404880400662993e-02
3.112500000000000266e+00,4.630673484168534770e+01,3.124810673484148720e+04,5.776928236172830244e-01,5.837616154145629233e-02,5.837616154145629233e-02
3.120000000000000107e+00,4.703614414119793707e+01,3.132863614414100084e+04,5.787431830728952953e-01,5.837784082651113066e-02,5.837784082651113066e-02
3.127500000000000391e+00,4.776588312111798729e+01,3.140916588312092063e+04,5.797256579334829629e-01,5.837907744530081156e-02,5.837907744530081156e-02
3.135000000000000231e+00,4.849583594717311286e+01,3.148969583594697542e+04,5.809441446169746337e-01,5.838021917666082194e-02,5.838021917666082194e-02
3.142500000000000071e+00,4.922616280993342031e+01,3.157022616280973307e+04,5.820636274522970055e-01,5.838091202470354485e-02,5.838091202470354485e-02
3.150000000000000355e+00,4.995683655343029272e+01,3.165075683655322791e+04,5.830779102063605723e-01,5.838116884105346710e-02,5.838116884105348098e-02
3.157500000000000195e+00,5.068778426864159314e+01,3.173128778426843928e+04,5.841610856960048892e-01,5.838114002321747459e-02,5.838114002321748153e-02
3.165000000000000480e+00,5.141903997534885207e+01,3.181181903997514746e+04,5.853411909516703648e-01,5.838080553521354799e-02,5.838080553521354105e-02
3.172500000000000320e+00,5.215065800760861237e+01,3.189235065800740631e+04,5.864121106546658080e-01,5.838010183811531695e-02,5.838010183811533083e-02
3.180000000000000160e+00,5.288264286337837206e+01,3.197288264286317644e+04,5.873732385273842116e-01,5.837890061415536291e-02,5.837890061415535597e-02
3.187500000000000444e+00,5.361483201706096224e+01,3.205341483201685696e+04,5.886045903320349382e-01,5.837773607722274855e-02,5.837773607722275548e-02
3.195000000000000284e+00,5.434742909067016825e+01,3.213394742909046545e+04,5.897220214635511271e-01,5.837596882907762630e-02,5.837596882907762630e-02
3.202500000000000124e+00,5.508039831212356319e+01,3.221448039831191636e+04,5.907185910389569639e-01,5.837380516726096286e-02,5.837380516726095592e-02
3.210000000000000409e+00,5.581361585595232100e+01,3.229501361585574705e+04,5.918754321110011318e-01,5.837163273407364183e-02,5.837163273407364183e-02
3.217500000000000249e+00,5.654720567870681691e+01,3.237554720567850018e+04,5.930281790367148975e-01,5.836896139265588396e-02,5.836896139265588396e-02
3.225000000000000089e+00,5.728118137718708169e+01,3.245608118137697966e+04,5.940542545648340722e-01,5.836579835781945114e-02,5.836579835781945114e-02
3.232500000000000373e+00,5.801545503457617770e+01,3.253661545503436719e+04,5.951687145306513438e-01,5.836260564907326531e-02,5.836260564907325143e-02
3.240000000000000213e+00,5.875005987441155497e+01,3.261715005987420227e+04,5.963443534356712705e-01,5.835906572476723397e-02,5.835906572476722703e-02
3.247500000000000053e+00,5.948506689076523912e+01,3.269768506689055357e+04,5.973866642127376725e-01,5.835503176673029896e-02,5.835503176673029896e-02
3.255000000000000338e+00,6.022042062999420153e+01,3.277822042062978289e+04,5.984931456272911676e-01,5.835074911521926505e-02,5.835074911521926505e-02
3.262500000000000178e+00,6.095606790614246506e+01,3.285875606790593156e+04,5.996778633511850032e-01,5.834637368261134938e-02,5.834637368261134938e-02
3.270000000000000462e+00,6.169213337043510847e+01,3.293929213337023248e+04,6.007217179309863875e-01,5.834152372608586434e-02,5.834152372608586434e-02
3.277500000000000302e+00,6.242858037895857848e+01,3.301982858037875849e+04,6.018513170981142357e-01,5.833626173059093534e-02,5.833626173059093534e-02
3.285000000000000142e+00,6.316530559782058418e+01,3.310036530559762468e+04,6.030297562507891396e-01,5.833102226048478972e-02,5.833102226048481054e-02
3.292500000000000426e+00,6.390246199276273131e+01,3.318090246199256944e+04,6.040588977169197848e-01,5.832535544121444926e-02,5.832535544121444926e-02
3.300000000000000266e+00,6.464001284973936379e+01,3.326144001284954720e+04,6.052397712094832460e-01,5.831924742340466317e-02,5.831924742340464929e-02
3.307500000000000107e+00,6.537785207404932919e+01,3.334197785207386187e+04,6.063948900408961951e-01,5.831315414491899940e-02,5.831315414491899940e-02
3.315000000000000391e+00,6.611613899532486016e+01,3.342251613899513904e+04,6.073913678602735899e-01,5.830661751478877913e-02,5.830661751478875138e-02
3.322500000000000231e+00,6.685480199523392741e+01,3.350305480199505109e+04,6.086489949926875420e-01,5.829981472814032423e-02,5.829981472814034504e-02
3.330000000000000071e+00,6.759379556837893688e+01,3.358359379556819476e+04,6.097619493080159714e-01,5.829287826278389817e-02,5.829287826278388429e-02
3.337500000000000355e+00,6.833324279528716261e+01,3.366413324279510562e+04,6.108421842068793017e-01,5.828551926658710747e-02,5.828551926658709359e-02
3.345000000000000195e+00,6.907303309250158918e+01,3.374467303309232375e+04,6.120633695696875431e-01,5.827812990822693606e-02,5.827812990822695688e-02
3.352500000000000480e+00,6.981322302850711026e+01,3.382521322302833141e+04,6.131134196314905749e-01,5.827032845693520813e-02,5.827032845693520813e-02
3.360000000000000320e+00,7.055385743922322206e+01,3.390575385743905645e+04,6.143137492266926847e-01,5.826225722795858736e-02,5.826225722795858736e-02
3.367500000000000160e+00,7.129481122086488654e+01,3.398629481122069410e+04,6.154610782868535912e-01,5.825422674368535558e-02,5.825422674368534864e-02
3.375000000000000444e+00,7.203621215206622708e+01,3.406683621215190215e+04,6.165284207316820142e-01,5.824576222697474409e-02,5.824576222697473715e-02
3.382500000000000284e+00,7.277807416585686440e+01,3.414737807416569558e+04,6.177643583252011572e-01,5.823698463676198894e-02,5.823698463676198894e-02
3.390000000000000124e+00,7.352021410296133297e+01,3.422792021410279995e+04,6.188139066833199253e-01,5.822845690740892366e-02,5.822845690740890978e-02
3.397500000000000409e+00,7.426285644101237438e+01,3.430846285644085583e+04,6.200359203229937055e-01,5.821941019860023270e-02,5.821941019860024658e-02
3.405000000000000249e+00,7.500589512698113026e+01,3.438900589512682927e+04,6.211611918596460225e-01,5.821029042309366908e-02,5.821029042309364826e-02
3.412500000000000089e+00,7.574931807636100700e+01,3.446954931807621324e+04,6.222857985560310556e-01,5.820120785595800372e-02,5.820120785595800372e-02
3.420000000000000373e+00,7.649324288728371357e+01,3.455009324288713833e+04,6.234771345934120301e-01,5.819161868238590524e-02,5.819161868238588442e-02
3.427500000000000213e+00,7.723747273823599357e+01,3.463063747273808985e+04,6.245213842345753719e-01,5.818245039869278379e-02,5.818245039869278379e-02
3.435000000000000497e+00,7.798220033934191520e+01,3.471118220033920079e+04,6.257687023608055066e-01,5.817292645802870504e-02,5.817292645802869810e-02
3.442500000000000338e+00,7.872734324112884963e+01,3.479172734324099292e+04,6.268060450745449597e-01,5.816339855041461476e-02,5.816339855041461476e-02
3.450000000000000178e+00,7.947288130832447450e+01,3.487227288130819215e+04,6.280400147589841886e-01,5.815400855839431699e-02,5.815400855839431005e-02
3.457500000000000462e+00,4.189127116115902161e-01,3.487301891271147906e+04,6.291165704625382160e-01,5.814449364300444678e-02,5.814449364300446066e-02
3.465000000000000302e+00,1.165276911343686939e+00,3.495356527691121300e+04,6.302923468614974878e-01,5.813525150645691697e-02,5.813525150645691697e-02
3.472500000000000142e+00,1.912130619749087934e+00,3.503411213061962189e+04,6.313962414713168991e-01,5.812610671666057494e-02,5.812610671666057494e-02
3.480000000000000426e+00,2.659388757209793841e+00,3.511465938875708525e+04,6.325242368529292447e-01,5.811709571032807470e-02,5.811709571032806082e-02
3.487500000000000266e+00,3.407076081162593084e+00,3.519520707608103839e+04,6.336430464496322079e-01,5.810834383666181602e-02,5.810834383666181602e-02
3.495000000000000107e+00,4.155230183496616547e+00,3.527575523018337844e+04,6.347317164434419512e-01,5.809975811399247653e-02,5.809975811399247653e-02
3.502500000000000391e+00,4.903739491580107135e+00,3.535630373949146451e+04,6.358525667384329338e-01,5.809164814135749783e-02,5.809164814135751170e-02
3.510000000000000231e+00,5.652761016394259208e+00,3.543685276101628551e+04,6.369086415683175018e-01,5.808369547167447494e-02,5.808369547167446800e-02
3.517500000000000071e+00,6.402098353673866704e+00,3.551740209835356654e+04,6.380183500465850255e-01,5.807649965229958605e-02,5.807649965229957911e-02
3.525000000000000355e+00,7.151949289536360332e+00,3.559795194928943238e+04,6.390470756469512903e-01,5.806939737002367319e-02,5.806939737002368013e-02
3.532500000000000195e+00,7.902148887309630609e+00,3.567850214888720802e+04,6.401323097466307122e-01,5.806315525294317159e-02,5.806315525294316465e-02
3.540000000000000480e+00,8.652818074159297268e+00,3.575905281807405845e+04,6.411376747720010094e-01,5.805715948606074428e-02,5.805715948606074428e-02
3.547500000000000320e+00,9.403872581115441776e+00,3.583960387258102128e+04,6.421851053969791501e-01,5.805199224365314992e-02,5.805199224365316379e-02
3.555000000000000160e+00,1.015533951440201044e+01,3.592015533951430552e+04,6.431700383434419965e-01,5.804741888878823391e-02,5.804741888878821310e-02
3.562500000000000444e+00,1.090723751767953331e+01,3.600070723751758487e+04,6.441664779135736207e-01,5.804342979188326090e-02,5.804342979188324009e-02
3.570000000000000284e+00,1.165949193004169437e+01,3.608125949192995176e+04,6.451330093359020079e-01,5.804042331759828866e-02,5.804042331759828866e-02
3.577500000000000124e+00,1.241220446954813283e+01,3.616181220446946099e+04,6.460655327481736876e-01,5.803787603095555969e-02,5.803787603095554581e-02
3.585000000000000409e+00,1.316523248501949794e+01,3.624236523248493904e+04,6.470149264063506100e-01,5.803656949191313141e-02,5.803656949191314529e-02
3.592500000000000249e+00,1.391872606927285183e+01,3.632291872606919060e+04,6.478709790417995773e-01,5.803574156533800738e-02,5.803574156533800738e-02
3.600000000000000089e+00,1.467251222618910766e+01,3.640347251222611521e+04,6.488038406860490159e-01,5.803622977838945179e-02,5.803622977838947261e-02
3.607500000000000373e+00,1.542675109810208767e+01,3.648402675109802658e+04,6.495713394775928240e-01,5.803736593520412990e-02,5.803736593520411602e-02
3.615000000000000213e+00,1.618127466269437420e+01,3.656458127466262522e+04,6.504877129301041006e-01,5.803975322453423097e-02,5.803975322453424485e-02
3.622500000000000497e+00,1.693622889186981695e+01,3.664513622889180260e+04,6.511930130389460558e-01,5.804297293574337685e-02,5.804297293574338379e-02
3.630000000000000338e+00,1.769145515972299165e+01,3.672569145515965647e+04,6.520546038623925567e-01,5.804746200156866293e-02,5.804746200156866293e-02
3.637500000000000178e+00,1.844708666620308435e+01,3.680624708666613878e+04,6.527466005657038828e-01,5.805290466121356546e-02,5.805290466121355158e-02
3.645000000000000462e+00,1.920298119606912124e+01,3.688680298119600775e+04,6.534928649494347042e-01,5.805964119032622911e-02,5.805964119032623605e-02
3.652500000000000302e+00,1.995924867656913548e+01,3.696735924867651192e+04,6.541702219221098291e-01,5.806742306258944747e-02,5.806742306258946135e-02
3.660000000000000142e+00,2.071578185864770560e+01,3.704791578185859544e+04,6.547913309262547443e-01,5.807644375272739273e-02,5.807644375272739967e-02
3.667500000000000426e+00,2.147263115507054110e+01,3.712847263115501846e+04,6.554524749233684444e-01,5.808675012716106589e-02,5.808675012716108671e-02
3.675000000000000266e+00,2.222976196727057641e+01,3.720902976196722011e+04,6.559395107233718658e-01,5.809813280163226429e-02,5.809813280163226429e-02
3.682500000000000107e+00,2.298714423631377812e+01,3.728958714423626952e+04,6.565827226123106541e-01,5.811104412172277828e-02,5.811104412172277828e-02
3.690000000000000391e+00,2.374482540328461866e+01,3.737014482540324389e+04,6.570308160895473870e-01,5.812485757034357298e-02,5.812485757034355216e-02
3.697500000000000231e+00,2.450269606068206940e+01,3.745070269606064539e+04,6.575512745053815333e-01,5.814035322932704225e-02,5.814035322932703531e-02
3.705000000000000515e+00,2.526086845244114798e+01,3.753126086845240206e+04,6.579808942704088448e-01,5.815671467000318312e-02,5.815671467000320394e-02
3.712500000000000355e+00,2.601916994416343343e+01,3.761181916994413041e+04,6.583495498126110679e-01,5.817481333534117727e-02,5.817481333534119115e-02
3.720000000000000195e+00,2.677777308180382931e+01,3.769237777308177465e+04,6.587586300368682979e-01,5.819374023339472790e-02,5.819374023339470708e-02
3.727500000000000480e+00,2.753644378909263324e+01,3.777293644378906174e+04,6.589773820970207252e-01,5.821446046387995787e-02,5.821446046387995787e-02
3.735000000000000320e+00,2.829536969743085706e+01,3.785349536969740439e+04,6.593568210046717448e-01,5.823607978304447264e-02,5.823607978304447264e-02
3.742500000000000160e+00,2.905440264980983756e+01,3.793405440264978824e+04,6.595532848476816090e-01,5.825922005454987895e-02,5.825922005454989283e-02
3.750000000000000444e+00,2.981359561103451483e+01,3.801461359561101563e+04,6.597696820066603074e-01,5.828345413660434432e-02,5.828345413660434432e-02
3.757500000000000284e+00,3.057293220469381012e+01,3.809517293220468127e+04,6.599418628613094029e-01,5.830888006655991079e-02,5.830888006655991079e-02
3.765000000000000124e+00,3.133231568397680888e+01,3.817573231568396295e+04,6.599929101390108466e-01,5.833573330989317435e-02,5.833573330989317435e-02
3.772500000000000409e+00,3.209186870247612688e+01,3.825629186870246485e+04,6.601390577081364119e-01,5.836339518496634626e-02,5.836339518496633239e-02
3.780000000000000249e+00,3.285138157802495584e+01,3.833685138157801703e+04,6.600954572254065233e-01,5.839275149092961609e-02,5.839275149092961609e-02
3.787500000000000089e+00,3.361102652241748956e+01,3.841741102652241534e+04,6.601423506406686181e-01,5.842272598129867600e-02,5.842272598129868294e-02
3.795000000000000373e+00,3.437067858681916022e+01,3.849797067858681839e+04,6.600703252744712923e-01,5.845409221568877850e-02,5.845409221568879932e-02
3.802500000000000213e+00,3.513033665448207188e+01,3.857853033665448311e+04,6.599507472618418857e-01,5.848635406850314494e-02,5.848635406850313107e-02
3.810000000000000497e+00,3.589004896626033769e+01,3.865909004896626720e+04,6.598488643547808508e-01,5.851951568947080795e-02,5.851951568947080795e-02
3.817500000000000338e+00,3.664963503795314637e+01,3.873964963503796025e+04,6.595647317211639216e-01,5.855396994648771891e-02,5.855396994648771197e-02
3.825000000000000178e+00,3.740925553324011332e+01,3.882020925553324923e+04,6.594318255078445157e-01,5.858897363261977853e-02,5.858897363261977853e-02
3.832500000000000462e+00,3.816880154359025568e+01,3.890076880154360697e+04,6.591048405517521136e-01,5.862500811213887386e-02,5.862500811213887386e-02
3.840000000000000302e+00,3.892825591300032784e+01,3.898132825591301662e+04,6.588213455239446681e-01,5.866169823717449355e-02,5.866169823717447968e-02
3.847500000000000142e+00,3.968765502524714606e+01,3.906188765502526803e+04,6.584603810892799558e-01,5.869915270391692919e-02,5.869915270391692919e-02
3.855000000000000426e+00,4.044686824346798204e+01,3.914244686824348901e+04,6.580208388450057289e-01,5.873741345625922705e-02,5.873741345625922705e-02
3.862500000000000266e+00,4.120599463048540656e+01,3.922300599463051185e+04,6.576248851723784927e-01,5.877610274133576729e-02,5.877610274133579504e-02
3.870000000000000107e+00,4.196498231233617560e+01,3.930356498231236037e+04,6.570348709198485793e-01,5.881536439026751467e-02,5.881536439026752855e-02
3.877500000000000391e+00,4.272375261252491185e+01,3.938412375261255511e+04,6.566030557420352576e-01,5.885508698542664396e-02,5.885508698542665090e-02
3.885000000000000231e+00,4.348237038128564080e+01,3.946468237038132065e+04,6.559677015813428769e-01,5.889529036382395305e-02,5.889529036382395305e-02
3.892500000000000515e+00,4.424075845515022110e+01,3.954524075845518382e+04,6.554005492824629409e-01,5.893575464536570524e-02,5.893575464536572606e-02
3.900000000000000355e+00,4.499892427214933122e+01,3.962579892427218874e+04,6.547251031968128743e-01,5.897650651471047362e-02,5.897650651471047362e-02
3.907500000000000195e+00,4.575689744377736901e+01,3.970635689744381671e+04,6.540238163007549010e-01,5.901734346446182999e-02,5.901734346446183693e-02
3.915000000000000480e+00,4.651451968527414493e+01,3.978691451968532056e+04,6.533070731208874271e-01,5.905844048124685858e-02,5.905844048124685858e-02
3.922500000000000320e+00,4.727190493234814994e+01,3.986747190493239759e+04,6.524799360949202764e-01,5.909966762441559718e-02,5.909966762441558330e-02
3.930000000000000160e+00,4.802902012469692750e+01,3.994802902012474806e+04,6.517205903760621144e-01,5.914061520179373505e-02,5.914061520179372117e-02
3.937500000000000444e+00,4.878577525776658774e+01,4.002858577525782312e+04,6.507764490951442049e-01,5.918168576247768986e-02,5.918168576247767598e-02
3.945000000000000284e+00,4.954225623167524617e+01,4.010914225623173115e+04,6.499730172587507848e-01,5.922246101784921918e-02,5.922246101784921224e-02
3.952500000000000124e+00,5.029833782551012433e+01,4.018969833782556816e+04,6.489453303456199640e-01,5.926308439124358673e-02,5.926308439124358673e-02
3.960000000000000409e+00,5.105408003802953232e+01,4.027025408003809571e+04,6.480719286752751884e-01,5.930344796768047266e-02,5.930344796768049348e-02
3.967500000000000249e+00,5.180948426156264475e+01,4.035080948426162649e+04,6.469926251855766530e-01,5.934328964924558830e-02,5.934328964924558830e-02
3.975000000000000533e+00,5.256442760264608438e+01,4.043136442760271166e+04,6.460249454681750159e-01,5.938284981772888604e-02,5.938284981772887910e-02
3.982500000000000373e+00,5.331901025237115732e+01,4.051191901025244442e+04,6.448913399394031742e-01,5.942194537689025197e-02,5.942194537689025197e-02
3.990000000000000213e+00,5.407315985955650461e+01,4.059247315985963360e+04,6.438395736464496144e-01,5.946035338426081812e-02,5.946035338426081812e-02
3.997500000000000497e+00,5.482686525869574723e+01,4.067302686525876925e+04,6.426485186936690130e-01,5.949830728154171383e-02,5.949830728154171383e-02
4.004999999999999893e+00,5.558018301019927776e+01,4.075358018301027914e+04,6.415230510138113518e-01,5.953535855982279579e-02,5.953535855982280273e-02
4.012500000000000178e+00,5.633294666117073746e+01,4.083413294666125148e+04,6.402708598381356975e-01,5.957193960077244305e-02,5.957193960077242917e-02
4.020000000000000462e+00,5.708530042001520144e+01,4.091468530042010389e+04,6.390822023287526799e-01,5.960766132849544541e-02,5.960766132849544541e-02
4.027500000000000746e+00,5.783714225603144143e+01,4.099523714225611911e+04,6.377645752726249784e-01,5.964256876072906305e-02,5.964256876072906305e-02
4.035000000000000142e+00,5.858849852907207634e+01,4.107578849852916028e+04,6.365233038567530421e-01,5.967655392405993298e-02,5.967655392405993298e-02
4.042500000000000426e+00,5.933937780769264236e+01,4.115633937780778797e+04,6.351352609831203422e-01,5.970961982643872151e-02,5.970961982643872845e-02
4.050000000000000711e+00,6.008968248042658189e+01,4.123688968248052697e+04,6.338519580177547352e-01,5.974174333123053598e-02,5.974174333123053598e-02
4.057500000000000107e+00,6.083951606096307074e+01,4.131743951606106566e+04,6.323877800182889919e-01,5.977288006685866489e-02,5.977288006685865795e-02
4.065000000000000391e+00,6.158875236723456226e+01,4.139798875236733875e+04,6.310729788211164593e-01,5.980305684949926981e-02,5.980305684949926287e-02
4.072500000000000675e+00,6.233748779775564941e+01,4.147853748779786110e+04,6.295273933816668555e-01,5.983204043358860552e-02,5.983204043358858470e-02
4.080000000000000071e+00,6.308565183051370440e+01,4.155908565183062456e+04,6.281902889428223613e-01,5.986005292589438587e-02,5.986005292589437199e-02
4.087500000000000355e+00,6.383326043701502073e+01,4.163963326043712732e+04,6.266305179861009211e-01,5.988674636293465220e-02,5.988674636293463138e-02
4.095000000000000639e+00,6.458031779996957766e+01,4.172018031780008459e+04,6.252068296546641202e-01,5.991243938924410706e-02,5.991243938924407236e-02
4.102500000000000036e+00,6.532675592421796296e+01,4.180072675592433370e+04,6.236433058246498851e-01,5.993691429674130600e-02,5.993691429674131294e-02
4.110000000000000320e+00,6.607268673552697180e+01,4.188127268673564686e+04,6.221244853657578178e-01,5.996004328653882498e-02,5.996004328653882498e-02
4.117500000000000604e+00,6.681791948818671756e+01,4.196181791948831233e+04,6.205674523843344170e-01,5.998232596719169779e-02,5.998232596719167697e-02
4.125000000000000000e+00,6.756267633929755334e+01,4.204236267633942771e+04,6.189440252632470996e-01,6.000288600589619159e-02,6.000288600589619159e-02
4.132500000000000284e+00,6.830671628296740039e+01,4.212290671628309792e+04,6.174034703955566528e-01,6.002275193399573411e-02,6.002275193399575492e-02
4.140000000000000568e+00,6.905026274077428639e+01,4.220345026274090924e+04,6.156650653912291160e-01,6.004081944910955732e-02,6.004081944910955732e-02
4.147499999999999964e+00,6.979310839978759873e+01,4.228399310839992540e+04,6.141506430193472976e-01,6.005811950287108514e-02,6.005811950287106432e-02
4.155000000000000249e+00,7.053542825713087439e+01,4.236453542825726618e+04,6.124383470555838649e-01,6.007373605847635134e-02,6.007373605847635134e-02
4.162500000000000533e+00,7.127705976961169654e+01,4.244507705976975558e+04,6.108070014251849589e-01,6.008844656493952247e-02,6.008844656493953634e-02
4.169999999999999929e+00,7.201815883053254197e+01,4.252561815883067902e+04,6.091380926369486248e-01,6.010149390872911168e-02,6.010149390872912556e-02
4.177500000000000213e+00,7.275855018569268395e+01,4.260615855018584261e+04,6.073693328202438568e-01,6.011371750063176922e-02,6.011371750063177616e-02
4.185000000000000497e+00,7.349842696281534415e+01,4.268669842696296837e+04,6.057528675158218023e-01,6.012419722840303682e-02,6.012419722840303682e-02
4.192500000000000782e+00,7.423757994294109608e+01,4.276723757994309562e+04,6.039505402921222510e-01,6.013383676835256514e-02,6.013383676835256514e-02
4.200000000000000178e+00,7.497621975972838015e+01,4.284777621975988586e+04,6.022776302975944018e-01,6.014188020473013041e-02,6.014188020473018592e-02
4.207500000000000462e+00,7.571412564911862830e+01,4.292831412564927450e+04,6.005451472957666903e-01,6.014902085865361792e-02,6.014902085865363179e-02
4.215000000000000746e+00,7.645151415919893623e+01,4.300885151415935979e+04,5.987061109430462658e-01,6.015459829997540919e-02,6.015459829997542307e-02
4.222500000000000142e+00,7.718819408642288238e+01,4.308938819408659037e+04,5.970514916756048951e-01,6.015929953207146963e-02,6.015929953207146269e-02
4.230000000000000426e+00,7.792432610898971745e+01,4.316992432610915421e+04,5.952246750324582392e-01,6.016252085173481867e-02,6.016252085173482561e-02
4.237500000000000711e+00,7.865981323540466974e+01,4.325045981323557498e+04,5.934612881759390168e-01,6.016466030517592795e-02,6.016466030517592795e-02
4.245000000000000107e+00,7.939468726259934783e+01,4.333099468726276973e+04,5.917295539499894952e-01,6.016562706209226119e-02,6.016562706209226119e-02
4.252500000000000391e+00,3.289988179122698697e-01,4.333172899881808553e+04,5.898308267156007201e-01,6.016531447859242016e-02,6.016531447859242016e-02
4.260000000000000675e+00,1.062615491733501782e+00,4.341226261549191258e+04,5.881348593634045940e-01,6.016407946959573261e-02,6.016407946959573261e-02
4.267500000000000071e+00,1.795703353776533451e+00,4.349279570335395692e+04,5.863485133711322517e-01,6.016154279386800446e-02,6.016154279386800446e-02
4.275000000000000355e+00,2.528126871262030839e+00,4.357332812687144906e+04,5.844293046777087053e-01,6.015808194045151741e-02,6.015808194045150353e-02
4.282500000000000639e+00,3.259977081670791144e+00,4.365385997708186187e+04,5.827604737518101707e-01,6.015353067427624961e-02,6.015353067427624961e-02
4.290000000000000036e+00,3.991303260780823869e+00,4.373439130326097074e+04,5.809426783438589315e-01,6.014756149569378679e-02,6.014756149569378679e-02
4.297500000000000320e+00,4.721901575918276528e+00,4.381492190157611185e+04,5.790534761749761561e-01,6.014120188377154036e-02,6.014120188377155424e-02
4.305000000000000604e+00,5.452005096749091173e+00,4.389545200509694405e+04,5.773687554446523817e-01,6.013342360655862806e-02,6.013342360655860031e-02
4.312500000000000000e+00,6.181516737245576820e+00,4.397598151673744724e+04,5.755431325956150701e-01,6.012479614923457727e-02,6.012479614923457727e-02
4.320000000000000284e+00,6.910412705309314951e+00,4.405651041270550922e+04,5.736645230869906742e-01,6.011529156719069150e-02,6.011529156719069150e-02
4.327500000000000568e+00,7.638798367658258925e+00,4.413703879836786655e+04,5.719864495429293205e-01,6.010465659685400308e-02,6.010465659685401696e-02
4.334999999999999964e+00,8.366571761379356431e+00,4.421756657176158478e+04,5.701766307065090356e-01,6.009341036030237115e-02,6.009341036030235728e-02
4.342500000000000249e+00,9.093780073869234926e+00,4.429809378007407940e+04,5.682848614102048446e-01,6.008117666333803036e-02,6.008117666333802342e-02
4.350000000000000533e+00,9.820479457098400644e+00,4.437862047945731319e+04,5.666354382608649320e-01,6.006806469914092311e-02,6.006806469914093699e-02
4.357499999999999929e+00,1.054660764649718097e+01,4.445914660764671135e+04,5.648644216190507050e-01,6.005418580123800254e-02,6.005418580123798866e-02
4.365000000000000213e+00,1.127215887169390562e+01,4.453967215887191560e+04,5.629689098983747808e-01,6.003963227695346266e-02,6.003963227695346266e-02
4.372500000000000497e+00,1.199721488547635140e+01,4.462019721488570212e+04,5.613318232959728649e-01,6.002431066740640531e-02,6.002431066740641918e-02
4.380000000000000782e+00,1.272178037943481499e+01,4.470072178037965932e+04,5.596212261834945245e-01,6.000802321813916707e-02,6.000802321813916707e-02
4.387500000000000178e+00,1.344571220781736010e+01,4.478124571220804501e+04,5.577977826010571683e-01,5.999148143712509235e-02,5.999148143712510622e-02
4.395000000000000462e+00,1.416919519502983427e+01,4.486176919519525836e+04,5.560852729234527780e-01,5.997407716082221035e-02,5.997407716082218260e-02
4.402500000000000746e+00,1.489220824994161596e+01,4.494229220825017546e+04,5.544545777982348156e-01,5.995585136622066241e-02,5.995585136622064854e-02
4.410000000000000142e+00,1.561464589967370742e+01,4.502281464589991083e+04,5.527231538316870196e-01,5.993740804540748784e-02,5.993740804540750172e-02
4.417500000000000426e+00,1.633658850100424687e+01,4.510333658850124630e+04,5.508987945231771377e-01,5.991835219560809334e-02,5.991835219560810721e-02
4.425000000000000711e+00,1.705809372257641598e+01,4.518385809372281801e+04,5.493646793741878698e-01,5.989849707275003710e-02,5.989849707275005097e-02
4.432500000000000107e+00,1.777914314644436544e+01,4.526437914314668888e+04,5.477420693603500812e-01,5.987817875891048719e-02,5.987817875891048719e-02
4.440000000000000391e+00,1.849963340685184932e+01,4.534489963340709801e+04,5.460301420489381830e-01,5.985766603646833911e-02,5.985766603646833911e-02
4.447500000000000675e+00,1.921967855038700179e+01,4.542541967855063558e+04,5.443448513231211594e-01,5.983656542161515379e-02,5.983656542161515379e-02
4.455000000000000071e+00,1.993929336447149225e+01,4.550593929336472502e+04,5.428441932727948727e-01,5.981505079170065103e-02,5.981505079170063716e-02
4.462500000000000355e+00,2.065848518170754389e+01,4.558645848518196726e+04,5.412667383319116343e-01,5.979305513829256957e-02,5.979305513829256957e-02
4.470000000000000639e+00,2.137719863035048817e+01,4.566697719863060775e+04,5.396123062524356140e-01,5.977074467834810056e-02,5.977074467834810056e-02
4.477500000000000036e+00,2.209543885614459668e+01,4.574749543885640742e+04,5.380130623921290933e-01,5.974823949531653938e-02,5.974823949531653938e-02
4.485000000000000320e+00,2.281329282575113027e+01,4.582801329282602092e+04,5.365786565487502546e-01,5.972536062183322891e-02,5.972536062183321504e-02
4.492500000000000604e+00,2.353074032723358044e+01,4.590853074032750010e+04,5.350795383957849261e-01,5.970213191986981083e-02,5.970213191986981083e-02
4.500000000000000000e+00,2.424780300976355818e+01,4.598904780301003484e+04,5.335160414308079968e-01,5.967853541123303851e-02,5.967853541123303851e-02
4.507500000000000284e+00,2.496438710005218908e+01,4.606956438710032671e+04,5.319408593872635427e-01,5.965504226858495129e-02,5.965504226858495129e-02
4.515000000000000568e+00,2.568057285508178111e+01,4.615008057285536051e+04,5.306004548340237381e-01,5.963131484273203470e-02,5.963131484273203470e-02
4.522499999999999964e+00,2.639640900481503039e+01,4.623059640900509839e+04,5.292071985074817686e-01,5.960724176253563017e-02,5.960724176253563017e-02
4.530000000000000249e+00,2.711187593739347435e+01,4.631111187593767681e+04,5.277617800581523300e-01,5.958296312236442682e-02,5.958296312236441294e-02
4.537500000000000533e+00,2.782698415857046470e+01,4.639162698415885825e+04,5.262650230675947061e-01,5.955859658627177255e-02,5.955859658627180031e-02
4.544999999999999929e+00,2.854172277595324303e+01,4.647214172277624311e+04,5.249189480734923752e-01,5.953414360685366225e-02,5.953414360685366225e-02
4.552500000000000213e+00,2.925602217219132939e+01,4.655265602217248670e+04,5.236522797810453378e-01,5.950983505466562323e-02,5.950983505466562323e-02
4.560000000000000497e+00,2.997000570401376152e+01,4.663317000570431264e+04,5.223447690351475936e-01,5.948533806467072582e-02,5.948533806467071194e-02
4.567500000000000782e+00,3.068366914526085765e+01,4.671368366914556100e+04,5.209974095856055865e-01,5.946079719825086984e-02,5.946079719825086984e-02
4.575000000000000178e+00,3.139700820870741182e+01,4.679419700820901198e+04,5.196112999769196827e-01,5.943619023363473641e-02,5.943619023363472254e-02
4.582500000000000462e+00,3.211003354863623116e+01,4.687471003354893764e+04,5.183959001723316140e-01,5.941152198860285422e-02,5.941152198860284728e-02
4.590000000000000746e+00,3.282275230216274053e+01,4.695522275230247033e+04,5.172385484723734939e-01,5.938681217100660187e-02,5.938681217100660187e-02
4.597500000000000142e+00,3.353510217994503506e+01,4.703573510218025331e+04,5.160514639492854716e-01,5.936233386481513247e-02,5.936233386481514634e-02
4.605000000000000426e+00,3.424712930596575688e+01,4.711624712930627720e+04,5.148357530090391654e-01,5.933802831737117200e-02,5.933802831737115813e-02
4.612500000000000711e+00,3.495888115350599179e+01,4.719675888115382259e+04,5.135925905181200068e-01,5.931372567821166508e-02,5.931372567821166508e-02
4.620000000000000107e+00,3.567036080795067932e+01,4.727727036080826656e+04,5.124003997627579743e-01,5.928944337990016411e-02,5.928944337990017105e-02
4.627500000000000391e+00,3.638156379677445784e+01,4.735778156379709253e+04,5.113771353905358641e-01,5.926523832989423479e-02,5.926523832989422785e-02
4.635000000000000675e+00,3.709249438351065464e+01,4.743829249438383704e+04,5.103337632767401821e-01,5.924116446742869191e-02,5.924116446742867803e-02
4.642500000000000071e+00,3.780316788486513246e+01,4.751880316788519121e+04,5.092713539742896867e-01,5.921723663547330541e-02,5.921723663547330541e-02
4.650000000000000355e+00,3.851358731588970841e+01,4.759931358731621731e+04,5.081910139791969705e-01,5.919343364304903432e-02,5.919343364304904820e-02
4.657500000000000639e+00,3.922370721386100456e+01,4.767982370721419284e+04,5.070938833138320945e-01,5.916992472982339490e-02,5.916992472982339490e-02
4.665000000000000036e+00,3.993356297357675544e+01,4.776033356297391583e+04,5.060402773500000118e-01,5.914663145442896480e-02,5.914663145442895786e-02
4.672500000000000320e+00,4.064319332957855124e+01,4.784084319332991436e+04,5.051526604234820583e-01,5.912347597952384570e-02,5.912347597952385958e-02
4.680000000000000604e+00,4.135260207985459857e+01,4.792135260208019463e+04,5.042537419978321278e-01,5.910051244170381329e-02,5.910051244170380635e-02
4.687500000000000000e+00,4.206179202606711698e+01,4.800186179202641506e+04,5.033444763139762745e-01,5.907778364553944311e-02,5.907778364553944311e-02
4.695000000000000284e+00,4.277076525329104584e+01,4.808237076525363955e+04,5.024258271301460521e-01,5.905527569349314915e-02,5.905527569349314221e-02
4.702500000000000568e+00,4.347952456203224614e+01,4.816287952456238418e+04,5.014987651422089243e-01,5.903300193179777944e-02,5.903300193179777944e-02
4.709999999999999964e+00,4.418808161524012945e+01,4.824338808161559427e+04,5.005642652494595168e-01,5.901095356850515755e-02,5.901095356850516449e-02
4.717500000000000249e+00,4.489644338643170585e+01,4.832389644338678772e+04,4.997015791591241651e-01,5.898914070227340850e-02,5.898914070227339462e-02
4.725000000000000533e+00,4.560461307354023575e+01,4.840440461307390069e+04,4.989618948308576774e-01,5.896759176995350349e-02,5.896759176995351043e-02
4.732500000000000817e+00,4.631259123991166149e+01,4.848491259124027420e+04,4.982183563762588308e-01,5.894634368496486782e-02,5.894634368496488169e-02
4.740000000000000213e+00,4.702033688747592777e+01,4.856542033688784431e+04,4.974717205533148445e-01,5.892553621649341405e-02,5.892553621649340712e-02
4.747500000000000497e+00,4.772791400414138963e+01,4.864592791400451097e+04,4.967227354268581307e-01,5.890499296637101423e-02,5.890499296637103505e-02
4.755000000000000782e+00,4.843532828011049673e+01,4.872643532828048046e+04,4.959721385364194157e-01,5.888471611620939988e-02,5.888471611620940682e-02
4.762500000000000178e+00,4.914258506782862668e+01,4.880694258506820188e+04,4.952206550877454871e-01,5.886471105694351946e-02,5.886471105694353334e-02
4.770000000000000462e+00,4.984968923505747540e+01,4.888744968923543638e+04,4.944689961870324946e-01,5.884498683841085653e-02,5.884498683841087041e-02
4.777500000000000746e+00,5.055664519211590147e+01,4.896795664519249840e+04,4.937820558600165555e-01,5.882555511448911423e-02,5.882555511448910035e-02
4.785000000000000142e+00,5.126345641506766526e+01,4.904846345641544758e+04,4.932049782107836289e-01,5.880643609205558897e-02,5.880643609205557509e-02
4.792500000000000426e+00,5.197012513068990813e+01,4.912897012513107620e+04,4.926295950403271062e-01,5.878766377290005340e-02,5.878766377290006728e-02
4.800000000000000711e+00,5.267665568159615219e+01,4.920947665568198136e+04,4.920564192527233094e-01,5.876923528870078850e-02,5.876923528870078850e-02
4.807500000000000107e+00,5.338305568503294296e+01,4.928998305568542128e+04,4.914859465882963074e-01,5.875113195466107746e-02,5.875113195466107746e-02
4.815000000000000391e+00,5.408933151554836627e+01,4.937048933151594247e+04,4.909186548154760299e-01,5.873335061545625208e-02,5.873335061545627289e-02
4.822500000000000675e+00,5.479548792711418770e+01,4.945099548792751011e+04,4.903550029936579735e-01,5.871589266645511895e-02,5.871589266645513283e-02
4.830000000000000071e+00,5.550152899504971060e+01,4.953150152899544628e+04,4.897954308114141897e-01,5.869876271431859194e-02,5.869876271431859888e-02
4.837500000000000355e+00,5.620745831227971223e+01,4.961200745831268432e+04,4.892403580033143906e-01,5.868196693530990798e-02,5.868196693530990798e-02
4.845000000000000639e+00,5.691327896342600923e+01,4.969251327896383009e+04,4.886901838475425364e-01,5.866550871613659957e-02,5.866550871613659957e-02
4.852500000000000036e+00,5.761896970004535490e+01,4.977301896970045345e+04,4.882466990379953353e-01,5.864944979995379004e-02,5.864944979995379004e-02
4.860000000000000320e+00,5.832455942713125552e+01,4.985352455942754023e+04,4.878464410855858358e-01,5.863374719305120691e-02,5.863374719305121385e-02
4.867500000000000604e+00,5.903005904722177632e+01,4.993403005904763995e+04,4.874515509702973537e-01,5.861839200340538542e-02,5.861839200340538542e-02
4.875000000000000000e+00,5.973547306597169637e+01,5.001453547306638939e+04,4.870622885251225664e-01,5.860337245920336363e-02,5.860337245920335669e-02
4.882500000000000284e+00,6.044080574776484838e+01,5.009504080574818363e+04,4.866788962840226662e-01,5.858868120216029901e-02,5.858868120216029901e-02
4.890000000000000568e+00,6.114606114900687572e+01,5.017554606114942726e+04,4.863015994854528179e-01,5.857431716460883425e-02,5.857431716460884119e-02
4.897499999999999964e+00,6.185124324484583269e+01,5.025605124324527424e+04,4.859306061229279328e-01,5.856027862505575748e-02,5.856027862505577136e-02
4.905000000000000249e+00,6.255635584222630285e+01,5.033655635584265838e+04,4.855661070406592228e-01,5.854656452181657839e-02,5.854656452181656451e-02
4.912500000000000533e+00,6.326140256038613074e+01,5.041706140256081562e+04,4.852082760720036747e-01,5.853317460666004196e-02,5.853317460666004196e-02
4.920000000000000817e+00,6.396638682815483179e+01,5.049756638682859193e+04,4.848572702182082916e-01,5.852010906221656594e-02,5.852010906221657982e-02
4.927500000000000213e+00,6.467131184853781178e+01,5.057807131184897298e+04,4.845132298647554792e-01,5.850736847307115573e-02,5.850736847307116267e-02
4.935000000000000497e+00,6.537618058282856737e+01,5.065857618058326625e+04,4.841762790324203314e-01,5.849495405055592234e-02,5.849495405055590846e-02
4.942500000000000782e+00,6.608099598231954985e+01,5.073908099598276021e+04,4.839156783646783588e-01,5.848286754462511672e-02,5.848286754462511672e-02
4.950000000000000178e+00,6.678576157981747485e+01,5.081958576158026699e+04,4.837007839986121605e-01,5.847111065546353736e-02,5.847111065546352349e-02
4.957500000000000462e+00,6.749048149693000198e+01,5.090009048149737646e+04,4.834926781103068283e-01,5.845968439182850501e-02,5.845968439182851195e-02
4.965000000000000746e+00,6.819515973683526511e+01,5.098059515973729140e+04,4.832914190843098368e-01,5.844858284721771852e-02,5.844858284721771852e-02
4.972500000000000142e+00,6.889979985760091097e+01,5.106109979985805694e+04,4.830970534366865188e-01,5.843779482476581244e-02,5.843779482476580550e-02
4.980000000000000426e+00,6.960440500763002092e+01,5.114160440500808909e+04,4.829096161257885877e-01,5.842731578516408703e-02,5.842731578516407315e-02
4.987500000000000711e+00,7.030897815465664280e+01,5.122210897815511998e+04,4.827291308713997919e-01,5.841714288086982676e-02,5.841714288086983370e-02
4.995000000000000107e+00,7.101352481103617720e+01,5.130261352481150243e+04,4.825556104803109814e-01,5.840724956707169652e-02,5.840724956707171039e-02
5.002500000000000391e+00,7.171804590867006368e+01,5.138311804590913380e+04,4.823890571764194446e-01,5.839764817089812543e-02,5.839764817089813237e-02
5.010000000000000675e+00,7.242254326055740421e+01,5.146362254326102993e+04,4.822294629335217575e-01,5.838834147241330624e-02,5.838834147241329930e-02
5.017500000000000071e+00,7.312701865603915508e+01,5.154412701865650888e+04,4.820768098090457698e-01,5.837932871305132748e-02,5.837932871305129973e-02
5.025000000000000355e+00,7.383145720869801210e+01,5.162463145720917237e+04,4.819310702770513433e-01,5.837065437094797471e-02,5.837065437094798859e-02
5.032500000000000639e+00,7.453587520905603014e+01,5.170513587520953297e+04,4.817922075589277098e-01,5.836227764334388918e-02,5.836227764334387530e-02
5.040000000000000036e+00,7.524028257898260108e+01,5.178564028257946484e+04,4.816601759502955327e-01,5.835417516555089362e-02,5.835417516555088668e-02
5.047500000000000320e+00,7.594468194624047896e+01,5.186614468194672372e+04,4.815349211427353282e-01,5.834634338538897957e-02,5.834634338538897957e-02
5.055000000000000604e+00,7.664907590666167891e+01,5.194664907590714574e+04,4.814163805390536122e-01,5.833877889421659052e-02,5.833877889421659052e-02
5.062500000000000000e+00,7.735346697916263281e+01,5.202715346697965288e+04,4.813829615320984745e-01,5.833147881935241141e-02,5.833147881935241835e-02
5.070000000000000284e+00,7.805785759154696279e+01,5.210765785759204300e+04,4.813598344620258485e-01,5.832444121713388496e-02,5.832444121713387802e-02
5.077500000000000568e+00,7.876225009150188328e+01,5.218816225009199843e+04,4.813430345514163600e-01,5.831766475025463442e-02,5.831766475025461360e-02
5.085000000000000853e+00,7.946664679195087899e+01,5.226866664679245150e+04,4.813324954128398447e-01,5.831114612056585711e-02,5.831114612056584323e-02
5.092500000000000249e+00,3.710499812802157127e-01,5.226937104998178256e+04,4.813281450248605431e-01,5.830487760545718240e-02,5.830487760545718240e-02
5.100000000000000533e+00,1.075461848368258977e+00,5.234987546184887469e+04,4.813299059271813896e-01,5.829885239606102942e-02,5.829885239606102248e-02
5.107500000000000817e+00,1.779884460065837004e+00,5.243037988446057716e+04,4.813376954046560963e-01,5.829306625835919964e-02,5.829306625835919964e-02
5.115000000000000213e+00,2.484319767194507644e+00,5.251088431976770516e+04,4.813514256597497543e-01,5.828751554694672904e-02,5.828751554694674292e-02
5.122500000000000497e+00,3.188769579187584302e+00,5.259138876957970206e+04,4.813710039730884627e-01,5.828219676797802978e-02,5.828219676797802978e-02
5.130000000000000782e+00,3.893235529325135946e+00,5.267189323552983842e+04,4.813963328517902873e-01,5.827710670387779152e-02,5.827710670387779845e-02
5.137500000000000178e+00,4.597719128094116314e+00,5.275239771912861033e+04,4.814273101653182563e-01,5.827224240143779460e-02,5.827224240143778072e-02
5.145000000000000462e+00,5.302222086064817042e+00,5.283290222208658815e+04,4.814638292686449494e-01,5.826760034563740337e-02,5.826760034563740337e-02
5.152500000000000746e+00,6.006749252325335853e+00,5.291340674925284839e+04,4.815057791125756381e-01,5.826315290189807566e-02,5.826315290189807566e-02
5.160000000000000142e+00,6.711301669131874981e+00,5.299391130166965741e+04,4.815530443411034645e-01,5.825890721001237421e-02,5.825890721001238809e-02
5.167500000000000426e+00,7.415880865805626776e+00,5.307441588086633419e+04,4.816055053757193338e-01,5.825486439346572176e-02,5.825486439346571482e-02
5.175000000000000711e+00,8.120488747233027382e+00,5.315492048874776810e+04,4.816630384866352754e-01,5.825102021207325537e-02,5.825102021207325537e-02
5.182500000000000107e+00,8.825127006466152224e+00,5.323542512700700172e+04,4.817255158509166080e-01,5.824737100905936354e-02,5.824737100905935661e-02
5.190000000000000391e+00,9.529797192862421440e+00,5.331592979719339928e+04,4.817928055975473911e-01,5.824391353311746816e-02,5.824391353311746816e-02
5.197500000000000675e+00,1.023450070648732790e+01,5.339643450070702966e+04,4.818647718394831192e-01,5.824064498380927823e-02,5.824064498380928517e-02
5.205000000000000071e+00,1.093923871615450061e+01,5.347693923871670268e+04,4.819496733822860035e-01,5.823756329460032938e-02,5.823756329460032938e-02
5.212500000000000355e+00,1.164401189993535368e+01,5.355744401190048666e+04,4.821000758608611214e-01,5.823466794294885479e-02,5.823466794294885479e-02
5.220000000000000639e+00,1.234881173629122308e+01,5.363794881173684553e+04,4.822552490758726385e-01,5.823198329280599578e-02,5.823198329280600966e-02
5.227500000000000036e+00,1.305363257732538962e+01,5.371845363257788267e+04,4.824150789973496445e-01,5.822952632239258158e-02,5.822952632239257464e-02
5.235000000000000320e+00,1.375849566683874592e+01,5.379895849566739344e+04,4.825794481110032286e-01,5.822724213233657770e-02,5.822724213233657770e-02
5.242500000000000604e+00,1.446340260304028114e+01,5.387946340260360012e+04,4.827482353601856846e-01,5.822512587222281738e-02,5.822512587222281044e-02
5.250000000000000000e+00,1.516835502457239038e+01,5.395996835502513568e+04,4.829213160766684387e-01,5.822317081138755901e-02,5.822317081138756595e-02
5.257500000000000284e+00,1.587335450866414277e+01,5.404047335450923129e+04,4.830985619003732578e-01,5.822137194585608189e-02,5.822137194585607495e-02
5.265000000000000568e+00,1.657840255761419002e+01,5.412097840255818301e+04,4.832798406881765874e-01,5.821972556855086606e-02,5.821972556855086606e-02
5.272500000000000853e+00,1.728350060880649153e+01,5.420148350060937810e+04,4.834650164119350113e-01,5.821822833590407226e-02,5.821822833590408613e-02
5.280000000000000249e+00,1.798865003245915517e+01,5.428198865003303217e+04,4.836539490458582891e-01,5.821687703575673806e-02,5.821687703575675887e-02
5.287500000000000533e+00,1.869385211132644287e+01,5.436249385211190383e+04,4.838464944434091031e-01,5.821566862342773124e-02,5.821566862342773124e-02
5.295000000000000817e+00,1.939911001848097882e+01,5.444299911001906003e+04,4.840425042038661307e-01,5.821458266960017475e-02,5.821458266960018169e-02
5.302500000000000213e+00,2.010442482459798441e+01,5.452350442482517974e+04,4.842418255287334050e-01,5.821361587131440585e-02,5.821361587131439197e-02
5.310000000000000497e+00,2.080979549418366403e+01,5.460400979549477051e+04,4.844443010681598882e-01,5.821278149113955080e-02,5.821278149113955080e-02
5.317500000000000782e+00,2.151522238060876901e+01,5.468451522238119651e+04,4.846497687575619939e-01,5.821207906182173514e-02,5.821207906182173514e-02
5.325000000000000178e+00,2.222070642521430983e+01,5.476502070642580657e+04,4.848580616446235836e-01,5.821150656136883650e-02,5.821150656136884344e-02
5.332500000000000462e+00,2.292624991028321446e+01,5.484552624991087941e+04,4.850690077068874895e-01,5.821105830564339556e-02,5.821105830564339556e-02
5.340000000000000746e+00,2.363185512407645561e+01,5.492603185512467462e+04,4.852824296601329079e-01,5.821072871164654355e-02,5.821072871164655049e-02
5.347500000000000142e+00,2.433752354965601583e+01,5.500653752355025790e+04,4.854981447577579878e-01,5.821051457541413093e-02,5.821051457541412399e-02
5.355000000000000426e+00,2.504325617716745711e+01,5.508704325617777067e+04,4.857159645813923787e-01,5.821041420210745082e-02,5.821041420210747164e-02
5.362500000000000711e+00,2.574905367900212028e+01,5.516754905367960600e+04,4.859356948229802686e-01,5.821042693632915571e-02,5.821042693632916265e-02
5.370000000000000107e+00,2.645491626177295075e+01,5.524805491626237927e+04,4.862137112431421104e-01,5.821055361249108384e-02,5.821055361249106996e-02
5.377500000000000391e+00,2.716084285746140026e+01,5.532856084285807447e+04,4.865108865864591348e-01,5.821079883399535304e-02,5.821079883399535304e-02
5.385000000000000675e+00,2.786680541645246478e+01,5.540906680541706737e+04,4.868107190898010583e-01,5.821123919986983392e-02,5.821123919986982698e-02
5.392500000000000071e+00,2.857283268997193204e+01,5.548957283269058826e+04,4.871130361048218727e-01,5.821180113711905968e-02,5.821180113711903886e-02
5.400000000000000355e+00,2.927893194196780158e+01,5.557007893194258941e+04,4.874176585148045082e-01,5.821246678859880869e-02,5.821246678859880869e-02
5.407500000000000639e+00,2.998510454173471018e+01,5.565058510454236239e+04,4.877244004657186327e-01,5.821323058011632079e-02,5.821323058011632079e-02
5.415000000000000036e+00,3.069135264377629468e+01,5.573109135264440556e+04,4.880330690891314105e-01,5.821407998418428459e-02,5.821407998418427765e-02
5.422500000000000320e+00,3.139768043255513064e+01,5.581159768043318763e+04,4.883434642171544660e-01,5.821498567760825110e-02,5.821498567760826498e-02
5.430000000000000604e+00,3.210408569741932894e+01,5.589210408569805440e+04,4.886553780896117916e-01,5.821597417252735718e-02,5.821597417252736412e-02
5.437500000000000888e+00,3.281056926516944117e+01,5.597261056926580204e+04,4.889685950536273862e-01,5.821704402140680246e-02,5.821704402140681633e-02
5.445000000000000284e+00,3.351713155169924363e+01,5.605311713155233883e+04,4.892828912558582766e-01,5.821819485104019753e-02,5.821819485104019753e-02
5.452500000000000568e+00,3.422377223041536354e+01,5.613362377223105432e+04,4.895980343276110092e-01,5.821942836360360224e-02,5.821942836360359530e-02
5.460000000000000853e+00,3.493049061405532996e+01,5.621413049061469792e+04,4.899137830631122847e-01,5.822074739174643021e-02,5.822074739174643715e-02
5.467500000000000249e+00,3.563728834917858279e+01,5.629463728834982612e+04,4.902298870912111250e-01,5.822214840808590669e-02,5.822214840808590669e-02
5.475000000000000533e+00,3.634416863311245294e+01,5.637514416863376391e+04,4.905460865408388105e-01,5.822362376858131877e-02,5.822362376858131877e-02
5.482500000000000817e+00,3.705113303045869344e+01,5.645565113303111139e+04,4.908621117005675383e-01,5.822517063292281803e-02,5.822517063292281803e-02
5.490000000000000213e+00,3.775818194132537542e+01,5.653615818194198073e+04,4.911776826726476086e-01,5.822678958108681163e-02,5.822678958108681163e-02
5.497500000000000497e+00,3.846531495094210840e+01,5.661666531495159870e+04,4.914925090219464665e-01,5.822848352129999377e-02,5.822848352130000071e-02
5.505000000000000782e+00,3.917252954766238560e+01,5.669717252954832657e+04,4.918062894202377966e-01,5.823026099062574013e-02,5.823026099062573319e-02
5.512500000000000178e+00,3.987978730529350457e+01,5.677767978730595496e+04,4.921809183560132972e-01,5.823222592257467495e-02,5.823222592257468883e-02
5.520000000000000462e+00,4.058713328225542938e+01,5.685818713328292506e+04,4.925813424581384492e-01,5.823424949215432606e-02,5.823424949215431218e-02
5.527500000000000746e+00,4.129457425823884620e+01,5.693869457425890869e+04,4.929819418853836344e-01,5.823630416321428499e-02,5.823630416321428499e-02
5.535000000000000142e+00,4.200210843635688462e+01,5.701920210843702807e+04,4.933824290677459867e-01,5.823841764544125665e-02,5.823841764544126359e-02
5.542500000000000426e+00,4.270973685339724568e+01,5.709970973685407080e+04,4.937825044656364293e-01,5.824058973632879194e-02,5.824058973632877806e-02
5.550000000000000711e+00,4.341746031183450327e+01,5.718021746031251678e+04,4.941818561643238628e-01,5.824281513094592411e-02,5.824281513094593798e-02
5.557500000000000107e+00,4.412527899531278308e+01,5.726072527899599663e+04,4.945801594631262788e-01,5.824509167782077057e-02,5.824509167782077057e-02
5.565000000000000391e+00,4.483319180505760926e+01,5.734123319180574617e+04,4.949770764598112605e-01,5.824742381912322714e-02,5.824742381912323408e-02
5.572500000000000675e+00,4.554119664046898919e+01,5.742174119664116006e+04,4.953722556307560421e-01,5.824981932447131916e-02,5.824981932447133998e-02
5.580000000000000071e+00,4.624929548761071629e+01,5.750224929548830551e+04,4.957653314074358941e-01,5.825227424495329348e-02,5.825227424495328654e-02
5.587500000000000355e+00,4.695749231836006032e+01,5.758275749231905502e+04,4.961559237499033048e-01,5.825477890407327469e-02,5.825477890407327469e-02
5.595000000000000639e+00,4.766578797677110657e+01,5.766326578797747061e+04,4.965436377179678340e-01,5.825733260199503910e-02,5.825733260199503216e-02
5.602500000000000036e+00,4.837418147754893738e+01,5.774377418147824937e+04,4.969280630408692834e-01,5.825993998013826586e-02,5.825993998013824504e-02
5.610000000000000320e+00,4.908267095722848694e+01,5.782428267095793126e+04,4.973087736863232577e-01,5.826259347707764963e-02,5.826259347707763575e-02
5.617500000000000604e+00,4.979120972859431049e+01,5.790479120972930104e+04,4.976853274298936869e-01,5.826540691061312532e-02,5.826540691061311839e-02
5.625000000000000888e+00,5.049985368587893930e+01,5.798529985368658527e+04,4.980572654257629517e-01,5.826825138955439576e-02,5.826825138955439576e-02
5.632500000000000284e+00,5.120860422280384228e+01,5.806580860422351543e+04,4.985108221290104336e-01,5.827112472703556423e-02,5.827112472703556423e-02
5.640000000000000568e+00,5.191746238054788165e+01,5.814631746238125925e+04,4.989819347662934890e-01,5.827402674157469709e-02,5.827402674157469015e-02
5.647500000000000853e+00,5.262642858649968503e+01,5.822682642858721374e+04,4.994499759920202342e-01,5.827696082302357555e-02,5.827696082302358249e-02
5.655000000000000249e+00,5.333550218617691030e+01,5.830733550218689925e+04,4.999144923004207874e-01,5.827993610477488762e-02,5.827993610477488068e-02
5.662500000000000533e+00,5.404468035695889938e+01,5.838784468035768077e+04,5.003750120786926159e-01,5.828296540394972691e-02,5.828296540394973385e-02
5.670000000000000817e+00,5.475396057090280522e+01,5.846835396057162870e+04,5.008310451195786550e-01,5.828605093224673711e-02,5.828605093224673017e-02
5.677500000000000213e+00,5.546334771041931333e+01,5.854886334771115071e+04,5.012820821348963340e-01,5.828917766501704595e-02,5.828917766501704595e-02
5.685000000000000497e+00,5.617284431174788040e+01,5.862937284431247826e+04,5.017275942712349224e-01,5.829234105541764022e-02,5.829234105541763328e-02
5.692500000000000782e+00,5.688245477716824183e+01,5.870988245477790042e+04,5.021670326291547415e-01,5.829549510132520096e-02,5.829549510132518708e-02
5.700000000000000178e+00,5.759216375800321686e+01,5.879039216375874094e+04,5.025998277873646725e-01,5.829870446435439502e-02,5.829870446435440889e-02
5.707500000000000462e+00,5.830192770455219886e+01,5.887090192770529393e+04,5.030253893334938331e-01,5.830209115024448385e-02,5.830209115024448385e-02
5.715000000000000746e+00,5.901180809978460928e+01,5.895141180810052902e+04,5.034431054032614261e-01,5.830548959518544461e-02,5.830548959518545155e-02
5.722500000000000142e+00,5.972180618562719445e+01,5.903192180618637212e+04,5.038523422300112964e-01,5.830889753967004319e-02,5.830889753967005013e-02
5.730000000000000426e+00,6.043192249102337144e+01,5.911243192249177082e+04,5.043106793095197826e-01,5.831231563800519380e-02,5.831231563800517992e-02
5.737500000000000711e+00,6.114215621134221124e+01,5.919294215621209150e+04,5.048303633703177251e-01,5.831574927999004510e-02,5.831574927999002428e-02
5.745000000000000107e+00,6.185250342873631979e+01,5.927345250342949294e+04,5.053433269911915549e-01,5.831921430804652695e-02,5.831921430804651307e-02
5.752500000000000391e+00,6.256295975434419887e+01,5.935396295975510293e+04,5.058489345709296092e-01,5.832273125953469500e-02,5.832273125953469500e-02
5.760000000000000675e+00,6.327353379241594666e+01,5.943447353379317792e+04,5.063465267935417513e-01,5.832626971120381115e-02,5.832626971120381115e-02
5.767500000000000071e+00,6.398423021047649684e+01,5.951498423021123745e+04,5.068354201151752392e-01,5.832979848906696962e-02,5.832979848906696962e-02
5.775000000000000355e+00,6.469504141244662776e+01,5.959549504141321086e+04,5.073149062618173000e-01,5.833335456735060792e-02,5.833335456735060098e-02
5.782500000000000639e+00,6.540591892851510636e+01,5.967600591892928787e+04,5.077842517401003342e-01,5.833706940114175010e-02,5.833706940114174316e-02
5.790000000000000036e+00,6.611689496236874675e+01,5.975651689496314066e+04,5.082426973637985679e-01,5.834085541495852290e-02,5.834085541495851596e-02
5.797500000000000320e+00,6.682799629973625599e+01,5.983702799630050868e+04,5.086894577988492205e-01,5.834463956402109741e-02,5.834463956402109741e-02
5.805000000000000604e+00,6.753922347925255565e+01,5.991753922348003107e+04,5.091237211300433385e-01,5.834842077185510567e-02,5.834842077185510567e-02
5.812500000000000888e+00,6.825057506760555270e+01,5.999805057506838784e+04,5.095446484528832753e-01,5.835220497215424379e-02,5.835220497215425073e-02
5.820000000000000284e+00,6.896204499682839639e+01,6.007856204499761225e+04,5.100952432149965521e-01,5.835601272703546533e-02,5.835601272703547227e-02
5.827500000000000568e+00,6.967363604543746192e+01,6.015907363604622515e+04,5.106387214563655741e-01,5.835980175449056312e-02,5.835980175449057006e-02
5.835000000000000853e+00,7.038535304313846552e+01,6.023958535304392717e+04,5.111707930349771445e-01,5.836357988356219439e-02,5.836357988356218746e-02
5.842500000000000249e+00,7.109719288302127893e+01,6.032009719288381166e+04,5.116906099096644178e-01,5.836737628001741757e-02,5.836737628001741757e-02
5.850000000000000533e+00,7.180912761574091974e+01,6.040060912761653890e+04,5.121972949268706055e-01,5.837127953442357992e-02,5.837127953442357992e-02
5.857500000000000817e+00,7.252112959278261428e+01,6.048112112959357910e+04,5.126899413488478219e-01,5.837535272243107171e-02,5.837535272243107171e-02
5.865000000000000213e+00,7.323326230570222606e+01,6.056163326230650273e+04,5.131676124090731594e-01,5.837941577443278574e-02,5.837941577443278574e-02
5.872500000000000497e+00,7.394552615652962402e+01,6.064214552615733555e+04,5.136293408991553511e-01,5.838346919839738219e-02,5.838346919839740995e-02
5.880000000000000782e+00,7.465791914229494353e+01,6.072265791914310103e+04,5.140741287919868840e-01,5.838751969144539977e-02,5.838751969144540671e-02
5.887500000000000178e+00,7.537044047572352667e+01,6.080317044047653326e+04,5.145009469064307783e-01,5.839152606888819985e-02,5.839152606888822067e-02
5.895000000000000462e+00,7.608308437493428755e+01,6.088368308437574888e+04,5.150517456270440331e-01,5.839552793546851778e-02,5.839552793546851778e-02
5.902500000000000746e+00,7.679585732210159676e+01,6.096419585732292035e+04,5.156100906466217770e-01,5.839951747986287661e-02,5.839951747986286273e-02
5.910000000000000142e+00,7.750875419975939451e+01,6.104470875420057564e+04,5.161525136877610498e-01,5.840351397618455398e-02,5.840351397618456786e-02
5.917500000000000426e+00,7.822171142278662614e+01,6.112522171142361185e+04,5.166779714552940383e-01,5.840770075817596635e-02,5.840770075817595247e-02
5.925000000000000711e+00,7.893477586359711040e+01,6.120573477586442459e+04,5.171853872118381545e-01,5.841196476876556881e-02,5.841196476876555493e-02
5.932500000000000107e+00,7.964797478296294742e+01,6.128624797478379332e+04,5.176736503827192859e-01,5.841622658989428785e-02,5.841622658989428785e-02
5.940000000000000391e+00,5.613106428587909535e-01,6.128696131064368819e+04,5.181416162068963605e-01,5.842044433853173235e-02,5.842044433853171154e-02
5.947500000000000675e+00,1.274778670780312595e+00,6.136747477867161069e+04,5.185881054407120994e-01,5.842461223896034533e-02,5.842461223896033840e-02
5.955000000000000071e+00,1.988368218199435766e+00,6.144798836821903387e+04,5.190119041220897511e-01,5.842878789860683070e-02,5.842878789860683764e-02
5.962500000000000355e+00,2.702088878621008217e+00,6.152850208887946064e+04,5.195543720588391423e-01,5.843294272277255175e-02,5.843294272277255175e-02
5.970000000000000639e+00,3.415934640584488591e+00,6.160901593464142934e+04,5.201172383473998684e-01,5.843709618043652770e-02,5.843709618043652770e-02
5.977500000000000924e+00,4.129830489697297047e+00,6.168952983049054455e+04,5.206595556225410704e-01,5.844145905925189621e-02,5.844145905925189621e-02
5.985000000000000320e+00,4.843843856015213944e+00,6.177004384385686717e+04,5.211800923828184828e-01,5.844584992376904153e-02,5.844584992376902766e-02
5.992500000000000604e+00,5.557997792246397672e+00,6.185055799779309746e+04,5.216775800428236076e-01,5.845019742771222215e-02,5.845019742771221521e-02
6.000000000000000888e+00,6.272291326497500208e+00,6.193107229132734938e+04,5.221507126443203362e-01,5.845449404076526884e-02,5.845449404076528271e-02
6.007500000000000284e+00,6.986707883107269090e+00,6.201158670788396557e+04,5.225981466361059313e-01,5.845879333625921687e-02,5.845879333625921687e-02
6.015000000000000568e+00,7.701251104237072376e+00,6.209210125110509398e+04,5.230185007328937985e-01,5.846308383961094923e-02,5.846308383961094923e-02
6.022500000000000853e+00,8.415924418829325404e+00,6.217261592441968969e+04,5.235077477869528595e-01,5.846735609754984825e-02,5.846735609754983437e-02
6.030000000000000249e+00,9.130676326407758836e+00,6.225313067632727325e+04,5.240726106135709106e-01,5.847175354326453189e-02,5.847175354326453189e-02
6.037500000000000533e+00,9.845506079451928017e+00,6.233364550608032005e+04,5.246126086219533580e-01,5.847627777520282566e-02,5.847627777520283260e-02
6.045000000000000817e+00,1.056048314498043084e+01,6.241416048314585350e+04,5.251263416173039822e-01,5.848068312994531698e-02,5.848068312994531698e-02
6.052500000000000213e+00,1.127559932473825732e+01,6.249467559932561562e+04,5.256123693274290520e-01,5.848503272496385907e-02,5.848503272496385214e-02
6.060000000000000497e+00,1.199083840291527281e+01,6.257519083840379608e+04,5.260692112179634616e-01,5.848940750725378779e-02,5.848940750725377391e-02
6.067500000000000782e+00,1.270620164750898873e+01,6.265570620164839056e+04,5.264953464001055350e-01,5.849378686788435366e-02,5.849378686788435366e-02
6.075000000000000178e+00,1.342169407865630681e+01,6.273622169407954061e+04,5.268892136453894315e-01,5.849814639505430958e-02,5.849814639505431652e-02
6.082500000000000462e+00,1.413725449532643097e+01,6.281673725449621270e+04,5.274272590372136582e-01,5.850265945898407149e-02,5.850265945898408537e-02
6.090000000000000746e+00,1.485290291014093711e+01,6.289725290291103011e+04,5.279722170667854320e-01,5.850722714423246124e-02,5.850722714423246817e-02
6.097500000000000142e+00,1.556869680169898373e+01,6.297776869680258824e+04,5.284871985418626572e-01,5.851168008859423952e-02,5.851168008859423952e-02
6.105000000000000426e+00,1.628462628855953653e+01,6.305828462628945272e+04,5.289706220324145169e-01,5.851607454834011762e-02,5.851607454834011068e-02
6.112500000000000711e+00,1.700067387821611220e+01,6.313880067387911549e+04,5.294208634159637272e-01,5.852047824768100842e-02,5.852047824768100842e-02
6.120000000000000107e+00,1.771684700842244098e+01,6.321931684700932237e+04,5.298362558637841335e-01,5.852489843230255367e-02,5.852489843230255367e-02
6.127500000000000391e+00,1.843314100652896315e+01,6.329983314100743155e+04,5.302150899574827880e-01,5.852932455337876705e-02,5.852932455337876705e-02
6.135000000000000675e+00,1.914946426394392276e+01,6.338034946426485112e+04,5.307095661870077086e-01,5.853396907182952663e-02,5.853396907182951275e-02
6.142500000000000071e+00,1.986592285313657413e+01,6.346086592285404913e+04,5.312432427828591708e-01,5.853851691005580032e-02,5.853851691005581420e-02
6.150000000000000355e+00,2.058252026864014894e+01,6.354138252026955161e+04,5.317427130950923564e-01,5.854297944547852406e-02,5.854297944547852406e-02
6.157500000000000639e+00,2.129924036491791384e+01,6.362189924036583398e+04,5.322062486353283939e-01,5.854740785975944689e-02,5.854740785975944689e-02
6.165000000000000924e+00,2.201607906433585171e+01,6.370241607906525314e+04,5.326320760655527398e-01,5.855182653632760165e-02,5.855182653632762246e-02
6.172500000000000320e+00,2.273304014525433558e+01,6.378293304014617752e+04,5.330183773056000884e-01,5.855626069839539594e-02,5.855626069839539594e-02
6.180000000000000604e+00,2.345004901783338269e+01,6.386345004901875654e+04,5.333632898056173133e-01,5.856085577363411704e-02,5.856085577363413092e-02
6.187500000000000888e+00,2.416715883413785804e+01,6.394396715883506840e+04,5.338904796655078444e-01,5.856545310985472597e-02,5.856545310985472597e-02
6.195000000000000284e+00,2.488440641565001599e+01,6.402448440641658090e+04,5.343948786979492160e-01,5.856995854432708870e-02,5.856995854432708176e-02
6.202500000000000568e+00,2.560177648286266106e+01,6.410500177648379758e+04,5.348603100199229576e-01,5.857441458945290141e-02,5.857441458945290141e-02
6.210000000000000853e+00,2.631926047191995011e+01,6.418551926047285815e+04,5.352848932293591266e-01,5.857885142775240417e-02,5.857885142775240417e-02
6.217500000000000249e+00,2.703686700357128814e+01,6.426603686700450635e+04,5.356667012429420227e-01,5.858324724407203143e-02,5.858324724407204531e-02
6.225000000000000533e+00,2.775451611760770732e+01,6.434655451611855096e+04,5.360037605936961436e-01,5.858781117003142996e-02,5.858781117003142302e-02
6.232500000000000817e+00,2.847225972247023762e+01,6.442707225972341257e+04,5.364297602380782015e-01,5.859241304817245505e-02,5.859241304817246893e-02
6.240000000000000213e+00,2.919013782543909130e+01,6.450759013782638795e+04,5.369274375734093274e-01,5.859692011170715420e-02,5.859692011170715420e-02
6.247500000000000497e+00,2.990813123066435253e+01,6.458810813123161643e+04,5.373828369249720183e-01,5.860138803731036738e-02,5.860138803731036045e-02
6.255000000000000782e+00,3.062623682984268569e+01,6.466862623683079437e+04,5.377939706539057729e-01,5.860582582921641803e-02,5.860582582921641803e-02
6.262500000000000178e+00,3.134446503512105053e+01,6.474914446503607905e+04,5.381588026926545920e-01,5.861015311650488724e-02,5.861015311650488724e-02
6.270000000000000462e+00,3.206270286604575404e+01,6.482966270286700455e+04,5.384752488972710527e-01,5.861473431166838721e-02,5.861473431166840109e-02
6.277500000000000746e+00,3.278105857874847118e+01,6.491018105857971386e+04,5.388542505679481120e-01,5.861929601727811079e-02,5.861929601727811079e-02
6.285000000000000142e+00,3.349954171786903601e+01,6.499069954171883728e+04,5.393330851515248936e-01,5.862377138258639125e-02,5.862377138258639125e-02
6.292500000000000426e+00,3.421812813886882054e+01,6.507121812813983706e+04,5.397660622890876336e-01,5.862823222192290601e-02,5.862823222192290601e-02
6.300000000000000711e+00,3.493683330200561699e+01,6.515173683330297354e+04,5.401510872879413672e-01,5.863259312425829484e-02,5.863259312425828096e-02
6.307500000000000107e+00,3.565561196169127101e+01,6.523225561196266790e+04,5.404860154592960875e-01,5.863696574041560305e-02,5.863696574041560999e-02
6.315000000000000391e+00,3.637442571425659565e+01,6.531277442571522988e+04,5.407686525698829350e-01,5.864150410729236651e-02,5.864150410729236651e-02
6.322500000000000675e+00,3.709336692707745442e+01,6.539329336692805373e+04,5.411507982588869003e-01,5.864598429762993975e-02,5.864598429762995363e-02
6.330000000000000959e+00,3.781241830435197926e+01,6.547381241830533691e+04,5.415982730419235391e-01,5.865042159168439018e-02,5.865042159168439018e-02
6.337500000000000355e+00,3.853157331971245014e+01,6.555433157332069823e+04,5.419960542370119150e-01,5.865480459526632717e-02,5.865480459526634105e-02
6.345000000000000639e+00,3.925084359865508787e+01,6.563485084359963366e+04,5.423419405804821292e-01,5.865905062970720035e-02,5.865905062970717260e-02
6.352500000000000924e+00,3.997010611668262214e+01,6.571537010611766891e+04,5.426336794387069951e-01,5.866355216808348538e-02,5.866355216808348538e-02
6.360000000000000320e+00,4.068948163703750964e+01,6.579588948163801979e+04,5.428689674273210475e-01,5.866797482258957058e-02,5.866797482258957058e-02
6.367500000000000604e+00,4.140897064184868270e+01,6.587640897064283490e+04,5.433012234404184237e-01,5.867236852443259709e-02,5.867236852443259709e-02
6.375000000000000888e+00,4.212855400270120043e+01,6.595692855400369444e+04,5.437045130374574819e-01,5.867672944218896985e-02,5.867672944218896985e-02
6.382500000000000284e+00,4.284825132505606859e+01,6.603744825132604456e+04,5.440540321823948977e-01,5.868094273118904663e-02,5.868094273118903970e-02
6.390000000000000568e+00,4.356796155074218291e+01,6.611796796155173797e+04,5.443474737803073449e-01,5.868533346795063582e-02,5.868533346795063582e-02
6.397500000000000853e+00,4.428774512339135327e+01,6.619848774512439559e+04,5.445824782456952784e-01,5.868972211912706904e-02,5.868972211912705517e-02
6.405000000000000249e+00,4.500764372223711973e+01,6.627900764372323465e+04,5.448817553610517672e-01,5.869402320464357087e-02,5.869402320464354311e-02
6.412500000000000533e+00,4.572763165094107762e+01,6.635952763165194483e+04,5.452835367137851552e-01,5.869832438876054076e-02,5.869832438876053382e-02
6.420000000000000817e+00,4.644772702074212845e+01,6.644004772702175251e+04,5.456296063955395903e-01,5.870248464289328644e-02,5.870248464289328644e-02
6.427500000000000213e+00,4.716784520102650902e+01,6.652056784520203655e+04,5.459176065570980896e-01,5.870678084480301928e-02,5.870678084480300540e-02
6.435000000000000497e+00,4.788801091346240923e+01,6.660108801091447822e+04,5.461451252985644045e-01,5.871112655986428924e-02,5.871112655986427536e-02
6.442500000000000782e+00,4.860828970325714238e+01,6.668160828970427974e+04,5.463437340589079039e-01,5.871534413730528784e-02,5.871534413730528784e-02
6.450000000000000178e+00,4.932865559489193430e+01,6.676212865559590864e+04,5.467372619457714356e-01,5.871953368551706409e-02,5.871953368551706409e-02
6.457500000000000462e+00,5.004912049118456707e+01,6.684264912049220584e+04,5.470730850761879038e-01,5.872361850583337345e-02,5.872361850583337345e-02
6.465000000000000746e+00,5.076960399052110517e+01,6.692316960399155505e+04,5.473487983502844934e-01,5.872783716806439375e-02,5.872783716806437987e-02
6.472500000000000142e+00,5.149012535991332129e+01,6.700369012536093942e+04,5.475619412114274276e-01,5.873211462497975738e-02,5.873211462497978513e-02
6.480000000000000426e+00,5.221075487311875207e+01,6.708421075487414782e+04,5.477099984451794246e-01,5.873624983501039842e-02,5.873624983501039842e-02
6.487500000000000711e+00,5.293146958239327660e+01,6.716473146958343568e+04,5.480675977714482006e-01,5.874029595925457647e-02,5.874029595925454872e-02
6.495000000000000107e+00,5.365227444154808012e+01,6.724525227444258053e+04,5.483867028663829135e-01,5.874428389557347779e-02,5.874428389557350555e-02
6.502500000000000391e+00,5.437308021262553126e+01,6.732577308021366480e+04,5.486436241630917587e-01,5.874844055169523016e-02,5.874844055169525792e-02
6.510000000000000675e+00,5.509392972293760948e+01,6.740629392972397909e+04,5.488358559134229875e-01,5.875262127516474309e-02,5.875262127516472921e-02
6.517500000000000959e+00,5.581487999757221985e+01,6.748681487999862293e+04,5.489608364663320916e-01,5.875665709953407229e-02,5.875665709953407229e-02
6.525000000000000355e+00,5.653591279226074562e+01,6.756733591279330722e+04,5.492748480188313076e-01,5.876054860134856395e-02,5.876054860134855007e-02
6.532500000000000639e+00,5.725702665051093021e+01,6.764785702665155986e+04,5.495711282250207441e-01,5.876441635829222215e-02,5.876441635829222215e-02
6.540000000000000924e+00,5.797811270852266574e+01,6.772837811270958628e+04,5.498031325446516293e-01,5.876852320008106589e-02,5.876852320008106589e-02
6.547500000000000320e+00,5.869926173449108830e+01,6.780889926173555432e+04,5.499683133525830048e-01,5.877257914520654658e-02,5.877257914520654658e-02
6.555000000000000604e+00,5.942050438986265704e+01,6.788942050439093146e+04,5.500640660777207369e-01,5.877646397133979433e-02,5.877646397133979433e-02
6.562500000000000888e+00,6.014182149733753846e+01,6.796994182149840344e+04,5.503582535420699084e-01,5.878021666920042743e-02,5.878021666920043437e-02
6.570000000000000284e+00,6.086321010808094911e+01,6.805046321010915563e+04,5.506260040532700017e-01,5.878395421834865797e-02,5.878395421834865797e-02
6.577500000000000568e+00,6.158453797061810775e+01,6.813098453797168622e+04,5.508273842032556100e-01,5.878801271627411701e-02,5.878801271627409619e-02
6.585000000000000853e+00,6.230595651159805470e+01,6.821150595651267213e+04,5.509598077080967160e-01,5.879191914459221818e-02,5.879191914459221818e-02
6.592500000000000249e+00,6.302745817024627684e+01,6.829202745817131654e+04,5.510206305297984386e-01,5.879563138697602165e-02,5.879563138697601471e-02
6.600000000000000533e+00,6.374902948530964153e+01,6.837254902948638482e+04,5.513164603047835399e-01,5.879922605117877954e-02,5.879922605117879342e-02
6.607500000000000817e+00,6.447062413952873783e+01,6.845307062414061511e+04,5.515504137166599152e-01,5.880292946957953876e-02,5.880292946957954570e-02
6.615000000000000213e+00,6.519219112052084597e+01,6.853359219112159917e+04,5.517159156689164234e-01,5.880683477128330339e-02,5.880683477128330339e-02
6.622500000000000497e+00,6.591384887060742415e+01,6.861411384887169697e+04,5.518103444126722934e-01,5.881055595354750531e-02,5.881055595354749144e-02
6.630000000000000782e+00,6.663557562588371752e+01,6.869463557562697679e+04,5.518846502197954917e-01,5.881408634861717138e-02,5.881408634861717138e-02
6.637500000000000178e+00,6.735736843189729939e+01,6.877515736843299237e+04,5.521479189315889879e-01,5.881751126506021971e-02,5.881751126506021971e-02
6.645000000000000462e+00,6.807912351720572985e+01,6.885567912351830455e+04,5.523432780013344257e-01,5.882120849665461310e-02,5.882120849665462697e-02
6.652500000000000746e+00,6.880090667667221282e+01,6.893620090667776822e+04,5.524681334547909550e-01,5.882491640433697155e-02,5.882491640433697155e-02
6.660000000000000142e+00,6.952277101272242987e+01,6.901672277101382497e+04,5.525198313389814153e-01,5.882840958818484622e-02,5.882840958818484622e-02
6.667500000000000426e+00,7.024469112273445148e+01,6.909724469112383667e+04,5.526288645969319457e-01,5.883175759335936700e-02,5.883175759335936006e-02
6.675000000000000711e+00,7.096666518056095185e+01,6.917776666518166894e+04,5.528512208486529023e-01,5.883502698908847639e-02,5.883502698908846251e-02
6.682500000000000107e+00,7.168855165293601317e+01,6.925828855165404093e+04,5.530036881492019774e-01,5.883869470955576525e-02,5.883869470955576525e-02
6.690000000000000391e+00,7.241051984322605506e+01,6.933881051984433725e+04,5.530836438770472263e-01,5.884218076276673259e-02,5.884218076276673259e-02
6.697500000000000675e+00,7.313255223145351636e+01,6.941933255223257584e+04,5.530884053121104538e-01,5.884544697009999603e-02,5.884544697009999603e-02
6.705000000000000959e+00,7.385463792381499104e+01,6.949985463792493101e+04,5.532477592056482818e-01,5.884858471506678596e-02,5.884858471506677902e-02
6.712500000000000355e+00,7.457669738545411064e+01,6.958037669738657132e+04,5.534253756999125695e-01,5.885188398121388165e-02,5.885188398121390940e-02
6.720000000000000639e+00,7.529874575600777575e+01,6.966089874575713475e+04,5.535311797456764493e-01,5.885531875603380869e-02,5.885531875603384339e-02
6.727500000000000924e+00,7.602086763372410871e+01,6.974142086763484986e+04,5.535625233792446087e-01,5.885853122992731196e-02,5.885853122992731196e-02
6.735000000000000320e+00,7.674303385823726842e+01,6.982194303385936655e+04,5.535398104424174015e-01,5.886158999344928699e-02,5.886158999344927312e-02
6.742500000000000604e+00,7.746524772432024974e+01,6.990246524772545672e+04,5.537404509962793320e-01,5.886452443693417080e-02,5.886452443693415693e-02
6.750000000000000888e+00,7.818736579045881285e+01,6.998298736579160322e+04,5.538700343998466114e-01,5.886783339805284898e-02,5.886783339805284898e-02
6.757500000000000284e+00,7.890954530039424242e+01,7.006350954530153831e+04,5.539259519329111647e-01,5.887101132404183590e-02,5.887101132404182202e-02
6.765000000000000568e+00,7.963177927336616335e+01,7.014403177927450452e+04,5.539055339256497845e-01,5.887396563979362119e-02,5.887396563979362119e-02
6.772500000000000853e+00,5.540551496113044205e-01,7.014475405515075545e+04,5.539552346504803548e-01,5.887678328222485657e-02,5.887678328222484270e-02
6.780000000000000249e+00,1.276297166731776400e+00,7.022527629716787487e+04,5.541068523762076037e-01,5.887971756875504115e-02,5.887971756875504115e-02
6.787500000000000533e+00,1.998513531451239889e+00,7.030579851353260165e+04,5.541856619528761074e-01,5.888281144828252933e-02,5.888281144828251545e-02
6.795000000000000817e+00,2.720792572562577671e+00,7.038632079257372243e+04,5.541890361847426894e-01,5.888568646181855520e-02,5.888568646181856908e-02
6.802500000000000213e+00,3.443104736619091888e+00,7.046684310473778169e+04,5.541142877806282119e-01,5.888840904676963250e-02,5.888840904676964638e-02
6.810000000000000497e+00,4.165453364151744609e+00,7.054736545336531708e+04,5.542474742840790558e-01,5.889099736370763394e-02,5.889099736370762006e-02
6.817500000000000782e+00,4.887692970864438990e+00,7.062788769297202816e+04,5.543478019875244245e-01,5.889394082990458135e-02,5.889394082990458135e-02
6.825000000000000178e+00,5.609987544505150581e+00,7.070840998754567408e+04,5.543736639966582169e-01,5.889675728115842390e-02,5.889675728115842390e-02
6.832500000000000462e+00,6.332323533155320483e+00,7.078893232353431813e+04,5.543224186787127916e-01,5.889935904696889934e-02,5.889935904696889934e-02
6.840000000000000746e+00,7.054692075615065505e+00,7.086945469207678980e+04,5.542970583862464329e-01,5.890181652194163148e-02,5.890181652194163148e-02
6.847500000000000142e+00,7.777005703175140283e+00,7.094997700570434972e+04,5.544178182236886299e-01,5.890440846000010583e-02,5.890440846000010583e-02
6.855000000000000426e+00,8.499296207198664632e+00,7.103049929620837793e+04,5.544651530875509549e-01,5.890711356016996997e-02,5.890711356016996997e-02
6.862500000000000711e+00,9.221636342442069534e+00,7.111102163634361932e+04,5.544364708731115421e-01,5.890961304131640819e-02,5.890961304131640819e-02
6.870000000000000995e+00,9.943999500433147176e+00,7.119154399950162042e+04,5.543291201067983565e-01,5.891196138746934013e-02,5.891196138746934013e-02
6.877500000000000391e+00,1.066637720740052231e+01,7.127206637720858271e+04,5.544005527979085635e-01,5.891420571299365444e-02,5.891420571299365444e-02
6.885000000000000675e+00,1.138864638276205099e+01,7.135258864638395607e+04,5.544686135171433827e-01,5.891675874762074272e-02,5.891675874762075660e-02
6.892500000000000959e+00,1.211096392471760552e+01,7.143311096392590844e+04,5.544618231549492959e-01,5.891917913436722082e-02,5.891917913436720000e-02
6.900000000000000355e+00,1.283330896529405507e+01,7.151363330896648404e+04,5.543775828704734510e-01,5.892139874772884395e-02,5.892139874772884395e-02
6.907500000000000639e+00,1.355567840632413379e+01,7.159415567840752192e+04,5.543003234378428568e-01,5.892346678626702444e-02,5.892346678626701056e-02
6.915000000000000924e+00,1.427796665342925664e+01,7.167467796665463538e+04,5.543886082810430826e-01,5.892571329889299131e-02,5.892571329889299131e-02
6.922500000000000320e+00,1.500024221982408257e+01,7.175520024222103530e+04,5.544032841273220935e-01,5.892800717758681084e-02,5.892800717758678308e-02
6.930000000000000604e+00,1.572255318501957611e+01,7.183572255318622047e+04,5.543418082081330578e-01,5.893011144295106502e-02,5.893011144295104420e-02
6.937500000000000888e+00,1.644487945299955811e+01,7.191624487945421424e+04,5.542015801034175793e-01,5.893205935661313677e-02,5.893205935661315065e-02
6.945000000000000284e+00,1.716719057968862572e+01,7.199676719058089657e+04,5.542292163857379661e-01,5.893396219110502016e-02,5.893396219110500628e-02
6.952500000000000568e+00,1.788940771318964096e+01,7.207728940771440102e+04,5.542651544085271942e-01,5.893609776171780668e-02,5.893609776171780668e-02
6.960000000000000853e+00,1.861166183377856598e+01,7.215781166183500318e+04,5.542263177820810904e-01,5.893810805342643983e-02,5.893810805342643983e-02
6.967500000000000249e+00,1.933393120889567385e+01,7.223833393121011613e+04,5.541101651684997575e-01,5.893992698824988136e-02,5.893992698824988136e-02
6.975000000000000533e+00,2.005621699076689524e+01,7.231885621699198964e+04,5.539940830458424115e-01,5.894159006043386134e-02,5.894159006043387522e-02
6.982500000000000817e+00,2.077839705374932322e+01,7.239937839705497026e+04,5.540512762077041131e-01,5.894347709705878569e-02,5.894347709705879956e-02
6.990000000000000213e+00,2.150057537210999925e+01,7.247990057537333632e+04,5.540351496502805562e-01,5.894535202291976278e-02,5.894535202291976278e-02
6.997500000000000497e+00,2.222277502216477529e+01,7.256042277502339857e+04,5.539432241557811221e-01,5.894705610871388279e-02,5.894705610871388279e-02
7.005000000000000782e+00,2.294498431793724436e+01,7.264094498431916873e+04,5.537729654467210549e-01,5.894859183424226018e-02,5.894859183424226712e-02
7.012500000000000178e+00,2.366715226647698600e+01,7.272146715226772358e+04,5.537650726908373011e-01,5.895013548793248681e-02,5.895013548793245906e-02
7.020000000000000462e+00,2.438923863595087482e+01,7.280198923863719392e+04,5.537718972045390098e-01,5.895185156078644462e-02,5.895185156078640992e-02
7.027500000000000746e+00,2.511135058860909552e+01,7.288251135058984801e+04,5.537045185780969936e-01,5.895345471429284945e-02,5.895345471429282169e-02
7.035000000000000142e+00,2.583346868176366584e+01,7.296303346868301742e+04,5.535604674844640805e-01,5.895486599153275387e-02,5.895486599153275387e-02
7.042500000000000426e+00,2.655559510880759433e+01,7.304355559511005413e+04,5.534095793452499246e-01,5.895612124916314173e-02,5.895612124916314173e-02
7.050000000000000711e+00,2.727759790437958998e+01,7.312407759790563432e+04,5.534397403521179593e-01,5.895763174146653740e-02,5.895763174146653740e-02
7.057500000000000995e+00,2.799960487494612238e+01,7.320459960487620265e+04,5.533973700381283889e-01,5.895909112599708596e-02,5.895909112599709290e-02
7.065000000000000391e+00,2.872162070357452279e+01,7.328512162070484192e+04,5.532800666467265760e-01,5.896040213757442611e-02,5.896040213757443305e-02
7.072500000000000675e+00,2.944364158570668266e+01,7.336564364158696844e+04,5.530853766261165649e-01,5.896152841522216137e-02,5.896152841522216831e-02
7.080000000000000959e+00,3.016560403711117289e+01,7.344616560403838230e+04,5.530414709295554676e-01,5.896269253732176752e-02,5.896269253732176752e-02
7.087500000000000355e+00,3.088748933241997818e+01,7.352668748933369352e+04,5.530246856927024668e-01,5.896399868459356597e-02,5.896399868459356597e-02
7.095000000000000639e+00,3.160939089549310665e+01,7.360720939089676540e+04,5.529347817179809388e-01,5.896519996221279147e-02,5.896519996221277760e-02
7.102500000000000924e+00,3.233129032080414333e+01,7.368773129032207362e+04,5.527693755452115498e-01,5.896621909438742176e-02,5.896621909438743564e-02
7.110000000000000320e+00,3.305319205960140749e+01,7.376825319206087443e+04,5.525795141268690092e-01,5.896707363451997308e-02,5.896707363451997308e-02
7.117500000000000604e+00,3.377496136752323963e+01,7.384877496136880654e+04,5.525889799800038915e-01,5.896819193325292946e-02,5.896819193325293640e-02
7.125000000000000888e+00,3.449673203760962537e+01,7.392929673203889979e+04,5.525272120869858528e-01,5.896924920052923347e-02,5.896924920052923347e-02
7.132500000000000284e+00,3.521850174928554367e+01,7.400981850175057480e+04,5.523918992438251463e-01,5.897018459251587852e-02,5.897018459251586464e-02
7.140000000000000568e+00,3.594027225196622766e+01,7.409034027225324826e+04,5.521806821184702674e-01,5.897091700954081722e-02,5.897091700954084498e-02
7.147500000000000853e+00,3.666198089852362330e+01,7.417086198089981917e+04,5.520923941716786576e-01,5.897168022472727006e-02,5.897168022472725618e-02
7.155000000000000249e+00,3.738360385556777743e+01,7.425138360385686974e+04,5.520595578727387487e-01,5.897259635786015336e-02,5.897259635786016724e-02
7.162500000000000533e+00,3.810523803905940809e+01,7.433190523804035911e+04,5.519552014590746181e-01,5.897340087821154042e-02,5.897340087821152654e-02
7.170000000000000817e+00,3.882685997538396805e+01,7.441242685997668013e+04,5.517770399283119520e-01,5.897406513939568162e-02,5.897406513939568162e-02
7.177500000000000213e+00,3.954848223281585007e+01,7.449294848223411827e+04,5.515367150990235778e-01,5.897453547709268634e-02,5.897453547709267246e-02
7.185000000000000497e+00,4.026997481834725789e+01,7.457346997481965809e+04,5.515336394813800114e-01,5.897524641229411058e-02,5.897524641229413833e-02
7.192500000000000782e+00,4.099145356345255209e+01,7.465399145356476947e+04,5.514611304035531569e-01,5.897592542923647818e-02,5.897592542923649206e-02
7.200000000000000178e+00,4.171292629996334256e+01,7.473451292630127864e+04,5.513169788659431081e-01,5.897650159783552476e-02,5.897650159783552476e-02
7.207500000000000462e+00,4.243439314378844784e+01,7.481503439314510615e+04,5.510989315132313049e-01,5.897687624399013118e-02,5.897687624399013118e-02
7.215000000000000746e+00,4.315581383808479643e+01,7.489555581383939716e+04,5.509509177208525843e-01,5.897721475592827139e-02,5.897721475592825752e-02
7.222500000000001030e+00,4.387712243262882339e+01,7.497607712243395508e+04,5.509111500054002519e-01,5.897777018424952417e-02,5.897777018424953110e-02
7.230000000000000426e+00,4.459844017842943487e+01,7.505659844017974683e+04,5.508019593643257439e-01,5.897820573989921711e-02,5.897820573989921711e-02
7.237500000000000711e+00,4.531973776887662808e+01,7.513711973777020467e+04,5.506211699606171628e-01,5.897854780714428119e-02,5.897854780714428119e-02
7.245000000000000995e+00,4.604103457809967637e+01,7.521764103457942838e+04,5.503665653213484221e-01,5.897866362614553881e-02,5.897866362614556657e-02
7.252500000000000391e+00,4.676222204266638727e+01,7.529816222204400401e+04,5.503063628638968918e-01,5.897894568944320182e-02,5.897894568944321569e-02
7.260000000000000675e+00,4.748336211966274334e+01,7.537868336212099530e+04,5.502330567857376398e-01,5.897928122574304377e-02,5.897928122574304377e-02
7.267500000000000959e+00,4.820450030116109730e+01,7.545920450030249776e+04,5.500904999940716689e-01,5.897948992546082209e-02,5.897948992546082209e-02
7.275000000000000355e+00,4.892561661424028330e+01,7.553972561661558575e+04,5.498765545803623311e-01,5.897958337215053470e-02,5.897958337215053470e-02
7.282500000000000639e+00,4.964672508977169940e+01,7.562024672509111406e+04,5.496475355990464440e-01,5.897948180070350377e-02,5.897948180070350377e-02
7.290000000000000924e+00,5.036768128032397840e+01,7.570076768128166441e+04,5.496109884402207157e-01,5.897969996793737957e-02,5.897969996793737957e-02
7.297500000000000320e+00,5.108864062847690235e+01,7.578128864062982029e+04,5.495075818529623346e-01,5.897981140315939480e-02,5.897981140315939480e-02
7.305000000000000604e+00,5.180958371483495739e+01,7.586180958371618181e+04,5.493352575116174918e-01,5.897981868305669784e-02,5.897981868305668396e-02
7.312500000000000888e+00,5.253051194470486962e+01,7.594233051194605650e+04,5.490919198022732317e-01,5.897966719460603219e-02,5.897966719460600443e-02
7.320000000000000284e+00,5.325138198337329243e+01,7.602285138198472850e+04,5.489361436776162284e-01,5.897948771471223789e-02,5.897948771471223789e-02
7.327500000000000568e+00,5.397214528778596332e+01,7.610337214528914774e+04,5.488727273491552650e-01,5.897952264755834673e-02,5.897952264755837448e-02
7.335000000000000853e+00,5.469291224826711328e+01,7.618389291224963381e+04,5.487428999879613301e-01,5.897941365462429364e-02,5.897941365462430752e-02
7.342500000000000249e+00,5.541365212698107001e+01,7.626441365212835080e+04,5.485446459815558340e-01,5.897922663116730857e-02,5.897922663116730857e-02
7.350000000000000533e+00,5.613438225101722878e+01,7.634493438225239515e+04,5.482759158597044769e-01,5.897885269158479465e-02,5.897885269158478078e-02
7.357500000000000817e+00,5.685501032300259538e+01,7.642545501032438187e+04,5.481859354145670604e-01,5.897860560377433947e-02,5.897860560377435335e-02
7.365000000000000213e+00,5.757557655866598623e+01,7.650597557656004210e+04,5.480993764999793072e-01,5.897844825050155282e-02,5.897844825050155282e-02
7.372500000000000497e+00,5.829613999364445931e+01,7.658649613999502617e+04,5.479470054559547609e-01,5.897814115397311679e-02,5.897814115397310292e-02
7.380000000000000782e+00,5.901667208929185904e+01,7.666701667209067091e+04,5.477268527468249770e-01,5.897776323390605674e-02,5.897776323390605674e-02
7.387500000000000178e+00,5.973719437070241867e+01,7.674753719437208201e+04,5.474469311314092979e-01,5.897719527292367286e-02,5.897719527292367286e-02
7.395000000000000462e+00,6.045758298316280133e+01,7.682805758298454748e+04,5.474042915929923092e-01,5.897688099734779699e-02,5.897688099734779699e-02
7.402500000000000746e+00,6.117794486142005184e+01,7.690857794486281637e+04,5.472984731796854962e-01,5.897653077409579364e-02,5.897653077409579364e-02
7.410000000000001030e+00,6.189829626781212824e+01,7.698909829626920691e+04,5.471275867289502326e-01,5.897604513820757510e-02,5.897604513820757510e-02
7.417500000000000426e+00,6.261861693145013419e+01,7.706961861693284300e+04,5.468897115553273958e-01,5.897548379850094113e-02,5.897548379850094113e-02
7.425000000000000711e+00,6.333892303199634455e+01,7.715013892303340253e+04,5.466570047080844263e-01,5.897475257778678204e-02,5.897475257778678204e-02
7.432500000000000995e+00,6.405907663958997489e+01,7.723065907664099359e+04,5.465982654374462735e-01,5.897435692972794602e-02,5.897435692972793214e-02
7.440000000000000391e+00,6.477922781860748103e+01,7.731117922782001551e+04,5.464771815118651954e-01,5.897382621695487770e-02,5.897382621695490545e-02
7.447500000000000675e+00,6.549936209156022926e+01,7.739169936209297157e+04,5.462919120302095477e-01,5.897317632499422813e-02,5.897317632499422813e-02
7.455000000000000959e+00,6.621946758681549738e+01,7.747221946758822014e+04,5.460405872988720599e-01,5.897244484574195450e-02,5.897244484574195450e-02
7.462500000000000355e+00,6.693954193387385487e+01,7.755273954193528334e+04,5.458453903784474814e-01,5.897160918565868409e-02,5.897160918565868409e-02
7.470000000000000639e+00,6.765947516695459285e+01,7.763325947516837914e+04,5.457744819137025916e-01,5.897108303106153582e-02,5.897108303106153582e-02
7.477500000000000924e+00,6.837941065432525534e+01,7.771377941065574123e+04,5.456421914998546008e-01,5.897039047933347322e-02,5.897039047933347322e-02
7.485000000000000320e+00,6.909932514676701487e+01,7.779429932514819666e+04,5.454467282520633065e-01,5.896958876413058159e-02,5.896958876413056772e-02
7.492500000000000604e+00,6.981921228460632278e+01,7.787481921228603460e+04,5.451862749662060859e-01,5.896870339050249571e-02,5.896870339050249571e-02
7.500000000000000888e+00,7.053905416594155042e+01,7.795533905416737252e+04,5.450181696857464564e-01,5.896778107142102571e-02,5.896778107142103958e-02
7.507500000000000284e+00,7.125876930473238247e+01,7.803585876930617087e+04,5.449390509901346213e-01,5.896711611882675397e-02,5.896711611882675397e-02
7.515000000000000568e+00,7.197848571359028824e+01,7.811637848571503127e+04,5.447996328023041457e-01,5.896627997682403477e-02,5.896627997682404865e-02
7.522500000000000853e+00,7.269817934366729162e+01,7.819689817934510938e+04,5.445981754191742130e-01,5.896533913501375568e-02,5.896533913501374180e-02
7.530000000000000249e+00,7.341784609104753656e+01,7.827741784609248862e+04,5.443329149948974433e-01,5.896431666886479267e-02,5.896431666886479267e-02
7.537500000000000533e+00,7.413746202468371393e+01,7.835793746202612238e+04,5.441808811853311445e-01,5.896330329155199945e-02,5.896330329155196476e-02
7.545000000000000817e+00,7.485695661700768255e+01,7.843845695661845093e+04,5.440974965805932539e-01,5.896251299922070088e-02,5.896251299922067313e-02
7.552500000000000213e+00,7.557645197637016565e+01,7.851897645197782549e+04,5.439550049611335814e-01,5.896155149622946123e-02,5.896155149622946123e-02
7.560000000000000497e+00,7.629592490853842435e+01,7.859949592490999203e+04,5.437517184057705233e-01,5.896048471702158150e-02,5.896048471702160926e-02
7.567500000000000782e+00,7.701537046659434793e+01,7.868001537046805606e+04,5.434859267058175236e-01,5.895934179984563955e-02,5.895934179984565343e-02
7.575000000000000178e+00,7.773476850435105234e+01,7.876053476850580773e+04,5.433384645053684903e-01,5.895822719941728324e-02,5.895822719941728324e-02
7.582500000000000462e+00,7.845404114749051416e+01,7.884105404114894918e+04,5.432547024258536084e-01,5.895732956056915636e-02,5.895732956056916330e-02
7.590000000000000746e+00,7.917331462471717884e+01,7.892157331462617731e+04,5.431131253069066966e-01,5.895626167677153057e-02,5.895626167677155832e-02
7.597500000000001030e+00,9.256817357275320957e-02,7.892229256817503483e+04,5.429120970873444474e-01,5.895508244132430242e-02,5.895508244132430242e-02
7.605000000000000426e+00,8.117928734389816547e-01,7.900281179287491250e+04,5.426499609423538484e-01,5.895383544987946312e-02,5.895383544987946312e-02
7.612500000000000711e+00,1.530982658093669402e+00,7.908333098265956505e+04,5.424952214245938320e-01,5.895260588552060643e-02,5.895260588552060643e-02
7.620000000000000995e+00,2.250033045763600636e+00,7.916385003304724523e+04,5.424148756596034460e-01,5.895162051472602194e-02,5.895162051472602194e-02
7.627500000000000391e+00,2.969084718946229273e+00,7.924436908472042705e+04,5.422780952270412902e-01,5.895046630802960180e-02,5.895046630802960180e-02
7.635000000000000675e+00,3.688121117869891830e+00,7.932488812111935113e+04,5.420832955393896091e-01,5.894918879254768679e-02,5.894918879254768679e-02
7.642500000000000959e+00,4.407126447190859331e+00,7.940540712644867017e+04,5.418288724411464141e-01,5.894785355565217155e-02,5.894785355565217155e-02
7.650000000000000355e+00,5.126105139905605235e+00,7.948592610514139233e+04,5.416547942496212631e-01,5.894651496906647831e-02,5.894651496906647831e-02
7.657500000000000639e+00,5.844948201710269409e+00,7.956644494820320688e+04,5.415815282683323906e-01,5.894543907262788512e-02,5.894543907262785737e-02
7.665000000000000924e+00,6.563778966956081540e+00,7.964696377896844933e+04,5.414532849224509281e-01,5.894421948239063347e-02,5.894421948239062653e-02
7.672500000000000320e+00,7.282600597993755365e+00,7.972748260059948370e+04,5.412685303141276938e-01,5.894286073267716169e-02,5.894286073267714782e-02
7.680000000000000604e+00,8.001389729651508631e+00,7.980800138973114372e+04,5.410257118596383252e-01,5.894145096780002702e-02,5.894145096780002008e-02
7.687500000000000888e+00,8.720156066402520167e+00,7.988852015606789791e+04,5.408201612544809578e-01,5.894002515946322046e-02,5.894002515946322740e-02
7.695000000000000284e+00,9.438807865866920110e+00,7.996903880786737136e+04,5.407574761161599852e-01,5.893883669131597114e-02,5.893883669131597114e-02
7.702500000000000568e+00,1.015741948794053151e+01,8.004955741948944342e+04,5.406413362230482189e-01,5.893757286515375476e-02,5.893757286515375476e-02
7.710000000000000853e+00,1.087602781986951506e+01,8.013007602782138565e+04,5.404702572562571916e-01,5.893615589379057329e-02,5.893615589379058717e-02
7.717500000000000249e+00,1.159460642277196740e+01,8.021059460642428894e+04,5.402427368036470945e-01,5.893468086341700080e-02,5.893468086341701467e-02
7.725000000000000533e+00,1.231316250609070906e+01,8.029111316250760865e+04,5.399936484404092019e-01,5.893318374209958327e-02,5.893318374209956939e-02
7.732500000000000817e+00,1.303164005939524195e+01,8.037163164006092120e+04,5.399448546885492473e-01,5.893184639464940644e-02,5.893184639464939950e-02
7.740000000000000213e+00,1.375003348441154216e+01,8.045215003348593018e+04,5.398441825050914744e-01,5.893057534185011659e-02,5.893057534185011659e-02
7.747500000000000497e+00,1.446842951740484118e+01,8.053266842951893341e+04,5.396901957833646346e-01,5.892912741969859314e-02,5.892912741969859314e-02
7.755000000000000782e+00,1.518680490366179114e+01,8.061318680490518454e+04,5.394814406576331489e-01,5.892759463178571383e-02,5.892759463178575546e-02
7.762500000000001066e+00,1.590515368241709560e+01,8.069370515368394263e+04,5.392164486218884445e-01,5.892604298921452766e-02,5.892604298921454153e-02
7.770000000000000462e+00,1.662347416896132657e+01,8.077422347417048877e+04,5.391451502336245261e-01,5.892451421876306744e-02,5.892451421876306744e-02
7.777500000000000746e+00,1.734165280674224618e+01,8.085474165280828311e+04,5.390630842736050532e-01,5.892327311427628111e-02,5.892327311427628111e-02
7.785000000000001030e+00,1.805983854590893500e+01,8.093525983854745573e+04,5.389293690748772070e-01,5.892182071444677233e-02,5.892182071444677233e-02
7.792500000000000426e+00,1.877801610683454214e+01,8.101577801610837923e+04,5.387425975393308475e-01,5.892024678585220526e-02,5.892024678585223302e-02
7.800000000000000711e+00,1.949616323099708737e+01,8.109629616323254595e+04,5.385013477744532429e-01,5.891865443261709578e-02,5.891865443261708191e-02
7.807500000000000995e+00,2.021429016568327341e+01,8.117681429016722541e+04,5.383592445637673807e-01,5.891707061093982845e-02,5.891707061093982845e-02
7.815000000000000391e+00,2.093231628064398819e+01,8.125733231628219073e+04,5.382986785576013844e-01,5.891568420242063869e-02,5.891568420242063869e-02
7.822500000000000675e+00,2.165029246579542388e+01,8.133785029246735212e+04,5.381881582006892151e-01,5.891427661349511735e-02,5.891427661349511735e-02
7.830000000000000959e+00,2.236827215044402450e+01,8.141836827215200174e+04,5.380263212927193228e-01,5.891269772964451840e-02,5.891269772964451840e-02
7.837500000000000355e+00,2.308622897650831263e+01,8.149888622897806636e+04,5.378117904942688599e-01,5.891106779162277179e-02,5.891106779162275792e-02
7.845000000000000639e+00,2.380416279445300987e+01,8.157940416279601050e+04,5.375874714372143037e-01,5.890945392119272678e-02,5.890945392119274066e-02
7.852500000000000924e+00,2.452206296810991049e+01,8.165992206296967925e+04,5.375510399272684925e-01,5.890785573342909032e-02,5.890785573342909032e-02
7.860000000000000320e+00,2.523983242492192858e+01,8.174043983242649119e+04,5.374663678882460882e-01,5.890653373813722199e-02,5.890653373813724281e-02
7.867500000000000604e+00,2.595761463305676742e+01,8.182095761463462259e+04,5.373321361089627990e-01,5.890498644232242814e-02,5.890498644232242814e-02
7.875000000000000888e+00,2.667539009244918091e+01,8.190147539009402681e+04,5.371470097479579264e-01,5.890333407742197325e-02,5.890333407742198712e-02
7.882500000000000284e+00,2.739313681776126685e+01,8.198199313681933563e+04,5.369096410309347478e-01,5.890169929258504133e-02,5.890169929258505521e-02
7.890000000000000568e+00,2.811086738752747749e+01,8.206251086738910817e+04,5.368197506899318183e-01,5.890005295623734066e-02,5.890005295623732678e-02
7.897500000000000853e+00,2.882850837361732843e+01,8.214302850837519509e+04,5.367633013830468425e-01,5.889857612477016058e-02,5.889857612477017446e-02
7.905000000000000249e+00,2.954609121781014736e+01,8.222354609121939575e+04,5.366590561309326768e-01,5.889714018830922299e-02,5.889714018830922299e-02
7.912500000000000533e+00,3.026368345946941929e+01,8.230406368346106319e+04,5.365057205795276118e-01,5.889551484792830693e-02,5.889551484792832081e-02
7.920000000000000817e+00,3.098125844819965735e+01,8.238458125844979077e+04,5.363019865409380804e-01,5.889384847822734526e-02,5.889384847822734526e-02
7.927500000000000213e+00,3.169881103410198264e+01,8.246509881103569933e+04,5.361039776613729657e-01,5.889221138200045197e-02,5.889221138200046585e-02
7.935000000000000497e+00,3.241634576993206451e+01,8.254561634577153018e+04,5.360778417074325564e-01,5.889054395069610870e-02,5.889054395069610870e-02
7.942500000000000782e+00,3.313375480419158237e+01,8.262613375480579271e+04,5.360056712574463589e-01,5.888915296059676202e-02,5.888915296059676202e-02
7.950000000000001066e+00,3.385115993648670951e+01,8.270665115993809013e+04,5.358862105062490722e-01,5.888763295860277580e-02,5.888763295860277580e-02
7.957500000000000462e+00,3.456856955831741374e+01,8.278716856955992989e+04,5.357181888588995466e-01,5.888596892161623853e-02,5.888596892161625240e-02
7.965000000000000746e+00,3.528595495269119908e+01,8.286768595495430054e+04,5.355003233696996601e-01,5.888433063065739298e-02,5.888433063065739298e-02
7.972500000000001030e+00,3.600332664901311119e+01,8.294820332665061869e+04,5.354085365681600095e-01,5.888267676604965611e-02,5.888267676604965611e-02
7.980000000000000426e+00,3.672065367078087661e+01,8.302872065367239702e+04,5.353702363201793268e-01,5.888107289201318512e-02,5.888107289201318512e-02
7.987500000000000711e+00,3.743787739658598923e+01,8.310923787739820546e+04,5.352864329941553478e-01,5.887968117060159157e-02,5.887968117060159157e-02
7.995000000000000995e+00,3.815511439002352034e+01,8.318975511439164984e+04,5.351558917210937905e-01,5.887810905688225377e-02,5.887810905688222601e-02
8.002500000000001279e+00,3.887234970778578003e+01,8.327027234970941208e+04,5.349773639917222434e-01,5.887644985438620499e-02,5.887644985438620499e-02
8.009999999999999787e+00,3.958956103826960060e+01,8.335078956103989913e+04,5.347536842042354133e-01,5.887483704117447286e-02,5.887483704117445898e-02
8.017500000000000071e+00,4.030676330437888311e+01,8.343130676330601273e+04,5.347507608585730932e-01,5.887318055133371197e-02,5.887318055133371197e-02
8.025000000000000355e+00,4.102389199880309434e+01,8.351182389200043690e+04,5.347041011756702433e-01,5.887166302126985856e-02,5.887166302126985856e-02
8.032500000000000639e+00,4.174095602705818209e+01,8.359234095602869638e+04,5.346125042744523936e-01,5.887025070377542579e-02,5.887025070377539804e-02
8.040000000000000924e+00,4.245803528507628499e+01,8.367285803528671386e+04,5.344747543772714327e-01,5.886865833127319370e-02,5.886865833127320757e-02
8.047500000000001208e+00,4.317510701647358928e+01,8.375337510701811698e+04,5.342896229331951519e-01,5.886703988973341489e-02,5.886703988973342877e-02
8.055000000000001492e+00,4.389215993233641200e+01,8.383389215993398102e+04,5.341450968622708517e-01,5.886544242131121901e-02,5.886544242131120513e-02
8.062500000000000000e+00,4.460920507845163030e+01,8.391440920508009731e+04,5.341367791271834919e-01,5.886380051062730517e-02,5.886380051062730517e-02
8.070000000000000284e+00,4.532615822021671192e+01,8.399492615822186053e+04,5.340852958870131451e-01,5.886235597998751290e-02,5.886235597998751290e-02
8.077500000000000568e+00,4.604307452769707254e+01,8.407544307452935027e+04,5.339894625427252794e-01,5.886094478099342109e-02,5.886094478099340027e-02
8.085000000000000853e+00,4.676000732414858163e+01,8.415596000732580433e+04,5.338480802175618045e-01,5.885936329343880585e-02,5.885936329343881973e-02
8.092500000000001137e+00,4.747692917082169117e+01,8.423647692917248060e+04,5.336599378598728682e-01,5.885779671338897678e-02,5.885779671338896984e-02
8.100000000000001421e+00,4.819383789592787792e+01,8.431699383789759304e+04,5.335819682649773910e-01,5.885622249672628481e-02,5.885622249672627093e-02
8.107499999999999929e+00,4.891073933706465482e+01,8.439751073933872976e+04,5.335714856221126512e-01,5.885460933381719134e-02,5.885460933381720522e-02
8.115000000000000213e+00,4.962753862855577580e+01,8.447802753863022372e+04,5.335184193137610942e-01,5.885322963585763040e-02,5.885322963585761652e-02
8.122500000000000497e+00,5.034431983462672378e+01,8.455854431983629183e+04,5.334215988260297969e-01,5.885183955295974351e-02,5.885183955295974351e-02
8.130000000000000782e+00,5.106111833160222346e+01,8.463906111833328032e+04,5.332798397551092862e-01,5.885029731409695264e-02,5.885029731409695264e-02
8.137500000000001066e+00,5.177790536593822424e+01,8.471957790536760876e+04,5.330919458730749572e-01,5.884878334539669215e-02,5.884878334539669215e-02
8.145000000000001350e+00,5.249468376911598710e+01,8.480009468377078883e+04,5.330683242232113761e-01,5.884724638481998032e-02,5.884724638481998032e-02
8.152499999999999858e+00,5.321145581839073913e+01,8.488061145582007885e+04,5.330586028896233675e-01,5.884567434409857661e-02,5.884567434409857661e-02
8.160000000000000142e+00,5.392812187061949203e+01,8.496112812187230156e+04,5.330068794033478996e-01,5.884435495520985021e-02,5.884435495520985021e-02
8.167500000000000426e+00,5.464478110537380218e+01,8.504164478110706841e+04,5.329119949778938770e-01,5.884300401842980366e-02,5.884300401842980366e-02
8.175000000000000711e+00,5.536145835327116771e+01,8.512216145835496718e+04,5.327727771153679681e-01,5.884152274009540884e-02,5.884152274009540884e-02
8.182500000000000995e+00,5.607812586839597202e+01,8.520267812587009394e+04,5.325880416225088343e-01,5.884006386183220083e-02,5.884006386183220083e-02
8.190000000000001279e+00,5.679478803135565101e+01,8.528319478803305537e+04,5.326071136533875316e-01,5.883857723613493407e-02,5.883857723613494795e-02
8.197499999999999787e+00,5.751144565486444549e+01,8.536371144565656141e+04,5.326007632472635756e-01,5.883705708803910889e-02,5.883705708803912277e-02
8.205000000000000071e+00,5.822799808694968959e+01,8.544422799808865238e+04,5.325529815439012937e-01,5.883579591707770173e-02,5.883579591707770173e-02
8.212500000000000355e+00,5.894454885874129246e+01,8.552474454886044259e+04,5.324626190479024856e-01,5.883449995306869879e-02,5.883449995306869879e-02
8.220000000000000639e+00,5.966111858721686900e+01,8.560526111858892546e+04,5.323285125462891010e-01,5.883309389197331762e-02,5.883309389197333150e-02
8.227500000000000924e+00,6.037768176214034099e+01,8.568577768176385143e+04,5.321612378940374644e-01,5.883169671557233332e-02,5.883169671557234720e-02
8.235000000000001208e+00,6.109424194953314924e+01,8.576629424195124011e+04,5.322002975843885819e-01,5.883027227410499160e-02,5.883027227410499160e-02
8.242500000000001492e+00,6.181080036105955600e+01,8.584681080036277126e+04,5.321996040663696803e-01,5.882881354899743148e-02,5.882881354899741760e-02
8.250000000000000000e+00,6.252725809237719545e+01,8.592732725809409749e+04,5.321580302103517957e-01,5.882760950440191206e-02,5.882760950440191206e-02
8.257500000000000284e+00,6.324371414842274675e+01,8.600784371415014903e+04,5.320744333661328040e-01,5.882638196977029582e-02,5.882638196977029582e-02
8.265000000000000568e+00,6.396019037885678671e+01,8.608836019038058294e+04,5.319476570007649618e-01,5.882506138759520387e-02,5.882506138759517611e-02
8.272500000000000853e+00,6.467666428745262408e+01,8.616887666428918601e+04,5.318027883972247238e-01,5.882373396027579943e-02,5.882373396027579943e-02
8.280000000000001137e+00,6.539313681284342294e+01,8.624939313681457133e+04,5.318489476189003362e-01,5.882238244452849679e-02,5.882238244452850373e-02
8.287500000000001421e+00,6.610961104076046979e+01,8.632990961104250164e+04,5.318558719016359682e-01,5.882099405292685185e-02,5.882099405292685185e-02
8.294999999999999929e+00,6.682599258661406338e+01,8.641042599258835253e+04,5.318224387975082346e-01,5.881984574896062523e-02,5.881984574896063911e-02
8.302500000000000213e+00,6.754236777363661304e+01,8.649094236777538026e+04,5.317475101010105121e-01,5.881869777685160700e-02,5.881869777685162087e-02
8.310000000000000497e+00,6.825876451701431336e+01,8.657145876451875665e+04,5.316299334252296838e-01,5.881747138869371921e-02,5.881747138869371921e-02
8.317500000000000782e+00,6.897516410265103559e+01,8.665197516410439857e+04,5.314984183006810081e-01,5.881622117867500721e-02,5.881622117867499333e-02
8.325000000000001066e+00,6.969156322067350118e+01,8.673249156322242925e+04,5.315533492831350237e-01,5.881495211815085389e-02,5.881495211815085389e-02
8.332500000000001350e+00,7.040796784524157204e+01,8.681300796784699196e+04,5.315695308015401244e-01,5.881364264983268003e-02,5.881364264983268003e-02
8.339999999999999858e+00,7.112429140268434935e+01,8.689352429140443564e+04,5.315458428829747950e-01,5.881254780926222642e-02,5.881254780926224029e-02
8.347500000000000142e+00,7.184059953375680152e+01,8.697404059953551041e+04,5.314811494529754210e-01,5.881148849029926851e-02,5.881148849029928238e-02
8.355000000000000426e+00,7.255693062780599689e+01,8.705455693062956561e+04,5.313742998477730684e-01,5.881036394794709327e-02,5.881036394794709327e-02
8.362500000000000711e+00,7.327327054831275177e+01,8.713507327055007045e+04,5.312480388605853587e-01,5.880919752706293552e-02,5.880919752706292164e-02
8.370000000000000995e+00,7.398961041019049389e+01,8.721558961041196017e+04,5.313131061377864839e-01,5.880801892595146491e-02,5.880801892595146491e-02
8.377500000000001279e+00,7.470595949239952915e+01,8.729610595949417620e+04,5.313398706198431132e-01,5.880679649887182031e-02,5.880679649887182031e-02
8.385000000000001563e+00,7.542224280019148352e+01,8.737662224280196824e+04,5.313272126973722642e-01,5.880575206771885416e-02,5.880575206771884028e-02
8.392500000000000071e+00,7.613849753428091560e+01,8.745713849753605609e+04,5.312739962292356566e-01,5.880478881769018312e-02,5.880478881769017618e-02
8.400000000000000355e+00,7.685477656263468305e+01,8.753765477656440635e+04,5.311790699902364521e-01,5.880377246269949398e-02,5.880377246269949398e-02
8.407500000000000639e+00,7.757107093899693950e+01,8.761817107094077801e+04,5.310509704850009394e-01,5.880269586784081515e-02,5.880269586784080127e-02
8.415000000000000924e+00,7.828736561870931610e+01,8.769868736562049889e+04,5.311272411047799347e-01,5.880161372005388021e-02,5.880161372005389409e-02
8.422500000000001208e+00,7.900367271178481587e+01,8.777920367271357100e+04,5.311656117715196634e-01,5.880048565273118116e-02,5.880048565273122280e-02
8.430000000000001492e+00,7.971993281183125646e+01,8.785971993281361938e+04,5.311649612434932166e-01,5.879948823580141010e-02,5.879948823580142397e-02
8.437500000000000000e+00,6.361475467211129553e-01,8.786043614754852024e+04,5.311241512495195050e-01,5.879862709517555408e-02,5.879862709517555408e-02
8.445000000000000284e+00,1.352387790699903114e+00,8.794095238779249485e+04,5.310420278728696930e-01,5.879772362063094560e-02,5.879772362063094560e-02
8.452500000000000568e+00,2.068649952310121165e+00,8.802146864995411306e+04,5.309174231623982054e-01,5.879674281657189250e-02,5.879674281657189250e-02
8.460000000000000853e+00,2.784913480238490280e+00,8.810198491348203970e+04,5.309942921359814827e-01,5.879576065605733592e-02,5.879576065605733592e-02
8.467500000000001137e+00,3.501191637589637917e+00,8.818250119163939962e+04,5.310450035821071557e-01,5.879473318786315739e-02,5.879473318786315739e-02
8.475000000000001421e+00,4.217444654090108713e+00,8.826301744465589582e+04,5.310570452447986867e-01,5.879377945855090992e-02,5.879377945855090992e-02
8.482499999999999929e+00,4.933632423153247792e+00,8.834353363242496562e+04,5.310292748034115551e-01,5.879302527286230790e-02,5.879302527286230790e-02
8.490000000000000213e+00,5.649846813248865729e+00,8.842404984681506176e+04,5.309605336812288634e-01,5.879223757290825969e-02,5.879223757290827357e-02
8.497500000000000497e+00,6.366089214650298977e+00,8.850456608921645966e+04,5.308496485896476713e-01,5.879135841294724080e-02,5.879135841294724080e-02
8.505000000000000782e+00,7.082335458214076951e+00,8.858508233546002884e+04,5.309124000609712901e-01,5.879047739624698038e-02,5.879047739624696650e-02
8.512500000000001066e+00,7.798597225337211114e+00,8.866559859722715919e+04,5.309759141166915386e-01,5.878955547506919954e-02,5.878955547506921342e-02
8.520000000000001350e+00,8.514858192151288918e+00,8.874611485819397785e+04,5.310010568658186658e-01,5.878864247448524483e-02,5.878864247448524483e-02
8.527499999999999858e+00,9.231031567384475167e+00,8.882663103156920988e+04,5.309866801654744561e-01,5.878799894678565091e-02,5.878799894678565091e-02
8.535000000000000142e+00,9.947232620138432679e+00,8.890714723262196640e+04,5.309316189724503365e-01,5.878732826266942768e-02,5.878732826266941380e-02
8.542500000000000426e+00,1.066346699266208020e+01,8.898766346699449059e+04,5.308346928238083517e-01,5.878655569975140688e-02,5.878655569975137912e-02
8.550000000000000711e+00,1.137970931586272982e+01,8.906817970931770105e+04,5.308793871558610267e-01,5.878577543550454754e-02,5.878577543550454754e-02
8.557500000000000995e+00,1.209596673335204109e+01,8.914869596673519118e+04,5.309559100983183288e-01,5.878496248714987216e-02,5.878496248714988603e-02
8.565000000000001279e+00,1.281223703732001518e+01,8.922921223703915894e+04,5.309943048879288696e-01,5.878412397320222083e-02,5.878412397320223470e-02
8.572500000000001563e+00,1.352842046549938537e+01,8.930972842046734877e+04,5.309934159310617519e-01,5.878355750221538056e-02,5.878355750221538056e-02
8.580000000000000071e+00,1.424462146808730800e+01,8.939024462146993028e+04,5.309520700687557770e-01,5.878299243886445091e-02,5.878299243886445091e-02
8.587500000000000355e+00,1.496085775668541018e+01,8.947076085775853426e+04,5.308690779978081364e-01,5.878234093204091210e-02,5.878234093204092597e-02
8.595000000000000639e+00,1.567710862558777585e+01,8.955127710862744425e+04,5.308928256362356324e-01,5.878166054704989096e-02,5.878166054704987709e-02
8.602500000000000924e+00,1.639337327297585389e+01,8.963179337327483518e+04,5.309823261985048282e-01,5.878095814428589000e-02,5.878095814428587612e-02
8.610000000000001208e+00,1.710965618744394234e+01,8.971230965618930350e+04,5.310338847072300084e-01,5.878021931598835514e-02,5.878021931598835514e-02
8.617500000000001492e+00,1.782587027907468880e+01,8.979282587028093985e+04,5.310463366278073138e-01,5.877970438510413814e-02,5.877970438510412426e-02
8.625000000000000000e+00,1.854208271435693334e+01,8.987334208271621901e+04,5.310184991855008141e-01,5.877924406747042640e-02,5.877924406747041253e-02
8.632500000000000284e+00,1.925833165116751289e+01,8.995385833165304211e+04,5.309491727316034693e-01,5.877871431406978681e-02,5.877871431406978681e-02
8.640000000000000568e+00,1.997460234371642684e+01,9.003437460234558966e+04,5.309500958652302316e-01,5.877813326251712933e-02,5.877813326251711545e-02
8.647500000000000853e+00,2.069088542219386895e+01,9.011489088542407262e+04,5.310523235762393268e-01,5.877754071501279515e-02,5.877754071501279515e-02
8.655000000000001137e+00,2.140719063383164311e+01,9.019540719063571305e+04,5.311167371194297493e-01,5.877690493692892121e-02,5.877690493692890733e-02
8.662500000000001421e+00,2.212344750583844899e+01,9.027592344750772463e+04,5.311421616591823769e-01,5.877643746528173757e-02,5.877643746528173757e-02
8.669999999999999929e+00,2.283968201484883309e+01,9.035643968201673124e+04,5.311274034442201586e-01,5.877608238928865025e-02,5.877608238928865025e-02
8.677500000000000213e+00,2.355595405378954510e+01,9.043695595405568019e+04,5.310712511238803168e-01,5.877567071044211000e-02,5.877567071044211000e-02
8.685000000000000497e+00,2.427225455131598508e+01,9.051747225455319858e+04,5.310484345629394864e-01,5.877518906773610691e-02,5.877518906773612772e-02
8.692500000000000782e+00,2.498856690277889214e+01,9.059798856690466346e+04,5.311629380377405063e-01,5.877470326397277872e-02,5.877470326397280648e-02
8.700000000000001066e+00,2.570490381520493628e+01,9.067850490381709824e+04,5.312396963521690552e-01,5.877417144264079213e-02,5.877417144264079213e-02
8.707500000000001350e+00,2.642121371422158305e+01,9.075902121371611429e+04,5.312775231304694978e-01,5.877374942739234387e-02,5.877374942739235775e-02
8.714999999999999858e+00,2.713748023165364742e+01,9.083953748023355729e+04,5.312752124125077469e-01,5.877349942464726862e-02,5.877349942464726862e-02
8.722500000000000142e+00,2.785378527151140204e+01,9.092005378527341236e+04,5.312315399255338466e-01,5.877320018491306863e-02,5.877320018491305476e-02
8.730000000000000426e+00,2.857012442407930308e+01,9.100057012442598352e+04,5.311849736948451861e-01,5.877281811043109233e-02,5.877281811043109927e-02
8.737500000000000711e+00,2.928647632481973773e+01,9.108108647632673092e+04,5.313111185775228895e-01,5.877243412015911023e-02,5.877243412015911023e-02
8.745000000000000995e+00,3.000285382893714470e+01,9.116160285383084556e+04,5.313995281893127975e-01,5.877200530267238932e-02,5.877200530267238932e-02
8.752500000000001279e+00,3.071922534110585445e+01,9.124211922534301993e+04,5.314490034865986257e-01,5.877162818409379513e-02,5.877162818409378126e-02
8.760000000000001563e+00,3.143553305445060531e+01,9.132263553305636742e+04,5.314583251856914714e-01,5.877148197053018441e-02,5.877148197053018441e-02
8.767500000000000071e+00,3.215188034030802555e+01,9.140315188034222228e+04,5.314262549957563531e-01,5.877128846526961936e-02,5.877128846526960548e-02
8.775000000000000355e+00,3.286826619235335301e+01,9.148366826619427593e+04,5.313567710023427981e-01,5.877100514875933240e-02,5.877100514875931853e-02
8.782500000000000639e+00,3.358466700151254969e+01,9.156418466700344288e+04,5.314937573405051907e-01,5.877071734024781613e-02,5.877071734024781613e-02
8.790000000000000924e+00,3.430109337098455313e+01,9.164470109337291797e+04,5.315929593040480405e-01,5.877038898552493229e-02,5.877038898552492535e-02
8.797500000000001208e+00,3.501753352392614715e+01,9.172521753352586529e+04,5.316531641559776311e-01,5.877005737636371158e-02,5.877005737636371158e-02
8.805000000000001492e+00,3.573389085260896536e+01,9.180573389085454983e+04,5.316731382817214691e-01,5.877001231061303871e-02,5.877001231061302483e-02
8.812500000000000000e+00,3.645028889922484439e+01,9.188625028890116664e+04,5.316516283891931094e-01,5.876991741444806405e-02,5.876991741444806405e-02
8.820000000000000284e+00,3.716672889958439185e+01,9.196676672890152258e+04,5.315873629372349640e-01,5.876973033037036914e-02,5.876973033037036914e-02
8.827500000000000568e+00,3.788318683535538867e+01,9.204728318683730322e+04,5.317077122205546846e-01,5.876953314668305339e-02,5.876953314668305339e-02
8.835000000000000853e+00,3.859966967323117615e+01,9.212779966967517976e+04,5.318166990845449860e-01,5.876930129558186056e-02,5.876930129558186056e-02
8.842500000000001137e+00,3.931617445128422617e+01,9.220831617445324082e+04,5.318865665521448349e-01,5.876904458798487552e-02,5.876904458798486164e-02
8.850000000000001421e+00,4.003259858639172819e+01,9.228883259858834208e+04,5.319160657687064253e-01,5.876906892533138860e-02,5.876906892533138860e-02
8.857499999999999929e+00,4.074905512604825475e+01,9.236934905512799742e+04,5.319039275604809935e-01,5.876906549465964885e-02,5.876906549465967661e-02
8.865000000000000213e+00,4.146555616080441098e+01,9.244986555616276746e+04,5.318488638373971567e-01,5.876897017698141934e-02,5.876897017698141934e-02
8.872500000000000497e+00,4.218207827448549807e+01,9.253038207827645238e+04,5.319498233935535669e-01,5.876885832832985657e-02,5.876885832832984269e-02
8.880000000000000782e+00,4.289862447000788848e+01,9.261089862447197083e+04,5.320674553088787784e-01,5.876871779661166362e-02,5.876871779661164974e-02
8.887500000000001066e+00,4.361519600475241276e+01,9.269141519600672473e+04,5.321457868479640974e-01,5.876854433997887039e-02,5.876854433997888427e-02
8.895000000000001350e+00,4.433169577788761018e+01,9.277193169577985827e+04,5.321835530970178141e-01,5.876862708143703456e-02,5.876862708143703456e-02
8.902499999999999858e+00,4.504821773359687143e+01,9.285244821773556760e+04,5.321794682143979882e-01,5.876870805654493823e-02,5.876870805654495211e-02
8.910000000000000142e+00,4.576478607524822451e+01,9.293296478607722383e+04,5.321322268150527890e-01,5.876869828094484494e-02,5.876869828094484494e-02
8.917500000000000426e+00,4.648137833003800523e+01,9.301348137833201326e+04,5.322169250870698587e-01,5.876866661728852304e-02,5.876866661728852304e-02
8.925000000000000711e+00,4.719799400854317639e+01,9.309399799401052587e+04,5.323419450198821901e-01,5.876861125777486233e-02,5.876861125777486233e-02
8.932500000000000995e+00,4.791463738690889329e+01,9.317451463738890016e+04,5.324274259207341098e-01,5.876851769077315324e-02,5.876851769077316712e-02
8.940000000000001279e+00,4.863121653609852757e+01,9.325503121653808921e+04,5.324720860811320566e-01,5.876865931728464387e-02,5.876865931728465775e-02
8.947500000000001563e+00,4.934781002324948673e+01,9.333554781002523669e+04,5.324746222924887640e-01,5.876881739747847472e-02,5.876881739747847472e-02
8.955000000000000071e+00,5.006445125964432918e+01,9.341606445126164181e+04,5.324337112198820332e-01,5.876888578760611909e-02,5.876888578760610521e-02
8.962500000000000355e+00,5.078111863436180329e+01,9.349658111863635713e+04,5.325058538299251021e-01,5.876892909063965303e-02,5.876892909063963916e-02
8.970000000000000639e+00,5.149780910610507334e+01,9.357709780910810514e+04,5.326369018818944978e-01,5.876895209556317473e-02,5.876895209556317473e-02
8.977500000000000924e+00,5.221452886924851811e+01,9.365761452887125779e+04,5.327281157879768525e-01,5.876893362775610641e-02,5.876893362775607865e-02
8.985000000000001208e+00,5.293118962874364541e+01,9.373813118963074521e+04,5.327781963877138427e-01,5.876913587860185112e-02,5.876913587860183724e-02
8.992500000000001492e+00,5.364785997409087059e+01,9.381864785997610306e+04,5.327858224883096350e-01,5.876936305013675393e-02,5.876936305013676781e-02
9.000000000000000000e+00,5.436457894684326675e+01,9.389916457894885389e+04,5.327496522357172415e-01,5.876950180528476425e-02,5.876950180528477119e-02
9.007500000000000284e+00,5.508132552130723525e+01,9.397968132552332827e+04,5.328134543196026973e-01,5.876961464050414752e-02,5.876961464050416140e-02
9.015000000000000568e+00,5.579809525032410278e+01,9.406019809525234450e+04,5.329490811868181632e-01,5.876970880528658431e-02,5.876970880528658431e-02
9.022500000000000853e+00,5.651489525060808461e+01,9.414071489525263314e+04,5.330445237297813943e-01,5.876975977577577476e-02,5.876975977577577476e-02
9.030000000000001137e+00,5.723163859471922876e+01,9.422123163859674241e+04,5.330984647532941434e-01,5.877002513659124183e-02,5.877002513659124877e-02
9.037500000000001421e+00,5.794839035715271791e+01,9.430174839035917830e+04,5.331095645410501849e-01,5.877031244783684216e-02,5.877031244783682828e-02
9.044999999999999929e+00,5.866519112360595045e+01,9.438226519112563983e+04,5.330764622324586366e-01,5.877051380084429705e-02,5.877051380084429705e-02
9.052500000000000213e+00,5.938202012810668862e+01,9.446278202013013652e+04,5.331365839089377001e-01,5.877069049582171051e-02,5.877069049582172439e-02
9.060000000000000497e+00,6.009887273689790987e+01,9.454329887273893110e+04,5.332752635319851775e-01,5.877084838316949666e-02,5.877084838316949666e-02
9.067500000000000782e+00,6.081575605512124838e+01,9.462381575605715625e+04,5.333733551403553319e-01,5.877096266557177429e-02,5.877096266557178122e-02
9.075000000000001066e+00,6.153258189263982558e+01,9.470433258189467597e+04,5.334295229933625482e-01,5.877129399569346047e-02,5.877129399569348822e-02
9.082500000000001350e+00,6.224941888337049534e+01,9.478484941888540925e+04,5.334424083875112244e-01,5.877163158293017414e-02,5.877163158293017414e-02
9.089999999999999858e+00,6.296630469656629003e+01,9.486536630469861848e+04,5.334106310479235225e-01,5.877188799775074496e-02,5.877188799775075884e-02
9.097500000000000142e+00,6.368321853308048475e+01,9.494588321853513480e+04,5.334721165593179215e-01,5.877212273051223013e-02,5.877212273051222319e-02
9.105000000000000426e+00,6.440015683850013772e+01,9.502640015684055106e+04,5.336122580308000352e-01,5.877233674118303303e-02,5.877233674118301915e-02
9.112500000000000711e+00,6.511712571652657289e+01,9.510691712571858079e+04,5.337113559826206499e-01,5.877250811830800337e-02,5.877250811830798949e-02
9.120000000000000995e+00,6.583403308128805520e+01,9.518743403308335110e+04,5.337680556886862382e-01,5.877290828831428088e-02,5.877290828831429476e-02
9.127500000000001279e+00,6.655095838563069321e+01,9.526795095838769339e+04,5.337809790693248679e-01,5.877328551706254012e-02,5.877328551706254012e-02
9.135000000000001563e+00,6.726793167886863500e+01,9.534846793168093427e+04,5.337487261066898858e-01,5.877358978592679695e-02,5.877358978592681082e-02
9.142500000000000071e+00,6.798493194187101096e+01,9.542898493194393814e+04,5.338169469471825135e-01,5.877387669682150595e-02,5.877387669682150595e-02
9.150000000000000355e+00,6.870195799880323761e+01,9.550950195800086658e+04,5.339569057504447436e-01,5.877413911611725772e-02,5.877413911611725772e-02
9.157500000000000639e+00,6.941901375173385702e+01,9.559001901375380112e+04,5.340553155468510393e-01,5.877436172086505928e-02,5.877436172086505928e-02
9.165000000000000924e+00,7.013600102763656707e+01,9.567053600102971541e+04,5.341108022557935486e-01,5.877483315261532865e-02,5.877483315261534252e-02
9.172500000000001208e+00,7.085301702776132515e+01,9.575105301702984434e+04,5.341219681074900194e-01,5.877523880341906093e-02,5.877523880341905399e-02
9.180000000000001492e+00,7.157007938883846521e+01,9.583157007939092000e+04,5.340873930923022428e-01,5.877558415576441403e-02,5.877558415576441403e-02
9.187500000000000000e+00,7.228716692395931886e+01,9.591208716692603775e+04,5.341679952526668940e-01,5.877591735856600719e-02,5.877591735856600719e-02
9.195000000000000284e+00,7.300428204539629462e+01,9.599260428204748314e+04,5.343060839078473956e-01,5.877622047451561138e-02,5.877622047451559056e-02
9.202500000000000568e+00,7.372142489136352594e+01,9.607312142489345570e+04,5.344020700462264184e-01,5.877648946993623696e-02,5.877648946993622309e-02
9.210000000000000853e+00,7.443849013790351421e+01,9.615363849014000152e+04,5.344545599354685317e-01,5.877703339156378770e-02,5.877703339156380158e-02
9.217500000000001137e+00,7.515559853251204459e+01,9.623415559853460582e+04,5.344621358783555598e-01,5.877745588273984578e-02,5.877745588273986660e-02
9.225000000000001421e+00,7.587275064898513222e+01,9.631467275065107970e+04,5.344233577066022089e-01,5.877783617546204070e-02,5.877783617546205458e-02
9.232499999999999929e+00,7.658992568360217490e+01,9.639518992568569956e+04,5.345222130103034486e-01,5.877820955614504461e-02,5.877820955614505849e-02
9.240000000000000213e+00,7.730713041491893023e+01,9.647570713041702402e+04,5.346567112021004542e-01,5.877854591648625643e-02,5.877854591648627031e-02
9.247500000000000497e+00,7.802435747464242866e+01,9.655622435747674899e+04,5.347485074251573378e-01,5.877886350150562933e-02,5.877886350150561545e-02
9.255000000000000782e+00,7.874150133309547073e+01,9.663674150133520016e+04,5.347961880721827654e-01,5.877946721745680447e-02,5.877946721745681835e-02
9.262500000000001066e+00,7.945870242034646935e+01,9.671725870242246310e+04,5.347983153604755069e-01,5.877990149185484403e-02,5.877990149185483015e-02
9.270000000000001350e+00,3.759439733807888318e-01,9.671797594397549983e+04,5.347534288815054548e-01,5.878031153175314327e-02,5.878031153175314327e-02
9.277500000000001634e+00,1.093206331063908410e+00,9.679849320633317984e+04,5.348765902660572724e-01,5.878071829340110466e-02,5.878071829340110466e-02
9.285000000000000142e+00,1.810500382323585455e+00,9.687901050038445101e+04,5.350057545226929445e-01,5.878108108558337264e-02,5.878108108558337264e-02
9.292500000000000426e+00,2.527794750186778128e+00,9.695952779475231364e+04,5.350915736143420087e-01,5.878148850048101060e-02,5.878148850048102447e-02
9.300000000000000711e+00,3.245031945255254513e+00,9.704004503194738936e+04,5.351326139125420767e-01,5.878208987130330992e-02,5.878208987130329605e-02
9.307500000000000995e+00,3.962324249295752665e+00,9.712056232425142662e+04,5.351274174740061618e-01,5.878254110683742151e-02,5.878254110683743539e-02
9.315000000000001279e+00,4.679653763292610513e+00,9.720107965376542415e+04,5.350745036579953595e-01,5.878297706102722509e-02,5.878297706102721121e-02
9.322500000000001563e+00,5.397003127339664807e+00,9.728159700312947098e+04,5.352281641650178390e-01,5.878340911452174800e-02,5.878340911452173412e-02
9.330000000000000071e+00,6.114385278935625223e+00,9.736211438528107828e+04,5.353502371506585478e-01,5.878379261270347267e-02,5.878379261270347267e-02
9.337500000000000355e+00,6.831742735882229134e+00,9.744263174273802724e+04,5.354282803420016279e-01,5.878429247558759202e-02,5.878429247558759202e-02
9.345000000000000639e+00,7.549073277238006696e+00,9.752314907327939000e+04,5.354608400240912225e-01,5.878487856386491184e-02,5.878487856386492572e-02
9.352500000000000924e+00,8.266455842116197772e+00,9.760366645584425714e+04,5.354464381054866440e-01,5.878534140554513010e-02,5.878534140554511622e-02
9.360000000000001208e+00,8.983870681019471505e+00,9.768418387068317679e+04,5.354175040367417093e-01,5.878580073926462785e-02,5.878580073926462785e-02
9.367500000000001492e+00,9.701306708490198716e+00,9.776470130671064544e+04,5.355740289907290341e-01,5.878624853796245164e-02,5.878624853796246552e-02
9.375000000000000000e+00,1.041877464713545365e+01,9.784521877464928548e+04,5.356872484647787758e-01,5.878664873006887726e-02,5.878664873006887726e-02
9.382500000000000284e+00,1.113619116649290675e+01,9.792573619116864575e+04,5.357557145042277646e-01,5.878724163084771137e-02,5.878724163084772525e-02
9.390000000000000568e+00,1.185361455540951781e+01,9.800625361455757229e+04,5.357779533278645978e-01,5.878779935886890157e-02,5.878779935886888769e-02
9.397500000000000853e+00,1.257108547771397333e+01,9.808677108547987882e+04,5.357524668014705949e-01,5.878827062222671124e-02,5.878827062222669736e-02
9.405000000000001137e+00,1.328858245139977967e+01,9.816728858245356241e+04,5.357646944813427847e-01,5.878875035261912213e-02,5.878875035261913601e-02
9.412500000000001421e+00,1.400610430799079076e+01,9.824780610431016248e+04,5.359113475903901636e-01,5.878920447753877010e-02,5.878920447753877010e-02
9.419999999999999929e+00,1.472365410671374519e+01,9.832832365410888451e+04,5.360139550771887418e-01,5.878962070359126935e-02,5.878962070359126935e-02
9.427500000000000213e+00,1.544112828153851424e+01,9.840884112828371872e+04,5.360710490086073587e-01,5.879028820468877592e-02,5.879028820468878286e-02
9.435000000000000497e+00,1.615864184252602698e+01,9.848935864184470847e+04,5.360811356483288215e-01,5.879081977579872498e-02,5.879081977579872498e-02
9.442500000000000782e+00,1.687619799860572911e+01,9.856987619800078392e+04,5.360426970238200139e-01,5.879129872568254755e-02,5.879129872568255449e-02
9.450000000000001066e+00,1.759377442934367863e+01,9.865039377443153353e+04,5.361022951186534824e-01,5.879179287719737967e-02,5.879179287719737967e-02
9.457500000000001350e+00,1.831137997596057687e+01,9.873091137997814803e+04,5.362373640489378479e-01,5.879224664114636456e-02,5.879224664114636456e-02
9.465000000000001634e+00,1.902899253997201967e+01,9.881142899254216172e+04,5.363276132509755545e-01,5.879272128738371322e-02,5.879272128738371322e-02
9.472500000000000142e+00,1.974653840235180269e+01,9.889194653840454703e+04,5.363715549329994836e-01,5.879339544451629707e-02,5.879339544451629707e-02
9.480000000000000426e+00,2.046413824693762606e+01,9.897246413824913907e+04,5.363676756116220190e-01,5.879390951863650017e-02,5.879390951863651404e-02
9.487500000000000711e+00,2.118177483266632066e+01,9.905298177483487234e+04,5.363144377862825163e-01,5.879439819291453623e-02,5.879439819291452235e-02
9.495000000000000995e+00,2.189942922145908710e+01,9.913349942922366608e+04,5.364276272888166552e-01,5.879489673507590219e-02,5.879489673507588832e-02
9.502500000000001279e+00,2.261711475304633012e+01,9.921401711475524644e+04,5.365494174182311449e-01,5.879534701450938455e-02,5.879534701450938455e-02
9.510000000000001563e+00,2.333476733453241536e+01,9.929453476733673597e+04,5.366255823953761661e-01,5.879593196651645287e-02,5.879593196651646675e-02
9.517500000000000071e+00,2.405240126689699309e+01,9.937505240126910212e+04,5.366546147842280456e-01,5.879654625104289295e-02,5.879654625104289295e-02
9.525000000000000355e+00,2.477008404547535392e+01,9.945557008404769294e+04,5.366349816657096650e-01,5.879704159570436905e-02,5.879704159570436905e-02
9.532500000000000639e+00,2.548779483240449650e+01,9.953608779483461694e+04,5.365863125589946936e-01,5.879754321786143795e-02,5.879754321786141019e-02
9.540000000000000924e+00,2.620552650525322846e+01,9.961660552650746831e+04,5.367381139826077341e-01,5.879803335512613638e-02,5.879803335512613638e-02
9.547500000000001208e+00,2.692328653081091971e+01,9.969712328653303848e+04,5.368449562634948213e-01,5.879848120168468945e-02,5.879848120168466863e-02
9.555000000000001492e+00,2.764097819363768238e+01,9.977764097819586459e+04,5.369053393902425420e-01,5.879914959924005535e-02,5.879914959924006923e-02
9.562500000000000000e+00,2.835869576729290742e+01,9.985815869576952537e+04,5.369177365976232075e-01,5.879971168794139585e-02,5.879971168794138198e-02
9.570000000000000284e+00,2.907645662964975841e+01,9.993867645663188887e+04,5.368805959524246552e-01,5.880019355099986439e-02,5.880019355099985745e-02
9.577500000000000568e+00,2.979423662568112974e+01,1.000191942366279109e+05,5.368952368570993894e-01,5.880070391514708589e-02,5.880070391514709283e-02
9.585000000000000853e+00,3.051204332701827227e+01,1.000997120433292584e+05,5.370312951508052768e-01,5.880117715835904424e-02,5.880117715835905812e-02
9.592500000000001137e+00,3.122985874468779954e+01,1.001802298587469268e+05,5.371215537564483222e-01,5.880166242407040139e-02,5.880166242407040833e-02
9.600000000000001421e+00,3.194760253393519278e+01,1.002607476025361830e+05,5.371644934590493747e-01,5.880234518789741877e-02,5.880234518789743264e-02
9.607499999999999929e+00,3.266539856570090450e+01,1.003412653985679499e+05,5.371585685862884096e-01,5.880286585861627113e-02,5.880286585861627113e-02
9.615000000000000213e+00,3.338323033668419981e+01,1.004217832303389296e+05,5.371022087295903580e-01,5.880334636418884514e-02,5.880334636418885208e-02
9.622500000000000497e+00,3.410107765435174088e+01,1.005023010776566080e+05,5.371861000378870266e-01,5.880385021863150652e-02,5.880385021863152040e-02
9.630000000000000782e+00,3.481895433189932731e+01,1.005828189543341578e+05,5.373048432737791424e-01,5.880430567719181073e-02,5.880430567719179685e-02
9.637500000000001066e+00,3.553679048895669013e+01,1.006633367904912157e+05,5.373769230216234316e-01,5.880491189247220168e-02,5.880491189247220168e-02
9.645000000000001350e+00,3.625461436141140581e+01,1.007438546143636777e+05,5.374008012872992790e-01,5.880550664083696727e-02,5.880550664083696727e-02
9.652500000000001634e+00,3.697248406662217945e+01,1.008243724840688810e+05,5.373749140270694946e-01,5.880598780142932969e-02,5.880598780142934356e-02
9.660000000000000142e+00,3.769037807156581721e+01,1.009048903780738328e+05,5.373107579037453840e-01,5.880647795821065255e-02,5.880647795821065255e-02
9.667500000000000426e+00,3.840829236994646578e+01,1.009854082923722162e+05,5.374566777013957131e-01,5.880695817484798971e-02,5.880695817484800358e-02
9.675000000000000711e+00,3.912623117482525714e+01,1.010659262311771017e+05,5.375565788922964661e-01,5.880740206948527338e-02,5.880740206948528725e-02
9.682500000000000995e+00,3.984409133622963850e+01,1.011464440913385042e+05,5.376089324280637349e-01,5.880807334117610363e-02,5.880807334117610363e-02
9.690000000000001279e+00,4.056198760436255668e+01,1.012269619876066427e+05,5.376121820694982345e-01,5.880861007924056277e-02,5.880861007924056277e-02
9.697500000000001563e+00,4.127992398061702062e+01,1.013074799239829008e+05,5.375647460571112424e-01,5.880906464904597092e-02,5.880906464904597092e-02
9.705000000000000071e+00,4.199787507294646360e+01,1.013879978750752343e+05,5.375784157953713560e-01,5.880955771692376877e-02,5.880955771692376877e-02
9.712500000000000355e+00,4.271585287476548132e+01,1.014685158528770553e+05,5.377049018401658387e-01,5.881000846583012143e-02,5.881000846583012837e-02
9.720000000000000639e+00,4.343381435311032135e+01,1.015490338143553963e+05,5.377844857929764411e-01,5.881053850054426130e-02,5.881053850054428905e-02
9.727500000000000924e+00,4.415173065921135276e+01,1.016295517306615075e+05,5.378156205117819999e-01,5.881115757901082125e-02,5.881115757901083513e-02
9.735000000000001208e+00,4.486969450109727831e+01,1.017100696945033997e+05,5.377967321617822538e-01,5.881163607484356931e-02,5.881163607484356931e-02
9.742500000000001492e+00,4.558768729694036637e+01,1.017905876872992376e+05,5.377262220495225842e-01,5.881208858801083988e-02,5.881208858801083988e-02
9.750000000000000000e+00,4.630569521350709294e+01,1.018711056952158106e+05,5.378232251574747158e-01,5.881255968020105557e-02,5.881255968020105557e-02
9.757500000000000284e+00,4.702372916637000344e+01,1.019516237291686703e+05,5.379288756580954400e-01,5.881298608570403180e-02,5.881298608570403180e-02
9.765000000000000568e+00,4.774169767370067774e+01,1.020321416976760083e+05,5.379867255409213067e-01,5.881360661094989922e-02,5.881360661094988534e-02
9.772500000000000853e+00,4.845968053610877746e+01,1.021126596805384179e+05,5.379952102142642190e-01,5.881414331056103451e-02,5.881414331056104144e-02
9.780000000000001137e+00,4.917770517729716317e+01,1.021931777051796089e+05,5.379527390179967838e-01,5.881457331787234150e-02,5.881457331787235537e-02
9.787500000000001421e+00,4.989574567679628103e+01,1.022736957456791133e+05,5.379127807529321403e-01,5.881503404999961077e-02,5.881503404999961077e-02
9.794999999999999929e+00,5.061380915921400714e+01,1.023542138091615343e+05,5.380434126493809366e-01,5.881546736254775198e-02,5.881546736254777280e-02
9.802500000000000213e+00,5.133187316876384187e+01,1.024347318731710839e+05,5.381268874701267135e-01,5.881592795644995791e-02,5.881592795644995791e-02
9.810000000000000497e+00,5.204986854434375232e+01,1.025152498685466708e+05,5.381616510571470835e-01,5.881654887585394120e-02,5.881654887585394120e-02
9.817500000000000782e+00,5.276791182516570444e+01,1.025957679118274973e+05,5.381461221282700658e-01,5.881701357376267064e-02,5.881701357376267064e-02
9.825000000000001066e+00,5.348598671390388404e+01,1.026762859867162333e+05,5.380786940938848684e-01,5.881742315527095644e-02,5.881742315527097031e-02
9.832500000000001350e+00,5.420407344210462952e+01,1.027568040734444367e+05,5.381293101157106351e-01,5.881786961396438113e-02,5.881786961396436725e-02
9.840000000000001634e+00,5.492218570187051796e+01,1.028373221857042081e+05,5.382373968895280969e-01,5.881826923739320867e-02,5.881826923739319479e-02
9.847500000000000142e+00,5.564024171611021075e+01,1.029178402417184552e+05,5.382974233961789201e-01,5.881883771248185011e-02,5.881883771248185011e-02
9.855000000000000426e+00,5.635829677769835655e+01,1.029983582967800467e+05,5.383078189490256849e-01,5.881935817925559862e-02,5.881935817925562637e-02
9.862500000000000711e+00,5.707639377702874128e+01,1.030788763937793701e+05,5.382669864537515947e-01,5.881975903059957766e-02,5.881975903059957766e-02
9.870000000000000995e+00,5.779450760838552270e+01,1.031593945076107339e+05,5.381876907964956436e-01,5.882017559785306104e-02,5.882017559785304717e-02
9.877500000000001279e+00,5.851264105418457007e+01,1.032399126410565368e+05,5.383194511462866538e-01,5.882058003987575279e-02,5.882058003987575279e-02
9.885000000000001563e+00,5.923078460707134951e+01,1.033204307846094307e+05,5.384038000688682324e-01,5.882097999366608237e-02,5.882097999366608237e-02
9.892500000000000071e+00,5.994884490423824275e+01,1.034009488449065975e+05,5.384391785775886063e-01,5.882158257265545503e-02,5.882158257265545503e-02
9.900000000000000355e+00,6.066695261738938427e+01,1.034814669526197540e+05,5.384240003178064615e-01,5.882202056551219527e-02,5.882202056551219527e-02
9.907500000000000639e+00,6.138509275749233041e+01,1.035619850927598600e+05,5.383566533835587586e-01,5.882238522497570954e-02,5.882238522497569566e-02
9.915000000000000924e+00,6.210324267796583797e+01,1.036425032426803373e+05,5.383741609671470751e-01,5.882279401318794843e-02,5.882279401318796230e-02
9.922500000000001208e+00,6.282141680098099101e+01,1.037230214168033563e+05,5.384819644878738876e-01,5.882315777916247851e-02,5.882315777916246463e-02
9.930000000000001492e+00,6.353953908032347186e+01,1.038035395390826889e+05,5.385414578814803344e-01,5.882367600338331282e-02,5.882367600338331282e-02
9.937500000000000000e+00,6.425765144446799582e+01,1.038840576514468412e+05,5.385510666639912181e-01,5.882416601068537337e-02,5.882416601068538031e-02
9.945000000000000284e+00,6.497580509494271439e+01,1.039645758050973236e+05,5.385091897880558420e-01,5.882452955963176494e-02,5.882452955963178576e-02
9.952500000000000568e+00,6.569397558119555924e+01,1.040450939755835716e+05,5.384142016605222292e-01,5.882489659854753250e-02,5.882489659854753250e-02
9.960000000000000853e+00,6.641216314177900415e+01,1.041256121631441638e+05,5.385330171031673663e-01,5.882526241296080066e-02,5.882526241296077291e-02
9.967500000000001137e+00,6.713036414872100011e+01,1.042061303641511040e+05,5.386158277893635660e-01,5.882560982791324583e-02,5.882560982791324583e-02
9.975000000000001421e+00,6.784847472022100590e+01,1.042866484747226059e+05,5.386494275466192638e-01,5.882617773982776882e-02,5.882617773982776188e-02
9.982499999999999929e+00,6.856663167815852944e+01,1.043671666316805495e+05,5.386322273430375063e-01,5.882657738679094445e-02,5.882657738679095832e-02
9.990000000000000213e+00,6.928482057662986904e+01,1.044476848205790302e+05,5.385626125294463717e-01,5.882689431931065194e-02,5.882689431931067275e-02
9.997500000000000497e+00,7.000301769778606342e+01,1.045282030177001870e+05,5.385579817596096719e-01,5.882725682342369866e-02,5.882725682342371254e-02
1.000500000000000078e+01,7.072123749634607748e+01,1.046087212374987430e+05,5.386633795038711092e-01,5.882757716783895002e-02,5.882757716783895002e-02
1.001250000000000107e+01,7.143940563578262015e+01,1.046892394056381891e+05,5.387202421462731206e-01,5.882804758173221238e-02,5.882804758173219850e-02
1.002000000000000135e+01,7.215756025293657672e+01,1.047697575602553406e+05,5.387269937241485618e-01,5.882849555438759287e-02,5.882849555438759287e-02
1.002750000000000163e+01,7.287575503880626115e+01,1.048502757550412207e+05,5.386820317142306802e-01,5.882881369073242328e-02,5.882881369073239552e-02
1.003500000000000014e+01,7.359396565933377587e+01,1.049307939656617527e+05,5.385837290714804437e-01,5.882912869009748053e-02,5.882912869009746665e-02
1.004250000000000043e+01,7.431219163506983705e+01,1.050113121916374803e+05,5.386851305383010269e-01,5.882944814138735962e-02,5.882944814138735962e-02
1.005000000000000071e+01,7.503042955118667123e+01,1.050918304295536072e+05,5.387645926696630339e-01,5.882974951480404724e-02,5.882974951480402642e-02
1.005750000000000099e+01,7.574857564574128332e+01,1.051723485756481678e+05,5.387946363158766516e-01,5.883027032115913102e-02,5.883027032115912408e-02
1.006500000000000128e+01,7.646676676139529150e+01,1.052528667667638219e+05,5.387736721571986243e-01,5.883062230879841648e-02,5.883062230879842341e-02
1.007250000000000156e+01,7.718498845759017968e+01,1.053333849884600204e+05,5.387000853413443924e-01,5.883088820038761407e-02,5.883088820038761407e-02
1.008000000000000007e+01,7.790321699880249184e+01,1.054139032170012360e+05,5.386820305047577140e-01,5.883119943460140416e-02,5.883119943460140416e-02
1.008750000000000036e+01,7.862146673511185213e+01,1.054944214667375491e+05,5.387834900243823055e-01,5.883147062134572863e-02,5.883147062134572863e-02
1.009500000000000064e+01,7.933966184083961082e+01,1.055749396618432802e+05,5.388362277588788496e-01,5.883189528706016247e-02,5.883189528706016247e-02
1.010250000000000092e+01,2.578438638290878049e-01,1.055756578438662691e+05,5.388386685743182802e-01,5.883229252788790137e-02,5.883229252788791525e-02
1.011000000000000121e+01,9.760646529416249217e-01,1.056561760646553885e+05,5.387892109117502493e-01,5.883255881111239954e-02,5.883255881111239954e-02
1.011750000000000149e+01,1.694299527640999337e+00,1.057366942995300924e+05,5.386862288550547939e-01,5.883282056161184131e-02,5.883282056161185519e-02
1.012500000000000000e+01,2.412548692782036763e+00,1.058172125486952282e+05,5.387778792161290742e-01,5.883308812060066006e-02,5.883308812060066006e-02
1.013250000000000028e+01,3.130804960954781002e+00,1.058977308049634012e+05,5.388527712438492268e-01,5.883334787488640749e-02,5.883334787488640749e-02
1.014000000000000057e+01,3.848972085641591434e+00,1.059782489720880985e+05,5.388780826329909734e-01,5.883381295638304143e-02,5.883381295638305530e-02
1.014750000000000085e+01,4.567182686421172200e+00,1.060587671826888836e+05,5.388522261215304976e-01,5.883411065335691220e-02,5.883411065335693996e-02
1.015500000000000114e+01,5.285421942441571375e+00,1.061392854219449073e+05,5.387735891221139273e-01,5.883432291940457470e-02,5.883432291940457470e-02
1.016250000000000142e+01,6.003666822367756062e+00,1.062198036668248242e+05,5.387486444351213821e-01,5.883458013058319447e-02,5.883458013058317365e-02
1.017000000000000171e+01,6.721931482518784584e+00,1.063003219314849848e+05,5.388452055171101263e-01,5.883479831525315062e-02,5.883479831525315756e-02
1.017750000000000021e+01,7.440136583735833753e+00,1.063808401365862082e+05,5.388929078666097050e-01,5.883517851892483552e-02,5.883517851892482164e-02
1.018500000000000050e+01,8.158331698838393820e+00,1.064613583317013108e+05,5.388901794326181882e-01,5.883551923802075173e-02,5.883551923802076561e-02
1.019250000000000078e+01,8.876564011188627035e+00,1.065418765640136553e+05,5.388354219807226508e-01,5.883572947783892448e-02,5.883572947783892448e-02
1.020000000000000107e+01,9.594808253960547262e+00,1.066223948082564311e+05,5.387270131935969486e-01,5.883593757033449972e-02,5.883593757033449972e-02
1.020750000000000135e+01,1.031306617177656726e+01,1.067029130661742529e+05,5.388144095795999178e-01,5.883614985097520428e-02,5.883614985097520428e-02
1.021500000000000163e+01,1.103132451469901021e+01,1.067834313245171797e+05,5.388840743062545124e-01,5.883637022152937712e-02,5.883637022152936324e-02
1.022250000000000014e+01,1.174949875917963205e+01,1.068639494987616636e+05,5.389040519855436973e-01,5.883677464625491904e-02,5.883677464625490516e-02
1.023000000000000043e+01,1.246771489090528462e+01,1.069444677148933988e+05,5.388727596688299704e-01,5.883701415469855256e-02,5.883701415469853868e-02
1.023750000000000071e+01,1.318595744635068279e+01,1.070249859574488364e+05,5.387885893824770900e-01,5.883717155541295235e-02,5.883717155541296623e-02
1.024500000000000099e+01,1.390420462648411082e+01,1.071055042046289745e+05,5.387612070744053350e-01,5.883737346215327929e-02,5.883737346215326541e-02
1.025250000000000128e+01,1.462247020684441523e+01,1.071860224702093401e+05,5.388524528237864653e-01,5.883753661491863962e-02,5.883753661491863962e-02
1.026000000000000156e+01,1.534067049922295745e+01,1.072665406705017231e+05,5.388947618914239346e-01,5.883787284066574474e-02,5.883787284066574474e-02
1.026750000000000007e+01,1.605886522174609610e+01,1.073470588652242441e+05,5.388865674623124491e-01,5.883815407215421678e-02,5.883815407215421678e-02
1.027500000000000036e+01,1.677709551227309959e+01,1.074275770955147746e+05,5.388262768578088169e-01,5.883830641502642289e-02,5.883830641502643677e-02
1.028250000000000064e+01,1.749533550736176934e+01,1.075080953355098754e+05,5.387122736683510604e-01,5.883846111512263527e-02,5.883846111512264915e-02
1.029000000000000092e+01,1.821358881079516223e+01,1.075886135888133140e+05,5.387988591916210712e-01,5.883861669014048279e-02,5.883861669014050361e-02
1.029750000000000121e+01,1.893183540402560894e+01,1.076691318354065443e+05,5.388631682649140942e-01,5.883879786777512777e-02,5.883879786777511389e-02
1.030500000000000149e+01,1.965000372350988300e+01,1.077496500037260266e+05,5.388777476756861917e-01,5.883914020489770108e-02,5.883914020489770108e-02
1.031250000000000000e+01,2.036821242649933339e+01,1.078301682124290237e+05,5.388410209047915789e-01,5.883932024706561847e-02,5.883932024706561847e-02
1.032000000000000028e+01,2.108644527539964741e+01,1.079106864452779264e+05,5.387513867713257243e-01,5.883942295116069421e-02,5.883942295116068033e-02
1.032750000000000057e+01,2.180468199166997678e+01,1.079912046819941897e+05,5.387240578728892393e-01,5.883956948997106501e-02,5.883956948997106501e-02
1.033500000000000085e+01,2.252293576857594104e+01,1.080717229357711039e+05,5.388100750111843862e-01,5.883967721876461054e-02,5.883967721876461054e-02
1.034250000000000114e+01,2.324111873575717624e+01,1.081522411187382822e+05,5.388471434424725315e-01,5.883996934377759558e-02,5.883996934377760252e-02
1.035000000000000142e+01,2.395930066464850938e+01,1.082327593006671814e+05,5.388337035903243422e-01,5.884019078259890290e-02,5.884019078259890984e-02
1.035750000000000171e+01,2.467751658925230274e+01,1.083132775165917847e+05,5.387681703840856429e-01,5.884028554444056813e-02,5.884028554444057507e-02
1.036500000000000021e+01,2.539574019955704642e+01,1.083937957402020984e+05,5.386489354195959089e-01,5.884038776118580977e-02,5.884038776118581671e-02
1.037250000000000050e+01,2.611397682962796551e+01,1.084743139768321707e+05,5.387362343862465153e-01,5.884048697217333229e-02,5.884048697217333229e-02
1.038000000000000078e+01,2.683220038024484211e+01,1.085548322003827925e+05,5.387955422938111028e-01,5.884062739928522245e-02,5.884062739928522245e-02
1.038750000000000107e+01,2.755035083581612909e+01,1.086353503508383728e+05,5.388051473576349615e-01,5.884090946741479117e-02,5.884090946741477729e-02
1.039500000000000135e+01,2.826854038229376087e+01,1.087158685403848503e+05,5.387634814159744101e-01,5.884103117066612904e-02,5.884103117066614291e-02
1.040250000000000163e+01,2.898675202007351359e+01,1.087963867520226340e+05,5.386689520411541698e-01,5.884108054376032543e-02,5.884108054376032543e-02
1.041000000000000014e+01,2.970496694323561826e+01,1.088769049669457891e+05,5.386423503539786717e-01,5.884117285603761988e-02,5.884117285603761988e-02
1.041750000000000043e+01,3.042319770451476302e+01,1.089574231977070740e+05,5.387236795579346538e-01,5.884122617905261643e-02,5.884122617905260255e-02
1.042500000000000071e+01,3.114135315311766661e+01,1.090379413531556784e+05,5.387561184676690207e-01,5.884147375379307487e-02,5.884147375379308875e-02
1.043250000000000099e+01,3.185951118053610998e+01,1.091184595111831004e+05,5.387381165509482761e-01,5.884163753033461175e-02,5.884163753033462563e-02
1.044000000000000128e+01,3.257770182202922626e+01,1.091989777018245950e+05,5.386680981720448624e-01,5.884167690647141430e-02,5.884167690647141430e-02
1.044750000000000156e+01,3.329589853336201344e+01,1.092794958985359408e+05,5.385444647728380163e-01,5.884172818826544776e-02,5.884172818826544776e-02
1.045500000000000007e+01,3.401410792894512980e+01,1.093600141079315217e+05,5.386322416052918838e-01,5.884177296947848412e-02,5.884177296947851188e-02
1.046250000000000036e+01,3.473229968279244417e+01,1.094405322996853647e+05,5.386873303110537581e-01,5.884186969587263533e-02,5.884186969587263533e-02
1.047000000000000064e+01,3.545042163756578191e+01,1.095210504216401459e+05,5.386928156268654400e-01,5.884209623509746578e-02,5.884209623509746578e-02
1.047750000000000092e+01,3.616858172062512722e+01,1.096015685817232152e+05,5.386471394449654504e-01,5.884216286063661400e-02,5.884216286063660012e-02
1.048500000000000121e+01,3.688676232268281296e+01,1.096820867623252707e+05,5.385487197907105061e-01,5.884216119243474569e-02,5.884216119243474569e-02
1.049250000000000149e+01,3.760494567769666929e+01,1.097626049456802866e+05,5.385218689644600820e-01,5.884220165926617313e-02,5.884220165926616619e-02
1.050000000000000000e+01,3.832314389331603621e+01,1.098431231438959076e+05,5.385994466147088211e-01,5.884220278879110505e-02,5.884220278879109811e-02
1.050750000000000028e+01,3.904126393789996996e+01,1.099236412639405025e+05,5.386282649347330365e-01,5.884240526690382583e-02,5.884240526690381889e-02
1.051500000000000057e+01,3.975938840964931131e+01,1.100041593884122412e+05,5.386067840056905087e-01,5.884251567703400326e-02,5.884251567703400326e-02
1.052250000000000085e+01,4.047754444101729376e+01,1.100846775444436207e+05,5.385334391902711904e-01,5.884250343465068783e-02,5.884250343465068783e-02
1.053000000000000114e+01,4.119570545498756076e+01,1.101651957054575905e+05,5.384066433237271188e-01,5.884250596618195023e-02,5.884250596618195717e-02
1.053750000000000142e+01,4.191387868430962271e+01,1.102457138786869182e+05,5.384930845660209631e-01,5.884249967599890913e-02,5.884249967599892994e-02
1.054500000000000171e+01,4.263203238360684821e+01,1.103262320323862223e+05,5.385451004594097313e-01,5.884254868927781684e-02,5.884254868927781684e-02
1.055250000000000021e+01,4.335011665297325578e+01,1.104067501166555885e+05,5.385476858730899874e-01,5.884272695624351290e-02,5.884272695624352678e-02
1.056000000000000050e+01,4.406823851792420754e+01,1.104872682385205408e+05,5.384992941847636105e-01,5.884274361411259008e-02,5.884274361411259008e-02
1.056750000000000078e+01,4.478638003420899594e+01,1.105677863800368214e+05,5.383983552803517370e-01,5.884269391285663897e-02,5.884269391285663203e-02
1.057500000000000107e+01,4.550452369131514985e+01,1.106483045236939361e+05,5.383688178750443143e-01,5.884268612165190204e-02,5.884268612165188816e-02
1.058250000000000135e+01,4.622268159933692999e+01,1.107288226816019596e+05,5.384439110806631401e-01,5.884263832632070923e-02,5.884263832632070229e-02
1.059000000000000163e+01,4.694076063457986692e+01,1.108093407606372057e+05,5.384704482829680838e-01,5.884279512129984152e-02,5.884279512129984152e-02
1.059750000000000014e+01,4.765884345787836907e+01,1.108898588434605044e+05,5.384469014801752662e-01,5.884285833141608690e-02,5.884285833141608690e-02
1.060500000000000043e+01,4.837695722442767021e+01,1.109703769572270685e+05,5.383717183067991963e-01,5.884279957539146483e-02,5.884279957539145789e-02
1.061250000000000071e+01,4.909507551641438994e+01,1.110508950755190453e+05,5.382433242220300285e-01,5.884275612491479679e-02,5.884275612491479679e-02
1.062000000000000099e+01,4.981320534213443807e+01,1.111314132053447684e+05,5.383252417498916031e-01,5.884270339417389112e-02,5.884270339417387724e-02
1.062750000000000128e+01,5.053131715085967102e+01,1.112119313171535032e+05,5.383756270291034651e-01,5.884269986069882996e-02,5.884269986069882996e-02
1.063500000000000156e+01,5.124935610565691491e+01,1.112924493561083073e+05,5.383768267851544165e-01,5.884283915784210839e-02,5.884283915784209451e-02
1.064250000000000007e+01,5.196743261803676717e+01,1.113729674326206878e+05,5.383273070260058413e-01,5.884281254302153180e-02,5.884281254302151792e-02
1.065000000000000036e+01,5.268552878320279120e+01,1.114534855287858518e+05,5.382255105952338248e-01,5.884271846617059737e-02,5.884271846617059737e-02
1.065750000000000064e+01,5.340362632345861726e+01,1.115340036263261136e+05,5.381895966535552578e-01,5.884266704088216005e-02,5.884266704088214617e-02
1.066500000000000092e+01,5.412173791784925925e+01,1.116145217379205133e+05,5.382637338103700708e-01,5.884257462547768519e-02,5.884257462547769907e-02
1.067250000000000121e+01,5.483977260230181372e+01,1.116950397726049559e+05,5.382895883472491594e-01,5.884268492700922559e-02,5.884268492700924641e-02
1.068000000000000149e+01,5.555780729995443323e+01,1.117755578073026118e+05,5.382656452010342596e-01,5.884270867003897620e-02,5.884270867003899008e-02
1.068750000000000000e+01,5.627587281442993827e+01,1.118560758728170913e+05,5.381903652484459899e-01,5.884260973607480238e-02,5.884260973607478851e-02
1.069500000000000028e+01,5.699394316519651227e+01,1.119365939431678707e+05,5.380621874778210856e-01,5.884252350936117204e-02,5.884252350936117204e-02
1.070250000000000057e+01,5.771202404306344391e+01,1.120171120240457385e+05,5.381352395879478445e-01,5.884243011391204065e-02,5.884243011391204065e-02
1.071000000000000085e+01,5.843009244942345504e+01,1.120976300924520910e+05,5.381856605169852426e-01,5.884236850159281496e-02,5.884236850159281496e-02
1.071750000000000114e+01,5.914808007185646233e+01,1.121781480800745339e+05,5.381872095118345189e-01,5.884247966064770630e-02,5.884247966064769242e-02
1.072500000000000142e+01,5.986610572375586514e+01,1.122586661057264428e+05,5.381383660609172503e-01,5.884241782442782565e-02,5.884241782442782565e-02
1.073250000000000171e+01,6.058415198029095450e+01,1.123391841519829759e+05,5.380375867486671959e-01,5.884228380041602036e-02,5.884228380041600648e-02
1.074000000000000021e+01,6.130219874403175595e+01,1.124197021987467160e+05,5.379905779515032904e-01,5.884219403686170857e-02,5.884219403686169469e-02
1.074750000000000050e+01,6.202025967761015579e+01,1.125002202596802963e+05,5.380654773360158405e-01,5.884206240749659950e-02,5.884206240749659950e-02
1.075500000000000078e+01,6.273824892175250767e+01,1.125807382489244483e+05,5.380924333717462815e-01,5.884212479836462006e-02,5.884212479836463394e-02
1.076250000000000107e+01,6.345623063620401894e+01,1.126612562306389009e+05,5.380699446705141664e-01,5.884211806595061878e-02,5.884211806595063265e-02
1.077000000000000135e+01,6.417424349986035281e+01,1.127417742435025575e+05,5.379964860199579757e-01,5.884198652931302287e-02,5.884198652931300899e-02
1.077750000000000163e+01,6.489226249117039913e+01,1.128222922624938656e+05,5.378705105240402240e-01,5.884186095434976865e-02,5.884186095434976865e-02
1.078500000000000014e+01,6.561029051535189183e+01,1.129028102905180567e+05,5.379294361404491909e-01,5.884173368583336255e-02,5.884173368583336949e-02
1.079250000000000043e+01,6.632831621027892766e+01,1.129833283162129810e+05,5.379817107719104818e-01,5.884160778338944769e-02,5.884160778338944769e-02
1.080000000000000071e+01,6.704624810380191491e+01,1.130638462481065071e+05,5.379854905657569519e-01,5.884170262692949016e-02,5.884170262692950404e-02
1.080750000000000099e+01,6.776421896921438304e+01,1.131443642189719249e+05,5.379392690522641907e-01,5.884161476808984215e-02,5.884161476808982827e-02
1.081500000000000128e+01,6.848221229229145024e+01,1.132248822122950078e+05,5.378415170370078879e-01,5.884144636837300435e-02,5.884144636837300435e-02
1.082250000000000156e+01,6.920020542942582154e+01,1.133054002054321463e+05,5.377779011656061980e-01,5.884132361712649667e-02,5.884132361712651055e-02
1.083000000000000007e+01,6.991821287118833084e+01,1.133859182128739048e+05,5.378554001368376358e-01,5.884115933534957155e-02,5.884115933534954379e-02
1.083750000000000036e+01,7.063615801027314944e+01,1.134664361580129917e+05,5.378853551990401272e-01,5.884116935952582450e-02,5.884116935952582450e-02
1.084500000000000064e+01,7.135408324653957379e+01,1.135469540832492639e+05,5.378662790999219068e-01,5.884114407422437465e-02,5.884114407422438853e-02
1.085250000000000092e+01,7.207204052770319436e+01,1.136274720405304397e+05,5.377966609199101855e-01,5.884098878622100876e-02,5.884098878622100876e-02
1.086000000000000121e+01,7.279000646653166484e+01,1.137079900064692629e+05,5.376749681669379388e-01,5.884082737454538609e-02,5.884082737454537221e-02
1.086750000000000149e+01,7.350797929328754776e+01,1.137885079792960169e+05,5.377138281700007960e-01,5.884067381672329622e-02,5.884067381672329622e-02
1.087500000000000178e+01,7.422595982143484150e+01,1.138690259598241682e+05,5.377698560966889252e-01,5.884049198408970727e-02,5.884049198408973502e-02
1.088250000000000028e+01,7.494383837100998846e+01,1.139495438383737492e+05,5.377778232923468016e-01,5.884056750640922345e-02,5.884056750640922345e-02
1.089000000000000057e+01,7.566175202696368274e+01,1.140300617520297092e+05,5.377362376198498994e-01,5.884046374334840623e-02,5.884046374334840623e-02
1.089750000000000085e+01,7.637969065883143571e+01,1.141105796906615724e+05,5.376435843069591325e-01,5.884026828155867334e-02,5.884026828155867334e-02
1.090500000000000114e+01,7.709762918227482942e+01,1.141910976291850238e+05,5.375572936646731970e-01,5.884011711273327838e-02,5.884011711273327838e-02
1.091250000000000142e+01,7.781558166777807628e+01,1.142716155816705286e+05,5.376392809379064719e-01,5.883992785623933658e-02,5.883992785623933658e-02
1.092000000000000171e+01,7.853348738122433303e+01,1.143521334873839805e+05,5.376741769879347377e-01,5.883986823566037666e-02,5.883986823566039054e-02
1.092750000000000021e+01,7.925135289726901533e+01,1.144326513529000222e+05,5.376605089047965524e-01,5.883984834223823790e-02,5.883984834223824484e-02
1.093500000000000050e+01,1.692530059812255849e-01,1.144333692530087428e+05,5.375967801829157899e-01,5.883967936321689990e-02,5.883967936321689990e-02
1.094250000000000078e+01,8.871657078159421728e-01,1.145138871657105774e+05,5.374814727564254380e-01,5.883948597168290467e-02,5.883948597168290467e-02
1.095000000000000107e+01,1.605082522855678206e+00,1.145944050825256272e+05,5.374938915719187360e-01,5.883931394594574954e-02,5.883931394594576342e-02
1.095750000000000135e+01,2.323010566215323536e+00,1.146749230105689930e+05,5.375555880666152975e-01,5.883910358336458951e-02,5.883910358336458951e-02
1.096500000000000163e+01,3.040846379057848381e+00,1.147554408463818254e+05,5.375697074381701190e-01,5.883913696047463754e-02,5.883913696047462366e-02
1.097250000000000014e+01,3.758701808979046710e+00,1.148359587018117600e+05,5.375347719302874250e-01,5.883902804299873807e-02,5.883902804299873807e-02
1.098000000000000043e+01,4.476584989616706700e+00,1.149164765849924006e+05,5.374492811482602939e-01,5.883881509004171978e-02,5.883881509004176141e-02
1.098750000000000071e+01,5.194469753345019924e+00,1.149969944697561295e+05,5.373339279408398950e-01,5.883863857886349746e-02,5.883863857886351134e-02
1.099500000000000099e+01,5.912367046456924236e+00,1.150775123670492467e+05,5.374222811254922849e-01,5.883843299022377404e-02,5.883843299022377404e-02
1.100250000000000128e+01,6.630238618218876390e+00,1.151580302386210096e+05,5.374640412537106116e-01,5.883829656760983240e-02,5.883829656760983240e-02
1.101000000000000156e+01,7.348043865109385564e+00,1.152385480438678933e+05,5.374577497394079639e-01,5.883829453049901209e-02,5.883829453049900515e-02
1.101750000000000007e+01,8.065886448430731548e+00,1.153190658864512225e+05,5.374019243860806982e-01,5.883812286415348453e-02,5.883812286415348453e-02
1.102500000000000036e+01,8.783746774665784685e+00,1.153995837467774691e+05,5.372950613502096573e-01,5.883790289220808961e-02,5.883790289220808961e-02
1.103250000000000064e+01,9.501608420700604185e+00,1.154801016084235016e+05,5.372744615414346558e-01,5.883771908671449336e-02,5.883771908671449336e-02
1.104000000000000092e+01,1.021948395176366198e+01,1.155606194839545642e+05,5.373436980914767513e-01,5.883749024168557357e-02,5.883749024168558744e-02
1.104750000000000121e+01,1.093728337348238711e+01,1.156411372833762871e+05,5.373658824709677262e-01,5.883747449837856136e-02,5.883747449837858912e-02
1.105500000000000149e+01,1.165508082483644969e+01,1.157216550808276515e+05,5.373395511451908302e-01,5.883737179257671202e-02,5.883737179257671202e-02
1.106250000000000178e+01,1.237290866264151035e+01,1.158021729086654523e+05,5.372632178466231201e-01,5.883715306496426628e-02,5.883715306496425240e-02
1.107000000000000028e+01,1.309074210880372924e+01,1.158826907421116193e+05,5.371353756831732662e-01,5.883695284929852526e-02,5.883695284929851138e-02
1.107750000000000057e+01,1.380858510264394390e+01,1.159632085851054580e+05,5.372088495565341404e-01,5.883674020103050323e-02,5.883674020103050323e-02
1.108500000000000085e+01,1.452642938728722299e+01,1.160437264293901098e+05,5.372593220852595053e-01,5.883651878194307711e-02,5.883651878194307711e-02
1.109250000000000114e+01,1.524417514937531237e+01,1.161242441751521983e+05,5.372622924807007871e-01,5.883654633964226222e-02,5.883654633964227609e-02
1.110000000000000142e+01,1.596196100558024611e+01,1.162047619610084075e+05,5.372162925639103470e-01,5.883638347326829166e-02,5.883638347326827778e-02
1.110750000000000171e+01,1.667977016433014015e+01,1.162852797701671661e+05,5.371198323281090037e-01,5.883614612492630430e-02,5.883614612492629042e-02
1.111500000000000021e+01,1.739757945166300246e+01,1.163657975794544909e+05,5.370596550637175559e-01,5.883595374125455413e-02,5.883595374125452637e-02
1.112250000000000050e+01,1.811540352133684095e+01,1.164463154035241751e+05,5.371382078459351339e-01,5.883571675280752089e-02,5.883571675280753477e-02
1.113000000000000078e+01,1.883317673549085569e+01,1.165268331767383352e+05,5.371702662955988306e-01,5.883562165620538631e-02,5.883562165620538631e-02
1.113750000000000107e+01,1.955091526660513779e+01,1.166073509152694460e+05,5.371543807715464247e-01,5.883555801973728433e-02,5.883555801973729821e-02
1.114500000000000135e+01,2.026868877017120241e+01,1.166878686887730146e+05,5.370890787202891037e-01,5.883534649197686567e-02,5.883534649197686567e-02
1.115250000000000163e+01,2.098647431934739416e+01,1.167683864743221930e+05,5.369728666904484138e-01,5.883512422305806761e-02,5.883512422305806761e-02
1.116000000000000014e+01,2.170426511047798712e+01,1.168489042651133204e+05,5.370026702621454318e-01,5.883491339813809451e-02,5.883491339813806675e-02
1.116750000000000043e+01,2.242206764727598767e+01,1.169294220676501282e+05,5.370635815329127816e-01,5.883466428399533599e-02,5.883466428399534986e-02
1.117500000000000071e+01,2.313977844787301308e+01,1.170099397784507310e+05,5.370775686316385800e-01,5.883466573675964068e-02,5.883466573675964068e-02
1.118250000000000099e+01,2.385750944325446454e+01,1.170904575094461179e+05,5.370431769600201299e-01,5.883452307125468933e-02,5.883452307125468933e-02
1.119000000000000128e+01,2.457526860668852109e+01,1.171709752686095453e+05,5.369589298257269050e-01,5.883428245503603132e-02,5.883428245503601745e-02
1.119750000000000156e+01,2.529303027422269778e+01,1.172514930302770808e+05,5.368528347369146969e-01,5.883408006518052458e-02,5.883408006518051070e-02
1.120500000000000007e+01,2.601080489622603764e+01,1.173320108048990951e+05,5.369423420577957851e-01,5.883384531899406994e-02,5.883384531899406994e-02
1.121250000000000036e+01,2.672856076716241347e+01,1.174125285607700353e+05,5.369859373190735141e-01,5.883366118009479562e-02,5.883366118009478868e-02
1.122000000000000064e+01,2.744624289713671317e+01,1.174930462429000036e+05,5.369821843156744601e-01,5.883364697751239381e-02,5.883364697751236605e-02
1.122750000000000092e+01,2.816396402857903070e+01,1.175735639640314475e+05,5.369296236747770346e-01,5.883345570153201975e-02,5.883345570153201975e-02
1.123500000000000121e+01,2.888170498102259032e+01,1.176540817049838952e+05,5.368267747683009850e-01,5.883321672624798604e-02,5.883321672624798604e-02
1.124250000000000149e+01,2.959944742525049932e+01,1.177345994474281324e+05,5.368066502005116591e-01,5.883301310707077236e-02,5.883301310707077236e-02
1.125000000000000178e+01,3.031720510525875056e+01,1.178151172051081376e+05,5.368795667840781105e-01,5.883276250462485257e-02,5.883276250462485257e-02
1.125750000000000028e+01,3.103489775629397940e+01,1.178956348977591842e+05,5.369061572096780477e-01,5.883269526736755600e-02,5.883269526736755600e-02
1.126500000000000057e+01,3.175257495293618959e+01,1.179761525749558205e+05,5.368849799173789350e-01,5.883259971481459571e-02,5.883259971481458184e-02
1.127250000000000085e+01,3.247028567913960018e+01,1.180566702856820339e+05,5.368145709131367793e-01,5.883237245577505048e-02,5.883237245577505048e-02
1.128000000000000114e+01,3.318800542604290627e+01,1.181371880054289359e+05,5.366934458056137336e-01,5.883215673167489779e-02,5.883215673167488391e-02
1.128750000000000142e+01,3.390573353597169159e+01,1.182177057335388672e+05,5.367585391325474520e-01,5.883193416980892626e-02,5.883193416980894014e-02
1.129500000000000171e+01,3.462347157993567492e+01,1.182982234715828381e+05,5.368151548018919028e-01,5.883168030351731970e-02,5.883168030351731276e-02
1.130250000000000021e+01,3.534111082155593664e+01,1.183787411108244560e+05,5.368250336265764089e-01,5.883169478319634493e-02,5.883169478319634493e-02
1.131000000000000050e+01,3.605878247003732895e+01,1.184592587824729417e+05,5.367867288005480075e-01,5.883153591067685068e-02,5.883153591067685068e-02
1.131750000000000078e+01,3.677648091518432949e+01,1.185397764809180953e+05,5.366987718346718506e-01,5.883129413444343481e-02,5.883129413444342093e-02
1.132500000000000107e+01,3.749418127206478601e+01,1.186202941812749777e+05,5.366229416060218638e-01,5.883109496107267328e-02,5.883109496107267328e-02
1.133250000000000135e+01,3.821189641222544253e+01,1.187008118964151363e+05,5.367092421513089961e-01,5.883085488433448945e-02,5.883085488433447557e-02
1.134000000000000163e+01,3.892958287655406480e+01,1.187813295828794799e+05,5.367498266148705843e-01,5.883069550776586637e-02,5.883069550776586637e-02
1.134750000000000014e+01,3.964720888592093218e+01,1.188618472088888375e+05,5.367432658641414500e-01,5.883066648302747587e-02,5.883066648302746199e-02
1.135500000000000043e+01,4.036487362370876042e+01,1.189423648736266332e+05,5.366881079317276093e-01,5.883046839761204433e-02,5.883046839761204433e-02
1.136250000000000071e+01,4.108255650298230677e+01,1.190228825565059087e+05,5.365828799349873224e-01,5.883023983456427131e-02,5.883023983456428518e-02
1.137000000000000099e+01,4.180024255403944977e+01,1.191034002425569633e+05,5.365884929441022688e-01,5.883003610498880459e-02,5.883003610498880459e-02
1.137750000000000128e+01,4.251794409423973775e+01,1.191839179440971784e+05,5.366594103242661173e-01,5.882978631610852327e-02,5.882978631610855103e-02
1.138500000000000156e+01,4.323557479950935090e+01,1.192644355748024391e+05,5.366842102508166956e-01,5.882973804060613598e-02,5.882973804060613598e-02
1.139250000000000007e+01,4.395319910570663779e+01,1.193449531991086405e+05,5.366614578250489265e-01,5.882963653117069536e-02,5.882963653117068148e-02
1.140000000000000036e+01,4.467085662470913832e+01,1.194254708566276531e+05,5.365896959816823797e-01,5.882941222173052737e-02,5.882941222173054124e-02
1.140750000000000064e+01,4.538852236968673992e+01,1.195059885223726305e+05,5.364674475246438146e-01,5.882920900218302496e-02,5.882920900218303883e-02
1.141500000000000092e+01,4.610619829643220413e+01,1.195865061982993793e+05,5.365538482550850086e-01,5.882898984802472503e-02,5.882898984802472503e-02
1.142250000000000121e+01,4.682388370967399993e+01,1.196670238837126235e+05,5.366096033905209950e-01,5.882874261101768421e-02,5.882874261101769808e-02
1.143000000000000149e+01,4.754146849314274448e+01,1.197475414684960997e+05,5.366188398364006851e-01,5.882877066830972251e-02,5.882877066830972251e-02
1.143750000000000178e+01,4.825909064236208934e+01,1.198280590906453144e+05,5.365801169574814233e-01,5.882861503653415147e-02,5.882861503653416535e-02
1.144500000000000028e+01,4.897673937388932330e+01,1.199085767393768474e+05,5.364919726357122443e-01,5.882838550080306955e-02,5.882838550080306955e-02
1.145250000000000057e+01,4.969439054111352760e+01,1.199890943905440799e+05,5.364332179357582664e-01,5.882819732641504651e-02,5.882819732641504651e-02
1.146000000000000085e+01,5.041205752900422254e+01,1.200696120575319655e+05,5.365195020838082751e-01,5.882796556871783961e-02,5.882796556871785348e-02
1.146750000000000114e+01,5.112969385115816578e+01,1.201501296938541200e+05,5.365602890875365016e-01,5.882782203625760292e-02,5.882782203625760292e-02
1.147500000000000142e+01,5.184727367023688060e+01,1.202306472736732103e+05,5.365541552800053848e-01,5.882780071157498597e-02,5.882780071157495821e-02
1.148250000000000171e+01,5.256489272230953702e+01,1.203111648927252827e+05,5.364996543035659426e-01,5.882761280055782277e-02,5.882761280055782277e-02
1.149000000000000021e+01,5.328253001819154377e+01,1.203916825300211640e+05,5.363953190174319818e-01,5.882740145519101127e-02,5.882740145519102515e-02
1.149750000000000050e+01,5.400017155243024547e+01,1.204722001715554070e+05,5.364139801167691068e-01,5.882720974076402487e-02,5.882720974076402487e-02
1.150500000000000078e+01,5.471782925084908555e+01,1.205527178292538301e+05,5.364858592107388802e-01,5.882697221169590207e-02,5.882697221169591595e-02
1.151250000000000107e+01,5.543541653155794080e+01,1.206332354165345459e+05,5.365118434927597102e-01,5.882693698283286698e-02,5.882693698283287392e-02
1.152000000000000135e+01,5.615299847824164914e+01,1.207137529984812281e+05,5.364905029687362381e-01,5.882685045377378241e-02,5.882685045377376853e-02
1.152750000000000163e+01,5.687061438274351133e+01,1.207942706143857358e+05,5.364203855603959514e-01,5.882664249915404986e-02,5.882664249915404986e-02
1.153500000000000014e+01,5.758823926112010128e+01,1.208747882392641186e+05,5.363000191226633406e-01,5.882645727540627978e-02,5.882645727540627978e-02
1.154250000000000043e+01,5.830587507148577942e+01,1.209553058750744822e+05,5.363956235804379080e-01,5.882625385930103507e-02,5.882625385930102119e-02
1.155000000000000071e+01,5.902352141426165844e+01,1.210358235214172601e+05,5.364532355699067612e-01,5.882602146250136971e-02,5.882602146250138359e-02
1.155750000000000099e+01,5.974106849685507825e+01,1.211163410684998526e+05,5.364645522845304937e-01,5.882606507003675794e-02,5.882606507003675100e-02
1.156500000000000128e+01,6.045865262804439055e+01,1.211968586526310537e+05,5.364281373798717167e-01,5.882592778646712761e-02,5.882592778646710679e-02
1.157250000000000156e+01,6.117626419648676261e+01,1.212773762641994981e+05,5.363425330497813004e-01,5.882571890623678607e-02,5.882571890623679994e-02
1.158000000000000007e+01,6.189387918196396043e+01,1.213578938791849796e+05,5.362896760891403547e-01,5.882554959270720057e-02,5.882554959270720751e-02
1.158750000000000036e+01,6.261151058258600699e+01,1.214384115105856035e+05,5.363784077432808273e-01,5.882533679233556412e-02,5.882533679233554330e-02
1.159500000000000064e+01,6.332911534214424165e+01,1.215189291153451632e+05,5.364218599947514488e-01,5.882520265757226752e-02,5.882520265757225364e-02
1.160250000000000092e+01,6.404666034194589486e+01,1.215994466603449691e+05,5.364186128233128237e-01,5.882520629786767985e-02,5.882520629786767985e-02
1.161000000000000121e+01,6.476424567179269332e+01,1.216799642456748115e+05,5.363672235042107328e-01,5.882504110450392093e-02,5.882504110450392093e-02
1.161750000000000149e+01,6.548185070979273803e+01,1.217604818507128221e+05,5.362662284905707066e-01,5.882485159443411049e-02,5.882485159443411049e-02
1.162500000000000178e+01,6.619946041991595109e+01,1.218409994604229432e+05,5.362874588815933485e-01,5.882468169049773210e-02,5.882468169049773210e-02
1.163250000000000028e+01,6.691708732841391338e+01,1.219215170873314491e+05,5.363625083422396411e-01,5.882446522633533181e-02,5.882446522633532487e-02
1.164000000000000057e+01,6.763464884708625391e+01,1.220020346488501236e+05,5.363918766952504580e-01,5.882443881417098730e-02,5.882443881417097342e-02
1.164750000000000085e+01,6.835220008418953341e+01,1.220825522000872297e+05,5.363741369535641734e-01,5.882438266379000358e-02,5.882438266378998970e-02
1.165500000000000114e+01,6.906978678832983576e+01,1.221630697867913696e+05,5.363078399785679018e-01,5.882420031416780992e-02,5.882420031416782380e-02
1.166250000000000142e+01,6.978738428308170683e+01,1.222435873842861329e+05,5.361915164677485413e-01,5.882403746896801983e-02,5.882403746896801983e-02
1.167000000000000171e+01,7.050499263803466476e+01,1.223241049926410778e+05,5.362866040443872162e-01,5.882385892716265885e-02,5.882385892716265885e-02
1.167750000000000021e+01,7.122261354838273917e+01,1.224046226135514298e+05,5.363480202408973385e-01,5.882364778480743406e-02,5.882364778480743406e-02
1.168500000000000050e+01,7.194013907669616970e+01,1.224851401390797546e+05,5.363633483706831129e-01,5.882370783313058127e-02,5.882370783313058127e-02
1.169250000000000078e+01,7.265769730935360826e+01,1.225656576973124029e+05,5.363311544280380261e-01,5.882359973080895921e-02,5.882359973080895921e-02
1.170000000000000107e+01,7.337528454337515882e+01,1.226461752845464362e+05,5.362499828266725777e-01,5.882341701558890107e-02,5.882341701558891495e-02
1.170750000000000135e+01,7.409287653129366902e+01,1.227266928765343619e+05,5.361942778755403038e-01,5.882327237945859932e-02,5.882327237945864096e-02
1.171500000000000163e+01,7.481048509909057032e+01,1.228072104851021577e+05,5.362871607179625633e-01,5.882308624544015097e-02,5.882308624544015097e-02
1.172250000000000014e+01,7.552807534476646367e+01,1.228877280753478408e+05,5.363349607930116836e-01,5.882295689072720990e-02,5.882295689072719602e-02
1.173000000000000043e+01,7.624559742158501763e+01,1.229682455974246550e+05,5.363362598652217095e-01,5.882299729487632661e-02,5.882299729487631273e-02
1.173750000000000071e+01,7.696316125878560399e+01,1.230487631612618570e+05,5.362896168596686941e-01,5.882286340940599823e-02,5.882286340940601210e-02
1.174500000000000099e+01,7.768074711595018300e+01,1.231292807471190317e+05,5.361935697116193555e-01,5.882269885154916417e-02,5.882269885154915029e-02
1.175250000000000128e+01,7.839833775540243721e+01,1.232097983377584751e+05,5.362094406012537506e-01,5.882255724150511900e-02,5.882255724150513287e-02
1.176000000000000156e+01,7.911594665690705597e+01,1.232903159466599900e+05,5.362891044973409072e-01,5.882236813679370818e-02,5.882236813679368043e-02
1.176750000000000185e+01,3.349847424806212670e-02,1.232910334984773363e+05,5.363232736765930486e-01,5.882234739126245698e-02,5.882234739126245698e-02
1.177500000000000036e+01,7.510308864363397507e-01,1.233715510308895173e+05,5.363105222779624981e-01,5.882233151716591280e-02,5.882233151716591280e-02
1.178250000000000064e+01,1.468600653441494153e+00,1.234520686006565375e+05,5.362494021110599807e-01,5.882218083796197927e-02,5.882218083796197927e-02
1.179000000000000092e+01,2.186183759654069192e+00,1.235325861837627453e+05,5.361384446083449218e-01,5.882204295880946732e-02,5.882204295880946732e-02
1.179750000000000121e+01,2.903777064295953281e+00,1.236131037770673865e+05,5.362259358382791552e-01,5.882189518276586399e-02,5.882189518276586399e-02
1.180500000000000149e+01,3.621385239262547628e+00,1.236936213852423680e+05,5.362923413992185528e-01,5.882171027001587005e-02,5.882171027001587005e-02
1.181250000000000178e+01,4.338904126304107933e+00,1.237741389041294024e+05,5.363128331168329765e-01,5.882178595450560099e-02,5.882178595450562875e-02
1.182000000000000028e+01,5.056448372847334838e+00,1.238546564483759576e+05,5.362859774445082328e-01,5.882171382967762985e-02,5.882171382967762985e-02
1.182750000000000057e+01,5.774023475724023413e+00,1.239351740234788303e+05,5.362103190375578921e-01,5.882156082260693586e-02,5.882156082260694974e-02
1.183500000000000085e+01,6.491605083357019801e+00,1.240156916050864675e+05,5.361456357996141620e-01,5.882144383203020271e-02,5.882144383203023047e-02
1.184250000000000114e+01,7.209202952143363596e+00,1.240962092029552587e+05,5.362436352100710124e-01,5.882128916801999952e-02,5.882128916801999952e-02
1.185000000000000142e+01,7.926793468034243340e+00,1.241767267934711563e+05,5.362967121596504683e-01,5.882116161361109624e-02,5.882116161361109624e-02
1.185750000000000171e+01,8.644304242867344001e+00,1.242572443042459927e+05,5.363034484221097520e-01,5.882124535574598245e-02,5.882124535574597551e-02
1.186500000000000021e+01,9.361858293192968361e+00,1.243377618582963187e+05,5.362624027135149962e-01,5.882114781592569230e-02,5.882114781592569924e-02
1.187250000000000050e+01,1.007943701167993389e+01,1.244182794370148040e+05,5.361721125065402882e-01,5.882100996505594537e-02,5.882100996505594537e-02
1.188000000000000078e+01,1.079702067137906951e+01,1.244987970206745085e+05,5.361773521654150665e-01,5.882089973206286460e-02,5.882089973206286460e-02
1.188750000000000107e+01,1.151462336682636334e+01,1.245793146233699517e+05,5.362623490996075715e-01,5.882074173032467851e-02,5.882074173032468545e-02
1.189500000000000135e+01,1.223217923893948189e+01,1.246598321792420757e+05,5.363019967934855581e-01,5.882072459217041471e-02,5.882072459217041471e-02
1.190250000000000163e+01,1.294970419517457927e+01,1.247403497041983064e+05,5.362948687637284495e-01,5.882075378144954736e-02,5.882075378144954736e-02
1.191000000000000014e+01,1.366726842939754860e+01,1.248208672684325429e+05,5.362395159483898111e-01,5.882063809694557804e-02,5.882063809694556417e-02
1.191750000000000043e+01,1.438484893446841539e+01,1.249013848489376105e+05,5.361344686226967582e-01,5.882052593048774092e-02,5.882052593048774786e-02
1.192500000000000071e+01,1.510243867327409895e+01,1.249819024386764213e+05,5.362099584912761729e-01,5.882041164040075626e-02,5.882041164040076320e-02
1.193250000000000099e+01,1.582004538167719687e+01,1.250624200453848316e+05,5.362818312072352711e-01,5.882025605937523521e-02,5.882025605937523521e-02
1.194000000000000128e+01,1.653757117046992775e+01,1.251429375711736211e+05,5.363079193530937427e-01,5.882033937240684768e-02,5.882033937240684768e-02
1.194750000000000156e+01,1.725511177464630563e+01,1.252234551117778028e+05,5.362867881366939482e-01,5.882031256560690119e-02,5.882031256560691507e-02
1.195500000000000185e+01,1.797268573521130364e+01,1.253039726857383648e+05,5.362169806912455705e-01,5.882019105326195124e-02,5.882019105326197900e-02
1.196250000000000036e+01,1.869026831787046561e+01,1.253844902683210239e+05,5.361397775422080958e-01,5.882010201025864721e-02,5.882010201025866108e-02
1.197000000000000064e+01,1.940786641217646391e+01,1.254650078664153407e+05,5.362431849017879060e-01,5.881998079567158505e-02,5.881998079567157117e-02
1.197750000000000092e+01,2.012546915976862039e+01,1.255455254691629380e+05,5.363017832695045062e-01,5.881985374166042585e-02,5.881985374166042585e-02
1.198500000000000121e+01,2.084297932686624932e+01,1.256260429793300427e+05,5.363141528302765026e-01,5.881998270636507042e-02,5.881998270636506349e-02
1.199250000000000149e+01,2.156053418031611102e+01,1.257065605341834889e+05,5.362788504454034655e-01,5.881992327031029116e-02,5.881992327031027729e-02
1.200000000000000178e+01,2.227811625535317219e+01,1.257870781162585336e+05,5.361944114330428057e-01,5.881981257643470462e-02,5.881981257643469074e-02
1.200750000000000028e+01,2.299570372257435125e+01,1.258675957037257467e+05,5.361863132771739204e-01,5.881973380349860697e-02,5.881973380349860697e-02
1.201500000000000057e+01,2.371331055196246496e+01,1.259481133105551417e+05,5.362767133832873068e-01,5.881960810393545291e-02,5.881960810393545291e-02
1.202250000000000085e+01,2.443088139403947778e+01,1.260286308813972282e+05,5.363218598888808142e-01,5.881959383448798206e-02,5.881959383448798206e-02
1.203000000000000114e+01,2.514840915226725926e+01,1.261091484091554594e+05,5.363203241514021835e-01,5.881966838300888012e-02,5.881966838300886624e-02
1.203750000000000142e+01,2.586597790756574966e+01,1.261896659779107576e+05,5.362706546644953054e-01,5.881958838853180993e-02,5.881958838853180993e-02
1.204500000000000171e+01,2.658356585749661249e+01,1.262701835658606869e+05,5.361713789403999009e-01,5.881950121408866666e-02,5.881950121408868054e-02
1.205250000000000021e+01,2.730116208690493096e+01,1.263507011620901030e+05,5.362329840286591542e-01,5.881942023650881674e-02,5.881942023650883061e-02
1.206000000000000050e+01,2.801877690608695914e+01,1.264312187769092852e+05,5.363101825318905558e-01,5.881929484222513105e-02,5.881929484222511717e-02
1.206750000000000078e+01,2.873631969822740828e+01,1.265117363197014347e+05,5.363416734298953603e-01,5.881938439252753364e-02,5.881938439252751977e-02
1.207500000000000107e+01,2.945386634736175679e+01,1.265922538663505693e+05,5.363260192216329214e-01,5.881940234391058037e-02,5.881940234391059424e-02
1.208250000000000135e+01,3.017144857125536106e+01,1.266727714485744655e+05,5.362617600310632948e-01,5.881931225813343683e-02,5.881931225813344377e-02
1.209000000000000163e+01,3.088904167955310953e+01,1.267532890416827577e+05,5.361708883515495794e-01,5.881924948540631637e-02,5.881924948540633025e-02
1.209750000000000014e+01,3.160664930637449643e+01,1.268338066493095830e+05,5.362794145597005180e-01,5.881916110097607647e-02,5.881916110097609035e-02
1.210500000000000043e+01,3.232426945582508893e+01,1.269143242694590444e+05,5.363431923453273464e-01,5.881904565542211971e-02,5.881904565542213359e-02
1.211250000000000071e+01,3.304179193790098168e+01,1.269948417919411149e+05,5.363607989424892253e-01,5.881920707399686948e-02,5.881920707399686254e-02
1.212000000000000099e+01,3.375935664900492128e+01,1.270753593566522322e+05,5.363307879794012578e-01,5.881918450991502345e-02,5.881918450991500957e-02
1.212750000000000128e+01,3.447695075324009650e+01,1.271558769507564721e+05,5.362516912298409544e-01,5.881910011817664125e-02,5.881910011817666900e-02
1.213500000000000156e+01,3.519455099725428937e+01,1.272363945510004851e+05,5.362298675795317271e-01,5.881905059759810761e-02,5.881905059759809373e-02
1.214250000000000185e+01,3.591217052500167028e+01,1.273169121705282305e+05,5.363251944975011565e-01,5.881895604353935825e-02,5.881895604353935825e-02
1.215000000000000036e+01,3.662976412585779684e+01,1.273974297641290905e+05,5.363753090235308107e-01,5.881894537079938173e-02,5.881894537079938173e-02
1.215750000000000064e+01,3.734730340073299715e+01,1.274779473034039693e+05,5.363787790779875886e-01,5.881906184457039860e-02,5.881906184457041248e-02
1.216500000000000092e+01,3.806488505202760564e+01,1.275584648850552621e+05,5.363341494270748022e-01,5.881901570201435864e-02,5.881901570201437252e-02
1.217250000000000121e+01,3.878248845488064234e+01,1.276389824884581176e+05,5.362399435378316648e-01,5.881895172899101465e-02,5.881895172899102853e-02
1.218000000000000149e+01,3.950009941868826502e+01,1.277195000994219299e+05,5.362880101541152023e-01,5.881890153276032873e-02,5.881890153276034261e-02
1.218750000000000178e+01,4.021773004870018298e+01,1.278000177300519426e+05,5.363698830111607307e-01,5.881880496657408003e-02,5.881880496657406615e-02
1.219500000000000028e+01,4.093529676413763951e+01,1.278805352967673825e+05,5.364060697470276473e-01,5.881890129549555840e-02,5.881890129549555146e-02
1.220250000000000057e+01,4.165285756601696221e+01,1.279610528575692733e+05,5.363951289672286293e-01,5.881895935272087039e-02,5.881895935272087039e-02
1.221000000000000085e+01,4.237045565099095512e+01,1.280415704556542478e+05,5.363355966078947601e-01,5.881889865733327255e-02,5.881889865733327255e-02
1.221750000000000114e+01,4.308806670508410974e+01,1.281220880667083402e+05,5.362319834581826816e-01,5.881885929381754086e-02,5.881885929381754780e-02
1.222500000000000142e+01,4.380569128948793178e+01,1.282026056912927452e+05,5.363448698687225402e-01,5.881880091875364702e-02,5.881880091875367478e-02
1.223250000000000171e+01,4.452333061341956721e+01,1.282831233306166832e+05,5.364130134545227468e-01,5.881871035678017806e-02,5.881871035678017806e-02
1.224000000000000021e+01,4.524087676756025900e+01,1.283636408767708344e+05,5.364349874056182355e-01,5.881888777819603564e-02,5.881888777819602176e-02
1.224750000000000050e+01,4.595845858638277548e+01,1.284441584585896489e+05,5.364093410339392243e-01,5.881889828330196662e-02,5.881889828330196662e-02
1.225500000000000078e+01,4.667607144722792611e+01,1.285246760714505072e+05,5.363346015028305214e-01,5.881883801618530139e-02,5.881883801618528751e-02
1.226250000000000107e+01,4.739369129666415859e+01,1.286051936912999372e+05,5.363006311493221379e-01,5.881881406403496187e-02,5.881881406403494800e-02
1.227000000000000135e+01,4.811133012824080879e+01,1.286857113301315258e+05,5.363999777440709993e-01,5.881874751259463102e-02,5.881874751259461021e-02
1.227750000000000163e+01,4.882895112308774799e+01,1.287662289511263662e+05,5.364540979490597383e-01,5.881874258896409996e-02,5.881874258896410690e-02
1.228500000000000014e+01,4.954650881727516776e+01,1.288467465088205645e+05,5.364615552528122500e-01,5.881889464610568635e-02,5.881889464610568635e-02
1.229250000000000043e+01,5.026410986501170441e+01,1.289272641098682943e+05,5.364208897193504244e-01,5.881887825889025451e-02,5.881887825889025451e-02
1.230000000000000071e+01,5.098173460423009118e+01,1.290077817346075171e+05,5.363306198239561340e-01,5.881883487627864032e-02,5.881883487627864032e-02
1.230750000000000099e+01,5.169936647953907283e+01,1.290882993664828391e+05,5.363673413968828019e-01,5.881881127569128787e-02,5.881881127569128787e-02
1.231500000000000128e+01,5.241701862904174902e+01,1.291688170186323405e+05,5.364528464690783149e-01,5.881874032294819032e-02,5.881874032294820420e-02
1.232250000000000156e+01,5.313461309179807301e+01,1.292493346130950958e+05,5.364926318841111152e-01,5.881884527558849107e-02,5.881884527558849107e-02
1.233000000000000185e+01,5.385219429250274459e+01,1.293298521942958032e+05,5.364852514638821512e-01,5.881893613065946463e-02,5.881893613065946463e-02
1.233750000000000036e+01,5.456981391052960362e+01,1.294103698139138287e+05,5.364292360964976192e-01,5.881890091195303427e-02,5.881890091195303427e-02
1.234500000000000064e+01,5.528744809259431037e+01,1.294908874480959057e+05,5.363230956833822116e-01,5.881888153771189925e-02,5.881888153771190619e-02
1.235250000000000092e+01,5.600509503796179445e+01,1.295714050950412784e+05,5.364316286749647444e-01,5.881884868337232397e-02,5.881884868337232397e-02
1.236000000000000121e+01,5.672275806655261476e+01,1.296519227580698644e+05,5.365029747514103997e-01,5.881878059234318251e-02,5.881878059234318251e-02
1.236750000000000149e+01,5.744033151099591805e+01,1.297324403315143136e+05,5.365280983137550308e-01,5.881897232491919980e-02,5.881897232491918592e-02
1.237500000000000178e+01,5.815793575085344003e+01,1.298129579357541807e+05,5.365055435773632420e-01,5.881901008256695818e-02,5.881901008256696511e-02
1.238250000000000028e+01,5.887557211722797490e+01,1.298934755721205584e+05,5.364338323545984055e-01,5.881897049122618987e-02,5.881897049122618987e-02
1.239000000000000057e+01,5.959321615467838740e+01,1.299739932161580073e+05,5.363908474644841773e-01,5.881896769590905238e-02,5.881896769590905238e-02
1.239750000000000085e+01,6.031087886989600833e+01,1.300545108788732323e+05,5.364929960861032354e-01,5.881892450895313124e-02,5.881892450895312430e-02
1.240500000000000114e+01,6.102852893704014292e+01,1.301350285289403691e+05,5.365498515580162664e-01,5.881892867997702556e-02,5.881892867997702556e-02
1.241250000000000142e+01,6.174611002466688348e+01,1.302155461100280081e+05,5.365599722311711339e-01,5.881910789237131121e-02,5.881910789237131815e-02
1.242000000000000171e+01,6.246373501863359934e+01,1.302960637350219768e+05,5.365218928013825161e-01,5.881911538797587186e-02,5.881911538797588573e-02
1.242750000000000021e+01,6.318138489552214310e+01,1.303765813848988619e+05,5.364341261354300672e-01,5.881908935076526207e-02,5.881908935076526207e-02
1.243500000000000050e+01,6.389904170705553810e+01,1.304570990417104040e+05,5.364631139278932537e-01,5.881908718339160652e-02,5.881908718339162040e-02
1.244250000000000078e+01,6.461671907044153329e+01,1.305376167190737906e+05,5.365509394495833195e-01,5.881903729200338438e-02,5.881903729200338438e-02
1.245000000000000107e+01,6.533434226369641351e+01,1.306181343422670470e+05,5.365929602272323518e-01,5.881915374796408552e-02,5.881915374796408552e-02
1.245750000000000135e+01,6.605194817540596830e+01,1.306986519481787545e+05,5.365877247025834240e-01,5.881926826084505483e-02,5.881926826084505483e-02
1.246500000000000163e+01,6.676959305060984207e+01,1.307791695930539718e+05,5.365337581674263223e-01,5.881925309582607120e-02,5.881925309582607120e-02
1.247250000000000014e+01,6.748725336764557881e+01,1.308596872533709975e+05,5.364295647048451521e-01,5.881925011621599864e-02,5.881925011621601251e-02
1.248000000000000043e+01,6.820492604016860128e+01,1.309402049260435306e+05,5.365317946702338192e-01,5.881923720654721327e-02,5.881923720654718551e-02
1.248750000000000071e+01,6.892261538910281615e+01,1.310207226153924712e+05,5.366049512552772960e-01,5.881918776265577381e-02,5.881918776265575993e-02
1.249500000000000099e+01,6.964021697759839924e+01,1.311012402169809793e+05,5.366317824350514964e-01,5.881939301221815464e-02,5.881939301221814770e-02
1.250250000000000128e+01,7.035784700691112903e+01,1.311817578470102744e+05,5.366108268438625206e-01,5.881945083106409483e-02,5.881945083106409483e-02
1.251000000000000156e+01,7.107550968470435748e+01,1.312622755096880719e+05,5.365406005151321933e-01,5.881942743627302517e-02,5.881942743627301823e-02
1.251750000000000185e+01,7.179318033007339750e+01,1.313427931803334213e+05,5.364928520147103086e-01,5.881944119622018602e-02,5.881944119622018602e-02
1.252500000000000036e+01,7.251086952334692626e+01,1.314233108695266710e+05,5.365963920674778898e-01,5.881941578418878325e-02,5.881941578418878325e-02
1.253250000000000064e+01,7.322854775461536292e+01,1.315038285477579338e+05,5.366545244659691738e-01,5.881943320827456856e-02,5.881943320827455468e-02
1.254000000000000092e+01,7.394615529613783167e+01,1.315843461552994559e+05,5.366658019989752892e-01,5.881962984471505312e-02,5.881962984471506006e-02
1.254750000000000121e+01,7.466380686870472516e+01,1.316648638068720174e+05,5.366287536237008826e-01,5.881965419115972593e-02,5.881965419115975369e-02
1.255500000000000149e+01,7.538148371111458346e+01,1.317453814837144164e+05,5.365418862925052101e-01,5.881964187492836477e-02,5.881964187492837864e-02
1.256250000000000178e+01,7.609916742518466037e+01,1.318258991674284625e+05,5.365677302497634527e-01,5.881965551317482055e-02,5.881965551317483443e-02
1.257000000000000028e+01,7.681687175446859328e+01,1.319064168717577413e+05,5.366564109822957729e-01,5.881962136094194549e-02,5.881962136094194549e-02
1.257750000000000057e+01,7.753452223920213271e+01,1.319869345222424599e+05,5.366991561518291709e-01,5.881975281681234291e-02,5.881975281681230128e-02
1.258500000000000085e+01,7.825215529256550440e+01,1.320674521552958176e+05,5.366945085035912388e-01,5.881988079491389659e-02,5.881988079491391047e-02
1.259250000000000114e+01,7.896982726999191016e+01,1.321479698272732203e+05,5.366409874779660694e-01,5.881987933107554745e-02,5.881987933107557520e-02
1.260000000000000142e+01,7.968751472815939962e+01,1.322284875147313869e+05,5.365370911566501588e-01,5.881988920312460067e-02,5.881988920312460067e-02
1.260750000000000171e+01,6.052145667217032621e-01,1.322292052145699272e+05,5.366379017572912025e-01,5.881989010594587675e-02,5.881989010594587675e-02
1.261500000000000021e+01,1.322930987214286258e+00,1.323097229309904214e+05,5.367113622315669019e-01,5.881985480454833548e-02,5.881985480454834936e-02
1.262250000000000050e+01,2.040559306523101135e+00,1.323902405593097210e+05,5.367383509414134224e-01,5.882007320529300531e-02,5.882007320529300531e-02
1.263000000000000078e+01,2.758216648652270564e+00,1.324707582166518259e+05,5.367174007327054630e-01,5.882014317369006068e-02,5.882014317369006068e-02
1.263750000000000107e+01,3.475906602350566033e+00,1.325512759066055005e+05,5.366470217205401294e-01,5.882013094772530620e-02,5.882013094772530620e-02
1.264500000000000135e+01,4.193604335813144068e+00,1.326317936043389491e+05,5.365994542510379439e-01,5.882015673337483846e-02,5.882015673337480377e-02
1.265250000000000163e+01,4.911320751908256454e+00,1.327123113207550487e+05,5.367028915452751736e-01,5.882014309460521090e-02,5.882014309460522478e-02
1.266000000000000192e+01,5.629024140480480831e+00,1.327928290241436043e+05,5.367607658648911872e-01,5.882017827601632859e-02,5.882017827601632859e-02
1.266750000000000043e+01,6.346659405685131539e+00,1.328733466594087949e+05,5.367716242742557320e-01,5.882038201950834377e-02,5.882038201950830908e-02
1.267500000000000071e+01,7.064338400469744705e+00,1.329538643384035677e+05,5.367339898935649112e-01,5.882041568515723046e-02,5.882041568515721658e-02
1.268250000000000099e+01,7.782042219369163405e+00,1.330343820422224526e+05,5.366463637366477579e-01,5.882041345009948741e-02,5.882041345009950128e-02
1.269000000000000128e+01,8.499752983762101977e+00,1.331148997529868502e+05,5.366742119829007729e-01,5.882043711287576054e-02,5.882043711287571891e-02
1.269750000000000156e+01,9.217484244514922764e+00,1.331954174842475913e+05,5.367622354165065834e-01,5.882041316105925816e-02,5.882041316105925816e-02
1.270500000000000185e+01,9.935158679729775955e+00,1.332759351586827834e+05,5.368041542394801358e-01,5.882056324638688244e-02,5.882056324638688244e-02
1.271250000000000036e+01,1.065281957758839582e+01,1.333564528195806197e+05,5.367985054408794809e-01,5.882069415108332616e-02,5.882069415108332616e-02
1.272000000000000064e+01,1.137051877271562184e+01,1.334369705187757500e+05,5.367438026194711886e-01,5.882069978411365307e-02,5.882069978411364614e-02
1.272750000000000092e+01,1.208823262735413628e+01,1.335174882326303632e+05,5.366385379454774451e-01,5.882071915854145128e-02,5.882071915854146515e-02
1.273500000000000121e+01,1.280595935890931969e+01,1.335980059593619080e+05,5.367432372654734607e-01,5.882072763023477729e-02,5.882072763023476342e-02
1.274250000000000149e+01,1.352370186450116307e+01,1.336785237018674961e+05,5.368154828669363665e-01,5.882070198796232607e-02,5.882070198796231220e-02
1.275000000000000178e+01,1.424135382348819512e+01,1.337590413538264693e+05,5.368410748776756281e-01,5.882093304903281833e-02,5.882093304903281833e-02
1.275750000000000028e+01,1.495903834370000851e+01,1.338395590383466624e+05,5.368185403969737424e-01,5.882100715471040575e-02,5.882100715471041269e-02
1.276500000000000057e+01,1.567675486016980990e+01,1.339200767548631411e+05,5.367463837380211933e-01,5.882100116829809544e-02,5.882100116829810932e-02
1.277250000000000085e+01,1.639447854112587066e+01,1.340005944785440806e+05,5.367042431482890175e-01,5.882103455230930367e-02,5.882103455230928979e-02
1.278000000000000114e+01,1.711222128831738587e+01,1.340811122212912596e+05,5.368060969172342434e-01,5.882102677090193105e-02,5.882102677090193105e-02
1.278750000000000142e+01,1.782994527956517672e+01,1.341616299452825042e+05,5.368621997618313602e-01,5.882108407323383831e-02,5.882108407323383831e-02
1.279500000000000171e+01,1.854760795432185816e+01,1.342421476079572458e+05,5.368710930943466630e-01,5.882128465503067699e-02,5.882128465503067699e-02
1.280250000000000021e+01,1.926531363086893478e+01,1.343226653136337700e+05,5.368312943394644154e-01,5.882132024598312608e-02,5.882132024598312608e-02
1.281000000000000050e+01,1.998304283128712910e+01,1.344031830428341927e+05,5.367412987932083102e-01,5.882132484621790947e-02,5.882132484621790947e-02
1.281750000000000078e+01,2.070077930503970265e+01,1.344837007793079247e+05,5.367764763199879274e-01,5.882135276322743994e-02,5.882135276322741219e-02
1.282500000000000107e+01,2.141853589757453236e+01,1.345642185359004361e+05,5.368623752228698365e-01,5.882133376317354168e-02,5.882133376317354168e-02
1.283250000000000135e+01,2.213622961075567730e+01,1.346447362296136271e+05,5.369019707776552242e-01,5.882150575074274190e-02,5.882150575074274884e-02
1.284000000000000163e+01,2.285391755704302241e+01,1.347252539175598940e+05,5.368937943825972114e-01,5.882162931829546665e-02,5.882162931829548053e-02
1.284750000000000192e+01,2.357164256891434206e+01,1.348057716425717517e+05,5.368363540334425421e-01,5.882163587679007516e-02,5.882163587679008904e-02
1.285500000000000043e+01,2.428938064125051000e+01,1.348862893806440698e+05,5.367281363108785674e-01,5.882166164256238949e-02,5.882166164256238949e-02
1.286250000000000071e+01,2.500713255982906347e+01,1.349668071325626515e+05,5.368420887143775522e-01,5.882167171600398425e-02,5.882167171600398425e-02
1.287000000000000099e+01,2.572489859208008411e+01,1.350473248985948740e+05,5.369116761906373991e-01,5.882165197015213481e-02,5.882165197015212094e-02
1.287750000000000128e+01,2.644257006794444109e+01,1.351278425700707303e+05,5.369344015989178098e-01,5.882189445939171868e-02,5.882189445939171868e-02
1.288500000000000156e+01,2.716028022353562932e+01,1.352083602802263049e+05,5.369087865475565824e-01,5.882196514436268536e-02,5.882196514436269924e-02
1.289250000000000185e+01,2.787802112845179181e+01,1.352888780211312114e+05,5.368333298802657749e-01,5.882196124598290665e-02,5.882196124598290665e-02
1.290000000000000036e+01,2.859576837650489267e+01,1.353693957683792687e+05,5.368018189761076808e-01,5.882199778775835941e-02,5.882199778775835941e-02
1.290750000000000064e+01,2.931353519363390703e+01,1.354499135351963632e+05,5.369007036108998099e-01,5.882199046872374493e-02,5.882199046872374493e-02
1.291500000000000092e+01,3.003127425105839166e+01,1.355304312742537877e+05,5.369536255617491927e-01,5.882207366945659682e-02,5.882207366945659682e-02
1.292250000000000121e+01,3.074896270300386192e+01,1.356109489627057337e+05,5.369591208607499278e-01,5.882226141044826634e-02,5.882226141044826634e-02
1.293000000000000149e+01,3.146669299461746405e+01,1.356914666929973173e+05,5.369157015795743559e-01,5.882229224853258165e-02,5.882229224853258165e-02
1.293750000000000178e+01,3.218444465564985535e+01,1.357719844446583593e+05,5.368218577187122698e-01,5.882230113167535163e-02,5.882230113167535163e-02
1.294500000000000028e+01,3.290220436705049423e+01,1.358525022043697245e+05,5.368695379107565335e-01,5.882232768660816680e-02,5.882232768660816680e-02
1.295250000000000057e+01,3.361998338826592914e+01,1.359330199833909282e+05,5.369519666438955507e-01,5.882230912793687261e-02,5.882230912793687261e-02
1.296000000000000085e+01,3.433769098407277198e+01,1.360135376909867337e+05,5.369878725636459960e-01,5.882250522278387184e-02,5.882250522278384408e-02
1.296750000000000114e+01,3.505540393329891913e+01,1.360940554039359558e+05,5.369757818296245766e-01,5.882261224954447171e-02,5.882261224954445783e-02
1.297500000000000142e+01,3.577315209990390343e+01,1.361745731521025300e+05,5.369141972598150403e-01,5.882261463170980476e-02,5.882261463170979088e-02
1.298250000000000171e+01,3.649091115645346406e+01,1.362550909111590881e+05,5.368186538075280234e-01,5.882264381350404275e-02,5.882264381350404275e-02
1.299000000000000021e+01,3.720868542318291361e+01,1.363356086854258028e+05,5.369299151743176512e-01,5.882265016866040919e-02,5.882265016866039531e-02
1.299750000000000050e+01,3.792646955879079229e+01,1.364161264695613936e+05,5.369955473686270908e-01,5.882263829098998559e-02,5.882263829098998559e-02
1.300500000000000078e+01,3.864415753253517494e+01,1.364966441575351346e+05,5.370140914008098010e-01,5.882288528230207592e-02,5.882288528230207592e-02
1.301250000000000107e+01,3.936189066161525574e+01,1.365771618906641961e+05,5.369840638164807833e-01,5.882294591620455121e-02,5.882294591620455121e-02
1.302000000000000135e+01,4.007965258014765908e+01,1.366576796525827085e+05,5.369039584931480924e-01,5.882294129512514319e-02,5.882294129512512931e-02
1.302750000000000163e+01,4.079742018240670376e+01,1.367381974201849662e+05,5.368879507781175731e-01,5.882297639008829404e-02,5.882297639008829404e-02
1.303500000000000192e+01,4.151520773689881594e+01,1.368187152077394421e+05,5.369826403591423380e-01,5.882296501261422006e-02,5.882296501261420618e-02
1.304250000000000043e+01,4.223295588318276828e+01,1.368992329558857018e+05,5.370311405650057823e-01,5.882307694723691582e-02,5.882307694723692276e-02
1.305000000000000071e+01,4.295066746266421376e+01,1.369797506674651813e+05,5.370319824787468388e-01,5.882324319964185588e-02,5.882324319964184201e-02
1.305750000000000099e+01,4.366841926377966132e+01,1.370602684192663000e+05,5.369836733185253674e-01,5.882326382311605512e-02,5.882326382311605512e-02
1.306500000000000128e+01,4.438618950214053882e+01,1.371407861895046372e+05,5.368846983652241223e-01,5.882327514223218562e-02,5.882327514223218562e-02
1.307250000000000156e+01,4.510396917582615117e+01,1.372213039691783197e+05,5.369496354158401763e-01,5.882329514046226449e-02,5.882329514046225061e-02
1.308000000000000185e+01,4.582176668954103604e+01,1.373018217666920100e+05,5.370274284340612603e-01,5.882327366013558739e-02,5.882327366013560127e-02
1.308750000000000036e+01,4.653948366451015062e+01,1.373823394836669613e+05,5.370584672760623235e-01,5.882348504286720459e-02,5.882348504286724622e-02
1.309500000000000064e+01,4.725721757405007395e+01,1.374628572175765003e+05,5.370412733588383336e-01,5.882357736036146478e-02,5.882357736036147866e-02
1.310250000000000092e+01,4.797498524893630645e+01,1.375433749852513720e+05,5.369743448880446302e-01,5.882357208243349511e-02,5.882357208243349511e-02
1.311000000000000121e+01,4.869276142121744044e+01,1.376238927614236309e+05,5.368970048035779374e-01,5.882360159770423647e-02,5.882360159770418789e-02
1.311750000000000149e+01,4.941055436333737561e+01,1.377044105543657497e+05,5.370034424684531071e-01,5.882359989862800259e-02,5.882359989862801647e-02
1.312500000000000178e+01,5.012834279841016638e+01,1.377849283428008202e+05,5.370640206013943541e-01,5.882362095903701654e-02,5.882362095903700266e-02
1.313250000000000028e+01,5.084605168664589314e+01,1.378654460516890395e+05,5.370772755803823184e-01,5.882384254294339282e-02,5.882384254294337894e-02
1.314000000000000057e+01,5.156380431273656484e+01,1.379459638043151062e+05,5.370417194439189856e-01,5.882388780504206605e-02,5.882388780504206605e-02
1.314750000000000085e+01,5.228158297986293945e+01,1.380264815829822328e+05,5.369558417287807472e-01,5.882388124399133555e-02,5.882388124399133555e-02
1.315500000000000114e+01,5.299936727331866138e+01,1.381069993672756827e+05,5.369596581400170043e-01,5.882391011459467411e-02,5.882391011459468105e-02
1.316250000000000142e+01,5.371717146972706303e+01,1.381875171714720782e+05,5.370491327987293451e-01,5.882389128831568698e-02,5.882389128831570779e-02
1.317000000000000171e+01,5.443492277460363482e+01,1.382680349227769475e+05,5.370921848919394392e-01,5.882403360646021317e-02,5.882403360646020624e-02
1.317750000000000021e+01,5.515265412766323294e+01,1.383485526541299769e+05,5.370873410999139619e-01,5.882417109335040528e-02,5.882417109335041222e-02
1.318500000000000050e+01,5.587042358873922865e+01,1.384290704235910380e+05,5.370331043967004891e-01,5.882417767088551908e-02,5.882417767088553295e-02
1.319250000000000078e+01,5.658820799692011150e+01,1.385095882079992152e+05,5.369279560226670744e-01,5.882418995086232533e-02,5.882418995086233920e-02
1.320000000000000107e+01,5.730600381751833083e+01,1.385901060038198193e+05,5.370142818978320687e-01,5.882419904557244922e-02,5.882419904557244922e-02
1.320750000000000135e+01,5.802381508700520385e+01,1.386706238150892896e+05,5.370864938074507711e-01,5.882417287314380128e-02,5.882417287314380128e-02
1.321500000000000163e+01,5.874153638959047896e+01,1.387511415363918641e+05,5.371117165009212657e-01,5.882439734063721337e-02,5.882439734063722725e-02
1.322250000000000192e+01,5.945928751090973208e+01,1.388316592875131755e+05,5.370884672468084764e-01,5.882447007802221045e-02,5.882447007802221045e-02
1.323000000000000043e+01,6.017707034693180645e+01,1.389121770703491638e+05,5.370152402953690673e-01,5.882445566983254825e-02,5.882445566983254825e-02
1.323750000000000071e+01,6.089485954625240538e+01,1.389926948595484719e+05,5.369599334806864910e-01,5.882448205344661257e-02,5.882448205344659869e-02
1.324500000000000099e+01,6.161266695366213497e+01,1.390732126669558929e+05,5.370606822491688082e-01,5.882446918163299066e-02,5.882446918163299066e-02
1.325250000000000128e+01,6.233045375130628685e+01,1.391537304537535238e+05,5.371153396038835792e-01,5.882452479053335709e-02,5.882452479053334321e-02
1.326000000000000156e+01,6.304817990112097448e+01,1.392342481799033121e+05,5.371224378700905078e-01,5.882471473984945270e-02,5.882471473984943883e-02
1.326750000000000185e+01,6.376594803366742070e+01,1.393147659480358416e+05,5.370804852151815911e-01,5.882474090427587676e-02,5.882474090427584901e-02
1.327500000000000036e+01,6.448373867809081617e+01,1.393952837386802712e+05,5.369879675329652935e-01,5.882473250258282021e-02,5.882473250258282021e-02
1.328250000000000064e+01,6.520153584039360339e+01,1.394758015358425619e+05,5.370152174758096031e-01,5.882475054668747511e-02,5.882475054668747511e-02
1.329000000000000092e+01,6.591935211592748090e+01,1.395563193521180656e+05,5.370986915457711675e-01,5.882472218451857693e-02,5.882472218451857693e-02
1.329750000000000121e+01,6.663710112038044997e+01,1.396368371011225099e+05,5.371355109304275510e-01,5.882489519342076062e-02,5.882489519342077450e-02
1.330500000000000149e+01,6.735484848917596423e+01,1.397173548484912899e+05,5.371241985233679017e-01,5.882499825606012783e-02,5.882499825606012783e-02
1.331250000000000178e+01,6.807263130094712267e+01,1.397978726313030638e+05,5.370632537258749339e-01,5.882498890039459388e-02,5.882498890039459388e-02
1.332000000000000028e+01,6.879042540054881272e+01,1.398783904254026420e+05,5.369511544693252869e-01,5.882500052548484543e-02,5.882500052548484543e-02
1.332750000000000057e+01,6.950823323450612179e+01,1.399589082332366088e+05,5.370622406300041840e-01,5.882499563467375597e-02,5.882499563467375597e-02
1.333500000000000085e+01,7.022605284645220536e+01,1.400394260528485174e+05,5.371281680939143932e-01,5.882496523762797275e-02,5.882496523762796581e-02
1.334250000000000114e+01,7.094377432129907390e+01,1.401199437743233575e+05,5.371468748502721269e-01,5.882519857360356264e-02,5.882519857360356264e-02
1.335000000000000142e+01,7.166153860418154409e+01,1.402004615386062360e+05,5.371168746655199389e-01,5.882524842231779544e-02,5.882524842231779544e-02
1.335750000000000171e+01,7.237933184746285065e+01,1.402809793318494922e+05,5.370366585344055199e-01,5.882522552704447932e-02,5.882522552704447932e-02
1.336500000000000021e+01,7.309713011812932848e+01,1.403614971301201731e+05,5.370064424167666495e-01,5.882524482208555811e-02,5.882524482208554423e-02
1.337250000000000050e+01,7.381494753561197797e+01,1.404420149475376238e+05,5.371008780701950203e-01,5.882521895727624295e-02,5.882521895727624295e-02
1.338000000000000078e+01,7.453272740278924857e+01,1.405225327274047886e+05,5.371489957025816775e-01,5.882530944634349612e-02,5.882530944634349612e-02
1.338750000000000107e+01,7.525046694977103812e+01,1.406030504669517686e+05,5.371493242088833941e-01,5.882546317509197709e-02,5.882546317509197709e-02
1.339500000000000135e+01,7.596824636419145804e+01,1.406835682463661651e+05,5.371003685553848994e-01,5.882546829709046909e-02,5.882546829709047603e-02
1.340250000000000163e+01,7.668604417082487146e+01,1.407640860441727855e+05,5.370006117142965829e-01,5.882545866499707538e-02,5.882545866499707538e-02
1.341000000000000192e+01,7.740385037982656513e+01,1.408446038503817981e+05,5.370540967514666475e-01,5.882546216380598464e-02,5.882546216380597076e-02
1.341750000000000043e+01,7.812167395350829224e+01,1.409251216739554657e+05,5.371310295562650161e-01,5.882542363685615977e-02,5.882542363685615977e-02
1.342500000000000071e+01,7.883941723018143932e+01,1.410056394172321307e+05,5.371610830169443185e-01,5.882561529268802436e-02,5.882561529268803824e-02
1.343250000000000099e+01,7.955717552721797858e+01,1.410861571755291370e+05,5.371427768820306037e-01,5.882569092472306194e-02,5.882569092472306194e-02
1.344000000000000128e+01,4.749671834733140696e-01,1.410868749671854021e+05,5.370746076670106506e-01,5.882566586589414726e-02,5.882566586589416113e-02
1.344750000000000156e+01,1.192766809185866084e+00,1.411673927668110991e+05,5.369882674357274732e-01,5.882567466715195315e-02,5.882567466715192539e-02
1.345500000000000185e+01,1.910582432912564688e+00,1.412479105824347935e+05,5.370934320411400176e-01,5.882565415440403622e-02,5.882565415440403622e-02
1.346250000000000036e+01,2.628393001863752243e+00,1.413284283930037345e+05,5.371526186959938443e-01,5.882565623510137287e-02,5.882565623510137287e-02
1.347000000000000064e+01,3.346123239267035920e+00,1.414089461232411268e+05,5.371643626509744474e-01,5.882585834662629187e-02,5.882585834662630575e-02
1.347750000000000092e+01,4.063896596499433578e+00,1.414894638965983468e+05,5.371271748248147571e-01,5.882588364203131942e-02,5.882588364203131942e-02
1.348500000000000121e+01,4.781695419260866942e+00,1.415699816954210983e+05,5.370395436537936940e-01,5.882585457106105642e-02,5.882585457106105642e-02
1.349250000000000149e+01,5.499499169042324276e+00,1.416504994991708663e+05,5.370366462038537181e-01,5.882586265463677494e-02,5.882586265463676800e-02
1.350000000000000178e+01,6.217322166296957775e+00,1.417310173221681325e+05,5.371243860246186497e-01,5.882582323171618721e-02,5.882582323171618721e-02
